lon,lat,gravity_anomaly_base_mgal,aire_libre_mgal,bouguer_mgal,altura_m,gradiente_mgal_km
-76.46,2.72,62.33046913,717.29076513,479.663437482607,2122.36,12.7465887522037
-76.46,2.77,62.3729797,664.3528277,445.947432057783,1950.68,17.7247961683056
-76.46,2.82,62.39854067,635.57983667,427.622895680176,1857.36,11.2715795397387
-76.46,2.87,62.44709945,582.84545145,394.038785682481,1686.32,10.301046844215
-76.46,2.92,62.41876124,630.131665239999,424.158721425919,1839.64,13.0590405174495
-76.46,2.97,62.56368981,469.32317781,321.746033486946,1318.08,16.3904327074611
-76.46,3.02,62.6384807,401.6664407,278.663094352808,1098.6,6.16295015136929
-76.46,3.07,62.68854297,371.89339897,259.710226836346,1001.96,2.57577032770673
-76.46,3.12,62.72603625,365.70951625,255.783532776786,981.8,0.941545798469844
-76.46,3.17,62.76867709,361.74035709,253.269902018855,968.8,0.653364003856873
-76.46,3.22,62.81693223,359.87529223,252.099012242919,962.6,0.530262385854988
-76.46,3.27,62.87263761,358.22752561,251.069285375183,957.08,0.563775734673301
-76.46,3.32,62.93562023,357.34002023,250.52662826275,954,0.566456244888545
-76.46,3.37,63.00609804,357.20065004,250.46339340455,953.32,0.536643028241034
-76.46,3.42,63.08548916,356.23080116,249.874221183553,949.92,0.541282691506423
-76.46,3.47,63.17285174,355.72565174,249.584042112167,948,0.420908913923294
-76.46,3.52,63.26838447,355.48789647,249.467207663262,946.92,0.472386429335685
-76.46,3.57,63.37172386,355.94921186,249.798645134308,948.08,0.530741833811813
-76.46,3.62,63.48305376,356.78883776,250.37403664747,950.44,2.5117250820347
-76.46,3.67,63.56926773,398.819963730001,277.187053355219,1086.36,10.6030084008037
-76.46,3.72,63.59646077,523.52155677,356.655302207829,1490.36,19.5146081815004
-76.46,3.77,63.72406262,533.22810262,362.88649408858,1521.4,17.4342835683153
-76.46,3.82,63.86895947,530.69435147,361.32458805627,1512.72,10.040802606766
-76.46,3.87,64.00425751,548.56797751,372.762539284658,1570.2,12.2672067298234
-76.46,3.92,64.16820911,539.44924111,367.0116716796,1540.12,7.39008217011964
-76.46,3.97,64.31914093,553.73405293,376.168544975386,1585.92,6.09278813611691
-76.46,4.02,64.41328732,643.420951320003,433.350135235481,1876.24000000001,17.7486698695711
-76.46,4.07,64.42308825,840.31755225,558.81388074084,2514.24,26.018773141859
-76.46,4.12,64.59802893,842.36878093,560.184369983564,2520.32,31.9459871630041
-76.46,4.17,64.75979305,864.70036905,574.472484226282,2592.16,23.0921182559142
-76.46,4.22,64.86800965,954.166801649997,631.518701126031,2881.71999999999,28.9161539887309
-76.46,4.27,65.21492788,763.527351879995,510.171360392395,2262.83999999998,28.228085431479
-76.46,4.32,65.66111273,462.37258473,318.440979235514,1285.52,28.8817831199585
-76.46,4.37,65.90183783,404.49775783,281.651160695339,1097.2,21.8098443147359
-76.46,4.42,66.19837129,283.65027529,204.756157348907,704.64,13.9661863977878
-76.46,4.47,66.25118834,440.62002034,304.794588407809,1213.12,17.8598042589504
-76.46,4.52,66.43388035,446.740176349999,308.760562382745,1232.36,20.9510154921506
-76.46,4.57,66.67980829,378.68675229,265.486949549362,1011.04,7.56720284543679
-76.46,4.62,66.91806677,316.05701877,225.666465727023,807.32,9.34220315072313
-76.46,4.67,67.18483848,217.68288648,163.080417932213,487.68,8.85204830324751
-76.46,4.72,67.24329585,342.82309585,242.839491000153,893,19.2833799471106
-76.46,4.77,67.25298915,512.53810115,350.98340561815,1442.92,14.3343192989438
-76.46,4.82,67.59703632,308.453164320004,221.067717608682,780.480000000012,13.4094674386091
-76.46,4.87,67.77053697,281.35876897,203.866436843823,692.120000000002,4.47701180133341
-76.46,4.92,67.83789338,357.41578938,252.353510044163,938.36,16.7172820034534
-76.46,4.97,68.09726741,216.53386741,162.67931653343,481,10.6489083889723
-76.46,5.02,68.25057662,176.49511262,137.222717057702,350.76,4.06463985840653
-76.46,5.07,68.36516153,163.48802553,128.976327479701,308.240000000001,2.8888764678941
-76.46,5.12,68.4281339,189.3499579,145.478092587162,391.839999999998,1.37570434003022
-76.46,5.17,68.5290077,159.3808477,126.418727579289,294.4,4.14247587756128
-76.46,5.22,68.6018505,141.4067625,114.992280914137,235.92,10.8803120022097
-76.46,5.27,68.66940465,110.71306865,95.4591309963122,136.24,2.59184814811714
-76.46,5.32,68.68603118,113.12443118,97.001655034,144,0.660040627709184
-76.46,5.37,68.6801034,118.2042314,100.236293095069,160.48,1.05342897443193
-76.46,5.42,68.66826632,107.89749832,93.6646698222255,127.12,0.871495260047891
-76.46,5.47,68.62270791,109.59244391,94.7281400131739,132.76,0.589153483551276
-76.46,5.52,68.5674458,97.7980378,87.1928339350756,94.72,2.12065442162873
-76.46,5.57,68.474759,99.742111,88.3979465617172,101.32,2.99200124740048
-76.46,5.62,68.35045877,108.55486677,93.9682329067993,130.279999999999,2.00581041872381
-76.46,5.67,68.19649895,121.36210695,102.072996710883,172.28,1.44633476621162
-76.46,5.72,68.04550458,104.11467258,91.0283526081633,116.88,6.77550007542222
-76.46,5.77,67.83638865,118.13818865,99.8881017625139,163,10.2034844516785
-76.46,5.82,67.61388439,117.11332439,99.1543431829278,160.4,13.8071634442257
-76.46,5.87,67.35374599,125.04960199,104.116864293777,186.96,12.1494834459386
-76.46,5.92,66.99650296,202.70643896,153.469272029688,439.76,4.17341308528944
-76.46,5.97,66.69913007,187.76908207,143.843474170009,392.32,5.88382632199257
-76.46,6.02,66.36085457,183.28322257,140.862407110302,378.88,2.40318850459454
-76.46,6.07,66.00277418,166.71747018,130.176989464663,326.360000000001,13.0329145888351
-76.46,6.12,65.55280586,213.545021859999,159.85169874489,479.559999999997,11.5254723725152
-76.46,6.17,64.97533096,363.24340296,255.028225177834,966.52,10.198770978933
-76.46,6.22,64.70069728,153.91078528,121.544312166905,289.08,12.7665229706834
-76.46,6.27,64.20310147,147.67322947,117.389281609097,270.48,11.6379439106257
-76.46,6.32,63.63520807,182.273392069999,139.230058309109,384.439999999998,19.1436843626926
-76.46,6.37,63.04817313,202.04161313,151.613152184455,450.399999999999,12.1764541463119
-76.46,6.42,62.47490885,169.09003685,130.408809746388,345.48,15.1312579698915
-76.46,6.47,61.82525747,184.52461747,140.007841111322,397.6,10.5597455236361
-76.46,6.52,61.1407132,202.2326332,151.04281893645,457.2,5.10060852978917
-76.41,2.72,63.14411426,814.04197826,541.607368332965,2433.24,10.8499892316178
-76.41,2.77,63.18612138,812.19535338,540.44596143917,2427.12,16.3159639126739
-76.41,2.82,63.3026796199999,724.03996762,484.316679073627,2141.08,17.8262018406792
-76.41,2.87,63.39185763,671.64245763,450.961959131625,1971,11.6026055018102
-76.41,2.92,63.3933726999999,727.772140699986,486.727680219432,2152.87999999996,9.18595506128895
-76.41,2.97,63.59137258,554.05552458,376.109339966384,1589.32,21.6184502692323
-76.41,3.02,63.75770813,423.523588130014,292.99627958135,1165.80000000005,12.8086705767706
-76.41,3.07,63.8520112599999,384.623195259999,268.243622779456,1039.44,3.47769760634318
-76.41,3.12,63.93006673,371.45613873,259.88204925075,996.52,1.22892272308153
-76.41,3.17,64.0074868199999,365.91703882,256.380689103647,978.319999999999,0.659659985379265
-76.41,3.22,64.08846069,363.41811669,254.817783699902,969.96,0.591172984825786
-76.41,3.27,64.1747282599998,362.220608259999,254.086044358563,965.799999999999,0.68133218554949
-76.41,3.32,64.2672306199999,361.47371862,253.643696045766,963.08,0.688204736742923
-76.41,3.37,64.36624517,361.05428517,253.412361650803,961.4,0.659869288272155
-76.41,3.42,64.4726299899999,360.08674199,252.834452227664,957.92,0.62526339801851
-76.41,3.47,64.58646572,358.55882572,251.90218296528,952.6,0.572814363906366
-76.41,3.52,64.7058306400001,358.764598640001,252.076606042775,952.880000000002,0.631888906330147
-76.41,3.57,64.83155383,359.66799383,252.697852650219,955.4,0.73269125299191
-76.41,3.62,64.96463674,359.97389274,252.941051875207,955.96,0.750286229729662
-76.41,3.67,65.10594441,358.498136410004,252.051985454967,950.720000000014,1.81707038353772
-76.41,3.72,65.24515675,367.09298875,257.579031778295,978.12,9.26658679623215
-76.41,3.77,65.3859603700001,381.059072370013,266.529140597325,1022.92000000004,10.7710464102818
-76.41,3.82,65.4913308700001,442.995538869996,306.032555509727,1223.27999999999,10.483001611857
-76.41,3.87,65.65683647,441.28475647,305.002512547005,1217.2,11.1084164286533
-76.41,3.92,65.7972419699999,474.457705970006,326.190865111816,1324.24000000002,10.9506593235014
-76.41,3.97,65.89387271,563.01144071,382.651318223413,1610.88,7.28576919923198
-76.41,4.02,66.0522465,584.907598499996,396.660751348659,1681.31999999999,12.5183985057203
-76.41,4.07,66.18793185,636.51776385,429.595367662878,1848.12,21.409380842334
-76.41,4.12,66.43537322,564.41702122,383.743400308352,1613.68,20.9244507602952
-76.41,4.17,66.52694097,671.25950097,451.855388916516,1959.6,22.250343994669
-76.41,4.22,66.6823159000001,707.335915900015,474.899226461843,2076.00000000005,19.2928382457199
-76.41,4.27,66.81480833,769.558728329983,514.594937776717,2277.19999999995,6.45325307055557
-76.41,4.32,67.1223694,637.2176654,430.380361642538,1847.36,12.6396958845647
-76.41,4.37,67.37108877,570.71003277,388.092721622973,1631.04,15.2192584537774
-76.41,4.42,67.71255389,402.60527389,281.102241434172,1085.2,27.6446823600991
-76.41,4.47,67.9861926799998,307.731360680045,220.748983372358,776.880000000146,13.8408100499361
-76.41,4.52,67.8738755999999,625.082035599956,422.92033692485,1805.59999999986,4.64574000028637
-76.41,4.57,68.27342514,387.19300914,271.485218998873,1033.44,22.8846768697198
-76.41,4.62,68.52656627,302.59349427,217.671249469874,758.48,7.32182726944478
-76.41,4.67,68.70379963,292.43879963,211.265100283819,725,9.60171588975438
-76.41,4.72,68.89356714,261.86731914,191.854163725995,625.32,5.76251721453807
-76.41,4.77,68.92426047,388.38698047,272.482134175978,1035.2,3.4747165089612
-76.41,4.82,69.1618655200001,290.193529520014,210.000632389377,716.240000000044,8.61131415570689
-76.41,4.87,69.3335988099999,250.29663881001,184.641111504351,586.400000000032,4.36578837860873
-76.41,4.92,69.48989092,215.05033892,162.239289943991,471.68,5.52436612783856
-76.41,4.97,69.6192631,194.8985191,149.445726015068,405.96,3.80329336072496
-76.41,5.02,69.75771074,152.20328674,122.291058440241,267.16,5.47907637188912
-76.41,5.07,69.80488774,186.887727740006,144.408691144223,379.40000000002,6.79359608573107
-76.41,5.12,69.8809603399999,176.755312340022,137.980035708884,346.32000000007,11.2366826034669
-76.41,5.17,69.92147045,185.48599845,143.557823372541,374.48,9.58861752860741
-76.41,5.22,69.90622299,231.90887899,173.132402839971,524.96,13.6265602603805
-76.41,5.27,70.02425259,127.48557259,106.637927323436,186.2,7.36056948315718
-76.41,5.32,70.0281787000001,116.700842700005,99.767449197774,151.240000000017,3.39967198491299
-76.41,5.37,69.9906507700001,126.217570770007,105.817780396385,182.200000000024,5.30155591972814
-76.41,5.42,69.95397134,113.38016334,97.6246282062144,140.72,3.09032340207777
-76.41,5.47,69.88673484,108.15313484,94.2696331587222,124,4.50749881204167
-76.41,5.52,69.78359454,114.82685054,98.4846254964572,145.96,4.69974616215681
-76.41,5.57,69.6527232300001,124.484771230002,104.591056885409,177.680000000007,3.27431516702837
-76.41,5.62,69.5090377800001,121.625405780001,102.716972199886,168.880000000003,1.5586031671699
-76.41,5.67,69.32441279,133.05648479,109.933736667278,206.52,3.59917397279672
-76.41,5.72,69.0945913,162.2794473,128.470881431624,301.96,6.61863365936953
-76.41,5.77,68.82246623,205.87789823,156.152569466378,444.12,7.72837184631648
-76.41,5.82,68.5352179200001,236.339553919997,175.45815977313,543.759999999991,9.50689692942046
-76.41,5.87,68.2647487100002,221.009404710009,165.59184025706,494.96000000003,9.77471019787223
-76.41,5.92,67.98626151,183.53844551,141.614748981471,374.44,0.91675161661615
-76.41,5.97,67.5863827,237.3534147,175.759931273351,550.12,3.23878608791816
-76.41,6.02,67.2451441,200.6837841,152.270670172706,432.4,3.7922110140693
-76.41,6.07,66.7602183000001,278.385754299991,201.605511453599,685.759999999972,3.61362297080988
-76.41,6.12,66.40391371,191.423945710011,146.065202152594,405.120000000036,0.939080960642877
-76.41,6.17,65.84598937,279.48359737,201.973351048105,692.28,2.18875270137101
-76.41,6.22,65.43536027,179.66673627,138.222244476921,370.16,6.17712448274486
-76.41,6.27,64.83263129,247.33867129,181.123325368164,591.4,16.7143798014858
-76.41,6.32,64.16990652,345.897018519979,243.683096303276,912.919999999933,12.5310993917916
-76.41,6.37,63.6016846,307.148804599994,218.787034222057,789.19999999998,9.47766621237577
-76.41,6.42,62.97105705,299.77835305,213.861870387538,767.36,9.64081303754899
-76.41,6.47,62.3229012,274.4298532,197.474946945356,687.32,6.23242176580806
-76.41,6.52,61.64636937,242.69581737,177.008940221838,586.68,5.15903219539068
-76.36,2.72,63.90929341,904.63444541,599.609434923397,2724.32,11.2026014772276
-76.36,2.77,63.96668671,932.02145471,617.080936893607,2812.88,6.96530908459597
-76.36,2.82,64.06757858,910.495658579957,603.401558487967,2742.79999999986,9.88407930230954
-76.36,2.87,64.26175102,783.11459102,522.306294113803,2329.4,11.3296802151018
-76.36,2.92,64.3881000199999,737.19782001999,493.094510620624,2180.19999999997,8.31716398964321
-76.36,2.97,64.51907227,689.40938427,462.691801814734,2024.92,11.1352649132807
-76.36,3.02,64.73723964,545.190407639981,370.876326208151,1556.87999999994,18.6078200089787
-76.36,3.07,64.95923571,401.58011571002,279.450086404063,1090.80000000006,14.1310744425771
-76.36,3.12,65.08384824,374.88121624,262.483073757733,1003.88,3.02766699711112
-76.36,3.17,65.1952820399998,368.62314604,258.535934805326,983.239999999999,0.81433989055325
-76.36,3.22,65.30666957,368.06795757,258.222587977516,981.08,0.717525885127052
-76.36,3.27,65.4224053200001,368.455261320001,258.511363651069,981.960000000002,0.8595366003715
-76.36,3.32,65.5444622000001,367.750270200001,258.106435309342,979.280000000002,0.883361076326818
-76.36,3.37,65.6720104,367.0631144,257.714863738684,976.64,0.846464260523276
-76.36,3.42,65.8061291400001,365.271569140001,256.621972111678,970.400000000002,0.817259469575442
-76.36,3.47,65.94541617,364.01598417,255.872463170705,965.88,0.768867974660837
-76.36,3.52,66.0885452799997,364.776313279999,256.408864834232,967.879999999997,1.00914357434303
-76.36,3.57,66.2359625200001,366.960490520001,257.854081500875,974.480000000004,1.12283592937215
-76.36,3.62,66.38972572,368.11411772,258.644946237589,977.72,1.11718102121702
-76.36,3.67,66.5512854600001,366.436421460001,257.634553768077,971.760000000002,1.15085069838486
-76.36,3.72,66.71989715,362.54385715,255.215432055864,958.6,0.513863510057219
-76.36,3.77,66.8915907699999,360.567694770006,254.018537189591,951.64000000002,0.363952770403639
-76.36,3.82,67.0690188299998,357.202394830017,251.938580792349,940.160000000057,4.0057621316483
-76.36,3.87,67.24809226,356.55442026,251.59066900061,937.48,4.70891846619075
-76.36,3.92,67.3983507699998,391.453038770012,273.882172274232,1050.08000000004,9.97566297567139
-76.36,3.97,67.49316835,489.97891235,336.696096690834,1369.04,12.0549768240071
-76.36,4.02,67.7293235499998,437.086491550021,303.079350483177,1196.88000000007,13.0045738408531
-76.36,4.07,67.89101605,467.37988805,322.440609046389,1294.52,16.1663200656496
-76.36,4.12,68.07134552,478.96607352,329.888615305583,1331.48,9.68907168756583
-76.36,4.17,68.23991656,503.89670856,345.835281193117,1411.72,18.3183135308767
-76.36,4.22,68.3112847499999,632.123484749995,427.565762397622,1826.99999999998,15.9629368530728
-76.36,4.27,68.4624587799998,673.972690780014,454.28643014397,1962.12000000004,8.55938939086626
-76.36,4.32,68.76439817,555.29081417,378.773286664876,1576.56,8.47163906262535
-76.36,4.37,68.97992568,526.20168568,360.316233333378,1481.6,7.64485190811741
-76.36,4.42,69.01290735,684.07739535,460.924737842571,1993.08,11.1774593209375
-76.36,4.47,69.34122505,531.006825049968,363.509095088757,1495.9999999999,20.3217729602954
-76.36,4.52,69.61550845,430.689852450032,299.687817714841,1170.0400000001,11.495847969002
-76.36,4.57,69.61010394,610.80809594,414.455075226367,1753.72,6.1285875882575
-76.36,4.62,69.98232723,399.59181523,280.005601715974,1068.08,22.7774992273174
-76.36,4.67,70.16158117,377.63827717,266.082101886468,996.36,19.240379854219
-76.36,4.72,70.31831745,369.93188545,261.228545834524,970.88,17.5296174196234
-76.36,4.77,70.36977314,457.56402114,317.085376870116,1254.68,10.9507555000198
-76.36,4.82,70.5913621200003,365.538898120044,258.528449999883,955.760000000143,17.6147243242082
-76.36,4.87,70.7834114399998,292.284147439998,211.921065450048,717.759999999995,7.42271206546869
-76.36,4.92,70.90415888,277.18474288,202.343711720054,668.44,3.67084916920081
-76.36,4.97,71.03811598,236.12677198,176.23065859761,534.96,6.60513633598173
-76.36,5.02,71.08077572,269.63401572,197.596556189886,643.4,2.83903896435007
-76.36,5.07,71.13432961,277.217409610011,202.448035232932,667.800000000036,14.2525529152247
-76.36,5.12,71.0693665000001,382.829430499996,269.719198737948,1010.23999999999,19.0553040622483
-76.36,5.17,71.16658268,314.92355068,226.48564497026,789.88,10.8286055617412
-76.36,5.22,71.11789214,369.27486814,261.099997298199,966.16,14.0392042637655
-76.36,5.27,71.31960626,165.31916626,131.215016162281,304.6,12.2212791104709
-76.36,5.32,71.28179179,170.626303789989,134.582942005824,321.919999999964,4.1591055280743
-76.36,5.37,71.18769938,208.712203379982,158.816689757048,445.639999999943,2.14879300257936
-76.36,5.42,71.16538674,156.96853074,125.838137131432,278.04,3.17426597356586
-76.36,5.47,71.03394879,186.42566079,144.560185397553,373.92,6.38332791353305
-76.36,5.52,70.91953894,176.39901894,138.129818337897,341.8,9.0207265528006
-76.36,5.57,70.7918145800001,154.854454580003,124.355536370485,272.40000000001,4.2781456579617
-76.36,5.62,70.6381283899999,132.975328390001,110.358656296306,202.000000000004,2.16468604579167
-76.36,5.67,70.39781223,167.84134823,132.487682980966,315.76,3.75341531625132
-76.36,5.72,70.1408989,192.1736829,147.898748183512,395.44,5.90368934442014
-76.36,5.77,69.84248449,229.17883649,171.369726908731,516.32,6.24399182740828
-76.36,5.82,69.5006101700001,280.348474170006,203.850379906163,683.240000000019,7.54930518803607
-76.36,5.87,69.1771682200001,285.160136220009,206.798965601517,699.88000000003,10.5768640080081
-76.36,5.92,68.9133632,202.0434032,153.742252995942,431.4,13.4336066844745
-76.36,5.97,68.49410515,240.42133715,178.044107660698,557.12,7.21449216094612
-76.36,6.02,68.08896804,234.22686404,173.950073998607,538.36,9.20775639308745
-76.36,6.07,67.6522033600002,227.729195360015,169.651372842974,518.720000000047,0.729410770004287
-76.36,6.12,67.1755045900001,228.906592590009,170.228644516425,524.080000000029,9.47843301260541
-76.36,6.17,66.5719762,326.3884882,232.123990333053,841.92,7.92756678879177
-76.36,6.22,66.10107832,255.22350232,186.607654171982,612.84,11.840477049537
-76.36,6.27,65.40296204,385.56929004,269.409166456999,1037.48,14.627879167309
-76.36,6.32,64.79286763,390.93369163001,272.605950365155,1056.84000000003,7.63867493240033
-76.36,6.37,64.1843206700001,359.107168670007,252.105677647717,955.680000000021,7.31219492040989
-76.36,6.42,63.53703111,332.42638311,234.870151779912,871.32,5.66859628479771
-76.36,6.47,62.88308981,275.43442581,198.318291793896,688.76,7.19556347914478
-76.36,6.52,62.15378558,264.23740958,190.919085056065,654.84,8.96219576599433
-76.31,2.72,64.6162168800002,999.760624880044,660.479193632105,3030.28000000014,16.3591677514199
-76.31,2.77,64.7970809100002,932.000112910036,617.368614969762,2810.12000000012,13.6823860925634
-76.31,2.82,65.0274142600003,809.358270260192,539.306248363551,2411.96000000062,16.2497312757399
-76.31,2.87,65.1896695700004,764.909309570122,511.042763504519,2267.40000000039,16.4162884852966
-76.31,2.92,65.4465571900001,616.433341190051,416.52883117535,1785.44000000017,11.3946356696334
-76.31,2.97,65.6046431700002,581.213523170022,394.144534387119,1670.80000000007,3.32973069983326
-76.31,3.02,65.7427207700003,571.16780077,387.793614853897,1637.8,1.91436863230085
-76.31,3.07,65.8841256400002,560.643989640026,381.139269998954,1603.24000000008,20.788877379317
-76.31,3.12,66.1540541500005,411.304638150116,286.079931533878,1118.44000000037,16.7838909843045
-76.31,3.17,66.3240108900003,377.059522890009,264.321010689101,1006.92000000003,2.82726528859873
-76.31,3.22,66.4690981600003,374.513618160004,262.751429625716,998.200000000011,1.15128686522164
-76.31,3.27,66.6147444900006,375.745536490006,263.589235649927,1001.72000000002,1.14850241246021
-76.31,3.32,66.7660341300003,375.329002130002,263.378714540679,999.880000000007,1.01670721445969
-76.31,3.37,66.9223189200007,374.102758920006,262.654068810779,995.400000000016,1.07961170652948
-76.31,3.42,67.0832797100007,372.486183710008,261.68240464662,989.640000000023,1.31454548273285
-76.31,3.47,67.2490212700004,370.380629270004,260.400903209635,982.280000000011,1.13263740377144
-76.31,3.52,67.41334182,374.45799782,263.058571748999,994.96,1.42454539464069
-76.31,3.57,67.5830010800003,377.269273080004,264.9114375381,1003.52000000001,1.6890196947535
-76.31,3.62,67.7588469000004,377.766062900004,265.291785085935,1004.56000000001,1.48298149514032
-76.31,3.67,67.9405537000004,376.120857700004,264.309405127492,998.640000000011,1.46050452593222
-76.31,3.72,68.1278977100008,372.34577771001,261.971939343848,985.800000000029,1.59776402977435
-76.31,3.77,68.3118811300004,375.702169130008,264.17734368898,996.080000000025,2.72026494610584
-76.31,3.82,68.5056492700003,371.871793270018,261.806974779985,983.040000000059,5.70298446227161
-76.31,3.87,68.7045946300007,365.392634630056,257.750711110839,961.40000000018,6.92409677113337
-76.31,3.92,68.9028248600004,362.011104860015,255.667960530351,949.800000000048,1.58829234777852
-76.31,3.97,69.10433268,357.04047668,252.573844351779,933.040000000001,6.87877056995169
-76.31,4.02,69.30086533,358.49609733,253.572653010975,937.119999999999,4.24185832109012
-76.31,4.07,69.50064093,357.251624930003,252.852170835722,932.44000000001,6.43352109346348
-76.31,4.12,69.65891062,398.478382619996,279.178796237456,1065.51999999999,7.13978666536302
-76.31,4.17,69.8644063000004,390.598558300005,274.232421466248,1039.32000000001,8.61924927936456
-76.31,4.22,69.96618207,486.465086070007,335.354366641619,1349.64000000002,17.5069729633212
-76.31,4.27,70.0076630000004,640.312806999951,433.399367910706,1848.03999999984,14.4502030711467
-76.31,4.32,70.2062118000004,631.969307799978,428.155024569899,1820.35999999993,2.23204803368332
-76.31,4.37,70.42291563,602.004931630002,409.140700532405,1722.56000000001,4.47781236762968
-76.31,4.42,70.6126033000004,594.849939300031,404.650444815443,1698.7600000001,3.26614897946243
-76.31,4.47,70.8326695000003,552.618989500014,377.821224783792,1561.20000000004,11.0469625650018
-76.31,4.52,71.1186374300008,440.352365430075,306.390009852506,1196.48000000024,8.08665909568268
-76.31,4.57,71.2354342100004,487.302298210023,336.34832799416,1348.24000000007,11.0677981977298
-76.31,4.62,71.2545057300005,621.006889729962,421.550234608238,1781.43999999988,10.5427884642475
-76.31,4.67,71.3991624900008,623.484562490007,423.181461620602,1789.00000000002,16.0228248667697
-76.31,4.72,71.6089386200006,553.864330620091,378.896381044523,1562.72000000029,20.3296561007235
-76.31,4.77,71.7119408100006,576.779044810091,393.53473681291,1636.64000000029,17.6786288459032
-76.31,4.82,71.8590135900007,546.300653590048,374.167625486834,1537.40000000015,21.140480518411
-76.31,4.87,72.1765534000004,342.855785400027,244.650164475159,877.120000000085,18.4172936651831
-76.31,4.92,72.37128177,244.101009770012,181.795437063576,556.480000000037,2.34918462801521
-76.31,4.97,72.3783830100004,307.704399010013,222.325342219079,762.560000000041,10.6676033948088
-76.31,5.02,72.5767946900006,177.90814669009,139.692688675108,341.32000000029,5.99794928833216
-76.31,5.07,72.3745324400007,405.526748440045,284.655191383253,1079.56000000014,22.9905928848386
-76.31,5.12,72.2929008300004,503.900860830014,347.308397511984,1398.60000000004,13.3356448932914
-76.31,5.17,72.4406750000004,371.474075000016,262.981227184218,969.00000000005,5.97292894986272
-76.31,5.22,72.37036454,423.248564539979,295.945811220528,1136.99999999993,9.77378937746323
-76.31,5.27,72.5746509900003,202.347122990024,155.264138094766,420.520000000078,15.1896926933929
-76.31,5.32,72.5498638800004,173.104087880004,136.621828300748,325.840000000012,2.5678376806773
-76.31,5.37,72.4854155900003,159.485927590015,127.921114735285,281.920000000048,0.623517467917637
-76.31,5.42,72.3793887200003,162.367148720012,129.718527024357,291.600000000036,3.80433143339208
-76.31,5.47,72.1937520600003,215.927288059995,163.779064325546,465.759999999983,6.01862263548939
-76.31,5.52,71.9858021300003,266.885218129992,196.173409082997,631.559999999973,5.91394108493492
-76.31,5.57,71.8975338100002,183.413229810032,142.954018781419,361.360000000102,10.5497178275707
-76.31,5.62,71.7216974800005,155.710273480078,125.23822656411,272.160000000252,9.15332387907248
-76.31,5.67,71.4834329800002,160.026944980059,127.902313509133,286.920000000191,11.4577978200001
-76.31,5.72,71.1316984100003,243.565034410018,181.004184414602,558.760000000057,9.70988258660431
-76.31,5.77,70.8141934600002,268.639137460027,196.865912316741,641.040000000088,9.44099183210728
-76.31,5.82,70.4033832900002,353.982095290022,251.096390733887,918.920000000072,11.9339403614967
-76.31,5.87,70.0197116400002,385.976735640069,271.343797241984,1023.84000000022,20.3106387031034
-76.31,5.92,69.6127285800002,411.344024580057,287.359876017296,1107.36000000019,24.9428212565356
-76.31,5.97,69.25713498,357.538910980004,252.946879281757,934.160000000014,14.1535129025359
-76.31,6.02,68.8120967800001,359.031880780037,253.736716899855,940.440000000118,18.2595296652865
-76.31,6.07,68.4084194800002,288.687099480049,208.767393834095,713.800000000157,12.0127989449608
-76.31,6.12,67.8652261200002,322.904610120049,230.37331068878,826.440000000158,16.3907190091579
-76.31,6.17,67.2335042500001,413.853024250026,288.095370311217,1123.20000000009,14.4129985614989
-76.31,6.22,66.6981730000001,375.964749000106,263.759184121766,1002.16000000034,26.5657915869566
-76.31,6.27,66.0084060800001,461.942206080067,318.292749168112,1283.00000000022,19.993246579489
-76.31,6.32,65.3578457500002,474.981141750118,326.364974075391,1327.36000000038,17.5438324836736
-76.31,6.37,64.7398787700002,418.827518770105,290.360342728953,1147.40000000034,15.8739159615882
-76.31,6.42,64.0988653900002,350.121689390089,246.349232145899,926.840000000286,9.60634583204773
-76.31,6.47,63.3342855600002,378.093941560106,263.895422408164,1019.96000000034,16.9777749650762
-76.31,6.52,62.5467778600001,395.970561860034,275.000476726798,1080.44000000011,14.7080596407837
-76.26,2.72,65.2151069600002,1153.69668295999,758.782716910514,3527.15999999998,11.9727812664802
-76.26,2.77,65.4469095100005,1074.21093350999,708.219436446866,3268.83999999998,6.72643067120315
-76.26,2.82,65.5497038900002,1137.37922388998,748.506820346327,3473.19999999994,18.881847613068
-76.26,2.87,65.84125512,992.641119119997,656.38718694838,3003.23999999999,28.8368110100899
-76.26,2.92,66.1679031600002,811.498623160013,541.083838800153,2415.20000000004,24.0037160050265
-76.26,2.97,66.47726933,651.977877330005,439.551344508594,1897.28000000002,25.4831615920107
-76.26,3.02,66.7173294000002,570.327841400066,387.612002176567,1631.92000000021,10.764345577815
-76.26,3.07,66.7413175800003,724.343229579994,485.757492461702,2130.91999999998,12.5486099796404
-76.26,3.12,67.02465203,600.594052029994,407.00877455476,1728.99999999998,22.3588191069021
-76.26,3.17,67.3831792800002,400.177419280058,279.435740142215,1078.40000000019,16.1486322099501
-76.26,3.22,67.57022466,386.724344660001,270.931462089214,1034.2,7.83184044877161
-76.26,3.27,67.7472025000003,387.037106500021,271.194959891003,1034.64000000007,5.01843795427985
-76.26,3.32,67.9303289100003,383.973760910012,269.309472669441,1024.12000000004,2.91238966135979
-76.26,3.37,68.11336276,384.21851476,269.531833774787,1024.32,3.29064145996844
-76.26,3.42,68.2976144000003,386.390150400014,270.982423037155,1030.76000000005,3.92353487680047
-76.26,3.47,68.49107099,382.102734990001,268.320720888535,1016.24,5.55400305156809
-76.26,3.52,68.6787069900003,386.993434990018,271.505093746427,1031.48000000006,4.42938214416399
-76.26,3.57,68.8665719800003,394.56301198001,276.396498476614,1055.40000000003,3.18530669663895
-76.26,3.62,69.06659181,392.30657581,275.031293543568,1047.44,2.54168534686169
-76.26,3.67,69.2694581600004,389.695010160023,273.440837049496,1038.32000000007,5.42116542403558
-76.26,3.72,69.47298861,388.701172610001,272.881418745638,1034.44,10.9016529777107
-76.26,3.77,69.6602649100003,406.194736910049,284.096057446587,1090.52000000016,11.9338654153245
-76.26,3.82,69.8189219500003,454.087641950071,314.67041377644,1245.20000000023,19.9924346025942
-76.26,3.87,70.00531244,474.752728439994,327.905587592442,1311.55999999998,9.81508505740774
-76.26,3.92,70.2712831900004,416.162507190026,290.669087638054,1120.84000000008,10.3014464856961
-76.26,3.97,70.52678339,368.930639390003,260.666197569612,966.960000000009,5.4578438647954
-76.26,4.02,70.7420687000004,361.764212700006,256.177943139422,943.04000000002,1.5665914518897
-76.26,4.07,70.94965344,361.42866144,256.039448032313,941.279999999999,1.15201999213753
-76.26,4.12,71.1590468600009,357.910166860006,253.87347522901,929.200000000017,2.17389693129349
-76.26,4.17,71.3389669000009,381.086958899991,268.706730613445,1003.71999999997,5.89482994685158
-76.26,4.22,71.4623024200004,456.187750419968,316.604815935985,1246.6799999999,8.81208566031573
-76.26,4.27,71.6472872300004,467.679839229981,323.994553926622,1283.31999999994,16.2449270511169
-76.26,4.32,71.74232769,561.391775689996,383.741175305724,1586.67999999999,13.0345122747847
-76.26,4.37,71.8963276900009,592.998287689962,403.936344633479,1688.59999999987,9.66909591624129
-76.26,4.42,71.9536621100009,710.916134109931,479.093005875123,2070.51999999977,3.41974914488911
-76.26,4.47,72.1979367400004,643.972016739973,436.525630328116,1852.79999999991,9.03575399013892
-76.26,4.52,72.4605284100004,553.506208410008,378.977156629555,1558.80000000002,9.18174465331656
-76.26,4.57,72.63107487,542.394338869999,371.958680811061,1522.24,10.6203285790228
-76.26,4.62,72.8039444000009,520.570200399981,358.11531653332,1450.95999999994,10.2343328189156
-76.26,4.67,72.808114250001,646.051130249907,438.071796515471,1857.5599999997,13.1871424064963
-76.26,4.72,72.857801190001,718.202121189909,484.063583158587,2091.1999999997,6.85046242503777
-76.26,4.77,72.924702010001,762.793830009893,512.50116599007,2235.47999999965,4.5087079888816
-76.26,4.82,73.1520631500008,647.555415150028,439.15509781618,1861.32000000009,22.8085946583531
-76.26,4.87,73.5136332100008,398.531153210056,280.610959897764,1053.20000000018,21.3562409497743
-76.26,4.92,73.7007027400008,296.633342740017,215.750749074244,722.400000000051,3.21620091926157
-76.26,4.97,73.6365594900007,407.652855490115,286.467800008236,1082.36000000037,17.8589072237454
-76.26,5.02,73.7926176300007,304.563697630106,220.837225394104,747.800000000343,16.2321855889185
-76.26,5.07,73.5906346300006,507.618018630165,350.147759721909,1406.44000000053,28.1041629997614
-76.26,5.12,73.4810162200008,610.370952220032,415.580945082764,1739.7600000001,13.408312768624
-76.26,5.17,73.7233676400007,378.965799640093,268.220241712757,989.120000000299,16.8558239484221
-76.26,5.22,73.7219854700007,348.178481470072,248.602424572778,889.360000000232,7.92473116245067
-76.26,5.27,73.7747003500007,249.874204350081,185.983225322597,570.640000000259,13.8008298716845
-76.26,5.32,73.7711637500007,181.731787750043,142.562398813107,349.840000000138,4.6108033488219
-76.26,5.37,73.6379305200007,208.027058520008,159.269096325144,435.480000000023,3.94472957887167
-76.26,5.42,73.5295388000007,190.451906800038,148.031091340326,378.88000000012,5.06146247587078
-76.26,5.47,73.3705740100007,195.378670010035,151.112692391394,395.360000000113,4.99884289280426
-76.26,5.52,73.1048305800007,272.472774579969,200.139730820523,646.039999999896,6.309040996087
-76.26,5.57,72.8687456900007,299.294737690005,217.144714677204,733.720000000015,7.53691442944766
-76.26,5.62,72.6465846500006,288.913464650032,210.449287406154,700.800000000103,10.6603291672986
-76.26,5.67,72.3221218500006,345.420777850036,246.337361334994,884.960000000115,14.7526132098808
-76.26,5.72,72.0588475800006,320.53122358003,230.382512179232,805.160000000095,6.90549619729295
-76.26,5.77,71.7064217300005,349.866117730062,248.946496153939,901.3600000002,12.4964690192961
-76.26,5.82,71.2467587300005,450.57787873005,312.952070128204,1229.20000000016,18.9406315276548
-76.26,5.87,70.6712709800006,632.162798979958,428.447043826334,1819.47999999986,15.6398109007425
-76.26,5.92,70.2604418900004,633.146841890147,428.925010707427,1824.00000000047,28.8474901075599
-76.26,5.97,69.9819630000004,479.481819000123,330.910436814688,1326.9600000004,17.9033640796181
-76.26,6.02,69.4412645200004,542.685536520052,370.986927662992,1533.52000000017,16.8928649781794
-76.26,6.07,69.0503238200003,432.16142782017,300.420432511571,1176.64000000055,23.142777669911
-76.26,6.12,68.4572683600003,484.116780360121,333.310602258895,1346.92000000039,21.8476786163978
-76.26,6.17,67.7980457500003,570.285253750126,387.976962479185,1628.28000000041,24.2087407091929
-76.26,6.22,67.0515869100003,713.247642910065,478.800085002554,2093.96000000021,27.6457629103386
-76.26,6.27,66.4126209700004,717.830188970027,481.488204865375,2110.88000000009,17.4756561960356
-76.26,6.32,65.7707448800004,691.660920879949,464.580575961416,2028.15999999983,10.4430027512616
-76.26,6.37,65.1540499000004,603.944961899976,408.465258227593,1745.91999999992,14.2028083793193
-76.26,6.42,64.5233730400002,493.341589040079,337.76127778008,1389.56000000026,14.4928581283267
-76.26,6.47,63.6864779500002,566.161341950077,383.857529228083,1628.24000000025,18.7455737738498
-76.26,6.52,62.9304103300001,516.646474330058,352.032929879377,1470.24000000019,19.6718278753791
-76.21,2.72,65.91604716,1133.74611116,746.324757469479,3460.24,16.3571084102433
-76.21,2.77,66.1951158,1046.8148198,691.034414296003,3177.64,4.76741944679217
-76.21,2.82,66.3197975500003,1126.08922955,741.592368310408,3434.12000000001,5.66015201299611
-76.21,2.87,66.4994682,1145.1675642,753.814044549426,3495.36,18.4296134120742
-76.21,2.92,66.9658071100002,857.426191110117,570.63783186417,2561.44000000038,24.237599568931
-76.21,2.97,67.07553277,951.77001277,630.792410996716,2866.8,21.2459084541396
-76.21,3.02,67.4722185900001,742.429794590024,497.547217676922,2187.16000000008,22.1432678647932
-76.21,3.07,67.6413870500002,775.273531050106,518.536235120735,2293.04000000034,21.7344398821277
-76.21,3.12,67.98581764,625.70008164,423.35476245877,1807.24,21.4212421114106
-76.21,3.17,68.2540879900002,558.261511990035,380.481033686795,1587.84000000011,19.8706201699396
-76.21,3.22,68.50729236,508.64495636,348.957815731729,1426.24,22.807008514071
-76.21,3.27,68.7601731000002,461.570941100047,319.054557067249,1272.88000000015,17.8170205289307
-76.21,3.32,69.0054726,424.5250166,295.538328883071,1152.04,15.9410810843262
-76.21,3.37,69.21132371,429.84128371,299.00047673628,1168.6,22.4916764572353
-76.21,3.42,69.4149549900003,439.216506990063,305.048138161744,1198.3200000002,13.4926214074841
-76.21,3.47,69.60361748,465.41397748,321.809306057364,1282.6,24.3745616603558
-76.21,3.52,69.8362394700002,448.895791470041,311.368510944646,1228.32000000013,15.0393887520158
-76.21,3.57,70.0720978500001,430.850185850039,299.955636289152,1169.08000000012,17.8728048723995
-76.21,3.62,70.30207944,420.18041544,293.240424583827,1133.76,12.4842050174538
-76.21,3.67,70.4734805300002,468.690920530081,324.212932066174,1290.40000000026,27.5729624956278
-76.21,3.72,70.60252441,559.37554841,382.042924999718,1583.84,27.3323151676985
-76.21,3.77,70.81197772,570.781009720002,389.386342430713,1620.12000000001,19.8992511986331
-76.21,3.82,70.8902078100002,710.605663810034,478.509344090492,2072.96000000011,24.8243213975866
-76.21,3.87,71.29599287,530.04840887,363.607616456126,1486.56,16.9272215060765
-76.21,3.92,71.5423160800004,505.063596080072,347.776957677957,1404.80000000023,17.6878943762395
-76.21,3.97,71.83652882,433.33056882,302.176263421219,1171.4,11.4639322306163
-76.21,4.02,72.10736906,383.10210506,270.269543331576,1007.76,6.85892629061224
-76.21,4.07,72.33170153,375.30283753,265.381332605715,981.76,2.96982485599942
-76.21,4.12,72.55618816,364.72632416,258.723549548979,946.76,2.16112762533639
-76.21,4.17,72.77102005,359.99121205,255.784335559687,930.72,0.358321236101641
-76.21,4.22,72.9780644500005,358.630568450003,254.992467673728,925.640000000007,5.28149979575259
-76.21,4.27,73.1589738500002,376.907781849999,266.70412834316,984.279999999995,7.82794630196534
-76.21,4.32,73.28349894,441.72721094,308.051482493942,1193.92,14.3800689989329
-76.21,4.37,73.38257559,523.42012759,360.141190720314,1458.32,15.0910138665302
-76.21,4.42,73.45345409,623.62553409,424.016608304661,1782.8,18.5078364602707
-76.21,4.47,73.6958667600005,559.271794759995,383.099115522441,1573.47999999998,6.63032139987899
-76.21,4.52,73.8560487000005,562.03656070001,384.918907638338,1581.92000000003,6.50071045037801
-76.21,4.57,73.89306084,667.17038884,451.922370193041,1922.48,7.64626542029743
-76.21,4.62,74.24950708,474.91105908,329.546317928092,1298.32,10.7865327194686
-76.21,4.67,74.34713122,505.33789122,348.969355348447,1396.6,9.57766794977576
-76.21,4.72,74.38639568,576.39218768,394.258559817353,1626.72,11.5098002267822
-76.21,4.77,74.45431838,609.69015838,415.500276799289,1734.4,10.1140073251559
-76.21,4.82,74.4395967700003,703.341708769995,475.168597912661,2037.91999999998,8.4716769520711
-76.21,4.87,74.7856406300002,464.905416630044,323.365356263866,1264.16000000014,27.0647612433034
-76.21,4.92,75.03706066,297.63641266,216.874739815328,721.32,18.35624896412
-76.21,4.97,74.71606563,616.17328163,419.726211388849,1754.56,11.2734627974498
-76.21,5.02,74.94232431,440.04081231,307.578770623822,1183.08,50.5249784998993
-76.21,5.07,74.5532024400002,785.172594440068,527.351489669785,2302.72000000022,39.4257810108177
-76.21,5.12,74.6397717500001,696.777371750042,471.058505706026,2016.00000000013,26.8439276793797
-76.21,5.17,74.82850056,501.85683656,346.925914894799,1383.76,22.8834555814436
-76.21,5.22,74.80803968,470.53199168,326.95867009987,1282.32,13.5239860216423
-76.21,5.27,74.84047052,373.82449452,265.349560899926,968.84,23.3440163664737
-76.21,5.32,74.8925489800001,240.005892980012,180.100822499759,535.040000000039,11.9264066419547
-76.21,5.37,74.7814908900002,226.09424289001,171.196190112876,490.320000000032,3.98304339511861
-76.21,5.42,74.60372753,247.99989553,185.089718718094,561.88,9.06911681215423
-76.21,5.47,74.42943009,244.36927809,182.713094978338,550.68,4.41458184219251
-76.21,5.52,74.24148473,229.25743673,173.015819274037,502.32,3.96060983602931
-76.21,5.57,73.9136841000002,312.05413210003,225.653966153177,771.680000000096,11.5667029113376
-76.21,5.62,73.6279259700001,333.88882197005,239.463096341625,843.360000000161,18.7989064577331
-76.21,5.67,73.24848407,413.11583607,289.807948395606,1101.32,22.6674013856795
-76.21,5.72,72.98712664,362.26876664,257.313972478469,937.4,9.52687315361924
-76.21,5.77,72.5489424,441.8567344,307.867507528881,1196.72,12.2797907003253
-76.21,5.82,72.0787132200001,523.95552122002,360.00928055984,1464.28000000006,13.1855942834497
-76.21,5.87,71.5999665600002,586.961966560011,399.982548755702,1670.00000000004,20.8529950145356
-76.21,5.92,70.83300706,887.42563906,591.156191730461,2646.12,8.51174742333483
-76.21,5.97,70.61540382,653.93112382,442.297294159103,1890.2,25.6545061771792
-76.21,6.02,70.1189002,647.5218442,438.033239476306,1871.04,20.4327313905753
-76.21,6.07,69.5431976200001,685.286605620022,461.887627921466,1995.28000000007,21.2679287022116
-76.21,6.12,68.9852409000001,675.791592900011,455.635084626377,1966.32000000003,15.0453661186702
-76.21,6.17,68.29109753,766.38132953,513.105951923128,2262.12,11.1918014140143
-76.21,6.22,67.5917556,832.3519316,554.887911225199,2478.16,0.387679613921434
-76.21,6.27,66.99608631,763.81488631,511.000799242861,2258,12.542598486826
-76.21,6.32,66.4448347600001,615.061570760014,416.01694213978,1777.76000000005,11.5565317601525
-76.21,6.37,65.7605403700001,564.544548370018,383.57982177795,1616.28000000006,2.72732862444333
-76.21,6.42,64.96117508,598.16025508,404.709334072647,1727.8,18.3868390655439
-76.21,6.47,64.06435729,702.19978129,470.67671583344,2067.84,13.6591015181827
-76.21,6.52,63.21617419,722.11420619,483.058221434114,2135.12,14.1345916202366
-76.16,2.72,66.73952538,927.75821338,615.370468453391,2790.08,20.0076616501267
-76.16,2.77,66.91765892,990.97715492,655.717460610718,2994.36,13.2306544778346
-76.16,2.82,67.0182722,1133.92253619997,746.837073679168,3457.2399999999,15.13024255407
-76.16,2.87,67.22066595,1167.33028995,768.197530808981,3564.84,3.37586855743675
-76.16,2.92,67.43712242,1184.77897041995,779.394156973446,3620.67999999984,20.1774783026714
-76.16,2.97,67.84527475,1001.70590675,662.890244590739,3026.12,21.0765567432547
-76.16,3.02,68.1657459999999,911.297977999986,605.399650472147,2732.11999999995,25.1016517417017
-76.16,3.07,68.2330552,1082.35437519997,714.419187901471,3286.1999999999,29.6259243342282
-76.16,3.12,68.64161177,902.25661977,599.811253466758,2701.28,41.9522602216908
-76.16,3.17,69.05134353,723.814135530036,486.258464665501,2121.72000000012,31.4439812533056
-76.16,3.22,69.24124336,769.70152336,515.566264358675,2269.8,31.4992346325715
-76.16,3.27,69.5627221299999,683.676722129978,460.868912890125,1989.99999999993,36.6391946321448
-76.16,3.32,69.8255698099999,657.733257809992,444.433407947344,1905.07999999997,32.814246529269
-76.16,3.37,69.94692021,773.18460021,518.04166769955,2278.8,37.2787526472389
-76.16,3.42,70.3431186699999,616.626838669994,418.428655797432,1770.19999999998,25.8384796780436
-76.16,3.47,70.39153862,803.87201862,537.756641232411,2376.8,29.9612902371359
-76.16,3.52,70.7929608,644.51739280001,436.363395657288,1859.12000000003,23.3961402701791
-76.16,3.57,70.9730875000001,702.208215499989,473.188658894993,2045.47999999997,22.227243503873
-76.16,3.62,71.31374647,604.31532247,410.936058245518,1727.16,13.6657616694307
-76.16,3.67,71.3016049799999,846.406052979964,565.189008602301,2511.67999999988,30.8167688361637
-76.16,3.72,71.53479197,850.73744797,568.033525347749,2524.96,35.6389569924573
-76.16,3.77,71.9136277399998,715.517443739983,482.010381107685,2085.55999999994,23.2976011190079
-76.16,3.82,71.9745411099999,881.74094110998,587.948131338432,2623.99999999994,23.3966005271497
-76.16,3.87,72.41805289,684.27310089,462.284866104227,1982.68,21.0102247318388
-76.16,3.92,72.6273093499999,706.331237349976,476.415970959095,2053.47999999992,17.7184653356312
-76.16,3.97,73.05275524,525.22581924,361.17209340552,1465.24,16.3712057388676
-76.16,4.02,73.3469584999998,464.466598499987,322.563775670545,1267.39999999996,11.8021125021778
-76.16,4.07,73.63341691,408.16816091,286.795006373126,1084.04,7.47218168560994
-76.16,4.12,73.8734803,390.7316163,275.77174383009,1026.76,3.32422297751628
-76.16,4.17,74.09953672,381.66264072,270.075115593962,996.64,3.51735985927774
-76.16,4.22,74.32909055,364.511842550003,259.230114316622,940.320000000009,2.35489218073783
-76.16,4.27,74.5400418599999,358.489073860002,255.46901283599,920.120000000006,0.661019459534405
-76.16,4.32,74.73841168,357.41601168,254.857241195722,916,5.26987156251036
-76.16,4.37,74.87679786,402.40014986,283.57081111505,1061.32,9.59239696907327
-76.16,4.42,75.07136149,389.99148949,275.734749202013,1020.48,17.3109463903822
-76.16,4.47,75.06568275,544.878322749977,374.42475049533,1522.39999999993,15.966011485101
-76.16,4.52,75.1789670099998,585.714463009998,400.486157837105,1654.35999999999,10.4909316761459
-76.16,4.57,75.26373738,641.42129738,436.01265073103,1834.6,9.84036936856413
-76.16,4.62,75.43122655,614.51839455,418.931205703302,1746.88,7.38889839969385
-76.16,4.67,75.67311807,512.58899807,354.070758712314,1415.8,8.29613560716504
-76.16,4.72,75.74470857,546.07579657,375.434125260308,1524.08,7.54367724406786
-76.16,4.77,75.73149116,639.58072316,435.009565160836,1827.12,8.02067134692362
-76.16,4.82,75.76985897,675.182154970006,457.708297505111,1942.36000000002,0.460208916921453
-76.16,4.87,75.87831642,636.74030041998,433.252951261749,1817.43999999994,13.2204892259609
-76.16,4.92,75.99603344,575.95272144,394.562532699641,1620.08,30.8568292123023
-76.16,4.97,76.06549469,540.97756669,372.301978360334,1506.52,37.9309980041914
-76.16,5.02,75.34357332,1164.12140532,769.099954096211,3528.12,47.1704089579776
-76.16,5.07,75.35845646,1141.18879245992,754.492963695999,3453.75999999975,11.4465379603264
-76.16,5.12,75.5148014900002,979.836241490022,651.737746918914,2930.40000000007,34.2136658364474
-76.16,5.17,75.78466235,704.73615035,476.545125296946,2038.08,38.5533751604688
-76.16,5.22,75.89861414,543.90903014,374.109326029043,1516.56,14.6013434243058
-76.16,5.27,75.75323321,582.42505721,398.598537852023,1641.84,21.5200812423583
-76.16,5.32,75.9333664600001,325.924054460022,235.224481540905,810.080000000071,21.3494665294162
-76.16,5.37,75.84374874,275.446228739996,203.028092550881,646.799999999989,4.06271809089759
-76.16,5.42,75.58475811,345.62210211,247.649365729473,875.04,7.10894129478649
-76.16,5.47,75.47368487,268.42274887,198.418550553854,625.24,6.66122443428048
-76.16,5.52,75.22290677,285.87326677,209.44682928903,682.6,16.2508778972576
-76.16,5.57,74.74867244,469.941832439968,326.561088463815,1280.5999999999,19.0561404013342
-76.16,5.62,74.3129571,598.365133099963,408.232816849342,1698.15999999988,23.0112320663786
-76.16,5.67,73.83815416,736.90845816,496.338723865962,2148.64,34.3220811219204
-76.16,5.72,73.78662747,482.43474747,334.172385160742,1324.2,23.7243033552769
-76.16,5.77,73.40313292,488.93920492,338.177812308112,1346.52,22.2323756121255
-76.16,5.82,72.83902306,627.430255060012,426.218008757927,1797.12000000004,19.8088856558514
-76.16,5.87,72.37965995,647.202707949995,438.650119952557,1862.67999999998,9.72589684972197
-76.16,5.92,71.78074927,764.32852527,513.064016132449,2244.16,13.4860945583043
-76.16,5.97,71.1826662,854.0761782,570.033169447845,2536.92,15.1973986339473
-76.16,6.02,70.60725553,895.26051953,596.066579749534,2672.24,24.1653130090852
-76.16,6.07,70.14744237,799.566746369989,534.924811580191,2363.63999999997,13.0956427937967
-76.16,6.12,69.62289326,731.94021326,491.643670450658,2146.2,9.41835788305712
-76.16,6.17,69.04065186,686.29002786,462.34466719206,2000.16,3.4090366457994
-76.16,6.22,68.34357468,718.37861468,482.538228055455,2106.4,8.51054711494066
-76.16,6.27,67.63403844,731.29685444,490.512149797349,2150.56,4.86782439476443
-76.16,6.32,66.92283622,713.427492219993,478.867970589272,2094.95999999998,7.19764336342153
-76.16,6.37,66.22582809,647.233220090002,436.43687907891,1882.72000000001,12.1996637980996
-76.16,6.42,65.29964006,781.42445606,521.60591846721,2320.56,30.0506579075582
-76.16,6.47,64.48541226,768.59951626,513.138606775559,2281.64,27.9775670261054
-76.16,6.52,63.63593739,758.44266539,506.35858179836,2251.48,8.04589731037135
-76.11,2.72,67.43261522,809.44279922,540.232744522165,2404.44,18.8627630035388
-76.11,2.77,67.57937219,943.86758819,625.939878237668,2839.56,16.6998862715284
-76.11,2.82,67.8657670099998,930.30401501004,617.40123695653,2794.68000000013,22.4282488737585
-76.11,2.87,67.9574055,1115.3704935,735.35665973878,3394.08,16.5940375360835
-76.11,2.92,68.17712508,1165.71919708002,767.517976116319,3556.52000000007,5.93963391567505
-76.11,2.97,68.4152494,1195.3730734,786.49947033744,3651.84,15.8254405330605
-76.11,3.02,68.7063292,1169.79112919998,770.30456469354,3567.99999999992,20.5729901053534
-76.11,3.07,68.8539214,1288.60159339997,846.062738034784,3952.51999999989,10.5174650018609
-76.11,3.12,69.14648784,1259.57715984,827.674858182236,3857.52,24.1667468791837
-76.11,3.17,69.5826862399999,1086.99985423994,717.868894377289,3296.8799999998,28.159407924338
-76.11,3.22,69.88076291,1053.01864291,696.324613424397,3185.8,26.8953229571852
-76.11,3.27,70.10993307,1086.78646106997,717.924214143075,3294.47999999989,33.8933663011863
-76.11,3.32,70.4758132299999,986.042637229955,653.864184584147,2966.83999999985,32.4990272010315
-76.11,3.37,70.64761002,1074.63450602,710.376207392565,3253.36,27.3115905166352
-76.11,3.42,71.10541961,885.562539610015,590.067881245265,2639.20000000005,30.1151846359916
-76.11,3.47,71.26547653,983.62286053,652.608830605831,2956.44,26.6103449916865
-76.11,3.52,71.67616409,841.077684090045,561.929729317756,2493.20000000014,35.0625914365495
-76.11,3.57,71.9663237899999,813.421027789985,544.41250779398,2402.63999999995,19.2929311861712
-76.11,3.62,72.44609249,607.45974049,413.350472790019,1733.68,12.1299712296251
-76.11,3.67,72.3463096699999,942.598309669973,626.860610144149,2819.99999999991,32.2738119556967
-76.11,3.72,72.36580694,1162.97055094,767.286274474654,3534.04,5.06757826593527
-76.11,3.77,72.8230820399999,972.713026039972,646.222330534552,2916.03999999991,20.1377591581474
-76.11,3.82,72.9203290600001,1114.27251305996,736.457646823114,3374.43999999989,15.1257797177239
-76.11,3.87,73.45728234,848.96908234,567.604245847652,2513,24.4751707503185
-76.11,3.92,73.7924924599998,767.463572459991,515.791515369864,2247.79999999997,16.3051443572796
-76.11,3.97,74.23979079,582.98540679,398.406491211876,1648.56,14.6403855134627
-76.11,4.02,74.5150351899998,550.289827189987,377.673115802414,1541.71999999996,14.6411530247258
-76.11,4.07,74.82715414,480.92006614,333.584763459137,1315.92,11.1915559471033
-76.11,4.12,75.1310431,414.6774511,291.486005697772,1100.28,12.5165789531562
-76.11,4.17,75.35457122,413.80236322,291.009508672492,1096.72,4.0398122227168
-76.11,4.22,75.5963585599999,391.022590559997,276.582229765904,1022.11999999999,3.83450684456276
-76.11,4.27,75.8331269199998,366.176350919999,260.836401550536,940.839999999997,3.17105621550917
-76.11,4.32,76.0400339,359.9643779,256.953273973848,920.04,1.0799314906193
-76.11,4.37,76.23215963,358.57647163,256.138621966817,914.92,2.03052317955729
-76.11,4.42,76.41421563,357.27724763,255.37682383835,910.12,1.36728706285652
-76.11,4.47,76.57965346,360.923693460036,257.76031887027,921.400000000118,10.8993142042677
-76.11,4.52,76.6843165,405.94817250002,286.487358356012,1066.96000000007,15.2013904391108
-76.11,4.57,76.72107679,497.25646879,344.681263861686,1362.72,16.5879894061814
-76.11,4.62,76.88619178,469.33898378,326.952477666173,1271.72,15.9947181602187
-76.11,4.67,76.81071207,630.80943207,429.812156116533,1795.2,10.2997621281025
-76.11,4.72,76.93986038,608.28734038,415.508201712064,1721.8,4.63286960684387
-76.11,4.77,77.09026569,555.13635369,381.695589299405,1549.08,7.28920318760701
-76.11,4.82,76.9922478799997,694.389751879981,470.390648624894,2000.63999999994,8.30728482843259
-76.11,4.87,77.0727897499999,670.671061749988,455.306600830868,1923.51999999996,7.96375690242636
-76.11,4.92,76.92178835,823.46222035,552.608538195059,2419.12,14.0447575512096
-76.11,4.97,76.82507173,915.18017573,611.015046637851,2716.64,10.6732890379083
-76.11,5.02,76.71862347,998.24759947,663.906007691254,2986.16,25.9832901794648
-76.11,5.07,76.8585250599999,859.776725060092,575.724759210045,2537.0000000003,10.6931203206988
-76.11,5.12,76.5196325600003,1100.08411256,728.722835330469,3316.80000000001,13.3420690010814
-76.11,5.17,76.5567851,1009.8372491,671.232078740423,3024.24,25.8741500288771
-76.11,5.22,76.84704211,691.49183411,468.491447266172,1991.72,19.8317494113628
-76.11,5.27,76.74584035,676.50376835,458.904511515083,1943.48,16.3742542723731
-76.11,5.32,76.8791111000003,447.915063099983,313.298839378748,1202.31999999995,22.1345337551901
-76.11,5.37,76.8973259899999,292.658101990004,214.377545252243,699.160000000014,5.32023937406495
-76.11,5.42,76.60503819,370.00957419,263.558944686035,950.76,2.89996047317227
-76.11,5.47,76.41326836,342.19193236,245.764295360132,861.24,11.5378350751439
-76.11,5.52,76.05757104,426.61482704,299.428515992707,1135.96,13.7127476649108
-76.11,5.57,75.7788581700001,423.657466170062,297.443000240436,1127.2800000002,17.0740385680425
-76.11,5.62,75.2198126800002,631.218260680009,429.495459799969,1801.68000000003,33.3748684027494
-76.11,5.67,74.4493618,996.6449138,662.061480379064,2988.32,17.2924533592738
-76.11,5.72,74.43913678,690.52817678,467.003799711428,1996.4,32.5047081494739
-76.11,5.77,73.9118263,799.0107303,535.936287635504,2349.64,30.0167526469688
-76.11,5.82,73.445973,828.898772999905,554.811578517939,2447.99999999969,8.97152168386001
-76.11,5.87,73.1464826499999,686.260618649987,463.815571873416,1986.75999999996,4.62415515439362
-76.11,5.92,72.5503168,774.4425008,519.787730122859,2274.44,11.2518106329632
-76.11,5.97,71.90149839,882.75417039,588.567248312653,2627.52,16.8987141443474
-76.11,6.02,71.14413094,1062.66358694,702.928622731304,3212.96,3.70841496142429
-76.11,6.07,70.79545006,842.591706059999,562.574912795415,2500.96,15.9427758276727
-76.11,6.12,70.22475384,792.669697839991,530.558143195329,2341.03999999997,8.16605700153411
-76.11,6.17,69.65664132,708.18707332,476.520694297697,2069.12,6.12723236434795
-76.11,6.22,68.98246595,690.60161795,465.070850961036,2014.32,4.8278305710886
-76.11,6.27,68.26860577,678.81518977,457.301681170748,1978.44,8.74132589204136
-76.11,6.32,67.4811547499999,706.381906750011,474.581171259821,2070.32000000004,7.61877758831816
-76.11,6.37,66.63081606,764.918552059987,511.571517670249,2262.75999999996,25.1677368838012
-76.11,6.42,65.47479561,1105.34569961,728.06825924467,3369.64,26.9653290455722
-76.11,6.47,64.54807438,1186.82752238,779.651289361699,3636.68,18.7040556144184
-76.11,6.52,63.97460013,859.68118413,570.989441589081,2578.44,39.344718208603
-76.06,2.72,68.0278628400001,739.220518839991,495.703899350382,2174.95999999997,6.0789277766902
-76.06,2.77,68.3541238,726.696675800005,487.842225745942,2133.32000000002,3.83576440289032
-76.06,2.82,68.6091769300001,783.462560930046,524.105313876972,2316.44000000015,15.6929715385305
-76.06,2.87,68.7027742300003,999.761318230042,661.96228667775,3017.04000000013,26.8719009031372
-76.06,2.92,68.75955578,1249.03111577999,820.81465989116,3824.59999999995,20.4749593582729
-76.06,2.97,69.03372416,1275.61034816,837.850104502521,3909.83999999999,5.07102597529306
-76.06,3.02,69.35274546,1255.25316946,824.994495259343,3842.84,5.85929619601464
-76.06,3.07,69.6646764200002,1240.46838841998,815.68697956004,3793.91999999993,8.77650287276719
-76.06,3.12,69.9302602500004,1269.85346825,834.507162465492,3888.27999999999,4.44137462233003
-76.06,3.17,70.3299663100002,1166.45247831,768.76629047319,3551.91999999999,2.48321109784289
-76.06,3.22,70.5515149900003,1235.66464298997,812.94784518651,3775.47999999991,8.09247214548096
-76.06,3.27,70.8096829600003,1267.35063495998,833.231451582148,3877.31999999993,7.28943025971386
-76.06,3.32,71.1476329400002,1220.80607294,803.69641839619,3725.39999999999,11.9861244654775
-76.06,3.37,71.4201266300005,1235.65683062997,813.258009800497,3772.63999999989,8.65067634224157
-76.06,3.42,71.8179074300002,1130.50106743002,746.398318496209,3430.60000000006,14.7243268048224
-76.06,3.47,71.9623420500006,1262.63989404998,830.648021413633,3858.31999999993,16.0597524014038
-76.06,3.52,72.28179648,1228.09989247998,808.755442020387,3745.35999999994,27.9490982260748
-76.06,3.57,72.8719129000002,942.136392900093,626.756977288581,2816.8000000003,36.2521923505722
-76.06,3.62,73.3410705400001,769.530326540124,516.944645468342,2255.9600000004,33.8036546826533
-76.06,3.67,73.6301572600002,759.993589260066,510.972833136143,2224.12000000021,9.81613296803389
-76.06,3.72,73.7147742800003,932.05481428002,620.638914471093,2781.40000000006,19.2815725612239
-76.06,3.77,73.8427601,1060.52336809999,702.543995071643,3197.27999999998,15.144431540867
-76.06,3.82,74.0509696400004,1112.45293763992,735.708444597226,3364.87999999975,14.0163554310917
-76.06,3.87,74.5173271700007,930.623103169955,620.017820717282,2774.15999999985,17.6174553135
-76.06,3.92,74.9180741100003,805.189114110015,540.238159444076,2366.40000000005,16.6752767045312
-76.06,3.97,75.3411188500002,657.64463085012,446.378042201394,1886.92000000039,26.7930532226246
-76.06,4.02,75.5455144,696.177146399985,471.004663325382,2011.11999999995,17.2416722491418
-76.06,4.07,75.9618443,546.650908300014,375.879359071363,1525.24000000005,9.54977097376426
-76.06,4.12,76.1400545600004,596.180430559966,407.503642711413,1685.15999999989,8.90002662343446
-76.06,4.17,76.5450861200006,446.383670120013,312.201865644924,1198.44000000004,10.9568828366331
-76.06,4.22,76.8092386,410.010830600002,289.121359347507,1079.72000000001,2.53752368518757
-76.06,4.27,77.0300214400003,402.738805439998,284.567813387677,1055.43999999999,3.01193457798372
-76.06,4.32,77.2678758000003,373.21527580001,265.842065216576,959.000000000033,3.40199149702884
-76.06,4.37,77.4688714100003,365.775335410003,261.174346613897,934.240000000008,1.05682372737287
-76.06,4.42,77.6506382200006,364.932550220014,260.703280985049,930.920000000045,2.0355894225588
-76.06,4.47,77.8246555000003,360.539287500003,257.967081368936,916.120000000009,0.794614608571759
-76.06,4.52,77.9834811700003,358.056497170003,256.442700509837,907.560000000007,2.20232221434538
-76.06,4.57,78.12441363,358.987445630001,257.087021838351,910.120000000002,7.84264857417427
-76.06,4.62,78.2390988300002,369.384682829999,263.753627780123,943.439999999996,6.69524298089273
-76.06,4.67,78.3156101100007,398.111618109985,282.085850994873,1036.27999999995,17.7459139211774
-76.06,4.72,78.2647197700004,516.35327976996,357.409578263991,1419.59999999987,14.6930629992257
-76.06,4.77,78.3071398700003,545.206595869966,375.809961162671,1512.95999999989,10.2565541969107
-76.06,4.82,78.3154600200007,586.974668019941,402.427102284345,1648.27999999981,11.9264524332582
-76.06,4.87,78.3596979700004,584.698233969977,400.992635433103,1640.75999999992,9.59860788185092
-76.06,4.92,78.3819813200003,584.337853319972,400.771089799913,1639.51999999991,19.6668407358826
-76.06,4.97,78.3601385600006,602.955450559984,412.62607815646,1699.91999999994,21.6802397236211
-76.06,5.02,78.2003985,715.002670500011,483.963288327827,2063.52000000004,31.8075976239246
-76.06,5.07,77.8234744400004,984.366834439887,655.462201061528,2937.59999999963,28.5587449122311
-76.06,5.12,77.5468087400009,1155.57301673976,764.452381633603,3493.27999999921,18.9354302233629
-76.06,5.17,77.78322623,893.20317823,597.359193048759,2642.32,34.8634235120394
-76.06,5.22,77.9941944100003,633.042154409993,431.664201797526,1798.59999999998,26.9945593002303
-76.06,5.27,78.10540982,433.353385820009,304.465226179524,1151.16000000003,17.0132175429236
-76.06,5.32,78.0318305600003,360.474894560027,258.001216505399,915.240000000086,6.29947011654558
-76.06,5.37,77.8855759900005,324.000247990045,234.706939434765,797.520000000143,5.87242914818658
-76.06,5.42,77.6266890300002,355.539505030053,254.709454432522,900.560000000172,11.7531280231489
-76.06,5.47,77.2499252800005,459.605325280015,320.882272190468,1239.00000000005,12.3804647307035
-76.06,5.52,76.9132671700001,508.718731170126,352.054611069184,1399.24000000041,31.3129317938593
-76.06,5.57,76.3930487700001,684.421456770089,463.821572152412,1970.28000000029,37.6025405770513
-76.06,5.62,76.0418129500001,698.525044950126,472.680779536055,2017.12000000041,32.037748811667
-76.06,5.67,75.2786885500006,1030.37100054985,683.852234232001,3094.91999999952,20.6463306950695
-76.06,5.72,74.9100865100007,1010.22731050981,670.883179576943,3030.83999999938,2.45028712092709
-76.06,5.77,74.5093020100007,990.755046009784,658.330273172919,2969.0399999993,19.4880572284499
-76.06,5.82,74.3556681100006,733.870900109893,494.590987907574,2137.11999999965,29.0135082485845
-76.06,5.87,74.0367749000004,587.6212389,401.286732141534,1664.24,8.28540904892687
-76.06,5.92,73.3004884400004,770.971024439955,517.847917496701,2260.75999999985,12.1318816962051
-76.06,5.97,72.7238555300005,790.342295529899,529.981853516683,2325.39999999967,16.3793110204185
-76.06,6.02,72.0756341300005,844.538466129896,564.279831223159,2503.11999999966,24.1951690654255
-76.06,6.07,71.4380652100002,860.984993209972,574.528046584857,2558.47999999991,5.11991835380679
-76.06,6.12,70.8799819200002,775.574253919998,519.902852635874,2283.51999999999,8.69626642093496
-76.06,6.17,70.2602594500003,714.147987450013,480.537918192327,2086.48000000004,1.32560965592793
-76.06,6.22,69.4521855800004,795.945961579918,532.365442886425,2354.15999999973,10.0583562351743
-76.06,6.27,68.6098172700002,881.696753269958,586.699213836397,2634.75999999986,5.57323340924227
-76.06,6.32,67.8956378600001,814.238565860031,543.456540487949,2418.4800000001,11.5303619630167
-76.06,6.37,67.0619027000001,829.97047870001,553.178240664622,2472.16000000003,10.7362328836421
-76.06,6.42,66.0544314000004,988.768431399867,653.996898923943,2989.99999999957,20.7889184418977
-76.06,6.47,65.1835120900003,980.318296089908,648.296592656648,2965.4399999997,21.1380658042198
-76.06,6.52,64.2931002700001,958.443084269966,634.03491401674,2897.43999999989,2.79343674678279
-76.01,2.72,68.5328147200001,706.236198720012,474.869882475978,2066.44000000004,21.5472316612841
-76.01,2.77,68.6971535400004,893.659017539884,594.353114036224,2673.23999999962,12.8891559648259
-76.01,2.82,69.0062147600002,930.407566759969,617.880986816559,2791.3199999999,10.0918654613405
-76.01,2.87,69.2093709,1068.77711490001,706.122136789314,3239.04000000004,27.183652348565
-76.01,2.92,69.2238179800003,1389.99478597989,910.803486176164,4279.87999999965,14.3908016814599
-76.01,2.97,69.66576718,1282.41439118001,842.414873057805,3929.84000000002,8.33535221163608
-76.01,3.02,70.0150760800002,1264.63036407996,831.209834335132,3871.07999999988,9.76362641444796
-76.01,3.07,70.4764157800002,1136.10924778,749.485075798918,3453.11999999999,10.5420241859373
-76.01,3.12,70.65176073,1282.27708072998,842.685110560365,3926.19999999992,4.28524947428397
-76.01,3.17,71.1528328300002,1112.93705682998,734.965441380596,3375.83999999995,11.9439935139767
-76.01,3.22,71.4364303,1149.8823343,758.609428530157,3494.64,8.08476640947481
-76.01,3.27,71.6908119700002,1211.54811596998,797.994429276158,3693.63999999994,6.20620495585518
-76.01,3.32,72.0300119200002,1190.79141991999,784.891573346586,3625.27999999997,3.75319818576761
-76.01,3.37,72.34102147,1194.10202147,787.113887506733,3634.99999999999,3.08961028106709
-76.01,3.42,72.7130584400003,1138.70386643999,751.949816539959,3454.27999999997,4.82364754772486
-76.01,3.47,72.90762167,1243.74836566999,818.953521163258,3794.03999999996,6.32641437187238
-76.01,3.52,73.2551239000003,1205.60727589999,794.776546955264,3669.31999999995,5.17427594128434
-76.01,3.57,73.5134573000003,1245.50219329999,820.290843742818,3797.75999999996,16.71172151532
-76.01,3.62,73.90240004,1164.56886403999,768.862194830002,3534.23999999998,26.7503053633334
-76.01,3.67,74.3904582400002,993.53704224009,660.059810404694,2978.44000000029,30.2437563546497
-76.01,3.72,74.66105248,1012.71864448001,672.380275684734,3039.72000000003,22.0560452478521
-76.01,3.77,74.7769795800003,1163.11042757999,768.250204117665,3526.67999999997,11.5034661211196
-76.01,3.82,75.3533478600002,906.734091860076,605.099342913036,2694.04000000025,18.2156718994371
-76.01,3.87,75.70189731,845.868745310006,566.443120504106,2495.68000000002,2.52536183709763
-76.01,3.92,75.9504115900003,866.151571590009,579.45726187162,2560.60000000003,11.2679637368523
-76.01,3.97,76.01866048,1034.12290847997,686.511376223293,3104.67999999991,26.1312720545501
-76.01,4.02,76.5204949600003,827.282574960018,554.8972290712,2432.80000000006,26.9059628364363
-76.01,4.07,77.02851476,612.326074760009,418.113800434647,1734.60000000003,23.9301780670282
-76.01,4.12,77.3703635400005,531.444403540107,366.700981170454,1471.40000000034,10.8432015340675
-76.01,4.17,77.6982430800006,455.733243080059,318.577682115801,1225.00000000019,9.61790613027986
-76.01,4.22,77.9955109100003,398.087774910025,281.954522620592,1037.24000000008,4.70199617468937
-76.01,4.27,78.2070177300003,402.323425730015,284.730166489587,1050.28000000005,3.12357402672387
-76.01,4.32,78.40938524,404.945217239997,286.474162409404,1058.11999999999,3.81430777992819
-76.01,4.37,78.6420327700007,373.688320770021,266.642044258433,956.080000000067,2.354515502359
-76.01,4.42,78.8019141100007,390.88292211002,277.656248075798,1011.28000000006,3.65139228127865
-76.01,4.47,78.9939977600003,371.620861760006,265.452380838594,948.240000000018,2.21290884297736
-76.01,4.52,79.1544949800003,366.349998980003,262.152079587548,930.64000000001,1.44231917991834
-76.01,4.57,79.30122153,360.17659753,258.271695189421,910.160000000001,1.44588838193605
-76.01,4.62,79.4265268800007,358.487334880004,257.240779232052,904.280000000012,0.192886391753819
-76.01,4.67,79.5332172900007,358.384177290004,257.213756973853,903.60000000001,3.11379114601225
-76.01,4.72,79.5715212000007,398.170161199972,282.578813331021,1032.39999999991,9.15361207931205
-76.01,4.77,79.6524223700007,390.215118369989,277.5393058541,1006.35999999996,11.8442001072968
-76.01,4.82,79.5765373300008,489.742969329919,340.929745502368,1329.11999999973,13.9729273654005
-76.01,4.87,79.5914236300007,502.69436762994,349.187624524324,1371.0399999998,9.96035978852742
-76.01,4.92,79.6298671400006,481.130811140013,335.461528660899,1301.04000000004,6.31578493279958
-76.01,4.97,79.5169938400007,560.649081839961,386.088680217019,1559.07999999987,8.71681206109614
-76.01,5.02,79.4382364900007,596.182764489972,408.701749205579,1674.47999999991,10.0690096830707
-76.01,5.07,79.3414166800007,627.797680679926,428.811273195807,1777.23999999976,29.9434768753216
-76.01,5.12,79.0628888500008,782.86839284987,527.519447088713,2280.63999999958,31.9171120876998
-76.01,5.17,79.0641117300007,700.004343729969,474.719896932136,2012.1199999999,17.5629048580042
-76.01,5.22,79.0718380000005,592.261294000112,406.070100807348,1662.96000000036,11.1268858616722
-76.01,5.27,78.9573483100005,559.521612310046,385.167223937828,1557.24000000015,14.9639315324336
-76.01,5.32,78.9269208900005,439.902512890065,308.936306546298,1169.72000000021,13.9048877236275
-76.01,5.37,78.7750587900006,393.361898790002,279.22607932311,1019.40000000001,5.65647504075911
-76.01,5.42,78.3716271000005,522.076707100055,361.095265831155,1437.80000000018,16.7835563613525
-76.01,5.47,78.1405526800002,492.787856680246,342.348919591188,1343.6400000008,31.7433585110913
-76.01,5.52,77.3060748500006,921.154258849969,614.996175484229,2734.4399999999,39.4483268345059
-76.01,5.57,76.8243549000006,1047.70464289991,695.457812501276,3146.0799999997,15.6353425079547
-76.01,5.62,76.4460724600008,1067.16316845978,707.719309931581,3210.3599999993,13.654001610435
-76.01,5.67,76.3687786200006,815.910162619916,547.595817708,2396.43999999973,30.6966987105829
-76.01,5.72,76.1227668600006,674.917862859935,457.667932841538,1940.35999999979,28.4291424686833
-76.01,5.77,75.7599283500005,602.145120349966,411.166358351679,1705.71999999989,26.9397017788049
-76.01,5.82,75.3691780000005,524.703121999931,361.679462419249,1456.03999999977,19.2819016923421
-76.01,5.87,74.8259136200005,546.206241619975,375.183893651289,1527.47999999992,12.034672722218
-76.01,5.92,74.0802093300005,711.857657329919,480.464469792343,2066.67999999974,9.59072589837499
-76.01,5.97,73.6214481500004,606.981000149961,413.471858006539,1728.31999999987,15.5414171244121
-76.01,6.02,72.9589319900004,647.596819989971,439.111410226484,1862.07999999991,17.8058433781573
-76.01,6.07,72.1528876600006,786.352039659855,527.232155700111,2314.31999999953,17.6161952850889
-76.01,6.12,71.5052118900004,757.81926788994,508.81642596178,2223.95999999981,7.51571562038245
-76.01,6.17,70.8338863800005,719.733278379877,484.304918256886,2102.7199999996,12.7666536305119
-76.01,6.22,70.1775754100003,636.088255410005,430.769179739623,1833.80000000002,10.5853107089102
-76.01,6.27,69.2488359200004,773.399971919949,517.925626788738,2281.75999999983,18.5619434778703
-76.01,6.32,68.3048831000005,899.006707099862,597.618278344018,2691.83999999955,7.39287171421596
-76.01,6.37,67.5288646300003,833.84438462996,555.816067090063,2483.19999999987,7.9462940741971
-76.01,6.42,66.7104077000003,775.996647699925,518.659226214074,2298.39999999976,19.8238024659475
-76.01,6.47,65.7562711700003,820.665935169992,546.77579684089,2446.23999999997,10.4065163423003
-76.01,6.52,64.7963990200001,840.246479019955,558.904035272271,2512.79999999985,15.9748695243993
-75.96,2.72,68.90579137,750.06005537,502.929246894326,2207.24,14.4504347308406
-75.96,2.77,69.3160315,726.1279275,487.82881751319,2128.36,5.94351210998914
-75.96,2.82,69.6298782,793.469694200045,530.852063526336,2345.56000000015,13.6903257274889
-75.96,2.87,69.91239054,886.64080654,590.322095172237,2646.56,19.339538161647
-75.96,2.92,70.04759289,1118.20132089,737.918774193013,3396.48,23.5881256612065
-75.96,2.97,70.32967875,1201.21289475,790.915113127876,3664.56,13.9358935301434
-75.96,3.02,70.7287137400001,1167.39436173999,769.51111775029,3553.67999999997,12.6684235101354
-75.96,3.07,71.2051154500002,1057.54009144998,699.686117791657,3196.15999999993,8.44109260659766
-75.96,3.12,71.41439843,1198.19940643,789.388503052452,3651.28,9.08402302245076
-75.96,3.17,71.9748017700003,1005.30464176998,666.681557214695,3024.39999999995,9.70243003338621
-75.96,3.22,72.1872998,1134.9069478,749.339713366269,3443.68,19.2624702273569
-75.96,3.27,72.50055663,1166.84553263,769.804255839032,3546.16,14.3804793649818
-75.96,3.32,72.8556018400001,1156.96740184,763.63884211154,3512.99999999999,4.50032247059454
-75.96,3.37,73.12707979,1219.84764779,803.803887891399,3715.88,7.86020770508951
-75.96,3.42,73.63886065,1062.18341265,703.527778733301,3203.32,8.29032039167896
-75.96,3.47,73.84683382,1174.58600182,775.22483668358,3566.88,19.6401174438135
-75.96,3.52,74.2178123600001,1137.23371636001,751.558996751968,3444.64000000003,3.14471510921403
-75.96,3.57,74.4390402100001,1228.39319221,809.725002638746,3739.32000000001,1.35073020738594
-75.96,3.62,74.83719695,1159.41806895,765.919324362222,3514.52,6.59438662713383
-75.96,3.67,75.0340801300003,1261.84796012999,831.257873308558,3845.79999999997,15.6133446327216
-75.96,3.72,75.328066,1274.43657,839.385848444837,3885.64,10.4162663107222
-75.96,3.77,75.68358211,1229.10694211,810.63133014271,3737.59999999999,10.1543467965018
-75.96,3.82,76.0985426800002,1128.62204668003,746.754093662007,3410.64000000008,27.7797888009689
-75.96,3.87,76.64716028,911.74344828,608.760656105224,2706.08,21.7056121928624
-75.96,3.92,76.9963617200002,858.50734572002,574.965934447955,2532.44000000006,11.9464611084771
-75.96,3.97,76.97302916,1108.53642116,734.273044224186,3342.72,8.54698260066954
-75.96,4.02,77.4940856800002,899.493389680019,601.262337919377,2663.64000000006,18.1863506120921
-75.96,4.07,77.82903807,838.51569407,562.529594841915,2464.96,16.0522821588706
-75.96,4.12,78.2502966,700.6718086,474.849935930623,2016.92,20.8110885589506
-75.96,4.17,78.68409343,546.59575743,376.831881710479,1516.24,17.1325307437605
-75.96,4.22,79.0113495800001,470.846941580029,328.684362912663,1269.72000000009,17.0115553577105
-75.96,4.27,79.25219001,455.21339801,318.81023326591,1218.28,11.0651399810918
-75.96,4.32,79.49079355,431.78855355,303.970767103655,1141.6,8.38587509803661
-75.96,4.37,79.72353586,402.95117586,285.680372142497,1047.4,5.25226061639179
-75.96,4.42,79.87496583,427.00058983,301.059315385093,1124.84,2.5541562828243
-75.96,4.47,80.0914134900001,389.024701490009,276.9400574328,1001.08000000003,5.63983665937093
-75.96,4.52,80.2565730700002,379.129501070021,270.694874390304,968.480000000067,6.41350610045479
-75.96,4.57,80.38961592,381.58321592,272.306622041555,976,6.88394828660088
-75.96,4.62,80.53024634,365.17054234,261.89968257594,922.36,6.80230633763381
-75.96,4.67,80.63845662,360.05724062,258.680807053095,905.44,2.41046569861604
-75.96,4.72,80.72235949,359.32643949,258.245590152439,902.8,1.20122659059435
-75.96,4.77,80.78548656,359.63644656,258.46602624385,903.6,1.47557516060215
-75.96,4.82,80.8144567200001,370.528136719999,265.416593345938,938.799999999998,7.62742049755308
-75.96,4.87,80.7837879900001,410.689531989992,290.995833301662,1069.03999999997,10.5807235957387
-75.96,4.92,80.6798542,489.8587662,341.403826286775,1325.92,8.11925800138506
-75.96,4.97,80.64039543,502.86691543,349.678149298353,1368.2,8.80797295151823
-75.96,5.02,80.52973607,552.23100807,381.092217829139,1528.52,9.32419479204213
-75.96,5.07,80.5318636600002,497.586247659999,346.27399352979,1351.44,8.17773329674322
-75.96,5.12,80.2962146600002,604.829806659989,414.52282700111,1699.71999999996,14.857501496101
-75.96,5.17,80.11223188,653.54040788,445.493895911588,1858.16,10.1330079006704
-75.96,5.22,79.82047151,764.91247151,516.353005925833,2220,10.132286313743
-75.96,5.27,79.80645441,642.97676641,438.651928601956,1824.92,17.2189700083825
-75.96,5.32,79.7464289400001,534.906740940018,369.769206264607,1474.92000000006,20.0719923926551
-75.96,5.37,79.7219370500001,377.545625050034,269.491675029316,965.08000000011,9.48595201254957
-75.96,5.42,79.13682082,628.67935682,429.298837030063,1780.76,26.6762607229108
-75.96,5.47,78.57702948,840.60918148,564.134920418606,2469.32,24.8738453168886
-75.96,5.52,78.16916855,912.50012855,609.79500640885,2703.6,6.97923088395645
-75.96,5.57,77.8224404500002,912.918728449965,609.935936275202,2706.07999999989,23.7221530227947
-75.96,5.62,77.6516640600002,749.20229605998,505.555798651421,2176.11999999994,30.1486753976954
-75.96,5.67,77.34440898,667.52339298,453.399490114332,1912.44,17.8887069225313
-75.96,5.72,77.03097157,564.22396357,387.464594422687,1578.72,12.0039600262839
-75.96,5.77,76.57681402,546.85852602,376.234768906025,1523.92,13.8317800349749
-75.96,5.82,76.2452997400001,402.966291739999,284.428058675464,1058.72,8.01985740311228
-75.96,5.87,75.5943379300002,491.340257929976,340.502729986296,1347.19999999992,15.0561056603935
-75.96,5.92,74.87044762,614.79700762,418.9052774461,1749.6,15.958646213917
-75.96,5.97,74.36696814,527.58927214,363.154869646518,1468.64,8.89386270611287
-75.96,6.02,73.65065636,591.02472836,403.315307080195,1676.52,3.11184446495741
-75.96,6.07,72.9953130700001,574.507345070001,392.552859164532,1625.12,12.3593901216685
-75.96,6.12,72.1860743600001,663.019290360001,448.658024401071,1914.56,5.02481161968932
-75.96,6.17,71.59680861,528.50996861,362.736479986614,1480.6,11.1546731941303
-75.96,6.22,70.72024889,619.22588889,420.221567210136,1777.4,12.8649910314191
-75.96,6.27,69.83319554,692.16829954,466.377776713129,2016.64,19.3187302609679
-75.96,6.32,68.9853824000001,699.837846399971,470.957124811794,2044.23999999991,20.6961166131209
-75.96,6.37,68.0419363600001,768.05783235997,514.083801120116,2268.3599999999,12.9067009600884
-75.96,6.42,67.2647616,644.3714496,434.990330050613,1870.08,13.8976382929623
-75.96,6.47,66.16053546,810.50373546,540.4472350145,2412,10.3360193561902
-75.96,6.52,65.31811605,683.25875605,459.062596642011,2002.4,21.9915202246276
-75.91,2.72,69.06242302,952.20155902,631.788254411826,2861.76,11.0825859724557
-75.91,2.77,69.4463958,986.6673158,653.88873759763,2972.2,22.004794209217
-75.91,2.82,69.73922863,1105.32676462997,729.60338074317,3355.75999999991,21.2522437061213
-75.91,2.87,70.09527239,1156.30555239,762.215639343536,3519.8,15.2039929525787
-75.91,2.92,70.53021919,1126.33722719,743.27798015676,3421.28000000001,7.0148407016142
-75.91,2.97,71.0157088,1044.9202768,691.576201913621,3155.88,13.4365003660795
-75.91,3.02,71.3575787800001,1096.62553077997,724.646213798185,3322.31999999991,17.9922787249809
-75.91,3.07,71.86158271,992.180846710003,658.278152726342,2982.24000000001,10.7508830983148
-75.91,3.12,72.0991565,1132.5104765,747.780730716074,3436.2,8.91744363882259
-75.91,3.17,72.67550883,955.789956829997,635.385609319683,2861.67999999999,17.2248582895729
-75.91,3.22,73.16673747,856.12196947,572.056567973198,2537.12,21.4031232962623
-75.91,3.27,73.4268977399999,962.022081740019,639.629258505024,2879.44000000006,27.6932994676492
-75.91,3.32,73.6086473099999,1132.69915931,748.448618261526,3431.92000000001,16.4968899741756
-75.91,3.37,74.01836984,1094.32403384,724.14509352784,3306.24,18.9088328948603
-75.91,3.42,74.4866987599999,1000.95327476001,664.820263409482,3002.16000000003,12.9067397383938
-75.91,3.47,74.94909739,910.15648139,607.133382274859,2706.44,22.2849521217484
-75.91,3.52,74.9721167700001,1196.47389276999,789.579808334245,3634.15999999995,19.598271727433
-75.91,3.57,75.2543112499999,1251.21781525,824.564372937543,3810.63999999999,13.8278985287871
-75.91,3.62,75.82435329,1054.11104129,699.177081533669,3170.08,15.30202330005
-75.91,3.67,75.9424556599999,1238.01895965999,816.403884893163,3765.63999999996,15.4822719140993
-75.91,3.72,76.32667621,1189.61969221,785.703842812334,3607.56,5.71103171141994
-75.91,3.77,76.56004457,1262.39874856999,832.162467113985,3842.63999999997,4.68823807050545
-75.91,3.82,76.8629836,1270.15746359998,837.216138590592,3866.79999999993,9.99059327233475
-75.91,3.87,77.36274814,1108.90145214,734.647032302045,3342.64,28.0444496639557
-75.91,3.92,77.87708685,931.711566850032,621.930337400348,2766.8000000001,19.5475184920104
-75.91,3.97,77.86633667,1175.56888067,777.309438570223,3557.04,6.27004617099899
-75.91,4.02,78.37219549,991.902259489979,660.462767417521,2960.23999999993,21.1767427816967
-75.91,4.07,78.87270949,807.50199749,543.146689831683,2361.08,14.2830608573112
-75.91,4.12,79.21186153,745.03487753,503.466426824696,2157.56,10.8870748270433
-75.91,4.17,79.58882448,644.73417648,439.692770843245,1831.32,10.2987869563611
-75.91,4.22,79.7840929199999,677.974332919979,460.943851799108,1938.39999999993,15.4649074012192
-75.91,4.27,80.1231868399999,589.31318683998,404.573043500404,1649.99999999994,11.9168774073722
-75.91,4.32,80.39932295,539.79362695,373.119949991795,1488.64,7.69186819477176
-75.91,4.37,80.69680442,463.54596442,324.64376937328,1240.6,6.26135402218183
-75.91,4.42,80.92180883,431.83704083,304.520851863753,1137.12,0.667010378398465
-75.91,4.47,81.0576738900001,456.01901788999,319.978615609189,1215.03999999997,3.26307988785085
-75.91,4.52,81.18197166,476.251691659987,332.915733173122,1280.19999999996,3.02379191424271
-75.91,4.57,81.31370194,477.69188594,333.881201266609,1284.44,1.40980327222797
-75.91,4.62,81.43489351,473.44330151,331.218023157633,1270.28,5.57839770957471
-75.91,4.67,81.63156415,398.62548415,283.616347641867,1027.2,6.8048320914219
-75.91,4.72,81.73902938,376.09405338,269.298575608468,953.84,3.73387803713993
-75.91,4.77,81.80944837,365.96832837,262.872132014189,920.8,2.21707857855699
-75.91,4.82,81.8445744700001,366.262678470009,263.072432586676,921.64000000003,3.58236743608647
-75.91,4.87,81.86450762,361.443763620007,260.009108917017,905.960000000021,1.04841025448602
-75.91,4.92,81.83950522,372.97274522,267.346168719053,943.4,6.92258695927673
-75.91,4.97,81.74332037,419.70969637,297.09150523074,1095.16,7.99551343919673
-75.91,5.02,81.66763849,433.20007049,305.659954077281,1139.12,11.0982497071043
-75.91,5.07,81.5022656,494.643601599983,344.751047480413,1338.75999999995,10.532380555711
-75.91,5.12,81.28498208,575.711558079986,396.327759260023,1602.15999999995,13.3443334780956
-75.91,5.17,81.0851636,624.3199156,427.227934313009,1760.32,12.5177328075627
-75.91,5.22,80.73334997,766.81286997,517.895120471477,2223.2,14.4893630729882
-75.91,5.27,80.56636552,750.24070952,507.274951548709,2170.04,7.88293233228669
-75.91,5.32,80.4612980000001,665.579242000006,453.291544195407,1896.04000000002,16.2570179394779
-75.91,5.37,80.3967013,528.187645299999,365.723804335472,1451.04,21.0100567044624
-75.91,5.42,80.18738308,477.00995108,333.038038645149,1285.88,18.2886176854278
-75.91,5.47,79.4316254,818.5780014,550.406970053796,2395.16,19.8209522443697
-75.91,5.52,79.09057368,822.48328568,552.771633502067,2408.92,12.2490235707381
-75.91,5.57,78.9228812,668.521697200018,454.608286134027,1910.56000000006,19.4517878227581
-75.91,5.62,78.60685666,603.584832660024,413.116625239672,1701.16000000008,9.84279533777769
-75.91,5.67,78.22350633,565.35477833,388.617801927334,1578.52,9.59240333027564
-75.91,5.72,77.83623564,504.16096364,349.485319263777,1381.48,8.29320195065772
-75.91,5.77,77.43979898,423.30633498,297.821872525896,1120.76,7.34405749191453
-75.91,5.82,76.94090386,396.354247860015,280.467315761705,1035.04000000005,8.55049499443831
-75.91,5.87,76.38196939,390.314577390023,276.416121016384,1017.28000000008,2.3021153081977
-75.91,5.92,75.72548703,436.26903903,305.459581898787,1168.32,18.3272868272096
-75.91,5.97,75.07106891,453.76030091,316.367376852503,1227.12,16.4051134767356
-75.91,6.02,74.20775985,618.56581585,421.066286610429,1763.96,14.6071194007292
-75.91,6.07,73.5513702300001,583.148722229963,398.260786775721,1651.31999999988,14.8164556387375
-75.91,6.12,72.7031109600001,683.459542959944,461.869899028912,1979.11999999982,19.1823579365921
-75.91,6.17,72.11296716,530.61850316,364.267281724715,1485.76,15.9436184976314
-75.91,6.22,71.36707699,481.90382899,332.956248694536,1330.32,18.2843239835481
-75.91,6.27,70.57067008,446.93923008,310.388273221239,1219.6,21.8068877240021
-75.91,6.32,69.59345738,546.972969379981,373.774046631583,1546.91999999994,26.3105635962852
-75.91,6.37,68.6200892,616.434465199988,417.680942260177,1775.15999999996,27.6998000149578
-75.91,6.42,67.77062516,537.78076916,367.255540122473,1523.04,17.6407593690873
-75.91,6.47,66.69737888,644.76689888,435.036452514116,1873.2,28.8616992394237
-75.91,6.52,65.79150532,555.37923332,377.751025680374,1586.48,21.3855655808774
-75.86,2.72,69.38748915,929.24584115,617.279079822758,2786.32,19.7821430483713
-75.86,2.77,69.69069413,1075.77607013,710.75641818456,3260.16,15.2692689008468
-75.86,2.82,70.09062285,1120.77487084998,739.574221622466,3404.67999999994,12.6170688644745
-75.86,2.87,70.50191812,1149.26876612,757.879418077991,3495.68,4.16046010278172
-75.86,2.92,70.9172287100001,1168.81727670995,770.486177827319,3557.67999999983,13.577223251449
-75.86,2.97,71.56050451,969.17915251,643.512510007588,2908.68,17.929042306449
-75.86,3.02,72.10792236,858.766354360036,573.357388184387,2549.12000000012,17.1806667251119
-75.86,3.07,72.5163326999999,873.77771670002,583.070627140844,2596.44000000006,13.0219502250126
-75.86,3.12,72.74597728,1046.89742528,693.463779415032,3156.68,8.21348086376648
-75.86,3.17,73.3364413799999,887.003545380013,591.795514146748,2636.64000000004,17.533487246906
-75.86,3.22,73.88605544,762.59484744,512.723167019506,2231.72,7.13389001524147
-75.86,3.27,74.28107168,772.346615680014,519.080195170996,2262.04000000005,18.9415422768153
-75.86,3.32,74.5334374999999,902.08754150002,601.841142721127,2681.64000000006,25.4630323697662
-75.86,3.37,74.90917294,917.90562094,612.05655745038,2731.68,13.8365432327024
-75.86,3.42,75.2807867299999,932.12720273001,621.253207341549,2776.56000000003,22.9114774513451
-75.86,3.47,75.77131635,839.61803635,562.485428595978,2475.2,13.7200810730426
-75.86,3.52,75.80369325,1131.62304524999,748.55931966782,3421.31999999996,14.8209511552339
-75.86,3.57,76.2875494499999,1033.46599745001,686.190356363024,3101.68000000003,31.6123729321325
-75.86,3.62,76.81744771,893.06444771,596.920399750486,2645,11.2434902646945
-75.86,3.67,77.0091400199999,1028.63278802004,683.372493951294,3083.68000000013,16.8253073038857
-75.86,3.72,77.17518439,1177.39590439,778.222838308616,3565.2,12.338128879248
-75.86,3.77,77.43670993,1239.42680593,817.843081005677,3765.36,3.0862289300826
-75.86,3.82,77.80087505,1210.09130705001,799.282970849929,3669.12000000004,2.56951046957794
-75.86,3.87,78.05564624,1262.31431824,832.651291046958,3837.52,1.16615079033977
-75.86,3.92,78.45480862,1190.25420061995,786.880255642763,3602.71999999983,19.7779672970909
-75.86,3.97,78.97291907,1016.80831907,676.550564155458,3039,18.510965929341
-75.86,4.02,79.4527257399998,868.024477740016,581.921336480311,2555.32000000005,14.9748550962638
-75.86,4.07,79.81594555,803.58169755,540.990938169884,2345.32,15.3609344289487
-75.86,4.12,80.09336755,797.15632755,536.997420238572,2323.6,8.80691520655099
-75.86,4.17,80.46135729,711.46194929,482.527485114659,2044.72,3.80364081505651
-75.86,4.22,80.67763675,732.576620749974,496.059973237092,2112.43999999991,6.83101654527433
-75.86,4.27,81.0704824499999,608.76413844999,417.310650265173,1709.95999999997,14.9074935708473
-75.86,4.32,81.46074574,477.45626574,333.784416083422,1283.2,11.6860423396413
-75.86,4.37,81.74024435,418.97832435,296.624367597578,1092.8,4.07013722964418
-75.86,4.42,81.92855399,416.84596199,295.333972436313,1085.28,0.351118325237765
-75.86,4.47,82.0887073599998,423.017643360006,299.324600477678,1104.76000000002,0.523848554866139
-75.86,4.52,82.2357191399999,425.756895140009,301.123356982496,1113.16000000003,1.31332564047316
-75.86,4.57,82.39648115,404.76004115,287.802735857558,1044.6,1.78785496546353
-75.86,4.62,82.48802306,420.54080706,297.891266078234,1095.44,1.69872224376972
-75.86,4.67,82.57281292,426.52602892,301.73574154996,1114.56,2.45708131153835
-75.86,4.72,82.66171212,414.30796012,293.982786032616,1074.68,4.41811494470537
-75.86,4.77,82.73783854,395.74464654,282.182081336077,1014.28,4.7980404820296
-75.86,4.82,82.7170848400002,431.447428840003,304.923943034267,1130.04000000001,4.675734967336
-75.86,4.87,82.7757057800001,392.634793780003,280.214258553087,1004.08000000001,4.2960101971803
-75.86,4.92,82.76973104,383.46957104,274.372119118733,974.4,2.22629325886302
-75.86,4.97,82.73608985,376.53563385,269.941690780293,952.04,2.30123751485664
-75.86,5.02,82.67182574,373.43474574,267.942525706936,942.2,3.67997252560389
-75.86,5.07,82.5666391800002,381.118623180033,272.800438772477,967.440000000105,2.59938160246837
-75.86,5.12,82.4037444299999,411.321968430026,291.98655365604,1065.84000000008,11.907914011479
-75.86,5.17,82.06855582,547.37563582,378.556733924591,1507.8,12.1995581283672
-75.86,5.22,81.89450295,545.68327095,377.415230572913,1502.88,13.7554618153749
-75.86,5.27,81.68406685,549.69448285,379.894778739043,1516.56,11.6366995912214
-75.86,5.32,81.2342378600001,708.914293859969,481.184559346659,2033.9599999999,8.2842126139934
-75.86,5.37,80.9977336499999,689.149581649976,468.504911543045,1970.67999999992,15.6150490312822
-75.86,5.42,80.61021733,759.33271333,513.084178993426,2199.36,23.1353586511692
-75.86,5.47,80.19849842,825.43046642,555.05151045158,2414.88,2.93854489681385
-75.86,5.52,79.92974021,760.72602821,513.72509765328,2206.08,12.1344719366894
-75.86,5.57,79.6832300699999,654.506278070034,445.953690072582,1862.68000000011,10.274819144717
-75.86,5.62,79.31924141,612.160345410027,418.839302321618,1726.64000000009,9.85093223481153
-75.86,5.67,78.96974724,533.16722724,368.379019381091,1471.8,14.1327132857491
-75.86,5.72,78.41429429,586.80193429,402.35289663083,1647.4,13.3404315940556
-75.86,5.77,77.8609519,613.8744639,419.402433736734,1736.92,17.3447455840277
-75.86,5.82,77.39411046,546.861118459986,376.53294557536,1521.27999999995,14.5900822534288
-75.86,5.87,76.88886125,482.352229249979,335.245332564525,1313.87999999993,14.4250791788854
-75.86,5.92,76.49235529,302.04192329,220.209877251191,730.88,12.3248573995115
-75.86,5.97,75.82869716,306.87134516,223.046344847588,748.68,6.52426081755472
-75.86,6.02,75.05840432,371.48722032,263.939346328321,960.56,10.8354139692132
-75.86,6.07,74.38962385,324.651879850029,233.853778854461,810.960000000092,2.96102566235797
-75.86,6.12,73.6192833399998,333.608611340145,239.281413788133,842.480000000471,14.9791664247635
-75.86,6.17,72.82016185,338.35194585,242.01387982872,860.44,5.89395506477991
-75.86,6.22,72.02217616,312.59439216,225.311952074057,779.56,6.54651970790082
-75.86,6.27,71.15407957,318.42908757,228.714795415369,801.28,3.06994811239248
-75.86,6.32,70.3075587499998,274.477318750122,200.402119457067,661.600000000397,9.81575317229175
-75.86,6.37,69.3654135999999,286.743253600061,207.876006952522,704.400000000197,11.0203047547372
-75.86,6.42,68.34912365,338.84319565,240.704752959084,876.52,13.9532494744425
-75.86,6.47,67.38708545,309.24307745,221.494868275395,783.72,22.6040214832637
-75.86,6.52,66.31337406,357.71818206,251.993077482605,944.28,20.5396652037442
-75.81,2.72,69.7935750700001,771.932639069977,517.188297414256,2275.23999999993,14.1356905204999
-75.81,2.77,70.24925076,802.840962760008,537.048040895336,2373.92000000003,16.6840301469472
-75.81,2.82,70.63098673,898.654162730027,598.237579091813,2683.16000000009,19.4800863160121
-75.81,2.87,70.8919152700001,1102.23311526993,728.050352214872,3341.99999999977,12.76806035424
-75.81,2.92,71.49757741,972.436761410028,645.565389245585,2919.44000000009,8.91408468498675
-75.81,2.97,71.9288476400003,1002.6170716399,664.952396555542,3015.83999999967,11.3017234975878
-75.81,3.02,72.5936026600002,813.171882659974,544.481339637964,2399.79999999992,10.7450794983424
-75.81,3.07,72.9902267500003,865.931754749957,578.243207169249,2569.47999999986,11.5328387595026
-75.81,3.12,73.3009066300002,989.954002629947,657.381437678351,2970.35999999983,10.0960809337554
-75.81,3.17,73.9085799700001,842.53242797003,563.666621780302,2490.6800000001,11.0276478944671
-75.81,3.22,74.3873261900003,806.522310190017,540.895094635731,2372.44000000005,11.4136322848414
-75.81,3.27,74.9844881900001,663.460000190008,449.9541370766,1906.92000000003,8.99792714865431
-75.81,3.32,75.3527707300004,714.463370729918,482.586499907961,2070.99999999973,23.5864254242649
-75.81,3.37,75.6083560500004,855.243052049901,572.382380215155,2526.35999999968,12.3708329185813
-75.81,3.42,76.3119389800003,609.967746979983,416.351119662247,1729.27999999994,23.9935716765422
-75.81,3.47,76.5182480200004,778.719032019986,523.952297619615,2275.43999999996,24.5043875527568
-75.81,3.52,76.6202580300006,1026.08370602978,681.607158023779,3076.67999999928,24.912790748338
-75.81,3.57,77.3380062500001,755.381582250002,509.379368104547,2197.16000000001,24.1716034548952
-75.81,3.62,77.5963840900004,858.045784090009,574.88952802588,2529.00000000003,23.8141257030092
-75.81,3.67,77.5906945900003,1167.47948659,772.054965962561,3531.72,23.396439717857
-75.81,3.72,77.8780190200005,1228.86961101992,811.276273191761,3729.71999999974,5.31933544489207
-75.81,3.77,78.2433920300002,1219.21165602999,805.254899932516,3697.23999999998,2.68411769826134
-75.81,3.82,78.5723830000002,1231.08228699995,812.93808765346,3734.63999999985,9.90153862150883
-75.81,3.87,79.0543141200004,1113.70370612004,738.320691951851,3352.72000000013,6.62653168391026
-75.81,3.92,79.3039981300003,1172.11831812994,775.632381406245,3541.19999999981,14.8323102773327
-75.81,3.97,79.6397832700005,1153.81466326997,764.091335429723,3480.79999999989,4.81123834348356
-75.81,4.02,79.9566907600001,1141.25677876001,756.20457745316,3439.08000000003,20.0704485545976
-75.81,4.07,80.3458248800003,1063.79230488008,706.986311671213,3186.80000000026,28.8146894942488
-75.81,4.12,80.8807587800001,866.539326780064,581.49312306769,2545.88000000021,28.8821299431902
-75.81,4.17,81.41902799,659.735427990012,449.915410645535,1874.00000000004,14.9223307568255
-75.81,4.22,81.7279353300002,616.470015329999,422.459275706466,1732.79999999999,9.21947110226395
-75.81,4.27,82.0696749500002,538.118754950033,372.658764751696,1477.80000000011,9.20073508012972
-75.81,4.32,82.3903561200002,464.523564120019,325.8811249112,1238.28000000006,6.99570096479388
-75.81,4.37,82.6484675100002,425.391971510011,301.040581935052,1110.64000000003,2.92493494289059
-75.81,4.42,82.8347192100002,426.355895210006,301.722357052494,1113.16000000002,2.16130010385085
-75.81,4.47,82.96595345,454.125345449999,319.464336239463,1202.72,2.70889829974172
-75.81,4.52,83.1066569400002,461.203376939998,324.025423231115,1225.19999999999,1.99219648160714
-75.81,4.57,83.2586321900004,445.974728190021,314.377046447218,1175.36000000007,4.46916937109797
-75.81,4.62,83.3601742700004,452.495150270019,318.568623083905,1196.16000000006,3.96154433493723
-75.81,4.67,83.4674025300002,439.776962530014,310.503647681595,1154.60000000004,3.34249103293294
-75.81,4.72,83.5272833800002,445.379299380007,314.09511606227,1172.56000000002,3.29751927542141
-75.81,4.77,83.5708965800004,446.44746458001,314.791561701128,1175.88000000003,4.08064223996428
-75.81,4.82,83.5928190400004,446.345947040013,314.734829650424,1175.48000000004,2.9398586190319
-75.81,4.87,83.6307931600004,417.65943316006,296.469899129271,1082.40000000019,7.72824386965185
-75.81,4.92,83.6185868300004,407.093106830049,289.73273213394,1048.20000000016,6.3578189151196
-75.81,4.97,83.4954421300002,457.35817013,321.716358703916,1211.48,6.93856876061145
-75.81,5.02,83.3625870800002,495.936099079971,346.24955821116,1336.9199999999,3.78082743218092
-75.81,5.07,83.2252971400005,518.573489139948,360.62402549632,1410.71999999983,4.22022789715161
-75.81,5.12,83.1870338000002,450.766665800016,317.404435779014,1191.12000000005,5.63379328403538
-75.81,5.17,83.0140931100002,459.012333110034,322.595732719144,1218.40000000011,4.4881712092163
-75.81,5.22,82.7292402400002,526.989800240037,365.806824269318,1439.60000000012,11.3777183716073
-75.81,5.27,82.3685090400003,629.059581039964,430.713606052742,1771.51999999988,5.79362002966322
-75.81,5.32,82.1233380600002,626.419674060005,428.94253756508,1763.76000000002,11.0144384629332
-75.81,5.37,81.61476783,793.82653582999,535.427698247837,2307.87999999997,13.1397236095675
-75.81,5.42,81.22336103,854.377457029997,573.868023383174,2505.35999999999,4.28911035827473
-75.81,5.47,80.8640373400002,868.744525339978,582.892182820335,2553.07999999993,5.93280372112674
-75.81,5.52,80.3900873500002,945.136663349983,631.396396646688,2802.15999999994,12.4413865519033
-75.81,5.57,80.2254591200003,766.613579120078,517.583865898291,2224.20000000025,18.3210372384377
-75.81,5.62,79.8460347400002,723.301722740118,489.848402694924,2085.08000000038,17.6651742555539
-75.81,5.67,79.2633792000004,808.645651199988,544.017152056979,2363.51999999996,16.0083272778389
-75.81,5.72,78.8755018600001,720.874597860012,487.949746588532,2080.36000000004,10.32184174477
-75.81,5.77,78.33837038,721.053418379992,487.868811270611,2082.67999999997,7.04682740330746
-75.81,5.82,77.9076455800002,612.081901579953,418.277175207191,1730.95999999985,16.9190857607156
-75.81,5.87,77.5165329700002,443.392692969966,310.648502701245,1185.59999999989,21.0486414792923
-75.81,5.92,77.0384177900001,313.25320179011,227.551689476221,765.440000000355,12.4857254415471
-75.81,5.97,76.2978210300002,362.839093030069,258.87853673085,928.520000000224,12.1427863475094
-75.81,6.02,75.5023408900003,430.565156889989,301.744175483453,1150.55999999996,14.5919191924562
-75.81,6.07,74.5324450600003,616.545141059921,419.896536116973,1756.35999999974,11.025955242367
-75.81,6.12,73.9864511000002,423.111803100042,296.445003728549,1131.32000000013,13.2331614877388
-75.81,6.17,73.1646545400001,430.103758540029,300.602037696203,1156.64000000009,12.6560612612381
-75.81,6.22,72.38704328,369.642907280049,261.79497051008,963.240000000159,10.980330284377
-75.81,6.27,71.3769808100001,482.814844810042,333.540330442714,1333.24000000014,15.9572591627637
-75.81,6.32,70.5787760800001,379.228152080069,267.246514648215,1000.16000000022,12.1202547387064
-75.81,6.37,69.5696039400002,435.347011939989,302.638650062695,1185.27999999996,10.1286172400978
-75.81,6.42,68.7381333700001,296.040549370027,213.572549383227,736.560000000086,10.6994729532934
-75.81,6.47,67.7685788500001,252.311378849999,185.357072354805,597.999999999997,5.99781964205481
-75.81,6.52,66.7622594200001,211.409251420015,158.92961506478,468.72000000005,7.11369952346681
-75.76,2.72,70.06601518,691.561727180035,466.075745680353,2013.92000000011,14.430866812175
-75.76,2.77,70.4582017800001,815.048281780003,544.902210355913,2412.80000000001,15.5861770411409
-75.76,2.82,70.8169046500001,962.140112649965,638.757530101583,2888.27999999989,7.26966948838677
-75.76,2.87,71.34594638,939.956194380009,624.814141861788,2814.68000000003,8.44977150435042
-75.76,2.92,71.7285622200002,1049.23757821994,694.585767046186,3167.55999999981,5.74907300567813
-75.76,2.97,72.43511063,852.625286630005,569.563080093396,2528.16000000002,18.3026698306809
-75.76,3.02,73.0595557800001,730.254115780045,491.816170776406,2129.60000000015,4.65348984244357
-75.76,3.07,73.4898153100002,779.023479309957,523.047536698646,2286.23999999986,16.6496959412593
-75.76,3.12,73.86226193,872.556093929998,582.780542548155,2588.11999999999,14.7794267812647
-75.76,3.17,74.2502717800002,945.045407779921,629.110652101221,2821.75999999974,7.64757155812632
-75.76,3.22,74.82377422,849.236958219992,568.270712582368,2509.43999999997,17.7140576784429
-75.76,3.27,75.5200399400001,644.899383940043,438.321836020473,1845.04000000014,18.8658223429222
-75.76,3.32,76.0981127200001,539.454840720051,371.343549555476,1501.48000000016,6.3319367457922
-75.76,3.37,76.31888255,729.081946549971,492.251800612029,2115.23999999991,19.687011480106
-75.76,3.42,77.0066236800002,521.736255680013,360.383094849984,1441.12000000004,8.59463338070421
-75.76,3.47,77.16633094,745.48283493998,503.009717350935,2165.63999999993,18.419503503619
-75.76,3.52,77.6449824100003,698.869126409935,473.481672986737,2013.03999999979,32.3301379384113
-75.76,3.57,78.1220002600001,647.612440260044,440.994585400108,1845.40000000014,8.64323273164577
-75.76,3.62,78.27774955,847.49410955001,568.413333011676,2492.60000000003,31.5044167557356
-75.76,3.67,78.2360908000004,1195.72606679986,790.287510766235,3621.15999999955,24.9072762862372
-75.76,3.72,78.73643143,1100.19008743001,729.59464206741,3309.96000000004,15.7612122772365
-75.76,3.77,78.9911741300003,1192.03731012993,788.211031710881,3606.75999999978,12.0537922872446
-75.76,3.82,79.5029118200003,1072.87396781995,712.467221271855,3218.95999999983,22.4986496485478
-75.76,3.87,79.73732713,1162.26909512998,769.513789664496,3507.87999999993,14.4713903529595
-75.76,3.92,80.3695896800002,934.95705368,624.902632745631,2769.24,19.6825307211238
-75.76,3.97,80.48843313,1093.70864113,726.100387903339,3283.27999999999,15.4740631499308
-75.76,4.02,80.6559174400002,1203.97226143999,796.419830311621,3640.03999999998,8.16468032857705
-75.76,4.07,80.93044472,1221.70120471999,807.816105405384,3696.59999999997,7.85883713748377
-75.76,4.12,81.3818679500004,1095.66365995006,727.670251515447,3286.72000000019,32.1809454710784
-75.76,4.17,82.0732320500002,782.582888050174,528.429714853068,2269.96000000056,34.8019033039547
-75.76,4.22,82.5424655500001,626.653641550071,429.243683289064,1763.16000000023,14.3322173478852
-75.76,4.27,82.7392449400002,659.549676940014,450.276042564929,1869.12000000004,13.7355373283485
-75.76,4.32,83.15187307,523.301881070004,363.610261892802,1426.28000000001,15.5428751887301
-75.76,4.37,83.4590094600004,451.890377460076,318.21912756292,1193.88000000024,9.48631718448942
-75.76,4.42,83.6657248100004,439.864188810026,310.631180901968,1154.24000000008,3.09952774166584
-75.76,4.47,83.8173357400002,453.544823740008,319.403326205285,1198.08000000003,2.12075418528452
-75.76,4.52,83.9612902600002,458.416530260013,322.559748485311,1213.40000000004,2.79729168233531
-75.76,4.57,84.05970618,480.894618179999,336.918227196219,1285.92,4.70529213493441
-75.76,4.62,84.1582323500004,488.066256350037,341.523656829672,1308.84000000012,5.58540107903112
-75.76,4.67,84.2517581100004,483.148118110055,338.423809455038,1292.60000000018,7.71585968187071
-75.76,4.72,84.3339287300004,470.182680730048,330.192198293456,1250.32000000015,5.90054482441052
-75.76,4.77,84.3806479000004,465.612743900042,327.297238763064,1235.36000000013,4.92105657135246
-75.76,4.82,84.3864649900004,472.70401699003,331.817824767556,1258.3200000001,5.15944533825847
-75.76,4.87,84.3098648900004,520.040720890075,361.952422229588,1411.96000000024,13.4221262116135
-75.76,4.92,84.3241929800004,485.602944980032,340.014276381641,1300.3200000001,8.35630997926092
-75.76,4.97,84.3032880700004,457.400688070011,322.036546677549,1209.00000000003,5.23109866166026
-75.76,5.02,84.3012609800004,397.036500980032,283.572463852545,1013.4000000001,3.62539483307904
-75.76,5.07,84.1268486900005,437.918232689984,309.558541823183,1146.43999999995,8.0323917970521
-75.76,5.12,83.9111068400005,488.053666839939,341.42597488995,1309.5999999998,8.05580617847887
-75.76,5.17,83.6290509500006,564.798170949893,390.224333680187,1559.19999999965,9.82380151354983
-75.76,5.22,83.3108090400007,646.802065039822,442.360784959677,1825.95999999942,8.38251097754681
-75.76,5.27,83.2431365900005,529.898432589948,367.846618126949,1447.35999999983,11.9696105914915
-75.76,5.32,82.8681995700004,609.438551569989,418.392611337752,1706.31999999996,10.6773581271639
-75.76,5.37,82.4296718300005,713.14635182996,484.314894280011,2043.79999999987,11.2455327111264
-75.76,5.42,82.0494889900005,753.118704989941,509.646870989644,2174.55999999981,11.6405621652199
-75.76,5.47,81.6635366700005,774.556944669913,523.167036162369,2245.27999999972,18.1958847867262
-75.76,5.52,81.0353621700004,950.299842169941,634.920426558484,2816.79999999981,7.01151783741444
-75.76,5.57,80.7079909400004,882.105158940001,591.348805342608,2596.88,6.47004698600646
-75.76,5.62,80.2101914900006,915.392887489827,612.378745472608,2706.35999999944,5.71951489687524
-75.76,5.67,79.8641250300006,810.43142102984,545.372981189658,2367.35999999948,17.8492939176921
-75.76,5.72,79.4336434900005,742.331131489903,501.824096880913,2148.07999999968,11.1593854935577
-75.76,5.77,78.9750593100004,668.734347309976,454.762715107917,1911.07999999992,17.390583503249
-75.76,5.82,78.6709336600005,449.299533659908,314.831102053372,1200.9999999997,29.295962634334
-75.76,5.87,78.2745936800002,270.766929680088,200.928437674299,623.760000000284,5.45446179504734
-75.76,5.92,77.3135778300002,502.539689830068,348.262636308541,1377.92000000022,22.5886435773621
-75.76,5.97,76.6435878000003,482.292115800008,335.118040880602,1314.48000000002,10.0362340379228
-75.76,6.02,76.0188862800001,397.394926280151,280.79590490201,1041.40000000049,10.837443015113
-75.76,6.07,75.1084323300003,515.39422433002,355.653341114588,1426.72000000006,4.91147821312224
-75.76,6.12,74.3685423900001,467.055870390121,324.584271846591,1272.48000000039,13.0635802576735
-75.76,6.17,73.4364397300002,550.828295730057,377.624894432702,1546.96000000018,13.3493071600344
-75.76,6.22,72.63539306,495.688961060166,342.200132150185,1370.88000000054,21.7083603002421
-75.76,6.27,71.62262064,594.934156640142,405.070553325223,1695.76000000046,21.0259428034088
-75.76,6.32,70.8214876200001,478.877095620119,330.829703659431,1322.28000000039,18.4494194826826
-75.76,6.37,69.8969547800001,440.85884278006,306.269490352374,1202.0800000002,8.83851088187061
-75.76,6.42,68.9763479400002,367.256763940033,259.037107608925,966.560000000106,13.3136976967122
-75.76,6.47,68.0665838500001,249.449319850108,183.641521880812,587.760000000351,10.7397014883039
-75.76,6.52,66.98216245,265.658842450069,193.576597430636,643.800000000225,17.3136955666337
-75.71,2.72,70.07166239,815.53816639,545.07411799192,2415.64,2.21658538433335
-75.71,2.77,70.61977224,817.28364424,546.385176595764,2419.52,3.8078843350336
-75.71,2.82,71.09591779,881.244981790003,587.313337001633,2625.24000000001,10.4809201389378
-75.71,2.87,71.52264982,984.07753782,652.99185111296,2957.08,8.47683106605582
-75.71,2.92,72.1184463800001,922.225038379954,613.79633070699,2754.71999999985,14.7387514898665
-75.71,2.97,72.5732957,984.7948957,653.830129814055,2956,4.8923084284431
-75.71,3.02,73.24137034,847.852058340004,566.814155919504,2510.08000000001,22.816534248454
-75.71,3.07,74.01671965,613.881559650026,418.012222220764,1749.40000000008,4.50274027472969
-75.71,3.12,74.31884768,793.77654368,532.74879787626,2331.36,20.4992810962778
-75.71,3.17,74.9124716000002,711.208639599942,480.35287793389,2061.87999999981,23.0661443207325
-75.71,3.22,75.38025795,732.10574595,493.837985805696,2128.08,15.679736705873
-75.71,3.27,75.8153331300002,773.979629129944,520.677380229516,2262.35999999982,8.59409223147113
-75.71,3.32,76.4475614900002,643.419825489964,437.715594611664,1837.23999999988,14.9413288862389
-75.71,3.37,77.07517722,513.21338522,354.977294444869,1413.28,17.126372469854
-75.71,3.42,77.60239612,461.04406812,321.926902724667,1242.52,3.87545182603038
-75.71,3.47,77.99493419,511.65199819,354.316095749687,1405.24,21.5647781574206
-75.71,3.52,78.4894826000001,472.448242599997,329.515353516778,1276.59999999999,20.6176424960351
-75.71,3.57,78.5975482700002,733.397372269981,495.828265758678,2121.83999999994,23.3523179425764
-75.71,3.62,78.83769123,878.54373123,588.400938835941,2591.4,5.51413457540243
-75.71,3.67,79.3298298200002,815.402549819977,548.346677157213,2385.19999999992,25.9687409615363
-75.71,3.72,79.55299005,954.43399005,637.016834675625,2835,28.3175245056239
-75.71,3.77,79.8690736500001,1010.84120964997,673.07352794021,3016.7599999999,22.230034650932
-75.71,3.82,80.4676052000001,840.685189199991,564.869274831228,2463.43999999997,17.1814857138512
-75.71,3.87,80.75274813,902.24594813,604.198516875472,2662,25.7070188221048
-75.71,3.92,81.19289338,836.31240538,562.346131719095,2446.92,16.2351689401367
-75.71,3.97,81.12723586,1140.85963586,756.376210267194,3434,20.9927275703981
-75.71,4.02,81.3692228300003,1201.61191082993,795.174638385011,3630.07999999976,11.8041589948692
-75.71,4.07,81.75080422,1146.87753222,760.436980745027,3451.48,10.8424924612538
-75.71,4.12,81.95384566,1213.66410966,803.066265259603,3667.24,7.17353767917532
-75.71,4.17,82.46417953,1042.38299553,694.113116580682,3110.56,30.8640241427917
-75.71,4.22,83.01524428,832.333076280045,560.471720615962,2428.12000000015,35.4457884428406
-75.71,4.27,83.3724556500002,752.49131965007,509.727096380579,2168.24000000023,20.3623362339768
-75.71,4.32,83.76272313,637.20596313,436.410221878358,1793.4,24.8738561519548
-75.71,4.37,84.07293578,566.82208778,391.674996247286,1564.32,24.536472056416
-75.71,4.42,84.38919382,479.22437782,335.97351176279,1279.44,13.1017070925412
-75.71,4.47,84.5533826300001,484.943366630013,339.677153554549,1297.44000000004,5.52068696305113
-75.71,4.52,84.68268059,500.37922459,349.559610842029,1347.04,5.2781954807413
-75.71,4.57,84.78249803,521.17993003,362.84978972735,1414.12,5.51715421789444
-75.71,4.62,84.85037095,548.54038695,380.308174964349,1502.56,7.37658278548928
-75.71,4.67,84.90109299,571.67438899,395.067290506288,1577.36,9.2649090401157
-75.71,4.72,84.99913709,545.44268109,378.388327472793,1492.04,9.11435557936866
-75.71,4.77,85.05587414,530.95818614,369.179563161678,1444.92,7.4555928999743
-75.71,4.82,85.0870799200001,516.756759920009,360.141903857333,1398.80000000003,8.64168994369732
-75.71,4.87,84.8798061800001,649.506710179995,444.653403598278,1829.63999999998,6.40533477169674
-75.71,4.92,85.00048037,537.18588837,373.127683986591,1465.28,11.0888990040885
-75.71,4.97,85.01776713,477.65571913,335.202034782231,1272.32,6.40290821642525
-75.71,5.02,84.98240455,435.20637255,308.140982323802,1134.88,6.42781834053872
-75.71,5.07,84.8910945600001,411.59974256,293.065988044394,1058.68,2.91336752186755
-75.71,5.12,84.7681080900001,389.652564089998,279.03688408165,987.959999999992,6.80511878569839
-75.71,5.17,84.57755054,393.77006254,281.591368955275,1001.92,12.6918610955719
-75.71,5.22,84.37542808,384.86542008,275.844103490534,973.72,15.7280188276015
-75.71,5.27,84.07367857,423.79290257,300.538757482759,1100.84,15.8785893369465
-75.71,5.32,83.5572559900001,591.685671989974,407.330683858332,1646.55999999992,17.7049292674359
-75.71,5.37,83.1529650100002,659.864645009957,450.626839026328,1868.79999999986,15.9676460089063
-75.71,5.42,82.81211961,660.83226361,451.119731439834,1873.04,14.2087509112982
-75.71,5.47,82.49695896,620.20159896,425.1160075934,1742.4,19.3905670659582
-75.71,5.52,81.72364279,885.78711479,594.063394623847,2605.52,17.9486458307177
-75.71,5.57,81.3058532300001,872.59328522999,585.504863205816,2564.11999999997,14.1234350183796
-75.71,5.62,81.1346142600001,654.155438259982,446.256718406248,1856.83999999994,32.7874031827484
-75.71,5.67,80.76950029,550.80433229,380.270146154614,1523.12,27.6738930268324
-75.71,5.72,80.17835332,588.15864132,403.857395775502,1646.08,25.7013195613385
-75.71,5.77,79.52679605,645.93123605,440.433018422441,1835.4,26.2406604729729
-75.71,5.82,79.3843818400001,293.688565839999,215.936477875914,694.439999999995,18.8117864774253
-75.71,5.87,78.6443860700001,363.852506070025,260.375633055202,924.200000000079,24.3984636197991
-75.71,5.92,77.60151977,643.99361577,438.499876691371,1835.36,8.76358260336784
-75.71,5.97,77.07170991,500.95232591,347.163434221807,1373.56,5.77523173292167
-75.71,6.02,76.17976243,615.47677843,419.813454251501,1747.56,16.457070105973
-75.71,6.07,75.46090794,565.283171940016,387.569871870725,1587.24000000005,9.64238866555125
-75.71,6.12,74.5460978400001,646.863313840024,439.219871275253,1854.56000000008,19.2058053294179
-75.71,6.17,73.68247948,659.81263148,447.157692663189,1899.32,10.5973885129974
-75.71,6.22,72.7029148,743.7104108,500.260969544329,2174.36,17.0259228150851
-75.71,6.27,71.67171054,847.07241454,565.747884988017,2512.64,11.588496519891
-75.71,6.32,70.93844255,659.413954550027,445.908091436612,1906.92000000009,27.7202750757527
-75.71,6.37,70.08986388,539.532183880083,369.21296809328,1521.20000000027,31.8861191837386
-75.71,6.42,69.19819395,424.59429795,295.652395722365,1151.64,26.5211567340672
-75.71,6.47,68.16555609,407.81071609,284.583442296336,1100.6,29.9108762299723
-75.71,6.52,66.97849594,510.11575194,349.340323921874,1435.96,33.9057011304354
-75.66,2.72,70.31578585,653.17477785,441.706654499492,1888.72,27.6531862499663
-75.66,2.77,70.72703063,816.40338263,545.86319890012,2416.32,18.9582299069597
-75.66,2.82,71.2230555,889.247591499979,592.458632494632,2650.75999999993,7.25895843741782
-75.66,2.87,71.88612579,798.50334179,534.878037607182,2354.56,16.1225925816097
-75.66,2.92,72.45223032,793.070262320006,531.621532916895,2335.12000000002,17.8243764387353
-75.66,2.97,72.98716771,809.78818371,542.46807666039,2387.56,18.7818935687929
-75.66,3.02,73.46145582,874.043919820003,583.583150451953,2594.24000000001,6.58775311434677
-75.66,3.07,74.17264244,721.479658439993,486.629031128858,2097.55999999998,22.8523185347935
-75.66,3.12,74.9266058,529.8523818,364.799939554254,1474.16,11.2852901928851
-75.66,3.17,75.4325005899999,548.763180590023,377.033221890467,1533.80000000007,7.1942471889547
-75.66,3.22,75.91075304,583.94041704,399.621257299784,1646.24,14.5555311751231
-75.66,3.27,76.49402982,523.77886982001,361.498649361587,1449.40000000003,20.3697267553027
-75.66,3.32,76.96944286,547.053650859992,376.501550528891,1523.27999999997,14.1425035832189
-75.66,3.37,77.53050988,492.74563788,342.100687540277,1345.48,8.56863443713695
-75.66,3.42,77.89811229,588.470640289965,403.228899470296,1654.47999999989,9.65547519128141
-75.66,3.47,78.6463975,370.6190295,264.68791167185,946.12,12.4613779338528
-75.66,3.52,79.05586645,416.960522450015,294.364724055397,1094.96000000005,14.9837657972897
-75.66,3.57,79.24075919,630.313951189984,430.378091332801,1785.71999999995,27.9849813138816
-75.66,3.62,79.46983794,797.73016594,537.136839382416,2327.48,22.7925251268507
-75.66,3.67,79.9614596,750.573947599991,507.267819910066,2173.07999999997,20.2987646112714
-75.66,3.72,80.51484627,648.16603027,442.215479200568,1839.44,21.8052069439037
-75.66,3.77,80.6941073799999,822.185843380017,553.163887737212,2402.76000000006,21.7565466690345
-75.66,3.82,81.12537255,793.941996549983,535.32371007029,2309.83999999995,12.3329627229515
-75.66,3.87,81.61172405,715.13049205,485.282403893052,2052.88,18.3382447594131
-75.66,3.92,81.48230477,1085.07419276996,720.959207708284,3252.07999999988,25.0231386227468
-75.66,3.97,81.8354096,1082.5141136,719.456066085656,3242.64,7.36839590190774
-75.66,4.02,82.28459971,998.308151710012,665.963992753794,2968.32000000004,19.0021400770467
-75.66,4.07,82.55701856,1033.03267456,688.188885541707,3079.96,12.886849868248
-75.66,4.12,82.68067648,1163.74350848,771.521150337114,3503.12,10.1114580499063
-75.66,4.17,82.97119899,1160.08395099,769.294728504536,3490.32,0.704164849782038
-75.66,4.22,83.2260652100001,1169.55978520996,775.425086674214,3520.19999999986,21.7462219150511
-75.66,4.27,83.77748702,954.264023019991,638.441231064501,2820.75999999997,31.43224896143
-75.66,4.32,84.06844214,912.93101014,612.209885174594,2685.88,26.3145441362344
-75.66,4.37,84.37524101,847.11100101,570.381462659627,2471.6,33.8298880398504
-75.66,4.42,84.84872922,651.50004922,445.912260613852,1836.2,34.487755122392
-75.66,4.47,85.17416848,546.185536480031,378.925169612058,1493.8800000001,19.7838056714913
-75.66,4.52,85.3327565499999,541.752156550004,376.157809883794,1479.00000000001,9.93412147418426
-75.66,4.57,85.43157165,562.89749165,389.667219059089,1547.2,8.87257324331929
-75.66,4.62,85.47640342,604.98598742,416.501777175401,1683.44,6.74568654864272
-75.66,4.67,85.50269344,643.17992544,440.848041905559,1807.12,7.81286184695865
-75.66,4.72,85.59039728,622.35689328,427.611671632038,1739.36,9.44639895128881
-75.66,4.77,85.66821373,591.06860573,407.703376911756,1637.72,6.96238811898813
-75.66,4.82,85.71329988,564.438307880008,390.75122329829,1551.28000000002,8.69094132769882
-75.66,4.87,85.5984566600001,628.586328659997,431.583918351596,1759.51999999999,1.51316502987454
-75.66,4.92,85.63233808,572.75126608,396.018768226263,1578.48,7.62274157748252
-75.66,4.97,85.66093899,501.51795499,350.640120105946,1347.56,6.08332905939054
-75.66,5.02,85.57849738,486.30176938,340.914635483445,1298.52,6.52338520141922
-75.66,5.07,85.5489722,415.109084200006,295.540784881696,1067.92000000002,7.08500752078786
-75.66,5.12,85.4503277000001,370.460943700005,267.055727468061,923.560000000018,4.31269774958103
-75.66,5.17,85.29474245,343.66700645,249.926498807798,837.24,0.498965341682167
-75.66,5.22,85.02360265,374.51509065,269.484161156669,938.08,0.470600788345271
-75.66,5.27,84.80820906,345.61224106,250.989459278698,845.12,2.18677213263397
-75.66,5.32,84.42469656,410.330984560009,292.088335724814,1056.08000000003,12.6496997248885
-75.66,5.37,84.05480023,443.734272230021,313.238313523861,1165.52000000007,18.7614089243242
-75.66,5.42,83.60712475,508.91964475,354.611241385991,1378.2,12.6726811607847
-75.66,5.47,83.20119852,522.20321452,362.928100393238,1422.56,14.9364264830011
-75.66,5.52,82.43931141,764.87735141,517.280773845664,2211.4,26.0381699709215
-75.66,5.57,81.9387180700001,799.989198069979,539.472006844203,2326.79999999993,23.465802803121
-75.66,5.62,81.9460793100001,444.637487310012,313.048762665071,1175.28000000004,29.5294929052604
-75.66,5.67,81.57561511,333.83759911,242.313973187873,817.44,15.7195971332628
-75.66,5.72,81.05494412,305.45652012,224.040979131629,727.16,15.4944021032599
-75.66,5.77,80.44029747,320.09905747,233.148030004836,776.6,19.7143831162691
-75.66,5.82,79.85993932,283.511251320005,209.624151082029,659.920000000017,10.9812225628416
-75.66,5.87,78.89329837,511.439402369967,354.506569333316,1401.63999999989,16.8588047395536
-75.66,5.92,78.12002583,570.65796983,391.959388996237,1596.04,5.07261356138804
-75.66,5.97,77.38107998,577.73277598,396.199273673899,1621.36,18.5927692371347
-75.66,6.02,76.49309777,675.62148177,458.250630930484,1941.44,9.79131305938858
-75.66,6.07,75.69126176,679.609117759997,460.500589935858,1956.95999999999,11.8195105104359
-75.66,6.12,74.72943894,786.830110939968,528.471580298188,2307.51999999989,3.17966199737634
-75.66,6.17,73.96165868,707.70261868,477.773916642322,2053.6,6.48869451888793
-75.66,6.22,73.0428453,725.4355893,488.739799829931,2114.04,10.2166762427492
-75.66,6.27,72.05262143,776.93205343,521.193473911934,2284.12,16.6116549694103
-75.66,6.32,71.00907963,848.779831629985,566.595420683555,2520.31999999995,14.3065680652024
-75.66,6.37,69.9135041900001,941.782568189929,625.458178754364,2825.23999999977,16.8406521076038
-75.66,6.42,69.03505305,807.99626905,539.892415937737,2394.56,26.6694827904214
-75.66,6.47,68.02656062,761.67295262,510.009852627728,2247.72,27.6665261985122
-75.66,6.52,66.87935755,818.11050955,545.55497880187,2434.32,21.0044124226474
-75.61,2.72,70.53319657,462.96130057,320.583751554032,1271.64,23.8667320798924
-75.61,2.77,71.01604525,587.62478925,400.19303800382,1674.04,30.5430821547486
-75.61,2.82,71.44158749,756.262019490004,507.801081982284,2219.12000000001,25.3250701730141
-75.61,2.87,72.07568089,720.66647289,485.3500764902,2101.72,20.366138328951
-75.61,2.92,72.78323793,612.771517930026,416.857395011469,1749.80000000008,13.4596321620676
-75.61,2.97,73.30438132,668.75425332,452.718010061459,1929.52,19.9756775771394
-75.61,3.02,73.59519887,921.418150869972,613.817974748949,2747.31999999991,8.64853800937465
-75.61,3.07,74.28094479,814.167960789979,545.728216508016,2397.55999999993,12.7595054374922
-75.61,3.12,74.97187697,698.68950897,472.397388663031,2021.12,13.3323609538814
-75.61,3.17,75.64052313,598.458299129993,408.773837772305,1694.15999999998,14.8674413257332
-75.61,3.22,76.32551477,480.15947477,333.643746543225,1308.6,10.116702918949
-75.61,3.27,76.9330405599999,421.725648560019,296.63081986277,1117.28000000006,5.88103701075115
-75.61,3.32,77.4890434499999,399.297123450034,282.541352859405,1042.80000000011,4.21283751771722
-75.61,3.37,78.04473353,369.96798953,264.054785897568,945.96,4.64416861250589
-75.61,3.42,78.58630686,344.661226860034,248.126104685847,862.200000000111,14.2463044656173
-75.61,3.47,79.04416551,377.74427751,269.372350515303,967.92,9.70634601076807
-75.61,3.52,79.3849058600001,493.291569859959,343.121345706772,1341.23999999987,4.44389428914685
-75.61,3.57,79.9427660899999,429.870478090045,302.912573038138,1133.92000000015,9.9121909476414
-75.61,3.62,80.31513457,500.91224657,348.314648897039,1362.92,24.9258710235594
-75.61,3.67,80.7747522399999,495.150488240036,344.810079227502,1342.76000000012,22.3169819139103
-75.61,3.72,81.09885286,582.04306086,400.294588205285,1623.28,17.424520563732
-75.61,3.77,81.41768951,661.635065509989,451.125351630386,1880.15999999996,23.1591308184712
-75.61,3.82,81.8384666399999,654.081618640029,446.465047368832,1854.32000000009,13.1950505406731
-75.61,3.87,82.07601269,771.20450069,521.180549605905,2233.08,23.8546127211828
-75.61,3.92,82.0510616100001,1069.10198960995,710.988260113734,3198.47999999985,25.5014649691502
-75.61,3.97,82.44511122,1045.49930322,696.091872842603,3120.72,13.5610514386485
-75.61,4.02,83.0270598899999,874.573715890025,587.39124433832,2564.96000000008,14.0109090172101
-75.61,4.07,83.19060865,995.21470465,664.321595546926,2955.36,13.2898586198494
-75.61,4.12,83.36895246,1091.62687246,725.818995902977,3267.2,7.02426798935435
-75.61,4.17,83.71840949,1052.25333749,700.85743138793,3138.48,5.26289104955666
-75.61,4.22,83.8581436999999,1148.89846370001,762.489262067539,3451.20000000003,10.4900521645779
-75.61,4.27,83.9936408500001,1234.15818484995,816.864909800051,3727.03999999983,12.7055871123228
-75.61,4.32,84.4476566,1080.8676806,719.354732466315,3228.84,9.60692787711701
-75.61,4.37,84.64697866,1092.78145866,727.018367592272,3266.8,16.7707382594268
-75.61,4.42,84.98007064,997.05354264,666.142519341209,2955.52,31.0354782528277
-75.61,4.47,85.42556853,809.956648529995,547.088219116255,2347.79999999998,34.3115380409925
-75.61,4.52,85.7806471299999,671.318287129981,458.878318661791,1897.39999999994,24.0679636003807
-75.61,4.57,85.92535605,660.97059605,452.33739417183,1863.4,17.461521036271
-75.61,4.62,86.07161854,633.25645054,434.731333595586,1773.12,8.21838343203148
-75.61,4.67,86.04550873,705.47977273,480.741708901548,2007.24,7.01740125323111
-75.61,4.72,86.10802426,700.32077626,477.477138628703,1990.32,7.38277980574341
-75.61,4.77,86.23143611,636.46523611,436.833917580014,1783,14.6663919308881
-75.61,4.82,86.1951660499999,662.240270049976,453.24430570853,1866.63999999992,12.4448288415293
-75.61,4.87,86.2267401799999,623.807940180035,428.767134302717,1742.00000000011,9.25054574555989
-75.61,4.92,86.24593295,574.83379695,397.568351773659,1583.24,11.5151448165557
-75.61,4.97,86.21839659,537.93473259,374.04671306591,1463.76,8.11181534634585
-75.61,5.02,86.15111779,507.94559779,354.913580870883,1366.8,6.21631091620195
-75.61,5.07,86.0908386999999,453.01623870001,319.89137177227,1189.00000000003,9.51454846915152
-75.61,5.12,85.97969667,411.577384670019,293.446699558056,1055.08000000006,8.53537254234591
-75.61,5.17,85.7915662,400.8598222,286.54933932486,1020.96,11.9390746896329
-75.61,5.22,85.56863669,392.18125269,280.938575831529,993.56,9.4918793933839
-75.61,5.27,85.2754209,409.3177649,291.751376953154,1050.04,13.714438617919
-75.61,5.32,84.9971959399999,394.12798794002,281.971687099935,1001.72000000006,4.28178840980904
-75.61,5.37,84.73027051,348.435142510062,252.759901730318,854.520000000201,6.82975158821355
-75.61,5.42,84.20924628,454.31939828,320.039065728467,1199.32,12.6999652899378
-75.61,5.47,83.64268152,569.99628152,393.541453699889,1576,5.46207783906967
-75.61,5.52,83.27050644,527.24715444,366.167185094672,1438.68,21.3260233520903
-75.61,5.57,82.6725497700002,619.253885769947,424.575842355946,1738.75999999983,23.3864482569553
-75.61,5.62,82.4265173400001,437.57574134,308.723410090954,1150.84,17.5519095146325
-75.61,5.67,82.05902378,315.48406378,230.794703524205,756.4,7.09490367808384
-75.61,5.72,81.47964669,318.92883069,232.779463483207,769.44,0.763243743138295
-75.61,5.77,80.89073292,303.79868492,222.925048352092,722.32,2.19962290650729
-75.61,5.82,80.2370607300001,310.156404730027,226.738952370185,745.040000000088,10.8378583507305
-75.61,5.87,79.39836034,428.73356034002,301.990625636735,1132.00000000006,15.7601494109566
-75.61,5.92,78.48039149,584.36219949,400.822307263508,1639.28,21.6180850167905
-75.61,5.97,77.44844093,806.26288893,541.840403037741,2361.68,12.9196750901324
-75.61,6.02,76.74133684,752.10626484,507.075895812235,2188.48,13.8575932970975
-75.61,6.07,75.94742423,738.227712230025,497.944605067462,2146.08000000008,12.810637497491
-75.61,6.12,75.15539105,694.626687050052,469.875187574793,2007.36000000017,10.2121914349583
-75.61,6.17,74.43136892,565.48803292,387.32687795777,1591.24,7.15361368013535
-75.61,6.22,73.49761376,579.49051776,395.910318593143,1639.64,7.88909545653361
-75.61,6.27,72.54073542,585.29815142,399.263707439807,1661.56,20.015643502338
-75.61,6.32,71.2602766500001,846.426444649924,565.187007527628,2511.87999999975,22.4275230158213
-75.61,6.37,70.2712469300001,828.661918929993,553.508829802788,2457.51999999998,12.2657109353852
-75.61,6.42,69.20638391,850.70502391,567.168091186872,2532.4,4.97052763725235
-75.61,6.47,68.09556635,887.86060635,590.440171945594,2656.4,4.33660593594671
-75.61,6.52,67.02618507,857.20265707,570.517304449472,2560.52,4.3485677623911
-75.56,2.72,70.64336041,322.053608409997,230.839002364003,814.67999999999,10.6288544914357
-75.56,2.77,71.23258582,374.327161820007,264.360871406426,982.160000000023,14.1353683601623
-75.56,2.82,71.76627407,470.144186069955,325.607976470011,1290.91999999985,25.0112948946518
-75.56,2.87,72.38882772,474.692131720006,328.73174356048,1303.64000000002,24.2289425876738
-75.56,2.92,72.9092295400001,564.891693539949,386.394647408029,1594.23999999983,16.7715844997198
-75.56,2.97,73.42419975,650.580263749967,441.181230004875,1870.23999999989,18.1587848514222
-75.56,3.02,73.8150130800001,836.921093079924,560.057198261696,2472.79999999975,16.7951706345405
-75.56,3.07,74.5259585400001,731.535358539968,493.164591770298,2128.99999999989,17.7695654948963
-75.56,3.12,75.2426789800001,617.11959097996,420.520250075222,1755.91999999987,10.3338085439024
-75.56,3.17,75.7354729700001,688.121312969964,465.940500580238,1984.39999999988,2.4377690897559
-75.56,3.22,76.43606676,575.99774675999,394.750871585377,1618.79999999997,6.01686335556035
-75.56,3.27,76.9815242900001,586.961540289954,401.934769818903,1652.55999999985,4.95512555312
-75.56,3.32,77.6443411900001,494.241997190011,343.095449370186,1349.96000000004,11.5257433871428
-75.56,3.37,78.26152944,432.349169440063,303.881993398926,1147.4000000002,13.4811053801881
-75.56,3.42,78.90752873,340.822520730088,245.796669545104,848.720000000284,11.7206781112977
-75.56,3.47,79.4921970600001,290.784445060012,214.125123034707,684.68000000004,4.27572636356263
-75.56,3.52,79.91245568,359.948439680002,258.348078666625,907.440000000008,12.3795151866722
-75.56,3.57,80.2813747200001,457.909022719967,320.901253870415,1223.67999999989,2.33576717072709
-75.56,3.62,80.88110673,369.385074730006,264.712429151028,934.880000000021,11.6013012820616
-75.56,3.67,81.34992852,371.150016520002,266.007123303434,939.080000000005,10.0931844433085
-75.56,3.72,81.77556556,394.905813560001,281.298462866783,1014.68,13.8327000062038
-75.56,3.77,82.1765631200001,426.006339119986,301.260837239245,1114.15999999995,21.6692611740556
-75.56,3.82,82.3776972800002,592.172553279947,407.21296104284,1651.95999999983,22.5323400284479
-75.56,3.87,82.6400518100002,700.39553180994,476.266550635914,2001.7999999998,17.3222974905049
-75.56,3.92,82.9843098000001,736.376917800003,499.318365866648,2117.28000000001,25.9993232301225
-75.56,3.97,83.0681939400003,947.604921939915,633.940790568445,2801.47999999972,11.9981926321167
-75.56,4.02,83.6894300900002,759.511086089986,514.315010751837,2189.95999999996,15.1080622439865
-75.56,4.07,83.7594663200002,952.888162319968,637.558010746725,2816.3599999999,18.7055830237981
-75.56,4.12,83.9370586000002,1055.36048259996,702.916596048412,3147.83999999986,12.5934974420416
-75.56,4.17,84.1929517500003,1088.31563174996,724.008069084319,3253.79999999988,7.65853041744667
-75.56,4.22,84.3399056900002,1183.70888968997,784.844843484726,3562.43999999989,5.56118291477999
-75.56,4.27,84.6307743500001,1163.68153434998,772.189179682604,3496.59999999995,11.3684422615694
-75.56,4.32,85.1057690300002,1002.04277703001,669.367205453014,2971.28000000003,5.89695032754802
-75.56,4.37,85.1479531400002,1125.53730513992,748.071765719584,3371.31999999975,16.2815218055852
-75.56,4.42,85.3684989100004,1110.38957090993,738.499824906747,3321.51999999977,4.59151607843745
-75.56,4.47,85.6395109600002,1045.34847895998,697.15473534247,3109.87999999993,14.715564383018
-75.56,4.52,85.9592932900001,931.868925290081,624.962924253082,2741.12000000026,25.4374884888181
-75.56,4.57,86.1902147700001,863.109230770106,581.233839699764,2517.56000000034,25.347758131598
-75.56,4.62,86.4780099600001,739.932337960045,502.851393282028,2117.48000000015,14.9087120592451
-75.56,4.67,86.5508135100001,744.3625735101,505.70070105997,2131.60000000033,12.6332889883687
-75.56,4.72,86.6255049400001,729.920720940124,496.525622031011,2084.5600000004,14.4512050833261
-75.56,4.77,86.4835693,842.269657300062,568.061541996944,2449.0800000002,30.9126322283214
-75.56,4.82,86.57585186,779.530979860179,528.118678607891,2245.48000000058,24.9436071587822
-75.56,4.87,86.5710750000001,762.886491000047,517.511273704698,2191.56000000015,17.5415461622017
-75.56,4.92,86.52765818,752.807402179992,511.073245164301,2159.03999999997,16.1501700498704
-75.56,4.97,86.6316332900001,624.916441290031,429.620358123736,1744.2800000001,16.4300922686887
-75.56,5.02,86.6223022200001,552.50955022009,383.480156524965,1509.68000000029,12.9637442363109
-75.56,5.07,86.4789125700001,548.8110885701,381.071516966651,1498.16000000032,16.0765298028595
-75.56,5.12,86.3590649400001,508.573240940039,355.388953357307,1368.16000000013,12.2611340465762
-75.56,5.17,86.0858841200001,549.467300120033,381.347051857606,1501.56000000011,16.0974248229077
-75.56,5.22,85.8580763800001,538.549588380095,374.307763490544,1466.92000000031,17.7762676897854
-75.56,5.27,85.5151213400001,583.188169340013,402.626512151597,1612.68000000004,16.0376977190654
-75.56,5.32,85.39911636,452.225764360147,319.136725823793,1188.68000000048,16.6540850054305
-75.56,5.37,84.9176909200001,545.719210920019,378.534979383851,1493.20000000006,17.5039857357473
-75.56,5.42,84.5814256200002,517.843481620014,360.650892745438,1403.96000000004,7.36395612355747
-75.56,5.47,84.2539442200002,460.128744220016,323.756929318427,1218.00000000005,8.33645949756467
-75.56,5.52,83.89856679,397.176942790005,283.515849509632,1015.16000000002,9.77716783254473
-75.56,5.57,83.4078950900001,403.401407090016,287.303983192022,1036.92000000005,9.30207634795061
-75.56,5.62,82.8764672300001,413.819107230022,293.749210431608,1072.40000000007,4.43249147941403
-75.56,5.67,82.3926150600001,365.786167059999,262.967640737814,918.319999999998,6.67151188197823
-75.56,5.72,81.88330505,309.876985050008,227.158186323166,738.800000000027,12.5097654418225
-75.56,5.77,81.19501754,356.651377540083,256.7125581795,892.600000000269,20.6410376683723
-75.56,5.82,80.4436275300001,424.87825953006,299.91330875175,1116.12000000019,16.2111179989081
-75.56,5.87,79.6005060400001,536.883986039964,370.976140948708,1481.79999999988,8.08007712847202
-75.56,5.92,78.83574145,566.374365450055,389.489596932697,1579.84000000018,13.5366167883098
-75.56,5.97,77.8649791400001,727.949395139991,492.091094319732,2106.55999999997,20.5987355546104
-75.56,6.02,76.84561243,905.880996429986,605.097171779573,2686.43999999996,9.70942511524759
-75.56,6.07,76.0379179700001,893.963701969971,597.210571356063,2650.43999999991,5.26580116836462
-75.56,6.12,75.2663223600002,824.917442359981,552.935165874826,2429.19999999994,14.6789073843102
-75.56,6.17,74.57209401,662.319310010064,449.077681283473,1904.56000000021,22.0556857507978
-75.56,6.22,73.7300154699999,589.425303470135,402.324964844685,1671.08000000044,15.4089524350877
-75.56,6.27,72.81005115,551.670843150002,377.934494530063,1551.72000000001,14.6878815021117
-75.56,6.32,71.82202893,542.918444930049,371.999103586713,1526.56000000016,14.3357063194297
-75.56,6.37,70.5827134900001,728.579633489961,489.850582805939,2132.19999999987,22.7133043803622
-75.56,6.42,69.3684872600001,871.864271259979,580.709326807873,2600.43999999993,6.14303135865425
-75.56,6.47,68.3213262700001,836.574854269996,557.843404548163,2489.47999999999,3.96027278597489
-75.56,6.52,67.18050504,860.492353039984,572.669448991383,2570.67999999995,4.11753037303077
-75.51,2.72,70.56195257,311.208232569996,223.898921190478,779.799999999989,9.4248442736205
-75.51,2.77,71.14811072,392.104454719935,275.657704005474,1040.03999999979,4.23851842083479
-75.51,2.82,71.87321796,333.837585960009,238.793820579336,848.88000000003,7.92270471819631
-75.51,2.87,72.55439664,310.842972640007,224.389064106009,772.160000000021,9.15920920042961
-75.51,2.92,73.12566854,380.688772539975,269.101247413946,996.639999999919,20.2380969310502
-75.51,2.97,73.62117008,508.80889008,350.917647572436,1410.2,22.8047801823109
-75.51,3.02,74.0994573000001,641.256881299914,435.485472187691,1837.83999999972,26.6552577557804
-75.51,3.07,74.7695004200001,596.044276419946,406.919633678456,1689.15999999983,19.3529525917537
-75.51,3.12,75.46337515,524.217151150009,361.403983368983,1454.16000000003,11.3599446261568
-75.51,3.17,75.9924651300001,585.404657129954,400.583899909658,1650.71999999985,13.201410362572
-75.51,3.22,76.67477362,509.640573620002,352.555469919737,1403.00000000001,9.18930212899653
-75.51,3.27,77.3288258,450.944673800005,315.392433352508,1210.68000000002,8.87866977203061
-75.51,3.32,77.8069549400001,527.511218939975,364.353202891394,1457.23999999992,6.0444733315846
-75.51,3.37,78.3428072,547.476527199995,377.26927513646,1520.19999999998,2.26320706002181
-75.51,3.42,78.9628608400001,491.62278083996,341.904890128647,1337.19999999987,14.1186843762799
-75.51,3.47,79.74024788,305.795919880017,223.780253335095,732.520000000055,7.83475242020284
-75.51,3.52,80.2015636600001,357.694683659997,257.016903726087,899.199999999991,4.89662972008104
-75.51,3.57,80.6742600200001,390.163028020001,277.876849260969,1002.88,3.06927403744208
-75.51,3.62,81.27163475,318.276434750005,232.28829530467,768.000000000017,4.7800965731096
-75.51,3.67,81.7563673300001,321.378095329989,234.440503511617,776.479999999963,5.76209500481559
-75.51,3.72,82.19496135,347.800809349998,251.435872035142,860.679999999992,4.1475839738182
-75.51,3.77,82.6640595200001,340.591939519997,247.012659639256,835.79999999999,6.32162330717639
-75.51,3.82,83.06139895,374.157606950095,268.544466095902,943.28000000031,10.902970840358
-75.51,3.87,83.30403176,506.678543760003,353.073272577916,1371.92000000001,18.1830983127365
-75.51,3.92,83.4557560900001,690.496644089983,470.2550433867,1967.07999999994,19.9183458797276
-75.51,3.97,83.63818758,837.942995579973,564.272306148421,2444.27999999991,15.8528848191495
-75.51,4.02,84.3288994300001,611.726299430018,420.380296419497,1709.00000000006,11.7365542582717
-75.51,4.07,84.32994193,859.076413929987,577.98924747127,2510.51999999996,23.7752215671705
-75.51,4.12,84.5762145700003,919.252806569944,616.42228505879,2704.71999999982,16.0064550892255
-75.51,4.17,84.7486401500004,1016.39969614991,678.385694249055,3018.95999999972,15.3696686204457
-75.51,4.22,84.9361776200002,1087.99727361994,724.074866162233,3250.35999999979,19.9427112579
-75.51,4.27,85.1096280600002,1154.14940405992,766.289152574344,3464.15999999975,13.9822078354745
-75.51,4.32,85.6035597,985.0861517,658.743248309242,2914.72,18.8983011788806
-75.51,4.37,86.0567090100002,830.955389010044,560.697353862703,2413.80000000014,14.9319135780819
-75.51,4.42,86.0200699100004,993.822517909902,664.461072540734,2941.67999999968,17.2212475028405
-75.51,4.47,86.2007184100001,993.027990410009,664.020350406228,2938.52000000003,5.28357205594872
-75.51,4.52,86.2362657200002,1073.52172971995,715.32290779407,3199.23999999983,3.91152669074553
-75.51,4.57,86.3907172,1056.93771719999,704.811807622422,3144.99999999996,17.0136061721092
-75.51,4.62,86.78528831,863.013040310145,581.388447979837,2515.32000000047,20.3117497875386
-75.51,4.67,86.7721248200001,924.065644820131,620.285670935867,2713.20000000043,23.2079615606203
-75.51,4.72,86.81318208,930.945278080141,624.68418808896,2735.36000000046,27.1917613883872
-75.51,4.77,86.4772308800001,1170.46559088009,777.181816640894,3512.6000000003,30.9896680041124
-75.51,4.82,86.59682644,1087.57178644014,724.406253751438,3243.60000000045,33.9056464572809
-75.51,4.87,86.8056071100001,926.703711110098,621.978763401732,2721.64000000032,23.5747209222566
-75.51,4.92,86.9060285800002,818.683036580027,553.185698944691,2371.28000000009,12.2651493162043
-75.51,4.97,86.9304928300001,741.162492830081,503.799399569496,2120.00000000026,14.9841860032423
-75.51,5.02,86.8400061500002,719.309534150025,489.842122652071,2049.48000000008,11.7109608365688
-75.51,5.07,86.6718243800002,728.177160380033,495.431451065722,2078.7600000001,15.0315520694087
-75.51,5.12,86.6425610000001,623.96453700007,429.017780650257,1741.16000000023,12.272257104752
-75.51,5.17,86.3416777000002,678.310541700041,463.537249239588,1918.24000000013,12.2504387337831
-75.51,5.22,86.0598126900002,698.569092690059,476.343494811004,1984.80000000019,14.9649471984856
-75.51,5.27,85.8126230100001,673.596871010053,460.341806636677,1904.68000000017,9.93793059111718
-75.51,5.32,85.4844760100002,680.378868010031,464.544159453304,1927.7200000001,16.381109011711
-75.51,5.37,85.1851018000002,644.899093800042,441.828249692227,1813.72000000014,12.4915570811592
-75.51,5.42,84.9404288200001,548.716852820072,380.453290991888,1502.84000000023,12.1196453729217
-75.51,5.47,84.60540173,489.612041730115,342.670851355001,1312.40000000037,13.4017515798257
-75.51,5.52,83.8621748200002,686.706102819977,467.987208752707,1953.47999999992,17.6079237479416
-75.51,5.57,83.70192451,458.046068510147,322.229593675762,1213.04000000048,18.2299390455802
-75.51,5.62,83.10844098,504.026496980111,351.312457034945,1363.96000000036,17.3931786788244
-75.51,5.67,82.7425710700001,365.654707070049,263.010844156094,916.760000000157,2.89394620236975
-75.51,5.72,81.9040878900002,535.546087889997,370.959414732914,1469.99999999999,20.6102977981421
-75.51,5.77,81.1221350200001,643.29258302006,439.330507675279,1821.6800000002,23.5498394584346
-75.51,5.82,80.61472349,527.195955490127,365.171012320639,1447.12000000041,21.0487575328032
-75.51,5.87,80.0372743599999,434.137258360204,305.665603770087,1147.44000000066,15.4436428438869
-75.51,5.92,78.9113058000002,723.033569799905,489.338408112599,2087.23999999969,14.725038359832
-75.51,5.97,78.18797674,687.253280740088,466.277198012337,1973.64000000028,6.19794849146176
-75.51,6.02,77.2513965700001,788.685492569992,530.568803570393,2305.35999999997,8.47940260467241
-75.51,6.07,76.4253991200001,779.119943120009,524.174066762451,2277.04000000003,5.98255995193465
-75.51,6.12,75.5265122200002,800.292128219983,537.338606376588,2348.55999999995,5.90299180227538
-75.51,6.17,74.5389766100002,867.085496609946,579.540262594985,2568.19999999982,7.72313043048829
-75.51,6.22,73.6546739800001,822.540465979983,550.835859528453,2426.71999999994,11.635825400846
-75.51,6.27,72.6675141700002,835.650154169959,558.831044841012,2472.39999999987,16.3609380592107
-75.51,6.32,71.85535331,669.317297310078,452.551050576009,1936.04000000025,19.002804238266
-75.51,6.37,70.8851364800001,607.404752479973,412.74910181061,1738.55999999991,14.9471951715104
-75.51,6.42,69.5523020000002,843.052029999915,562.417196983098,2506.47999999972,14.3059605526846
-75.51,6.47,68.4790678200001,820.080539819985,547.390652603977,2435.51999999995,3.32232923912118
-75.51,6.52,67.36868077,802.651384769993,535.882139238707,2382.63999999998,5.21055696005178
-75.46,2.72,70.42620231,299.00005031,216.070759783477,740.68,4.58485683452105
-75.46,2.77,71.1175352,304.6289832,219.908273101699,756.68,7.05075165526683
-75.46,2.82,71.74951135,358.475943349994,254.448208816861,929.119999999981,1.09603242418471
-75.46,2.87,72.46892219,322.94102619,232.066789862643,811.64,4.86334031285845
-75.46,2.92,73.19577101,274.600475009988,201.528470677177,652.63999999996,8.39579083191266
-75.46,2.97,73.77417186,352.24246786,251.210882560663,902.36,15.6093088269655
-75.46,3.02,74.39537468,382.415206679978,270.661975243559,998.119999999929,21.181378101788
-75.46,3.07,75.00246916,416.054845159968,292.317016788359,1105.1599999999,15.7275275376027
-75.46,3.12,75.63390774,420.01916374,295.072127157429,1115.96,4.73985421676139
-75.46,3.17,76.21347057,459.186070570009,320.239090033992,1241.00000000003,6.32583092844446
-75.46,3.22,76.79388288,488.18237088,338.925770708405,1333.08,7.29634960865101
-75.46,3.27,77.46506638,433.725250379997,304.469849727302,1154.43999999999,3.05823571391992
-75.46,3.32,78.03476101,453.56392901,317.317513478441,1216.88,7.18646781345733
-75.46,3.37,78.62216353,449.74452353,315.096949966253,1202.6,12.069130056362
-75.46,3.42,79.26964606,389.610150060002,277.014951424839,1005.64000000001,9.15539341250163
-75.46,3.47,79.9192203,319.8372043,232.792127307318,777.44,4.64812762049732
-75.46,3.52,80.4248522700001,351.783004269986,253.331063154014,879.319999999954,7.34217648515231
-75.46,3.57,80.8668608400001,420.956404839972,297.567903284858,1102.03999999991,9.35265039633994
-75.46,3.62,81.51858717,321.42422717,234.383628726247,777.4,8.84574241574268
-75.46,3.67,82.0864751100001,275.33179510999,205.220111619541,626.199999999967,4.294876984622
-75.46,3.72,82.50907222,325.25383222,237.183167522475,786.6,3.97614761030538
-75.46,3.77,82.9920193400001,319.157427339993,233.473829221864,765.279999999977,21.1195264161142
-75.46,3.82,82.9452120800002,682.851268079894,465.198268657862,1943.95999999966,22.2450491860483
-75.46,3.87,83.34935375,706.21524975,480.232149319162,2018.36,5.61748036959724
-75.46,3.92,83.8699492000001,634.066717200019,434.448834316814,1782.88000000006,1.31842472066637
-75.46,3.97,84.20209757,683.15766557,465.849514415496,1940.88,4.51657845879103
-75.46,4.02,84.76631101,556.368831010031,385.265869160595,1528.2000000001,4.6158680453124
-75.46,4.07,84.95804259,676.14923459,461.658090712117,1915.72,24.4081926223416
-75.46,4.12,85.08488044,825.58909644,556.925424711557,2399.56,17.220831724818
-75.46,4.17,85.32575977,880.82249577,592.206888560882,2577.76,16.927179201817
-75.46,4.22,85.6478243000001,865.38127229998,582.48477207377,2526.67999999993,22.2698963780952
-75.46,4.27,85.8114945600002,942.941822559978,631.964820546152,2777.47999999993,16.1982191872326
-75.46,4.32,86.07479599,937.00843599,628.279665538747,2757.4,6.66288094260886
-75.46,4.37,86.41190894,865.86144494,583.06795133916,2525.76,5.62543537219382
-75.46,4.42,86.63123611,858.29170811,578.324178883639,2500.52,15.8230653007996
-75.46,4.47,86.6036672100002,999.207931209923,668.104330307193,2957.23999999975,11.9604895234306
-75.46,4.52,86.8979454900002,908.156609489963,610.194270665108,2661.23999999988,16.5045435153328
-75.46,4.57,86.78514024,1070.82413224,713.803168682547,3188.72,11.5082257278727
-75.46,4.62,86.89672479,1066.43015679,711.043863591795,3174.12,17.6579516108981
-75.46,4.67,86.86189844,1141.17528244,758.65793982722,3416.44,21.6179924262562
-75.46,4.72,86.9246835,1132.7824275,753.332890903889,3389.04,30.4550420927205
-75.46,4.77,86.60869735,1356.84332935,895.987208863378,4116.12,14.2102839888064
-75.46,4.82,86.6639097000001,1315.43504570001,869.622371067387,3981.76000000003,22.7359065963534
-75.46,4.87,86.99571638,1071.91113238003,714.572191848575,3191.56000000009,30.8183352317474
-75.46,4.92,87.25479339,857.92774539,578.318500077995,2497.32,19.258034074541
-75.46,4.97,87.14700397,865.02885197,582.804134083199,2520.68,15.2275026934001
-75.46,5.02,87.18642297,754.98447897,512.699460435985,2163.96,10.3161303581592
-75.46,5.07,86.97082062,791.405868620036,535.828516863416,2282.68000000012,18.3008190094323
-75.46,5.12,86.89407364,715.302425640035,487.308456739864,2036.32000000011,14.9197758870718
-75.46,5.17,86.61852536,748.44208536,508.324684507836,2144.6,14.7931739868209
-75.46,5.22,86.28555566,797.94184366,539.744540779669,2306.08,15.2295040336413
-75.46,5.27,86.05948582,754.33895782,511.879275877736,2165.52,14.7185973950699
-75.46,5.32,85.76302437,734.798200370026,499.320576208757,2103.16000000008,11.1838576432581
-75.46,5.37,85.42837715,717.737433150031,488.328242788157,2048.9600000001,17.0165319214897
-75.46,5.42,85.11976575,659.59718175,451.169993122585,1861.56,18.690622439482
-75.46,5.47,84.70700704,647.86497504,443.544615780885,1824.88,16.4568112795459
-75.46,5.52,84.1643907,700.8953187,477.138057087096,1998.48,14.8091422791931
-75.46,5.57,83.72147818,661.630526180025,451.958300950215,1872.68000000008,22.0561853496926
-75.46,5.62,83.12949,700.934346000011,476.787450630242,2001.96000000003,21.073492909865
-75.46,5.67,82.9808603,405.1716043,288.27699869257,1044.04,13.7172126486961
-75.46,5.72,82.18350807,537.45491607,372.27707445423,1475.28,20.6367578988471
-75.46,5.77,81.2224549,765.1911509,517.039233268413,2216.36,11.9536877937565
-75.46,5.82,80.60287498,724.305442980012,490.762551956268,2085.88000000004,15.2817642242328
-75.46,5.87,79.8951183,721.400454300025,488.654744985717,2078.76000000008,24.8818976059727
-75.46,5.92,79.29348102,612.96163302,419.340527153328,1729.32,6.81780457983419
-75.46,5.97,78.24450094,813.81111694,546.938864783335,2383.56,13.6738423325073
-75.46,6.02,77.46107456,789.54940256,531.195350467138,2307.48,2.56534727720294
-75.46,6.07,76.61021185,790.364979849995,531.40632365166,2312.87999999998,1.71882540675121
-75.46,6.12,75.7519059000001,769.916745899993,518.065546852687,2249.39999999998,4.09811265669209
-75.46,6.17,74.80340324,794.53266724,533.406393359812,2332.24,7.90465436262394
-75.46,6.22,73.85950382,788.65116782,529.31631351159,2316.24,5.26948465510517
-75.46,6.27,72.87346554,790.33143354,530.02921266283,2324.88,2.15975685767624
-75.46,6.32,71.86823497,780.673058970003,523.510300892372,2296.84000000001,16.6452674088276
-75.46,6.37,71.09970362,533.987359620038,366.046253314787,1499.96000000012,6.49282010524679
-75.46,6.42,69.78474713,740.15035513,496.93379841866,2172.28,22.425587731397
-75.46,6.47,68.61266475,796.39021675,532.343928967814,2358.32,2.21207480809622
-75.46,6.52,67.49277797,777.37152997,519.819138135509,2300.32,3.80120247634971
-75.41,2.72,70.29084188,232.71319388,173.78444706637,526.32,7.53858400338622
-75.41,2.77,70.95834028,285.59581228,207.72280349482,695.52,7.40399772945358
-75.41,2.82,71.6212922,333.59800419999,238.549760270394,848.919999999967,6.1945658903473
-75.41,2.87,72.36888224,294.44978624,213.876212450365,719.64,7.7780937961644
-75.41,2.92,73.12869102,238.106251020006,178.250444577979,534.60000000002,2.62000390116644
-75.41,2.97,73.79359827,260.36081427,192.672025750377,604.56,6.66789682359872
-75.41,3.02,74.45257423,279.165470230002,204.893214784094,663.360000000006,10.0436280786828
-75.41,3.07,75.06933967,325.640195670008,234.730130951212,811.960000000026,14.9382677838018
-75.41,3.12,75.57785646,454.45224846,316.992146168562,1227.72,13.7197526082056
-75.41,3.17,76.17157112,499.595459119982,345.972273742185,1372.07999999994,9.72756567025374
-75.41,3.22,76.9460618,385.2991818,273.425029542478,999.2,7.64408082425178
-75.41,3.27,77.54290269,409.905102690002,289.32017276471,1077.00000000001,6.57023112287539
-75.41,3.32,78.16576658,403.714078580007,285.601307663766,1054.92000000002,7.08750337035947
-75.41,3.37,78.84013283,347.47026083,250.00807902743,870.48,5.30609929456116
-75.41,3.42,79.36675176,398.273991759988,282.570680167795,1033.39999999996,4.1135045657928
-75.41,3.47,79.971777,377.314049,269.434762387542,963.52,7.04167367482305
-75.41,3.52,80.66413498,280.167862980011,207.785555182326,646.480000000034,8.67805275310658
-75.41,3.57,81.28272593,230.250117930027,176.202989449481,482.720000000087,7.58844250974757
-75.41,3.62,81.77264172,266.00684172,199.164498948042,597,2.99072808498871
-75.41,3.67,82.32131754,246.656989540002,187.034067642307,532.520000000005,3.28033349058264
-75.41,3.72,82.76216487,294.48645287,217.670381632169,686.08,2.99120321690488
-75.41,3.77,83.3056439,255.714291900005,193.162399002452,558.680000000015,7.23635189514691
-75.41,3.82,83.6008695199999,382.412077520039,273.999843584963,968.280000000127,30.2120974240549
-75.41,3.87,83.7599927,591.2094887,407.100820759468,1644.36,26.2111679327028
-75.41,3.92,84.0582889800001,685.976416979956,467.593414082402,1950.47999999986,18.2255345859252
-75.41,3.97,84.27623281,822.54618481,554.693130437786,2392.32,3.84956619618635
-75.41,4.02,84.85646092,691.255460919976,471.246744761026,1964.99999999992,16.7648743877937
-75.41,4.07,85.46258525,530.83410525,369.248059875644,1443.2,11.4426268043369
-75.41,4.12,85.5681379,700.4844979,477.385582979725,1992.6,13.3799414570345
-75.41,4.17,85.863089,724.763841,492.963105509814,2070.32,24.0406061715293
-75.41,4.22,86.19935011,705.868150110012,481.044993851896,2008.00000000004,15.9179320259144
-75.41,4.27,86.22385761,881.708249609994,593.097120949808,2577.71999999998,14.5809275042417
-75.41,4.32,86.46056657,897.88106257,603.488127241899,2629.36,2.82158609719278
-75.41,4.37,86.71037796,889.10740996,597.988293899322,2600.12,14.4958116139415
-75.41,4.42,87.12761744,752.97532144,511.397913636837,2157.64,15.7222524090361
-75.41,4.47,87.2576735099999,790.95208151003,535.643442689179,2280.2800000001,10.8199267430512
-75.41,4.52,87.4120596899999,795.513275690026,538.605794901365,2294.56000000009,8.21593381284312
-75.41,4.57,87.33599385,933.91220185,626.764359170841,2743.28,21.2177330799898
-75.41,4.62,87.09750941,1161.11191741,771.446810705827,3480.28,21.6958454201314
-75.41,4.67,86.97535639,1293.20634839,855.571504102547,3908.72,18.8957838366843
-75.41,4.72,86.84226267,1413.79757467,932.362521852581,4299.92,12.3383452142178
-75.41,4.77,86.97947844,1336.69838244,883.285610274115,4049.64,4.08360572554107
-75.41,4.82,86.93308194,1361.52514594001,899.088097681292,4130.24000000004,13.1861499306939
-75.41,4.87,87.12994774,1206.58261974002,800.431974426557,3627.52000000008,25.1766175004051
-75.41,4.92,87.2515135,1081.5607135,720.81359723325,3222,32.8063615116101
-75.41,4.97,87.29963868,984.44921468,658.952757036907,2907.16,25.8084313698543
-75.41,5.02,87.32385306,882.27745306,593.858902003778,2576,20.0786443281524
-75.41,5.07,86.91393958,1043.11721158,696.195375858447,3098.52000000001,24.2832992215818
-75.41,5.12,86.96693018,879.081410180023,591.692925377565,2566.80000000008,26.9255534982532
-75.41,5.17,86.6722753,921.3735553,618.534076690966,2704.8,22.632158147215
-75.41,5.22,86.34621898,962.62209098,644.698859576597,2839.52,20.7006211470271
-75.41,5.27,86.11181791,920.88716191,618.02081200739,2705.04,19.7094669151806
-75.41,5.32,85.85541121,870.711619209999,585.956521178063,2543.28,15.1025082917249
-75.41,5.37,85.39996683,930.297390830009,623.758630805251,2737.84000000003,16.1627038490475
-75.41,5.42,85.09555683,865.31042083,582.239257195534,2528.24,22.8074043909866
-75.41,5.47,84.79663394,772.17227394,522.784276803886,2227.4,22.3624446128105
-75.41,5.52,84.07383001,943.22857401,631.517089971737,2784.04,14.6576565393587
-75.41,5.57,83.71647065,840.773990650003,566.104584807174,2453.20000000001,15.0578677261952
-75.41,5.62,83.28293263,765.066740629976,517.707526158909,2209.27999999992,17.6892273788316
-75.41,5.67,83.02810826,538.53405226,373.27111821457,1476.04,14.7694344896902
-75.41,5.72,82.43660283,519.83389883,361.140996064065,1417.36,20.4520235478395
-75.41,5.77,81.47904272,736.30355472,498.725491110831,2121.92,15.5535960826664
-75.41,5.82,80.72064554,788.574981540006,531.757071729942,2293.76000000002,12.2863085551212
-75.41,5.87,79.91458488,851.278800879977,571.418756827931,2499.55999999993,6.25688555716427
-75.41,5.92,79.23093406,798.26893406,537.393458919861,2330,12.3133393358662
-75.41,5.97,78.37511596,847.45569196,568.424179459893,2492.16,3.24627188873161
-75.41,6.02,77.67609929,751.14005129,506.79937879737,2182.32,6.28388519908028
-75.41,6.07,76.80727073,757.270270730001,510.390260994376,2205,2.84181713246909
-75.41,6.12,75.94794228,729.007262280007,492.069631167746,2116.20000000002,2.67458256141705
-75.41,6.17,75.01637414,730.77903014,492.860596812193,2124.96,4.11764643241717
-75.41,6.22,74.05341,731.025778,492.668446877107,2128.88,5.04741556461193
-75.41,6.27,72.97697292,799.11277292,535.66213214543,2353,4.75720854923385
-75.41,6.32,71.94738333,802.144359329997,537.220275957641,2366.15999999999,5.06388700296052
-75.41,6.37,70.9921308300001,712.065426829981,479.47646672822,2077.35999999994,18.9974469241362
-75.41,6.42,70.07766955,553.28354955,377.970751706897,1565.8,13.6362820341663
-75.41,6.47,68.67768994,806.09590594,538.551871443918,2389.56,11.9244994951776
-75.41,6.52,67.58868811,749.45890411,502.068339796418,2209.56,6.85355340092841
-75.36,2.72,70.0427479,222.7750599,167.361973995984,494.92,0.394234975756587
-75.36,2.77,70.78574737,225.77701137,169.544351011896,502.24,3.86159217202097
-75.36,2.82,71.49660815,251.558536150015,186.229942916203,583.480000000049,6.74658217832095
-75.36,2.87,72.25316699,226.50379099,170.539843567662,499.84,4.71984528054368
-75.36,2.92,72.95573546,243.636223459994,181.711327412568,553.079999999981,1.93153591648177
-75.36,2.97,73.66707813,244.35991013,182.430535533642,553.12,3.10166975714489
-75.36,3.02,74.39650629,221.018538290011,167.822334106066,475.120000000036,3.42238080643023
-75.36,3.07,75.08534331,225.064943310013,170.650573817259,486.000000000044,6.53728280566517
-75.36,3.12,75.73047112,257.44649512,191.517776329648,588.84,14.8153231246603
-75.36,3.17,76.34605208,304.673020080008,221.833300532071,739.880000000025,18.4457107802578
-75.36,3.22,76.90343611,389.40414011,276.025195412184,1012.64,9.88619994835165
-75.36,3.27,77.63438975,321.218541750013,232.843335725281,789.320000000043,9.46815586071742
-75.36,3.32,78.23854794,346.930395940008,249.445821392788,870.680000000026,7.4007604985646
-75.36,3.37,78.84825149,357.66217949,256.505194820638,903.48,1.34572574648691
-75.36,3.42,79.50038026,324.886756260015,235.857682091583,795.160000000048,3.55236034425382
-75.36,3.47,80.05806848,355.13176448,255.33178013626,891.36,3.12433125742158
-75.36,3.52,80.69462725,313.996227249993,229.351652483495,755.999999999978,13.7969004651342
-75.36,3.57,81.29534221,289.723782209999,214.10348353633,675.399999999995,11.8914578162206
-75.36,3.62,81.872452,272.167556,203.126245703684,616.64,6.89476452133374
-75.36,3.67,82.47319835,226.095638350005,173.987721555917,465.400000000018,0.150520199486281
-75.36,3.72,82.92884556,274.00162156,204.678162681129,619.16,2.16008164211829
-75.36,3.77,83.49517711,229.388913110007,176.4569433129,472.760000000022,1.22401561447161
-75.36,3.82,83.91243631,278.688412310012,208.021388752303,631.160000000038,12.5232809290096
-75.36,3.87,84.25554313,366.27891113,263.957503738983,913.88,22.1816307299187
-75.36,3.92,84.6296879299999,417.436271930051,296.690114243281,1078.44000000017,28.1371928395227
-75.36,3.97,84.77025256,616.27820456,423.440844755981,1722.32,31.2946892896192
-75.36,4.02,85.22890941,578.840781410005,399.752566819378,1599.52000000002,16.1543870148074
-75.36,4.07,85.76138129,477.36243729,335.284951052304,1268.96,6.84674097130758
-75.36,4.12,85.80153385,696.84187785,475.14922729357,1980.04,15.8383690765982
-75.36,4.17,86.48720245,463.02857845,326.414921906227,1220.16,15.3052822328284
-75.36,4.22,86.54497052,637.334250520011,437.501397288195,1784.80000000003,20.368217614266
-75.36,4.27,86.62864156,777.102625559981,526.590512642583,2237.43999999994,26.4956114699097
-75.36,4.32,86.58437983,985.07945183,659.094832353597,2911.52,9.48231499104447
-75.36,4.37,87.31744598,659.11621398,451.660870470274,1852.88,25.5428887996868
-75.36,4.42,87.62116142,602.92144142,415.964416360341,1669.8,14.8229483300026
-75.36,4.47,87.48825369,815.83362969,551.58132865706,2360.16,17.7591460064151
-75.36,4.52,87.50560392,911.961363919985,612.839080922396,2671.59999999995,12.3858626450431
-75.36,4.57,87.48278967,1016.07253367,679.169211903612,3009.04,15.8977091156036
-75.36,4.62,87.33552477,1183.17412477,785.590943558569,3551,19.248946382026
-75.36,4.67,87.15831494,1351.19625894,892.588370015959,4096.04,10.6165552197228
-75.36,4.72,87.22134427,1342.28520027,886.933216417665,4066.96,9.12265553531451
-75.36,4.77,87.14639314,1404.63385714,926.633851351465,4269.24,9.42048155678643
-75.36,4.82,86.9854397600001,1503.84210375991,989.789779089378,4591.2399999997,1.57607512067005
-75.36,4.87,87.09069575,1408.20729575002,928.89059657622,4281.00000000006,22.3279102455302
-75.36,4.92,87.0585243,1382.5613243,912.537614154805,4198,21.8208305656848
-75.36,4.97,87.13296135,1266.46637735,838.590291179807,3821.56,19.9524588331324
-75.36,5.02,87.25501311,1098.46314911,731.58489935884,3276.76,18.7488170368668
-75.36,5.07,86.9124881300001,1212.80872812992,804.320280275323,3648.39999999975,7.49176143272942
-75.36,5.12,86.7824782400001,1166.53684623989,774.789214283563,3498.87999999963,10.1799127549607
-75.36,5.17,86.60044736,1132.33475136,752.930000253184,3388.64,7.20173852814649
-75.36,5.22,86.29499148,1157.14933548,768.630737301764,3470.04,5.58566006544963
-75.36,5.27,86.10384361,1083.75826761,721.79746458337,3232.84,10.100956609657
-75.36,5.32,85.89810651,996.638426509978,666.211086495575,2951.19999999993,13.450336805257
-75.36,5.37,85.5237956,998.091027600029,667.000862344049,2957.12000000009,11.15939562389
-75.36,5.42,85.08035702,1022.52074902,682.4063076712,3037.72,9.4233649389984
-75.36,5.47,84.62988208,1028.22993008,685.880692815407,3057.68,10.2897790467534
-75.36,5.52,84.27315037,945.99544637,633.352424154413,2792.36,10.8944078942403
-75.36,5.57,83.89518783,852.827635829998,573.849865917045,2491.67999999999,17.3957787467261
-75.36,5.62,83.64815517,643.448555170027,440.346361219711,1814.00000000009,22.0426943638848
-75.36,5.67,83.29369544,480.67174344,336.498296303324,1287.68,23.4055612550778
-75.36,5.72,82.16436012,833.19800812,560.714134154741,2433.68,24.641417664441
-75.36,5.77,81.6591671,724.3989031,491.205338892757,2082.76,4.96406242432167
-75.36,5.82,80.7143536000001,904.602289599973,605.686019853142,2669.75999999991,6.04480744439946
-75.36,5.87,80.08933836,829.505922360001,557.608738304499,2428.44,4.81813125919924
-75.36,5.92,79.32919632,826.56089232,555.45641142501,2421.36,2.54735774788438
-75.36,5.97,78.50768216,843.39129816,565.882492295904,2478.56,1.56952070613747
-75.36,6.02,77.66567591,849.86928391,569.704698530744,2502.28,9.32883189131982
-75.36,6.07,76.93080571,746.580461710007,503.623660836573,2169.96000000002,6.92947694957671
-75.36,6.12,76.04478134,732.30119734,494.203622055015,2126.56,1.48239944381196
-75.36,6.17,75.11834634,722.90677834,487.881487620614,2099.12,0.183413580410169
-75.36,6.22,74.13568813,732.00916813,493.324902935258,2131.8,1.28382491346656
-75.36,6.27,73.11502859,745.92474859,501.82143919063,2180.2,4.73717683651083
-75.36,6.32,72.03832641,780.941902410003,523.743315940937,2297.16000000001,2.08636154296617
-75.36,6.37,71.00715701,750.013565010004,503.662024048052,2200.28000000001,15.6847294052592
-75.36,6.42,70.16340484,522.08958884,358.125433984109,1464.44,5.17304592950795
-75.36,6.47,68.80837635,724.52165635,486.621137217911,2124.8,19.5157918917373
-75.36,6.52,67.6295202,743.8091522,498.483198942892,2191.12,2.56272556177059
-75.31,2.72,69.7200979999999,233.487946000038,174.071037353085,530.680000000124,8.35964756182028
-75.31,2.77,70.49576963,225.69688163,169.388085940095,502.92,3.69529640718979
-75.31,2.82,71.26505698,216.73909698,163.959397846497,471.400000000001,0.829947105990214
-75.31,2.87,72.0207349599999,213.050934960002,161.883513441098,457.000000000006,0.54392197512722
-75.31,2.92,72.76667471,210.42696271,160.482185048836,446.080000000001,1.2500532692521
-75.31,2.97,73.4996994899999,211.283427490004,161.293864339544,446.480000000014,1.42218615954719
-75.31,3.02,74.2109645799999,222.84506857999,168.918860920553,481.639999999969,0.915358617608937
-75.31,3.07,74.93012016,218.503184159997,166.41318156163,465.239999999992,1.16200378246451
-75.31,3.12,75.6437334299999,210.106925429995,161.322091941559,435.719999999985,3.2948427709361
-75.31,3.17,76.3392319,207.975647899999,160.216402116404,426.559999999996,6.08825559855608
-75.31,3.22,77.0127600899999,214.574296089996,164.665346820268,445.759999999987,11.0105869243604
-75.31,3.27,77.63745399,250.897837989986,188.036925216309,561.439999999954,7.89340578735393
-75.31,3.32,78.25651235,280.685768350003,207.242044456042,655.960000000009,7.39112953662318
-75.31,3.37,78.80238737,357.171931369967,256.176174462077,902.039999999892,6.285366027987
-75.31,3.42,79.45656515,336.606773150027,243.30964185183,833.280000000087,6.87304696647949
-75.31,3.47,79.9484979399999,430.579817940044,303.366635599158,1136.20000000014,13.4213425347802
-75.31,3.52,80.44077613,510.863712129983,354.70118950919,1394.75999999994,10.0897397845916
-75.31,3.57,81.12608386,432.57210786,305.063341289787,1138.84,10.787194162656
-75.31,3.62,81.77996153,367.876849530001,264.077520992267,927.080000000005,12.4730468954907
-75.31,3.67,82.49576836,247.522704360022,187.648983722271,534.760000000072,7.49662552849217
-75.31,3.72,83.01845791,257.056513909991,193.913452553757,563.959999999971,2.46054863122966
-75.31,3.77,83.56731683,234.978820829996,180.044939661432,490.639999999987,2.56077513637726
-75.31,3.82,84.0977873,213.314779300005,166.433329106579,418.720000000017,3.29257005751873
-75.31,3.87,84.55247233,231.692952329994,178.308649091018,476.79999999998,9.71651541829179
-75.31,3.92,84.96429715,265.71748914999,200.138097176138,585.719999999966,12.2502773600844
-75.31,3.97,85.3495575600001,303.356941559967,224.261288917061,706.439999999893,24.464892348716
-75.31,4.02,85.55806522,446.780537219999,315.724759897666,1170.52,22.5489808063063
-75.31,4.07,85.8082719200001,545.177887919942,378.513168059618,1488.55999999981,4.55374268901556
-75.31,4.12,86.35709166,425.545523660012,302.483956176733,1099.12000000004,22.1962542434521
-75.31,4.17,86.6473633900001,465.33659538997,327.943671332484,1227.1199999999,9.25737384211773
-75.31,4.22,86.8586322300001,541.43877622995,376.511733354247,1473.03999999984,16.5758523703201
-75.31,4.27,87.1023310000001,579.072450999966,400.57988341697,1594.19999999989,21.4276554269191
-75.31,4.32,87.0702975200003,782.025153519848,529.88732734111,2251.95999999951,25.0780696861145
-75.31,4.37,87.5023473900002,660.893491389931,452.860415068332,1858.03999999978,15.4200617251822
-75.31,4.42,87.89758527,548.230033270017,381.215986593168,1491.68000000005,8.18758306369478
-75.31,4.47,87.7413331,777.832653099979,527.459375199395,2236.19999999993,16.3674276444149
-75.31,4.52,88.00507225,715.314808250017,487.719430204574,2032.76000000006,5.96695429264673
-75.31,4.57,87.8942336399999,877.83616964009,591.235909449189,2559.76000000029,26.3118820690204
-75.31,4.62,87.58903031,1148.03738230999,763.294200879279,3436.31999999996,29.478992861338
-75.31,4.67,87.3033425,1386.92903849997,915.409493012354,4211.35999999992,8.26776564231016
-75.31,4.72,87.54111658,1264.31932458001,837.37029803821,3813.28000000004,13.1893978946703
-75.31,4.77,87.4953285,1307.3170645,864.751337841229,3952.76,6.57725372154682
-75.31,4.82,87.4437914400001,1334.11372743998,881.807156859677,4039.75999999995,22.1545213160832
-75.31,4.87,87.0340157500003,1574.76992774982,1035.00177512645,4820.91999999941,8.2101643553456
-75.31,4.92,87.1778497800002,1432.93307377991,944.677190942979,4360.83999999971,23.3381468927772
-75.31,4.97,87.4551593100001,1183.82455130999,786.048792494597,3552.71999999997,15.3470766357831
-75.31,5.02,87.28757033,1203.19751433,798.332212559289,3616.03999999998,7.63071084061141
-75.31,5.07,87.19222828,1154.02242828,766.963837052762,3456.99999999999,16.6924940070979
-75.31,5.12,87.16840223,1036.27387423001,691.927204142882,3075.52000000003,18.5862669170647
-75.31,5.17,86.91501462,1045.83396662,697.926850133966,3107.32,7.99361699831824
-75.31,5.22,86.6414067600001,1046.26396675996,698.101572984965,3109.59999999988,14.7504986180877
-75.31,5.27,86.4164992900001,991.885931289964,663.370931668439,2934.11999999988,10.2407118182188
-75.31,5.32,85.9289443500001,1087.76798434997,724.288953236269,3246.3999999999,7.92341985671936
-75.31,5.37,85.50026167,1122.22344567,746.088035281676,3359.43999999999,8.95227620068295
-75.31,5.42,85.23171488,1026.06670687999,684.720664575599,3048.71999999998,10.9217656096705
-75.31,5.47,84.92105995,933.336523950002,625.521377480355,2749.24000000001,20.2457252798965
-75.31,5.52,84.52669776,871.975145760006,586.279552452884,2551.68000000002,6.47783241529865
-75.31,5.57,84.05532999,837.81700199004,564.343368711359,2442.52000000013,6.54555057057148
-75.31,5.62,83.4694414,857.228393400013,576.499510855642,2507.32000000004,15.1728339036353
-75.31,5.67,82.81678211,898.545334110008,602.589385205528,2643.32000000003,27.3903241361754
-75.31,5.72,82.22525888,872.512826880017,585.787167319118,2560.88000000005,9.2829642454522
-75.31,5.77,81.68242037,785.91996437002,530.414269396277,2282.04000000006,7.75189201996979
-75.31,5.82,80.95666943,803.191765430025,541.15634611715,2340.36000000008,2.18775582554188
-75.31,5.87,80.19324345,822.499683449989,553.182143577851,2405.39999999997,3.6099661741559
-75.31,5.92,79.3971242700001,840.441756269933,564.325779122918,2466.11999999978,6.48965846942274
-75.31,5.97,78.56056405,863.009420049988,578.402114132727,2541.95999999996,2.57436768705967
-75.31,6.02,77.69698696,880.451994959991,589.203000980363,2601.27999999997,5.58312240574373
-75.31,6.07,76.95200459,779.905772590002,524.865846704928,2277.88000000001,8.40208212951502
-75.31,6.12,76.09641859,736.376978590006,496.81939635402,2139.60000000002,2.8243009578124
-75.31,6.17,75.15450864,733.571124640016,494.689803292373,2133.56000000005,3.80424271731456
-75.31,6.22,74.17353592,735.540367919988,495.588673378218,2143.11999999996,2.03705616245852
-75.31,6.27,73.1667426,731.966022599998,492.945866235548,2134.79999999999,2.473388963733
-75.31,6.32,72.08380965,765.97708164998,514.224410679126,2248.51999999993,4.54597614131426
-75.31,6.37,70.9763300500001,795.66788204997,532.741231500156,2348.3199999999,7.41006395419009
-75.31,6.42,70.0478454899999,639.01983749006,432.590081685155,1843.72000000019,18.8535091667604
-75.31,6.47,69.00939028,548.030654280025,374.236084523994,1552.24000000008,10.671099517196
-75.31,6.52,67.6521186200001,724.908398619924,486.448060871682,2129.79999999976,26.0508476059076
-75.26,2.72,69.2220781099998,367.564214110081,259.322165034308,966.760000000262,25.7119835269736
-75.26,2.77,70.0879026799997,288.317478680088,209.141212156408,707.160000000288,13.5080207611018
-75.26,2.82,70.9133934099999,243.544233410031,180.911726631739,559.400000000102,8.60262460239674
-75.26,2.87,71.71081006,219.098170060002,165.624295842435,477.600000000006,2.97547168787868
-75.26,2.92,72.4704665999999,222.240218600008,167.901984439055,485.320000000026,2.29849291229519
-75.26,2.97,73.22248328,223.757563279999,169.141659085424,487.799999999996,2.00149063407386
-75.26,3.02,73.9846785599999,207.534414560007,159.080993692345,432.760000000023,0.855811122488452
-75.26,3.07,74.7169895399999,208.982677540001,160.269500834433,435.080000000002,0.416917374497329
-75.26,3.12,75.44921336,201.25926136,155.613890671102,407.680000000001,0.658680225546345
-75.26,3.17,76.1636755699999,199.258043570001,154.597953645581,398.880000000004,0.418853562570385
-75.26,3.22,76.85901067,203.38501067,157.479884143194,409.999999999999,0.949549610675124
-75.26,3.27,77.54915209,201.569320090006,156.573338995875,401.880000000018,5.07949948415994
-75.26,3.32,78.13185906,275.62351505997,203.971210737799,639.959999999904,6.29985078398359
-75.26,3.37,78.80633702,264.336657020012,197.024066610457,601.200000000038,11.7400332077305
-75.26,3.42,79.25496654,418.714966539942,295.554870980241,1099.99999999981,15.4341811245298
-75.26,3.47,79.76590965,509.867901649992,353.821821301362,1393.71999999997,6.25974204086938
-75.26,3.52,80.40521757,489.226153569966,340.901091575707,1324.75999999989,9.22982493855555
-75.26,3.57,81.10466066,412.109020659996,292.016731116945,1072.59999999999,6.40126725682604
-75.26,3.62,81.72053596,386.827183959995,276.130890070918,988.679999999985,6.70859823424978
-75.26,3.67,82.40986343,295.998095430018,218.505763303834,692.120000000059,10.7268980273283
-75.26,3.72,83.0461663,232.927014300004,178.548473198688,485.680000000012,4.62876266143387
-75.26,3.77,83.59853904,218.037043039996,169.261166649418,435.639999999986,2.21965913498354
-75.26,3.82,84.10624649,221.507310489992,171.656582356349,445.239999999974,1.06145177515123
-75.26,3.87,84.6214012,205.913545200002,161.90732341928,393.040000000006,1.60230013661777
-75.26,3.92,85.07778814,217.121556139996,169.21451824173,427.879999999987,4.00362987241798
-75.26,3.97,85.50778829,231.734812290002,178.681921671802,473.840000000005,5.77845999109005
-75.26,4.02,85.88024487,270.398356869998,203.453007472663,597.919999999992,15.5432214933352
-75.26,4.07,86.09343117,400.914807169985,286.693895273439,1020.15999999995,16.5109396840166
-75.26,4.12,86.59667852,319.429206519984,234.954816612809,754.479999999948,8.79907543997674
-75.26,4.17,86.90749813,351.427074130031,255.456249120955,857.160000000101,4.75516356758477
-75.26,4.22,87.20944215,372.70147415002,269.121594509822,925.120000000067,10.8993382643704
-75.26,4.27,87.33610779,492.589627789987,345.55886643633,1313.19999999996,12.7477577040871
-75.26,4.32,87.51967226,557.122464259993,386.74502733714,1521.71999999998,21.5207826444231
-75.26,4.37,87.8217940100001,526.404114009952,367.281270546808,1421.19999999985,12.4497094905438
-75.26,4.42,88.0575367600001,521.59116075997,364.300043808963,1404.8399999999,5.8175886410044
-75.26,4.47,88.15963003,585.40063803001,404.995730054125,1611.28000000003,27.5362497550478
-75.26,4.52,87.78496123,939.595025229972,630.548277804739,2760.23999999991,34.4718261990319
-75.26,4.57,87.577124,1166.75132399998,775.214183843306,3496.99999999993,12.189737040544
-75.26,4.62,87.76820248,1114.85072248,742.213058805576,3328.20000000001,6.42027001672819
-75.26,4.67,87.6167994400001,1266.30832743994,838.665125814102,3819.47999999981,10.1518130460412
-75.26,4.72,87.8826745800002,1127.18575457992,750.114327465373,3367.79999999974,17.6274585541564
-75.26,4.77,87.6154802300002,1313.83140822992,868.945793225725,3973.47999999973,7.71421173038289
-75.26,4.82,87.7403276800003,1226.10400767985,813.092225406537,3688.79999999951,21.1296450742166
-75.26,4.87,87.5767465200003,1304.83093051987,863.196742038472,3944.43999999958,26.6893962780734
-75.26,4.92,87.5549877900002,1270.85082778988,841.537127413377,3834.3999999996,22.285664053903
-75.26,4.97,87.6657502100002,1130.00545420988,751.832304058702,3377.63999999959,22.6001244607926
-75.26,5.02,87.7746882100002,969.160976209899,649.383625549743,2856.07999999967,25.5538648278482
-75.26,5.07,87.5910871100002,975.33453510987,653.250731751061,2876.67999999958,22.4522779223067
-75.26,5.12,87.55794704,862.180979039999,581.138598070572,2510.12,11.8054538893204
-75.26,5.17,87.1124151000003,993.668119099821,664.759007172556,2937.63999999942,18.1075836119862
-75.26,5.22,86.9689881200001,906.573556119956,609.211342851649,2655.87999999986,13.572553616426
-75.26,5.27,86.65040263,910.525994630039,611.614203432114,2669.72000000013,8.05289849190922
-75.26,5.32,86.10137504,1043.09466304002,695.886200186971,3101.08000000006,13.1903760596495
-75.26,5.37,85.5725898800001,1140.55254987993,757.793365624986,3418.59999999977,4.41990975115502
-75.26,5.42,85.3612125700001,1003.28574056993,670.25188507861,2974.47999999979,25.4525684685447
-75.26,5.47,85.34241061,712.03494661001,484.663496011041,2030.76000000003,16.1821091341595
-75.26,5.52,84.5900829600004,886.814298959725,595.75788258416,2599.55999999911,27.7876943035164
-75.26,5.57,83.9479896900004,965.346621689763,645.564792480727,2856.11999999923,13.5724136720999
-75.26,5.62,83.4811568200003,899.95034881983,603.725686979647,2645.71999999945,14.0376177498193
-75.26,5.67,82.8017762100002,956.028680209841,639.211650392069,2829.63999999948,11.2606874791144
-75.26,5.72,82.1792991000002,948.110899099865,633.940691699386,2805.99999999956,10.0302871941803
-75.26,5.77,81.6627876400001,839.38688363994,564.475636154944,2455.35999999981,4.85025593323559
-75.26,5.82,80.8833907800003,891.341054779802,597.297446268269,2626.23999999936,12.6116161348559
-75.26,5.87,80.2971507600001,778.288630759922,525.049081544514,2261.79999999975,14.2234649486642
-75.26,5.92,79.5960359400001,720.92855593996,488.245546310688,2078.19999999987,11.9478503641995
-75.26,5.97,78.6465158700003,821.360307869791,551.894975883053,2406.71999999932,21.3400950395836
-75.26,6.02,77.8254013500001,801.035673349938,538.646448671669,2343.5199999998,10.7178926149681
-75.26,6.07,76.9880493500001,766.091849349929,516.076855363719,2232.99999999977,8.11425775253447
-75.26,6.12,76.0970188,745.487450800011,502.624699454093,2169.12000000004,1.6788724603124
-75.26,6.17,75.09167642,788.908164419986,529.927115477007,2313.07999999995,4.04396163292887
-75.26,6.22,74.22148738,696.717063379986,470.868319417037,2017.15999999995,6.04850856892755
-75.26,6.27,73.18258979,714.379325789967,481.745580198916,2077.75999999989,4.52133240146506
-75.26,6.32,72.11236811,732.429960109962,492.858942227204,2139.71999999988,5.39731044309473
-75.26,6.37,71.03006028,734.705220279966,493.916037088397,2150.59999999989,6.6529541357364
-75.26,6.42,69.91884998,735.729521979978,494.165549823611,2157.51999999993,11.19775699952
-75.26,6.47,68.9714059699999,559.52196597009,381.544431513935,1589.60000000029,18.0572816722536
-75.26,6.52,67.90492503,458.765341030027,316.956567728088,1266.56000000009,15.268849833234
-75.21,2.72,68.52929727,651.82032927,440.195456706962,1890.12,39.6710618555913
-75.21,2.77,69.55325756,425.99860156,296.676022673362,1155.04,32.2021007858377
-75.21,2.82,70.42603166,350.079351659999,248.617825663435,906.199999999995,24.0128662165418
-75.21,2.87,71.30781262,260.91165262,192.121141063733,614.4,11.194844633882
-75.21,2.92,72.1002260599998,250.310554060019,185.653743165623,577.480000000063,4.84982023196878
-75.21,2.97,72.87950598,243.51061798,181.603636128289,552.92,3.36062668481274
-75.21,3.02,73.6583899399999,228.452149940006,172.29114636477,501.600000000019,3.91505635807462
-75.21,3.07,74.42678049,214.00038849,163.361435744772,452.28,1.93635748400655
-75.21,3.12,75.16384349,217.58891549,165.91541794207,461.52,1.56877104758634
-75.21,3.17,75.9124229399999,201.561998940007,155.974849387189,407.160000000023,1.61193655029892
-75.21,3.22,76.63385098,198.60491498,154.352373008159,395.24,0.521412767943922
-75.21,3.27,77.33589063,201.24496263,156.289288476237,401.519999999999,0.353956853429642
-75.21,3.32,78.03978376,191.65395976,150.433395413393,368.160000000001,4.3059746944937
-75.21,3.37,78.69195724,212.36513324,163.866926883046,433.16,4.65610343372205
-75.21,3.42,79.33413219,228.992788189993,174.694860969411,484.959999999977,15.3052167522378
-75.21,3.47,79.82738086,348.37110086,250.940268899936,870.2,20.0683646952121
-75.21,3.52,80.41193135,383.173219349952,273.327849757485,981.079999999844,14.1407114564534
-75.21,3.57,81.02011658,387.052564579985,276.020379521203,991.679999999951,7.62053505187927
-75.21,3.62,81.61755949,386.25513549,275.72902646024,987.16,5.27246757840641
-75.21,3.67,82.24006329,354.24010328998,255.555277629679,881.399999999934,9.77936176088292
-75.21,3.72,82.96714159,234.27989359,179.38184081287,490.32,8.96631869648412
-75.21,3.77,83.5621239,198.0033479,156.482720775121,370.84,2.53273013911321
-75.21,3.82,84.08583791,198.93441391,157.265994670449,372.159999999999,1.42340366783589
-75.21,3.87,84.58306136,204.13470136,160.759954978331,387.4,0.953229441912823
-75.21,3.92,85.07069482,201.326486819998,159.147513002491,376.719999999995,1.64345185649378
-75.21,3.97,85.50751607,218.48942807,170.242020453095,430.92,2.07586920216099
-75.21,4.02,85.92052314,236.307475139992,181.745313532573,487.319999999975,4.15669791622011
-75.21,4.07,86.29734256,262.65607056,198.671042005027,571.48,10.7018255750884
-75.21,4.12,86.66220053,280.70988053,210.307091359133,628.8,8.30275213993324
-75.21,4.17,86.8464139,402.3467099,287.879477812329,1022.36,8.33306136542999
-75.21,4.22,87.1679472700001,415.110995269966,296.129385861428,1062.67999999989,4.5108410452244
-75.21,4.27,87.42069971,456.037227710006,322.298799578934,1194.48000000002,0.434636351532863
-75.21,4.32,87.77988307,409.72374707,292.918712441159,1043.24,12.2814744469256
-75.21,4.37,87.98350396,447.45312796,317.033304585648,1164.84,9.80822414976402
-75.21,4.42,88.18836232,466.13695432,329.01274319827,1224.72,9.21630853804348
-75.21,4.47,88.27424989,543.15064989,378.116121839972,1474,23.8556508085518
-75.21,4.52,87.95066655,865.597978549975,583.458353092842,2519.91999999992,28.5681624487117
-75.21,4.57,87.8920805,997.1881525,667.284802710334,2946.52,21.40563121347
-75.21,4.62,87.85186266,1097.24543066,731.025527601469,3270.88,12.6679609414824
-75.21,4.67,87.76000764,1210.94056764,803.43740054985,3639.6,26.7810098880984
-75.21,4.72,88.1992008,961.7470488,644.813576710005,2830.68,7.59533063590172
-75.21,4.77,87.82583719,1216.47478919,806.987624924106,3657.32,18.4512044574539
-75.21,4.82,88.2032145,967.133046499982,648.246927076755,2848.11999999994,22.9589392529988
-75.21,4.87,87.93371661,1113.26338860997,741.261678883536,3322.5199999999,20.9392563135485
-75.21,4.92,87.89929305,1087.24484505,724.670480820036,3238.32,22.8930120588708
-75.21,4.97,88.03351407,931.52372207,625.495516623202,2733.28,22.0693712376005
-75.21,5.02,88.11698695,786.96020295,533.411633858432,2264.56,15.6154915175511
-75.21,5.07,87.9530934,778.883805399981,528.205986172194,2238.91999999994,19.0659270034098
-75.21,5.12,87.65956543,831.928701429985,561.899072278067,2411.75999999995,5.89520102745932
-75.21,5.17,87.56507951,734.32895951,499.675388351758,2095.8,20.5133375749759
-75.21,5.22,87.14266666,825.61012266,557.685411504915,2392.96,17.4775889438946
-75.21,5.27,86.6236802,957.8261682,641.743620406599,2823.08,16.5680655923751
-75.21,5.32,86.09233556,1076.51317555997,717.176802206009,3209.39999999992,10.1163425263862
-75.21,5.37,85.7366055000001,1056.70330149995,704.425121258797,3146.35999999984,22.4396916447177
-75.21,5.42,85.53002487,913.61492087,613.175944487149,2683.36,22.9132120759959
-75.21,5.47,85.42487299,677.55420899,462.722695393479,1918.76,27.9258293789702
-75.21,5.52,85.25205606,460.23808806,324.188728681337,1215.12,28.2508106488193
-75.21,5.57,84.5041261100001,602.371958109958,414.48339487299,1678.11999999986,34.7915036304907
-75.21,5.62,83.91610723,613.58480322999,421.414747216462,1716.35999999997,21.3916903606807
-75.21,5.67,83.1702839,708.7395159,481.775613253614,2027.12,22.5972924659732
-75.21,5.72,82.47808705,743.40053505,503.610068269685,2141.68,17.9146234716467
-75.21,5.77,81.82729373,724.19670973,491.13750199064,2081.56,18.8702489423367
-75.21,5.82,81.29695111,593.017471109978,407.359225239866,1658.19999999993,24.3404279952224
-75.21,5.87,80.4743023900001,643.928526389986,439.50068195657,1825.83999999995,11.4145970695389
-75.21,5.92,79.69676179,637.23820979,434.955590293783,1806.68,20.4875301265494
-75.21,5.97,79.05832953,500.90218553,347.852254415165,1366.96,15.9323067221735
-75.21,6.02,77.93135148,702.96979148,476.19846643758,2025.4,21.2578045909444
-75.21,6.07,77.10959279,650.772304789974,442.640700391911,1858.91999999992,14.8990567640015
-75.21,6.12,76.0509914800001,755.884447479977,509.232843739762,2202.95999999993,8.82063531778345
-75.21,6.17,75.06140386,783.19965186,526.27873542456,2294.68,5.79180775790808
-75.21,6.22,74.22184854,662.45048054,449.034188405184,1906.12,7.3138383473595
-75.21,6.27,73.20028221,661.42891421,448.012622075184,1906.12,3.51932466220747
-75.21,6.32,72.13077571,674.246407709996,455.791748029556,1951.11999999999,5.08164865766578
-75.21,6.37,71.03889736,680.202953359986,459.191042240837,1973.95999999996,7.788656547663
-75.21,6.42,69.87701359,722.01053359,485.40879364745,2113.2,7.70059152070687
-75.21,6.47,68.76380187,694.37006587,467.392727576826,2027.24,11.8409418429075
-75.21,6.52,67.74082709,553.42785109,377.214864912079,1573.84,19.1172160601996
-75.16,2.72,67.83982566,890.24648166,591.867637784693,2664.96,16.6802387581738
-75.16,2.77,68.77670444,760.74431244,509.690295102133,2242.28,24.2832505675145
-75.16,2.82,69.7157145500001,627.491698549955,425.123986624094,1807.43999999985,25.6741773550327
-75.16,2.87,70.76379881,387.09114281,272.323847944057,1025.04,23.9387522227328
-75.16,2.92,71.6464020100001,305.244258009992,220.492198069188,756.959999999975,10.5209677224867
-75.16,2.97,72.46334155,278.63282955,203.832105330419,668.08,6.72829792354447
-75.16,3.02,73.25194575,269.607953750007,198.367675929332,636.280000000024,7.30935319032212
-75.16,3.07,74.05196316,241.448947159998,180.715345127802,542.439999999993,4.02823741008972
-75.16,3.12,74.82710338,226.26329538,171.320457113575,490.72,1.39508899522529
-75.16,3.17,75.57958731,220.930187309999,168.195273665791,470.999999999995,1.79372425832457
-75.16,3.22,76.32338903,212.72458903,163.236623359639,442,2.17245179909397
-75.16,3.27,77.05832384,201.448811840003,156.31847427799,403.080000000009,1.24706069358577
-75.16,3.32,77.76547897,202.057214970001,156.962705799424,402.760000000002,2.4336600090336
-75.16,3.37,78.47032288,193.19545888,151.571825129743,371.76,0.698113737102881
-75.16,3.42,79.15251224,190.754616240005,150.264055368896,361.640000000015,1.85015908727038
-75.16,3.47,79.8072742,197.6307542,154.883004668453,381.8,9.52840123949169
-75.16,3.52,80.38989363,247.009205630016,186.557752180369,539.920000000051,12.2745583531456
-75.16,3.57,80.97579086,279.998102860004,207.790458470569,644.920000000011,12.2075894861231
-75.16,3.62,81.55898216,301.20811816,221.516818509466,711.76,12.0062558609539
-75.16,3.67,82.26578479,218.025096790013,168.770015663978,439.920000000042,10.5789036426113
-75.16,3.72,82.84054824,218.88377224,169.525684488593,440.84,3.32451927996521
-75.16,3.77,83.43601594,191.013975940001,151.983422019892,348.600000000004,1.34376109100686
-75.16,3.82,83.96312788,197.81183988,156.506183103734,368.92,0.745427313061952
-75.16,3.87,84.49047837,189.71073437,151.535583295416,340.96,0.90017608361064
-75.16,3.92,84.9802945,192.8174785,153.692875052374,349.440000000001,2.96943907161005
-75.16,3.97,85.38523669,238.77178069,183.121331692723,497.04,2.02088656227505
-75.16,4.02,85.87069329,213.606405290003,167.262380968111,413.920000000009,1.97980132208826
-75.16,4.07,86.2854766,220.5511646,171.837987894433,435.08,4.78457138562165
-75.16,4.12,86.5919901,283.4787901,212.045934675361,638,5.45133569469612
-75.16,4.17,86.94562725,297.60833125,221.177415220101,682.64,6.45096898439807
-75.16,4.22,87.26707893,315.840926930018,232.911636403489,740.680000000058,13.221889734778
-75.16,4.27,87.32902971,486.96602970997,341.973008119217,1294.9999999999,8.35637544908347
-75.16,4.32,87.84207075,343.98007075,251.050180464028,830,8.75335058365969
-75.16,4.37,88.07628811,365.69284811,264.970282686794,899.6,6.73164219268786
-75.16,4.42,88.27292576,393.20675776,282.573163555934,988.12,8.98646037475614
-75.16,4.47,88.36179602,471.235644020016,332.324491875432,1240.68000000005,21.9909636375695
-75.16,4.52,88.12990573,736.350377730015,501.168337798093,2100.52000000005,25.9795543114092
-75.16,4.57,88.06281331,875.42485331,589.760609845386,2551.4,29.6276878658755
-75.16,4.62,87.8941086,1060.1816126,707.424227623378,3150.64,22.9399023893282
-75.16,4.67,88.35198824,821.15354824,555.28449104353,2374.6,32.6405764493979
-75.16,4.72,88.1359848,995.3582648,666.20731123048,2939.8,12.5998686039712
-75.16,4.77,88.16239405,993.38494605,664.95951740705,2933.32,22.0963199995821
-75.16,4.82,88.39182067,840.820340670002,567.830390675715,2438.20000000001,13.2863012317418
-75.16,4.87,88.16168193,961.363897929995,644.555825210026,2829.55999999998,22.4645871286997
-75.16,4.92,88.15614625,916.90761825,616.226800224959,2685.52,22.3145818416856
-75.16,4.97,88.08850972,890.62132572,599.452945621099,2600.56,19.432233949513
-75.16,5.02,88.17367444,744.71400244,506.513420529638,2127.48,15.6493302221045
-75.16,5.07,88.1484358,647.183507800009,444.358983883325,1811.52000000003,8.68671146157139
-75.16,5.12,87.74367357,770.021241569983,522.482885141736,2210.87999999994,16.9628888425107
-75.16,5.17,87.70190762,637.42960362,437.981905596121,1781.36,10.3982063071315
-75.16,5.22,87.32078607,699.94116207,477.675257250601,1985.16,16.5063017266722
-75.16,5.27,86.89717249,767.42189249,520.519490009727,2205.2,21.4380226603062
-75.16,5.32,86.34344782,897.33190381997,603.09571770441,2627.9599999999,26.5805521575849
-75.16,5.37,86.12181459,786.446310590027,532.360315626916,2269.36000000009,25.1367686358783
-75.16,5.42,85.5534198,879.8898198,591.69519619025,2574,17.2482923004006
-75.16,5.47,85.60626026,537.07571626,373.277267714499,1462.96,27.5611718047904
-75.16,5.52,85.30598592,402.01599392,287.109864037244,1026.28,11.1445338022066
-75.16,5.57,84.79659154,380.595863540028,273.276395543741,958.520000000092,16.9404202067101
-75.16,5.62,83.97782617,543.69307416998,376.902954939617,1489.67999999994,18.4594009919379
-75.16,5.67,83.30472357,585.28582757,403.161156805212,1626.64,19.9175264757657
-75.16,5.72,82.5815575,637.3579495,436.078524963978,1797.72,15.695554520157
-75.16,5.77,82.0244847,548.3808047,379.181226145589,1511.2,11.0624558784316
-75.16,5.82,81.40458587,476.461961870012,333.130481932067,1280.16000000004,10.6484717178656
-75.16,5.87,80.4959740300001,584.859470029987,401.870439321821,1634.35999999996,14.5863377370464
-75.16,5.92,79.96386137,395.37774937,280.941867124835,1022.08,15.3107372124244
-75.16,5.97,78.92144921,552.36322521,380.592959570088,1534.16,6.64540809410331
-75.16,6.02,78.17786525,463.05144125,323.414764178852,1247.16,18.1361712099021
-75.16,6.07,77.21477197,512.637027970018,354.660693032788,1410.96000000006,14.1663907194946
-75.16,6.12,76.08753572,666.007295720004,451.977442381852,1911.60000000001,15.6289207814625
-75.16,6.17,75.01695825,753.77648625,507.514516266638,2199.48,4.31898768630536
-75.16,6.22,74.13672557,663.22943757,449.499647010123,1908.92,7.36906928831422
-75.16,6.27,73.12195515,654.26513115,443.419526100685,1883.16,8.52780854316842
-75.16,6.32,72.07447394,646.021097939991,437.786486916545,1859.83999999997,6.05604261604198
-75.16,6.37,71.03036098,607.73513698001,413.012308076691,1739.16000000003,5.57160123337574
-75.16,6.42,69.91683511,602.72090711,409.413299668389,1726.52,7.50683770361192
-75.16,6.47,68.68804949,676.24738549,455.817685731674,1968.76,4.57666914502921
-75.16,6.52,67.55862237,633.56805437,428.213150308184,1834.12,5.14131402106204
-75.11,2.72,67.43334715,785.52085915,524.990232277428,2326.92,10.38484054762
-75.11,2.77,68.28829427,757.71303827,507.581602011598,2234.04,10.8749253412303
-75.11,2.82,69.26882805,597.061236050015,405.571919473753,1710.28000000005,15.3460580502523
-75.11,2.87,70.15699269,526.40357669,360.871929708804,1478.44,20.7544976393204
-75.11,2.92,71.0992146,398.721318599994,279.856151463611,1061.63999999998,15.1279464094745
-75.11,2.97,71.94753902,355.55093902,252.656277366014,919,11.0778397265119
-75.11,3.02,72.7459893000001,350.547709299991,249.757965642847,900.199999999971,11.4413915993158
-75.11,3.07,73.61820267,270.109994670003,198.820452811105,636.720000000011,10.6463828784281
-75.11,3.12,74.43424784,232.23994384,174.986174325982,511.36,4.33237609038186
-75.11,3.17,75.19813457,230.411590570003,174.098316331167,502.960000000009,2.42160967313244
-75.11,3.22,75.94573859,231.80108259,175.254923806834,505.04,3.65874460781472
-75.11,3.27,76.6949218300001,220.897529829997,168.579121236228,467.279999999989,1.74864325521092
-75.11,3.32,77.4018105400001,233.590442539995,176.923362935736,506.119999999984,6.12975857391441
-75.11,3.37,78.14318845,206.59485245,159.991072290201,416.24,9.41771211281907
-75.11,3.42,78.8477491900001,197.584685189999,154.505523037673,384.759999999996,8.78090941578045
-75.11,3.47,79.53085798,193.24378598,151.987393241958,368.48,4.44784005982928
-75.11,3.52,80.20011137,187.025087370009,148.267724934594,346.16000000003,2.85445319107279
-75.11,3.57,80.85020731,182.490703310014,145.614331424963,329.360000000045,5.39344778017756
-75.11,3.62,81.47028644,187.13492644,148.798547603956,342.4,6.92785477702136
-75.11,3.67,82.07441513,189.751127130002,150.684744818458,348.920000000008,2.25159107208189
-75.11,3.72,82.67201665,183.07811265,146.649595657899,325.36,2.26681748605029
-75.11,3.77,83.23535741,186.826205410001,149.242222794103,335.680000000002,0.570484280078233
-75.11,3.82,83.7841141,186.1899381,149.035896181329,331.840000000001,1.08401521985932
-75.11,3.87,84.30618232,189.30424632,151.209709126146,340.24,0.230761673924016
-75.11,3.92,84.81417872,186.812650720001,149.806400916001,330.520000000003,0.618177225290112
-75.11,3.97,85.29019459,190.69561059,152.453281281474,341.56,3.14494729538087
-75.11,4.02,85.72445544,206.942535439999,162.963184952855,392.799999999997,1.85416648958513
-75.11,4.07,86.141581,218.160661,170.262580199592,427.8,1.3685328639318
-75.11,4.12,86.5385291,226.0627611,175.441722550489,452.12,6.00590472464475
-75.11,4.17,86.81746089,295.28293289,219.649198569542,675.52,5.37068089530143
-75.11,4.22,87.1893257,284.903173700003,213.17025549709,640.680000000011,2.61390505895197
-75.11,4.27,87.4746465699999,313.801886570025,231.687691948652,733.400000000081,12.2465713184121
-75.11,4.32,87.77109737,317.15964937,233.934774614134,743.32,2.64839434823309
-75.11,4.37,88.00690946,341.54032546,249.55540899814,821.56,3.75082244262421
-75.11,4.42,88.23648619,351.12665419,255.746997639622,851.88,4.75993929575263
-75.11,4.47,88.41658507,373.525953070019,270.084908446634,923.880000000062,19.8922677631973
-75.11,4.52,88.15119387,662.665641870009,454.225017595803,1861.68000000003,20.0187917965003
-75.11,4.57,88.40681165,596.55991565,412.19597042049,1646.64,22.6274884998869
-75.11,4.62,88.36323027,702.55129427,479.716613736562,1990.24,33.5138088234151
-75.11,4.67,88.53904468,647.77162068,444.875439980449,1812.16,16.3736520070999
-75.11,4.72,88.31808179,826.09427379,558.420361374964,2390.72,23.6725541845768
-75.11,4.77,88.28259064,865.00410264,583.200368352567,2516.92,25.7452977995317
-75.11,4.82,88.47304215,738.64386614998,502.754215487218,2106.83999999993,18.3900710758103
-75.11,4.87,88.44496278,730.567498779993,497.597862019225,2080.75999999998,23.1422420279885
-75.11,4.92,88.40862158,706.21347758,482.066582210235,2001.96,19.6469755770439
-75.11,4.97,88.40215395,641.03068995,440.530532927701,1790.76,21.3391574625247
-75.11,5.02,88.22122173,664.79711773,455.608575784579,1868.36,6.34767811798713
-75.11,5.07,88.09688911,630.146617110003,433.484576520237,1756.48000000001,7.5601622260787
-75.11,5.12,88.02770203,537.534462030029,374.448102764299,1456.60000000009,17.5575328292962
-75.11,5.17,87.72999676,567.96097276,393.727505208893,1556.16,2.82273963693355
-75.11,5.22,87.44119516,569.74596316,394.760099388746,1562.88,9.00333132318772
-75.11,5.27,87.00809298,641.51291698,440.332020520426,1796.84,18.1688626541066
-75.11,5.32,86.6903949699999,615.297506970092,423.512606164459,1712.9200000003,21.7602593711124
-75.11,5.37,86.28771136,620.560719360023,426.7201645958,1731.28000000007,18.8380875198052
-75.11,5.42,85.66473919,747.15501119,507.158531158931,2143.52,18.0951053355159
-75.11,5.47,85.23868788,720.31279988,489.900414557942,2057.92,11.7059221417491
-75.11,5.52,84.95378478,574.15884878,396.669476157187,1585.24,25.0069613139785
-75.11,5.57,84.7546164,343.978616400023,249.929088881681,840.000000000076,12.9549289450256
-75.11,5.62,84.1409280299999,365.781632030037,263.599059655819,912.64000000012,7.40568089984149
-75.11,5.67,83.5087751,375.5431271,269.589616527203,946.32,16.7863599498734
-75.11,5.72,82.71301084,473.49936284,331.717460831648,1266.32,15.1981475066277
-75.11,5.77,81.81600407,619.66877207,424.529438116246,1742.88,4.17603837494872
-75.11,5.82,81.38609756,411.625129560017,291.810510050584,1070.12000000006,13.042900428066
-75.11,5.87,80.63436162,404.244665620031,286.835026885704,1048.6400000001,15.0610266219919
-75.11,5.92,79.87882376,373.54258376,266.997904728517,951.6,4.85582742457501
-75.11,5.97,79.0006031,406.6720831,287.789001767897,1061.8,12.9962126000891
-75.11,6.02,78.154255,390.753711,277.338937910749,1012.96,8.28297930314887
-75.11,6.07,77.09730231,509.347150309982,352.521802447632,1400.67999999994,14.1912780176582
-75.11,6.12,76.0126664000001,627.82649839999,427.621925607038,1788.11999999997,14.5578525010919
-75.11,6.17,74.94834926,708.41774126,478.58756729877,2052.72,11.2433001027719
-75.11,6.22,73.91324998,742.01990598,499.622923722749,2164.96,11.2234416291404
-75.11,6.27,73.16165386,514.60778186,354.445915045208,1430.48,13.5188471075462
-75.11,6.32,72.02198244,580.59478244,396.078566546889,1648,10.1531919940909
-75.11,6.37,70.91543012,594.375094119992,404.457748217974,1696.23999999997,7.36107714500843
-75.11,6.42,69.77749412,610.32125412,414.205596499628,1751.6,3.2435253147593
-75.11,6.47,68.61765269,620.67836469,420.384220918456,1788.92,7.39085115700297
-75.11,6.52,67.53653666,531.09076866,362.907820712573,1502.12,12.7472908300967
-75.06,2.72,66.9411639899998,718.975931990016,482.410020438895,2112.88000000005,8.05185899194202
-75.06,2.77,67.7191339199999,788.374197919979,526.91203287009,2335.23999999993,3.24957803838471
-75.06,2.82,68.5783517099997,763.298671710056,511.245937960902,2251.20000000018,17.2398557109814
-75.06,2.87,69.4791535999996,689.567649600089,464.592222678344,2009.36000000029,24.1537983701763
-75.06,2.92,70.4869747399997,506.575806740066,348.357630160629,1413.12000000022,18.0047010192435
-75.06,2.97,71.3445748199996,465.648966820093,322.590678366815,1277.7200000003,15.8952535090084
-75.06,3.02,72.1666760599999,450.028860060003,312.935998780778,1224.44000000001,8.42176301353963
-75.06,3.07,73.03307236,385.052360359997,271.848079070431,1011.07999999999,14.3828799170667
-75.06,3.12,73.92357141,291.252035410005,212.402702958204,704.240000000015,11.9181954505628
-75.06,3.17,74.73052188,263.433249880003,194.969672395584,611.480000000009,6.83929633537416
-75.06,3.22,75.4785589999999,276.105591000002,203.31573524974,650.120000000007,4.12014565812422
-75.06,3.27,76.2802818199997,232.123281820029,175.581601585782,505.000000000095,3.28280164240078
-75.06,3.32,76.9242351899999,308.05329118999,224.196941035075,748.959999999967,7.43136239386416
-75.06,3.37,77.5882620999999,353.316190099992,253.278842662994,893.479999999975,7.89114963892481
-75.06,3.42,78.3046156999997,343.095759700044,247.026406614515,858.040000000143,14.001880458505
-75.06,3.47,79.0795923899997,274.608552390056,203.668337347635,633.600000000181,13.2493231971495
-75.06,3.52,79.8501635399998,198.796947540032,155.641650055894,385.440000000104,8.01121925896064
-75.06,3.57,80.5224387699997,186.668494770045,148.157452525735,343.960000000145,4.7800498146273
-75.06,3.62,81.1677042799997,181.475048280015,145.082359679344,325.040000000049,1.19737188221337
-75.06,3.67,81.7900579299999,179.36937793,143.966448642742,316.200000000001,0.625088076108241
-75.06,3.72,82.3892739199998,179.869841920002,144.502741024178,315.880000000007,0.198318454482427
-75.06,3.77,82.9656981,182.1127061,146.141001098702,321.279999999999,0.429048048947298
-75.06,3.82,83.5277953499999,179.50239535,144.681677423569,311,0.623857062681577
-75.06,3.87,84.0550447099998,186.139924709995,149.102325063491,330.799999999983,0.698320950752158
-75.06,3.92,84.5743477799998,182.499299779999,146.970971122716,317.319999999997,0.48641431564699
-75.06,3.97,85.0566755699999,188.412987569999,150.914097383761,334.919999999997,0.99439096013926
-75.06,4.02,85.5099582699999,197.704574269998,156.999043050278,363.559999999994,1.53811661174525
-75.06,4.07,85.9380328299999,207.217832829995,163.216089598205,392.999999999985,1.79494349590334
-75.06,4.12,86.3451339899999,213.648805989997,167.461530880637,412.51999999999,1.84124671319294
-75.06,4.17,86.7177731699999,225.600117169996,175.211963164818,450.039999999988,6.47413949052056
-75.06,4.22,87.0072314299999,274.722439429967,206.617145859917,608.279999999894,4.71776829056152
-75.06,4.27,87.33973155,276.94357154999,208.153059993727,614.399999999966,5.13287107931333
-75.06,4.32,87.6006010199999,307.632401019992,227.802266352647,712.999999999973,2.28585474292179
-75.06,4.37,87.8753311599999,310.375931159994,229.65008670676,720.999999999979,3.24866438282441
-75.06,4.42,88.11445808,317.19441008,234.08149904737,742.319999999999,3.74813558722842
-75.06,4.47,88.32945156,320.260867560012,236.113411724676,751.56000000004,10.3074690553588
-75.06,4.52,88.28638263,469.283942629993,331.053529922692,1234.59999999998,23.9425295899124
-75.06,4.57,88.41981621,484.600496209948,340.861468319447,1283.79999999983,16.7378653152362
-75.06,4.62,88.55202583,480.498713829983,338.295828222269,1270.07999999995,18.1666168000222
-75.06,4.67,88.51325985,564.979315849974,392.111805722357,1543.95999999992,14.7676168690571
-75.06,4.72,88.44714397,645.97624796993,443.698107022667,1806.63999999977,21.7711918043299
-75.06,4.77,88.61799442,554.937282419981,385.751139512365,1511.07999999994,23.5183887702651
-75.06,4.82,88.6187265,551.012622499899,383.250658151876,1498.35999999967,21.1409715107967
-75.06,4.87,88.56387097,560.857654970001,389.503894380527,1530.44,17.0937680573583
-75.06,4.92,88.44794912,587.701029119993,406.566117668615,1617.79999999998,13.4293831129394
-75.06,4.97,88.44228818,522.444984180014,364.983682369672,1406.36000000005,8.95080565733534
-75.06,5.02,88.12178463,635.146144629959,436.679248821643,1772.59999999987,10.9580077286053
-75.06,5.07,87.97608065,614.126736649952,423.233067081329,1704.95999999984,13.2241359100292
-75.06,5.12,87.9846840899999,471.623860090027,332.435037911813,1243.16000000009,2.27291646666133
-75.06,5.17,87.53315377,600.241193769915,414.22466398547,1661.39999999972,7.60939186979944
-75.06,5.22,87.3064107899999,561.760394789959,389.622888137847,1537.43999999987,9.29400943978367
-75.06,5.27,87.1481934099999,455.221585410018,321.680213431837,1192.72000000006,9.88687971519094
-75.06,5.32,86.6877584,520.134974399955,362.875207291459,1404.55999999986,9.82650524056926
-75.06,5.37,86.3422160599998,486.744544060039,341.473852435635,1297.48000000013,5.88231807631723
-75.06,5.42,85.7641797399999,581.721411739984,401.78227285277,1607.11999999995,14.2910710006602
-75.06,5.47,85.20075018,644.087694179936,441.316912850433,1811.03999999979,16.0304861928019
-75.06,5.52,84.73085514,620.176543139945,425.910526227453,1735.07999999982,13.5712255681654
-75.06,5.57,84.4171862699999,465.809754270011,327.436027996962,1235.88000000003,13.5476045686924
-75.06,5.62,83.9048619999999,418.958054000008,297.396800408095,1085.72000000003,10.5806259494429
-75.06,5.67,83.4393352699999,314.099319270039,230.413153974426,747.440000000127,6.52763141307415
-75.06,5.72,82.4663396,533.330939599987,369.751939952033,1460.99999999996,16.1144117126685
-75.06,5.77,81.70288362,585.387459619951,402.644749102918,1632.15999999984,12.5020112918941
-75.06,5.82,81.2290820699999,406.913178070018,288.751143115549,1055.36000000006,14.923303572693
-75.06,5.87,80.5776246999999,326.359008700028,237.186620965849,796.44000000009,5.54284754774229
-75.06,5.92,79.7979236999999,311.223235699991,227.25940037077,749.919999999972,4.73731456940032
-75.06,5.97,78.94015993,327.412535930002,237.263824529214,805.160000000005,2.8482534265505
-75.06,6.02,78.0251627099999,361.110114710037,258.403552111074,917.320000000122,9.43633833730361
-75.06,6.07,77.0195700999999,439.254250100006,307.831231765456,1173.80000000002,8.67679991392382
-75.06,6.12,75.9960376999999,508.12244570002,351.341883326951,1400.28000000006,9.31915040889133
-75.06,6.17,74.92105894,594.504706939953,405.993625401794,1683.67999999985,18.9914680094307
-75.06,6.22,73.82087249,678.763280489947,459.283033104682,1960.27999999983,11.9468901127605
-75.06,6.27,73.0276109799999,484.588914980011,335.2696151234,1333.64000000004,11.298074904021
-75.06,6.32,71.9608976799999,488.212921679965,337.191773230181,1348.83999999989,8.80245901442619
-75.06,6.37,70.87394095,483.274636950005,333.650795766194,1336.36000000002,8.37937294285121
-75.06,6.42,69.67422432,552.386344319975,377.252688434059,1564.19999999992,9.28543099624109
-75.06,6.47,68.4991766799999,576.29430467996,392.060237369418,1645.47999999987,6.47833553871983
-75.06,6.52,67.39902368,504.783975679984,346.095551462985,1417.31999999995,9.51067416446635
-75.01,2.72,66.2898817999999,774.082497799955,517.286980734556,2293.55999999986,8.20142760487626
-75.01,2.77,67.1923820899996,724.48569409003,486.011920694961,2129.9200000001,6.59844350553521
-75.01,2.82,67.8920372299999,880.682717229966,585.792662970709,2633.79999999989,8.17138140954938
-75.01,2.87,68.74985277,860.037284769984,572.948862745812,2564.11999999995,18.2148319029633
-75.01,2.92,69.8219179299998,619.203981930051,419.881683276178,1780.24000000017,18.8755251831456
-75.01,2.97,70.63972521,626.502389209989,424.82885236818,1801.23999999996,17.8669685552095
-75.01,3.02,71.6164975399998,473.907457540064,327.951547929446,1303.60000000021,15.3530744874876
-75.01,3.07,72.4343715599998,464.615595560033,322.327617522641,1270.84000000011,12.7430551126337
-75.01,3.12,73.30127254,401.157912540001,282.207652973956,1062.4,21.7051934438474
-75.01,3.17,74.1463958199998,348.837427820054,249.176278493107,890.120000000175,16.9479943809181
-75.01,3.22,74.98044235,297.098378350002,216.511368913578,719.760000000005,11.5610880795557
-75.01,3.27,75.7764931399998,268.096013140003,198.320220819258,623.200000000011,2.43869096175432
-75.01,3.32,76.5137294299998,277.264201430029,204.429560190463,650.520000000093,5.20259886421088
-75.01,3.37,77.17101888,339.345234880002,244.225334167531,849.560000000006,9.46491694833741
-75.01,3.42,77.7767357599999,428.445087759988,301.218469772334,1136.31999999996,4.99572946422012
-75.01,3.47,78.54359077,373.898478769998,266.740238535182,957.079999999995,11.1105609111972
-75.01,3.52,79.3255723299999,296.098556330022,217.45075858004,702.440000000072,11.326790261456
-75.01,3.57,80.0331252599998,264.242637260054,197.409251585935,596.920000000175,16.5192836541962
-75.01,3.62,80.75673213,207.258044130002,161.361874701055,409.920000000008,7.41378119943507
-75.01,3.67,81.4242969799999,179.312216980011,143.797323969512,317.200000000036,2.20684436511033
-75.01,3.72,82.02992952,182.917441519999,146.31426111965,326.919999999998,0.212635170325404
-75.01,3.77,82.6240873899999,179.734335389998,144.501590962059,314.679999999995,0.585220752232594
-75.01,3.82,83.1966478499999,176.73947985,142.80103606267,303.120000000001,0.19543125248978
-75.01,3.87,83.74105033,178.04921033,143.833096509044,305.6,0.631230504570835
-75.01,3.92,84.2627728999999,179.1757889,144.740226181501,307.559999999999,0.503349475401883
-75.01,3.97,84.75578358,183.80403958,147.868162970138,320.96,0.862882489300219
-75.01,4.02,85.2238907999999,188.728330799998,151.175698026607,335.399999999992,1.13683365548326
-75.01,4.07,85.66935615,191.92650815,153.375158965342,344.320000000001,1.50573682844612
-75.01,4.12,86.0810685599998,200.460572559993,158.962338179763,370.639999999977,1.51895501471497
-75.01,4.17,86.4776631999998,201.289207199999,159.634223607237,372.039999999999,2.03385229123483
-75.01,4.22,86.8179022999999,221.490942299996,172.629973479758,436.399999999986,4.26729873638921
-75.01,4.27,87.1456805299999,231.311256530009,179.006283583024,467.160000000029,4.66065487902843
-75.01,4.32,87.36052285,296.344442849995,220.522609474502,677.199999999983,4.59132850528051
-75.01,4.37,87.6605158099998,286.226099810014,214.184161730965,643.440000000046,0.554205739932351
-75.01,4.42,87.9141105299998,287.059862529991,214.807432651267,645.31999999997,2.58481188546802
-75.01,4.47,88.1514333799999,278.853889379994,209.664786969009,617.95999999998,3.83562627276485
-75.01,4.52,88.3422425499999,280.74817054999,210.941028386743,623.479999999969,13.323264763841
-75.01,4.57,88.46455656,306.299124560005,227.266171602097,705.880000000016,16.9773412935502
-75.01,4.62,88.45157905,397.619403049898,285.449666563069,1001.83999999967,16.2542986547635
-75.01,4.67,88.46409431,451.612230309873,319.857799354593,1176.75999999959,18.089105759599
-75.01,4.72,88.53332374,448.311547739892,317.779760642343,1165.83999999965,21.4682172505678
-75.01,4.77,88.53323441,467.852010409879,330.230680357024,1229.15999999961,16.0187072357543
-75.01,4.82,88.6814830299999,371.717059029976,269.028410626753,917.159999999921,13.7306011486851
-75.01,4.87,88.5423957599999,436.137091759937,310.025632455734,1126.3599999998,14.0639511259173
-75.01,4.92,88.4068188799999,476.354050879927,335.602215125373,1257.11999999976,13.3643122262708
-75.01,4.97,88.27320745,493.094687449911,346.220675308813,1311.79999999971,9.86073950596513
-75.01,5.02,88.12294208,497.943742079892,349.255917622375,1327.99999999965,17.7013627480567
-75.01,5.07,87.9904068499999,468.716398849953,330.584514219115,1233.71999999985,13.1527501980137
-75.01,5.12,87.7257299399999,500.867065939932,350.97451182038,1338.75999999978,4.22919443796394
-75.01,5.17,87.5218381099999,470.938822109932,331.830613812483,1242.43999999978,14.136700275733
-75.01,5.22,87.19158261,498.740542609909,349.425721302264,1333.5999999997,11.7148238436627
-75.01,5.27,86.9044168099999,475.184936809963,334.312180234301,1258.19999999988,3.71500747100076
-75.01,5.32,86.5862417699999,447.672929769979,316.666416485877,1170.07999999993,7.75648822405757
-75.01,5.37,86.04959478,538.741106779889,374.499281890413,1466.91999999964,8.96954563126641
-75.01,5.42,85.59205436,554.540614359879,384.400540530328,1519.59999999961,13.0044931116911
-75.01,5.47,85.2871728599999,444.682732859941,314.289780779187,1164.59999999981,19.1018576876522
-75.01,5.52,84.8154020899999,420.164850089932,298.49611132374,1086.67999999978,18.2900988526564
-75.01,5.57,84.20143133,466.235887329904,327.629276512562,1237.95999999969,9.000129186006
-75.01,5.62,83.61490283,469.451310829908,329.465306942296,1250.2799999997,7.48390761017262
-75.01,5.67,83.1401772999999,370.706001299982,266.37372543965,931.839999999941,4.15677622455279
-75.01,5.72,82.44369086,398.573530859905,283.877892776867,1024.39999999969,17.1627654155685
-75.01,5.77,81.68747716,443.625901159911,312.310367999702,1172.83999999971,16.0076597119028
-75.01,5.82,80.9907511199999,421.820935119966,298.163720629087,1104.43999999989,3.24998174583634
-75.01,5.87,80.2492072099999,406.081431209949,287.865653668352,1055.83999999984,7.54155953049535
-75.01,5.92,79.6070064099998,291.491766410004,214.617474036088,686.600000000013,2.54821025512873
-75.01,5.97,78.6041094799999,415.286709479943,293.134287429366,1090.99999999982,12.5997389024033
-75.01,6.02,77.60823697,512.030628969876,354.417056495982,1407.7199999996,3.56906813965668
-75.01,6.07,76.7627206899999,470.25240868994,327.489704466061,1275.07999999981,5.89742251595884
-75.01,6.12,75.69245696,577.192144959893,395.242137603392,1625.07999999965,4.87581206239834
-75.01,6.17,74.9180968399998,425.40128884004,298.241849086309,1135.72000000013,7.99342754067611
-75.01,6.22,73.74479756,566.776501559891,387.89877876899,1597.63999999965,15.1121180258525
-75.01,6.27,72.8326148199999,470.334102819989,326.115870194023,1288.07999999996,8.33078169608903
-75.01,6.32,71.8212877299999,427.982719729983,298.763147468728,1154.11999999994,5.61152593214843
-75.01,6.37,70.6885448299999,463.289464829987,320.849216129011,1272.19999999996,3.5692409840362
-75.01,6.42,69.5519321399999,477.718636139973,329.630937238972,1322.63999999991,7.73467239192603
-75.01,6.47,68.3579729599999,519.518828959953,355.832344137705,1461.95999999985,7.12245046563109
-75.01,6.52,67.25673775,450.216993749982,311.274491762904,1240.95999999994,10.5100820980321
-74.96,2.72,65.78674398,616.26742398,416.546534471425,1783.8,20.5707911348584
-74.96,2.77,66.53670738,748.65380338,501.173668087829,2210.36,10.9112679358841
-74.96,2.82,67.3452251699999,804.244993170005,536.889057728958,2387.88000000002,7.84552236023109
-74.96,2.87,68.13233505,870.82562305,579.599021815016,2601.08,5.43625349176999
-74.96,2.92,69.1038789799997,738.926350980061,495.906850421594,2170.5200000002,18.242091047264
-74.96,2.97,69.93632223,741.14132223,497.620224191458,2175,16.2514041936304
-74.96,3.02,70.84150601,663.57569801,448.524735515936,1920.72,17.343675157348
-74.96,3.07,71.7300876999998,595.029279700028,405.170154934079,1695.72000000009,11.8483604566222
-74.96,3.12,72.47497541,650.92715941,441.057878027304,1874.44,15.5255758971025
-74.96,3.17,73.3908514899999,539.759515490021,370.555458386673,1511.24000000007,22.6769232163415
-74.96,3.22,74.26237802,460.97521002,320.671229158364,1253.12,19.2826214434891
-74.96,3.27,75.25394062,270.573052620002,199.708972909402,632.920000000005,6.29064237324488
-74.96,3.32,75.9038888799998,363.370960880017,259.074513411108,931.520000000055,11.3187428567743
-74.96,3.37,76.58141209,417.62144409,293.888094267309,1105.12,10.9744232233139
-74.96,3.42,77.3009712399997,422.883595240056,297.502139411309,1119.84000000018,8.80874589041897
-74.96,3.47,78.01814744,416.66344344,293.798932109621,1097.36,4.67188867405864
-74.96,3.52,78.77809191,363.344323910002,260.100335439518,922.120000000006,7.90658188328071
-74.96,3.57,79.32881366,460.252309659998,322.048768246273,1234.35999999999,7.67086371830776
-74.96,3.62,80.21994636,279.58789036,207.254846600543,646.04,15.2772596890573
-74.96,3.67,80.9513435599998,210.057239560032,163.216096306961,418.360000000103,9.03228453389708
-74.96,3.72,81.6162004,176.7884404,142.258828153983,308.4,2.85617843043841
-74.96,3.77,82.21952194,173.99716194,140.699150649581,297.4,0.916027044846793
-74.96,3.82,82.7935586999998,176.694366700004,142.626044993718,304.280000000012,0.583902844417512
-74.96,3.87,83.3497301,176.0161381,142.395671286661,300.28,0.32457047174952
-74.96,3.92,83.8805245399999,176.85553254,143.123102003424,301.279999999999,0.283253235283425
-74.96,3.97,84.38729922,177.70793922,143.8501093134,302.4,0.634046169643484
-74.96,4.02,84.8667960399999,180.322948039999,145.690329168606,309.319999999998,0.835708009966735
-74.96,4.07,85.31858848,184.45325248,148.486026027632,321.24,0.91825027755782
-74.96,4.12,85.7427707,189.5187787,151.867617850161,336.28,1.2185564307326
-74.96,4.17,86.13515247,197.84835247,157.317484658528,362,1.28617800943973
-74.96,4.22,86.49794161,207.444453610001,163.563631199304,391.920000000005,3.42422351583884
-74.96,4.27,86.7874838899999,246.753379889986,188.71586431332,518.359999999955,3.83586712139085
-74.96,4.32,87.10179891,250.28947891,191.083062062744,528.8,5.2406516235112
-74.96,4.37,87.30512519,307.15176519,227.388808756594,712.4,1.52828934791807
-74.96,4.42,87.61698852,273.18434052,205.858314463662,601.32,3.18230918091311
-74.96,4.47,87.87559354,254.235681540003,193.878277617879,539.080000000009,1.90901446054459
-74.96,4.52,88.0961675399999,239.840959539999,184.786157550339,491.719999999997,3.37927302502836
-74.96,4.57,88.30282662,214.08818662,168.451773028961,407.6,6.14974585694982
-74.96,4.62,88.39878468,238.53885668,184.066266051167,486.52,12.4750628514676
-74.96,4.67,88.47382792,255.20423592,194.712475529994,540.28,14.8623818535732
-74.96,4.72,88.51238248,273.75879048,206.549206695827,600.28,14.7282072492751
-74.96,4.77,88.52426637,287.68236237,215.425453942343,645.36,14.9837423769613
-74.96,4.82,88.48082688,314.931506879985,232.772526769332,733.799999999952,9.7333488388023
-74.96,4.87,88.4057445,340.22334449997,248.860946339314,815.999999999904,14.5992710991395
-74.96,4.92,88.29974571,362.89202571,263.266704774508,889.8,17.2585361431596
-74.96,4.97,88.20987433,352.80351433,256.805818027358,857.4,17.2713186211973
-74.96,5.02,88.10584062,328.96196862,241.57652190868,780.48,17.9337100574815
-74.96,5.07,87.83895311,385.983585109966,277.813192817107,966.11999999989,15.5946066363759
-74.96,5.12,87.60580603,398.477102029976,285.689325790855,1007.35999999992,15.7780819593937
-74.96,5.17,87.42340635,355.00429435,257.922789206433,867.08,12.2639190345849
-74.96,5.22,87.13082422,358.61241622,260.115689614728,879.72,12.7785564824891
-74.96,5.27,86.71794164,416.33977364,296.749081577045,1068.12,10.1447174882826
-74.96,5.32,86.38071335,401.288497349982,287.036235610931,1020.43999999994,8.60600138195314
-74.96,5.37,86.02660603,372.888822029989,268.811823458633,929.559999999964,13.5174972371139
-74.96,5.42,85.58599614,376.74392414,271.108390541194,943.48,16.1672071823661
-74.96,5.47,85.16790661,341.08371461,248.234438204758,829.28,10.4847378129811
-74.96,5.52,84.7148843,303.4875963,224.114273623456,708.92,8.2329816126599
-74.96,5.57,84.14743795,317.486069949995,232.828059536708,756.119999999983,10.8170828424849
-74.96,5.62,83.54351242,331.485096419995,241.528962623176,803.439999999984,9.64186013877612
-74.96,5.67,82.93259231,325.33172031,237.386454982499,785.48,5.85960363954513
-74.96,5.72,82.39265799,244.34593799,185.587376035689,524.8,7.78218103220584
-74.96,5.77,81.60733323,308.56411723,226.221516613234,735.44,10.3735695973079
-74.96,5.82,80.79837799,365.697897989986,262.332988698413,923.199999999956,8.92240532112405
-74.96,5.87,80.07887127,333.957919270001,241.847603438117,822.680000000004,7.00795585993453
-74.96,5.92,79.36966288,268.02301488,199.5773515913,611.32,3.86457100728249
-74.96,5.97,78.45358067,328.14801267,237.555924925198,809.12,5.93346610430385
-74.96,6.02,77.58206393,330.55999993,238.776618169965,819.76,12.3551826961182
-74.96,6.07,76.6424566,359.492872599995,256.871402430706,916.559999999983,10.5041563720855
-74.96,6.12,75.60897999,437.164739989985,305.988041846563,1171.59999999995,12.9213219368383
-74.96,6.17,74.61963714,456.44424514,317.913769654424,1237.28,1.39029699967667
-74.96,6.22,73.66720735,420.26203935,294.513342509059,1123.12,11.9148552037562
-74.96,6.27,72.60693635,446.55607235,310.88291108141,1211.76,5.65658606288517
-74.96,6.32,71.61299517,391.384315170003,275.367505152743,1036.20000000001,0.939113927140352
-74.96,6.37,70.46222776,444.707619759988,308.926973317096,1212.71999999996,5.76808678770745
-74.96,6.42,69.36143705,430.00374105,299.158455527351,1168.64,5.39702778308758
-74.96,6.47,68.18724702,456.25791902,315.461297776125,1257.52,7.45316607172769
-74.96,6.52,67.08810605,387.32849805,271.141503173423,1037.72,10.1535373604624
-74.91,2.72,65.16749685,535.23936085,364.691739067826,1523.24,24.7399505353971
-74.91,2.77,65.861898,745.905202,499.177462927976,2203.64,19.6906564593805
-74.91,2.82,66.6629152,822.300875199972,548.14650248404,2448.59999999991,14.8923229987951
-74.91,2.87,67.42266032,930.00903632,617.052515679351,2795.16,5.29524220167854
-74.91,2.92,68.29280724,909.49937523999,604.299701345143,2725.87999999997,15.6435795687779
-74.91,2.97,69.14421578,899.45103178,598.205916589848,2690.56,10.7586851843897
-74.91,3.02,70.1397023000001,738.703086299989,496.140397732352,2166.43999999996,15.718757825868
-74.91,3.07,71.03556939,670.682401389997,453.123451495446,1943.11999999999,8.7278324065254
-74.91,3.12,71.85557711,665.89823311,450.372544429415,1924.96,2.26753400336109
-74.91,3.17,72.62633046,695.245346459974,469.351817007735,2017.55999999992,9.51095817230094
-74.91,3.22,73.63468067,499.28048867,344.851164484896,1379.28,21.6968411179382
-74.91,3.27,74.62005727,320.092841270034,231.032417259089,795.44000000011,19.4542297914719
-74.91,3.32,75.28708839,407.896168389989,287.221667486112,1077.79999999997,11.5668448837876
-74.91,3.37,75.90551959,520.77093559,359.368510721752,1441.56,10.1775175346124
-74.91,3.42,76.5658384700001,581.990918469978,398.616732553883,1637.79999999993,10.7021518825141
-74.91,3.47,77.46827146,430.64245546,302.506692039665,1144.44,13.3539893583055
-74.91,3.52,78.17539541,426.646515410001,300.217079131784,1129.2,8.96040944994278
-74.91,3.57,78.9325961800001,369.214100180012,263.896543555192,940.64000000004,7.21813286310548
-74.91,3.62,79.68793389,300.46037389,220.361526286886,715.4,11.2087868558009
-74.91,3.67,80.3374601900001,299.233612189987,219.815504024154,709.319999999959,10.2868447518237
-74.91,3.72,81.07297008,218.33825008,168.536785984578,444.8,6.58064702063526
-74.91,3.77,81.7107576200001,196.139637619997,154.623489044048,370.799999999989,2.28113957738723
-74.91,3.82,82.3093400800001,187.023492079998,149.031961511522,339.319999999994,6.02427124519149
-74.91,3.87,82.89233795,172.95416195,140.278668960773,291.84,4.80046182747411
-74.91,3.92,83.42916734,175.293215340001,141.963854207075,297.680000000003,0.40823305124513
-74.91,3.97,83.94678127,174.02094927,141.340977731844,291.88,0.31806277602079
-74.91,4.02,84.43385776,176.61884976,143.173046354909,298.72,0.556810782083016
-74.91,4.07,84.89443232,179.69635232,145.301096541867,307.2,0.714084556829021
-74.91,4.12,85.32539656,184.87975656,148.760259444031,322.6,0.860500038449185
-74.91,4.17,85.73077125,188.92661125,151.485942199844,334.4,1.07318976475943
-74.91,4.22,86.11499339,188.434409390001,151.311717313836,331.560000000004,1.70485858860918
-74.91,4.27,86.48129474,180.912894740008,146.651995429755,306.000000000025,4.15432155507816
-74.91,4.32,86.73484687,228.78959887,177.250457789953,460.32,7.24172381098265
-74.91,4.37,86.92284656,299.65934256,222.476030309954,689.36,7.50080826192388
-74.91,4.42,87.17953743,304.87832143,225.894632510318,705.44,4.88185986539088
-74.91,4.47,87.45773356,275.888893559992,207.523844152026,610.599999999975,3.85395775989328
-74.91,4.52,87.71860936,238.00680936,183.480476144014,487.000000000001,4.38133712717694
-74.91,4.57,87.94830583,199.88369783,159.272216137798,362.72,3.35884236837323
-74.91,4.62,88.10916683,185.26879083,150.018132206343,314.84,3.84615094298637
-74.91,4.67,88.19691935,196.26863935,157.058943472714,350.2,4.2225918046228
-74.91,4.72,88.27017472,194.94702272,156.243402871741,345.68,6.19979199332479
-74.91,4.77,88.28163445,211.24021845,166.629392563804,398.44,6.38122339055844
-74.91,4.82,88.28385672,211.341192719998,166.694538442367,398.759999999993,7.38874393749682
-74.91,4.87,88.28874548,187.47278548002,151.487644831927,321.400000000065,9.82807094164594
-74.91,4.92,88.23685785,177.22475385,144.938894617635,288.36,11.1385077196005
-74.91,4.97,88.10453917,195.41093117,156.478905326339,347.72,9.10095601989728
-74.91,5.02,87.97549223,188.56674823,152.071053003957,325.96,8.62806105885964
-74.91,5.07,87.77023839,207.173750390021,163.852746595497,386.920000000068,12.208612827918
-74.91,5.12,87.52360822,228.961160220001,177.645946586426,458.320000000002,9.56796428735468
-74.91,5.17,87.22282766,262.08793166,198.64480752549,566.64,7.14132246965395
-74.91,5.22,86.90037838,285.63877838,213.534140615944,644,8.66386907760135
-74.91,5.27,86.54854277,304.45717477,225.397350518517,706.12,12.5192259827463
-74.91,5.32,86.18775297,305.096248969997,225.67366225523,709.359999999991,12.2320956957015
-74.91,5.37,85.7899751,305.6489591,225.881524117665,712.44,9.77973002439995
-74.91,5.42,85.40080581,275.95513381,206.819773986166,617.48,10.9427314562005
-74.91,5.47,84.92552244,278.45475444,208.24006432417,627.12,8.36643471334436
-74.91,5.52,84.415267,279.573907,208.768048425483,632.4,5.27171756567787
-74.91,5.57,83.86804184,280.705465839993,209.290524611074,637.839999999978,6.08004306768031
-74.91,5.62,83.25380562,302.495589619996,222.952082084135,710.439999999987,5.29702764750689
-74.91,5.67,82.6109598,319.1960638,233.360195018268,766.64,5.8371476625981
-74.91,5.72,82.03388687,264.89790287,198.55267902921,592.56,1.17093945187716
-74.91,5.77,81.27867935,309.70439935,226.82885141063,740.2,2.46814307169355
-74.91,5.82,80.60848976,269.150745759997,200.745389411664,610.95999999999,7.99725188221961
-74.91,5.87,79.7553494300001,334.560197429986,242.113990428399,825.679999999954,8.67741575394719
-74.91,5.92,78.92594443,358.60395243,257.133469335577,906.28,1.46531961114091
-74.91,5.97,78.1295343,332.8356303,240.425251689843,825.36,4.22780559144918
-74.91,6.02,77.30738261,299.94376661,219.16865811854,721.44,0.894814820028591
-74.91,6.07,76.37975406,321.55628205999,232.603343223368,794.479999999968,7.41439094935564
-74.91,6.12,75.38043983,374.487903830004,265.968184720634,969.240000000013,7.4241820075241
-74.91,6.17,74.37358262,409.58724662,287.967771892007,1086.24,5.60682421635281
-74.91,6.22,73.43947118,360.48684718,256.342670374699,930.16,5.07911527949641
-74.91,6.27,72.39350758,377.10514758,266.552167256664,987.4,5.53947236004086
-74.91,6.32,71.29659033,412.27490232999,288.56394525195,1104.91999999997,2.57149494784743
-74.91,6.37,70.25973629,370.613944290001,261.641891738758,973.280000000004,6.75396588360361
-74.91,6.42,69.12983151,384.86466351,270.31233899267,1023.12,4.43679031582684
-74.91,6.47,67.97416398,398.05272398,278.296325606655,1069.6,4.66155273122641
-74.91,6.52,66.86577456,341.69259056,241.982177194849,890.56,6.75034129681448
-74.86,2.72,64.437426,531.29985,361.916650939482,1512.84,8.72558874965448
-74.86,2.77,65.30213185,563.80222785,382.940507883315,1615.36,5.37695812029401
-74.86,2.82,66.1330149200001,623.834934920042,421.494094287726,1807.20000000013,16.2125456386477
-74.86,2.87,66.80393116,844.54999516,562.374541311423,2520.24,23.856601137982
-74.86,2.92,67.5089633200002,1009.68945131998,667.855247182282,3053.07999999994,9.3652870908586
-74.86,2.97,68.54127088,820.93275888,547.956244532502,2438.08,11.5625037503329
-74.86,3.02,69.38954807,815.781852069965,544.98191250219,2418.63999999989,5.55156615772675
-74.86,3.07,70.31077701,729.30756101,490.215747862679,2135.44,11.1622562737172
-74.86,3.12,71.18398029,681.73056429,460.217055690748,1978.44,11.7453741080328
-74.86,3.17,72.1461724299999,542.37850843004,371.772665511769,1523.76000000013,16.0424030376556
-74.86,3.22,73.09647308,408.42123308,286.761451411642,1086.6,6.60275629256421
-74.86,3.27,73.6763111300001,596.802687129967,407.006262049053,1695.15999999989,25.8660512555421
-74.86,3.32,74.7184948799999,362.592918880062,258.148679296465,932.840000000201,14.2394346655048
-74.86,3.37,75.38229162,447.26997962,312.344736022627,1205.08,16.5694596150102
-74.86,3.42,75.9613839300001,586.682039929982,401.386556523154,1654.95999999994,15.8332297671574
-74.86,3.47,76.6820413,590.6738573,404.191558426863,1665.56,8.22567602361287
-74.86,3.52,77.4927043100001,507.360160309984,351.399172391016,1392.95999999995,12.3975077768095
-74.86,3.57,78.2304631900001,470.424031189986,328.131574603682,1270.87999999995,16.6671799863522
-74.86,3.62,78.91403203,462.20757603,323.14415322182,1242.04,11.6637259833543
-74.86,3.67,79.6872685,369.820644499979,264.556830462324,940.159999999932,13.4206474163855
-74.86,3.72,80.50786944,228.84571744,175.026994954866,480.68,10.1149379203634
-74.86,3.77,81.1625286399999,199.825400640011,156.773109781257,384.520000000035,4.05963827174873
-74.86,3.82,81.6484246100001,279.448680609983,207.684412564571,640.959999999945,4.19902303127105
-74.86,3.87,82.24584782,259.20943182,195.004954367484,573.44,6.07945290133969
-74.86,3.92,82.8963591,184.302319100008,147.511039644619,328.600000000025,9.16753039987772
-74.86,3.97,83.43513254,173.06491654,140.546172763304,290.44,7.94693763037471
-74.86,4.02,83.93243693,173.438780930008,140.964822642603,290.040000000025,2.67840194152278
-74.86,4.07,84.40030859,176.19029259,142.887802750651,297.44,1.62466647861137
-74.86,4.12,84.84180731,178.65620731,144.619235446222,304,0.269430607299433
-74.86,4.17,85.25724446,180.15791646,145.726832290431,307.52,0.507615871211482
-74.86,4.22,85.6479981700001,179.326614170002,145.338906344447,303.560000000006,1.05750082164843
-74.86,4.27,85.99641746,187.612225459997,150.744810672812,329.279999999992,1.79763661508864
-74.86,4.32,86.2953293,209.1675053,164.58802925631,398.16,2.64987431747069
-74.86,4.37,86.60723156,201.93722356,160.094140912201,373.72,3.95018820450111
-74.86,4.42,86.89245965,192.17443565,153.976891830768,341.16,5.49515641630564
-74.86,4.47,87.0491785800001,246.200370580006,188.458439232676,515.720000000018,5.85554015859891
-74.86,4.52,87.2509710600001,249.574571059997,190.681652637804,525.999999999991,4.59590415515784
-74.86,4.57,87.51908775,188.87567175,152.102306490332,328.44,4.64301481263294
-74.86,4.62,87.68680724,172.29258324,141.596608877588,274.16,1.39184431226813
-74.86,4.67,87.77890353,182.97583153,148.437262186124,308.48,2.07998881952127
-74.86,4.72,87.87757494,167.58278294,138.664792502577,258.28,2.1292510782326
-74.86,4.77,87.9008936,178.5181976,145.641169908948,293.64,3.13573377702713
-74.86,4.82,87.88966354,189.258591540002,152.480747731404,328.480000000008,2.63407054202549
-74.86,4.87,87.8847609099999,173.403992909997,142.376605926807,277.119999999991,1.95866936188764
-74.86,4.92,87.82480259,170.03584259,140.2087067199,266.4,1.42975787374663
-74.86,4.97,87.6838176,195.5703776,156.427859956656,349.6,1.59411451755112
-74.86,5.02,87.57084267,179.99037067,146.459474835249,299.48,1.46339263803797
-74.86,5.07,87.3999017999999,178.190021799999,145.250294423936,294.199999999998,4.02338277017074
-74.86,5.12,87.0906287,241.909076699992,185.739116026902,501.679999999973,3.86071333380839
-74.86,5.17,86.83910004,244.85464404,187.524739194182,512.04,2.77334686344962
-74.86,5.22,86.60190431,214.51043231,168.103708303097,414.48,6.06817791526
-74.86,5.27,86.302711,200.163767,158.853631674804,368.96,6.10830787335326
-74.86,5.32,85.9608541299999,189.26779013,151.786814139479,334.76,6.76012240040722
-74.86,5.37,85.53959319,206.041721190012,162.322126540771,390.480000000039,6.69655210421636
-74.86,5.42,85.13220005,189.13040005,151.398625319431,337,5.06669698127433
-74.86,5.47,84.65133361,196.22874961,155.747145836752,361.56,7.33512065043476
-74.86,5.52,84.120122,212.361938,165.834293172002,415.56,7.77299713242502
-74.86,5.57,83.5726975300001,214.665977530018,167.103787899312,424.80000000006,7.14436436136542
-74.86,5.62,82.9434016500001,247.970337649999,188.096617012257,534.759999999997,7.84625702824341
-74.86,5.67,82.34977509,231.83561509,177.600387554428,484.4,8.12449052292139
-74.86,5.72,81.65289011,262.33201811,196.779497429722,585.48,4.55896653006996
-74.86,5.77,80.9584588,266.2418988,199.018879369039,600.4,6.24361438024964
-74.86,5.82,80.2853367,229.289760700007,175.229196572681,482.840000000023,4.75754438207168
-74.86,5.87,79.54833102,212.209299020016,164.078333675271,429.880000000052,8.20027410337493
-74.86,5.92,78.71087188,243.10826388,183.462949237659,532.72,9.43158101491172
-74.86,5.97,77.82511535,285.41416335,210.098406003533,672.68,8.8028484661354
-74.86,6.02,76.91564273,321.37621873,232.683035731282,792.16,5.31417803765091
-74.86,6.07,76.10746152,253.984501520018,189.448611446717,576.400000000057,5.85134046718017
-74.86,6.12,75.06703292,342.080096919973,245.20460502717,865.239999999913,11.1840487550371
-74.86,6.17,74.0849687,360.6262407,256.665684400806,928.52,10.0799469048988
-74.86,6.22,73.12116502,339.04795702,242.566577432978,861.72,3.04529221091448
-74.86,6.27,72.06918998,365.00465398,258.724209335354,949.24,3.35974260243457
-74.86,6.32,71.03889244,347.75434043998,247.358709088631,896.679999999934,8.99162663390411
-74.86,6.37,69.9776970200001,331.312521020015,236.497161634741,846.840000000048,2.28134774639578
-74.86,6.42,68.83976536,357.84983736,252.993571274917,936.52,3.95692503659045
-74.86,6.47,67.67113842,388.87436242,272.338040726926,1040.84,3.78250938181137
-74.86,6.52,66.54171574,359.02045174,252.905713405743,947.76,3.8956570207536
-74.81,2.72,63.5463368399998,672.549920839945,451.596230856894,1973.43999999982,9.61477695871107
-74.81,2.77,64.3759419399995,751.652829939984,502.300661195311,2227.07999999995,13.3840678302309
-74.81,2.82,65.18378227,843.065630269989,560.840912383192,2520.67999999996,11.0792344601226
-74.81,2.87,66.1198341099997,779.34381011006,520.577731515667,2311.16000000019,13.5403160633155
-74.81,2.92,66.7202649199997,1071.33670491988,706.850000297087,3255.39999999961,7.0724345233361
-74.81,2.97,67.7933386399996,842.527466640001,561.444778730208,2510.48000000001,20.9255149509862
-74.81,3.02,68.7782656499996,705.926169649994,474.761388107791,2064.63999999998,8.90661205346758
-74.81,3.07,69.5144813099998,812.771409309955,543.109021170262,2408.47999999985,3.34390333421108
-74.81,3.12,70.4069965499998,751.734076550029,504.540568389332,2207.80000000009,14.7656022803906
-74.81,3.17,71.3508002799998,633.484216280034,429.535576582051,1821.56000000011,15.1083661446991
-74.81,3.22,72.1953203799995,600.555552380092,408.860222553048,1712.1200000003,20.4562967814224
-74.81,3.27,72.8071296099999,767.737297609917,515.608428529013,2251.87999999973,2.31537315872712
-74.81,3.32,73.7660908599999,606.594850859951,413.278286320499,1726.59999999984,24.7611408507547
-74.81,3.37,74.8382891999995,341.135401200076,244.519665145143,862.920000000247,14.7777530617801
-74.81,3.42,75.5858288299998,348.33885283003,249.380835685014,883.840000000097,16.2604012366801
-74.81,3.47,76.0823139299999,550.857241929949,378.603293005675,1538.47999999984,18.3351976020513
-74.81,3.52,76.73141995,606.72105995,414.434561664302,1717.4,6.91637792165264
-74.81,3.57,77.368132,655.931411999983,446.021823676928,1874.79999999994,9.88718320115887
-74.81,3.62,78.2694535099997,477.560821510047,332.69319928929,1293.88000000015,21.4408285185527
-74.81,3.67,79.1271827599998,323.896358760033,235.091212038067,793.160000000108,12.3252065001388
-74.81,3.72,79.8432093299994,267.953425330116,199.70481819427,609.560000000378,14.4731856022985
-74.81,3.77,80.4956654599998,245.349785460025,185.538764507285,534.200000000081,7.79615672795691
-74.81,3.82,81.1176811999998,229.344433200026,175.566017655247,480.320000000084,3.71475802125279
-74.81,3.87,81.7062344599996,221.304530460023,170.656620616927,452.360000000076,4.70360506647959
-74.81,3.92,82.1375029599997,310.390406959941,227.577558705605,739.639999999808,5.54578636349074
-74.81,3.97,82.6625197499997,312.27326374995,228.967775113372,744.03999999984,6.13351030496849
-74.81,4.02,83.2894768699998,223.603724870033,172.696059189026,454.680000000107,11.6271831829915
-74.81,4.07,83.7891825899996,207.932790590008,162.892024006582,402.280000000028,3.57543589892901
-74.81,4.12,84.2743055499996,184.013825550002,147.82715020009,323.200000000009,1.57052291966194
-74.81,4.17,84.7024357999998,180.775787800001,145.919241482134,311.320000000002,0.667224897661274
-74.81,4.22,85.10983091,172.418942910001,140.74216633204,282.920000000002,1.46474038970257
-74.81,4.27,85.4747707299998,173.314674730001,141.445320548074,284.640000000003,1.2134039715479
-74.81,4.32,85.7929064599997,185.729930459995,149.471598327215,323.839999999985,4.12830673746689
-74.81,4.37,86.0273700399997,233.661610039964,180.098164843821,478.399999999885,2.44956418048049
-74.81,4.42,86.32135366,220.957361659999,172.109828486549,436.279999999996,3.63348487952229
-74.81,4.47,86.6079305799998,192.531794580024,154.101366216452,343.240000000079,2.66826843208753
-74.81,4.52,86.8347977699998,182.58720577002,147.847101724312,310.280000000065,1.47244933185124
-74.81,4.57,87.0241494699998,175.950325470026,143.686858982299,288.160000000085,4.71690689483241
-74.81,4.62,87.1911853299998,162.329113330018,135.068185996483,243.480000000059,2.95145705949609
-74.81,4.67,87.3058291399998,160.974821140028,134.246841129093,238.72000000009,4.32242423451598
-74.81,4.72,87.3877065599998,158.760714560022,132.865744649966,231.280000000071,3.78018395571556
-74.81,4.77,87.4269371599998,161.787193160005,134.80841440903,240.960000000017,0.508509759323192
-74.81,4.82,87.4287284499998,166.405640449997,137.751884399412,255.91999999999,1.85866980069811
-74.81,4.87,87.4123956999999,159.921051700001,133.614055288444,234.960000000004,0.807651982394504
-74.81,4.92,87.3405557899998,166.218715790002,137.600788130851,255.600000000007,0.597560281472082
-74.81,4.97,87.2365849499998,170.02779295,139.990165280216,268.280000000001,1.41619472710124
-74.81,5.02,87.1012943099998,170.645486310004,140.334667155523,270.720000000015,0.37505879194262
-74.81,5.07,86.9245173399998,174.480509340009,142.714161783456,283.720000000029,2.93777870375685
-74.81,5.12,86.6489128899999,218.643304889992,170.754181187445,427.719999999973,3.65609792871633
-74.81,5.17,86.3977945099999,223.119938509984,173.515530567463,443.03999999995,4.24722444436946
-74.81,5.22,86.16605311,190.781453110003,152.82575093296,339.000000000011,2.07758400030823
-74.81,5.27,85.8304724099999,201.98751240999,159.844366983922,376.39999999997,1.88802372959485
-74.81,5.32,85.4956076199999,188.308783619994,151.006949586654,333.159999999982,1.64723544719225
-74.81,5.37,85.10040571,189.83924571,151.838758043664,339.399999999999,2.89394179631639
-74.81,5.42,84.6715310899999,189.052395089992,151.181785342613,338.239999999975,2.35677272905931
-74.81,5.47,84.2571248699998,153.568684870003,128.421632631171,224.600000000009,3.42362712082323
-74.81,5.52,83.7633528099999,146.236336810001,123.570400678082,202.440000000003,4.10767291450235
-74.81,5.57,83.1985590899999,162.101407089996,133.474522332988,255.679999999987,3.86041273951714
-74.81,5.62,82.6123688799999,167.699560879996,136.828923109337,275.719999999988,5.54737598832443
-74.81,5.67,81.9813745999999,179.227406599992,143.945398133831,315.119999999973,5.45349224882655
-74.81,5.72,81.3104658999998,193.640865899977,152.886070642041,363.999999999926,6.75574648154522
-74.81,5.77,80.6054886199998,207.119144619967,161.218496642103,409.959999999895,7.03885754665505
-74.81,5.82,79.8833521999998,207.680784199967,161.31436713344,414.119999999894,4.59862385684773
-74.81,5.87,79.1466854599999,193.192901459996,151.81558790086,369.559999999988,2.37698576345563
-74.81,5.92,78.3301048999999,211.95390489999,163.473612738758,432.999999999968,3.41981616946303
-74.81,5.97,77.5191505499999,201.243062549999,156.354566630178,400.919999999997,5.48951301121428
-74.81,6.02,76.6436101199997,213.945922119992,164.131022377784,444.919999999975,7.09570382287819
-74.81,6.07,75.7411535999998,222.289121599998,169.119788709634,474.879999999993,1.96405674201232
-74.81,6.12,74.8304920699997,211.66373207002,162.019017187121,443.400000000065,5.82525310066642
-74.81,6.17,73.8456126099999,235.021220610001,176.544807238244,522.280000000003,9.66966498415399
-74.81,6.22,72.7707308699999,308.12143486997,222.733420981193,762.639999999902,8.58182388170337
-74.81,6.27,71.74200313,319.658899129995,229.711722431034,803.359999999984,8.70901673532735
-74.81,6.32,70.7660940499999,260.468686050019,191.64234610231,614.720000000063,3.21943788075683
-74.81,6.37,69.6102656499998,332.389337649974,237.04998803997,851.519999999916,5.26617322928213
-74.81,6.42,68.49519094,345.568614939998,245.043105669689,897.839999999994,2.92972382841174
-74.81,6.47,67.3817438999999,332.753055900007,236.473211014808,859.920000000022,2.93011496789952
-74.81,6.52,66.1875229899999,371.664490989989,260.833840633031,989.879999999965,4.64952942992445
-74.76,2.72,62.8938946899998,480.380318689987,328.911315347251,1352.83999999996,31.0041622726287
-74.76,2.77,63.6003848499996,722.091064849852,483.182872208692,2133.79999999952,24.0466876060417
-74.76,2.82,64.4161933099998,814.931393309931,542.635618399733,2431.99999999978,18.8039353732212
-74.76,2.87,65.22607385,900.791433849994,597.638456815901,2707.59999999998,6.0062835679841
-74.76,2.92,66.0968500999998,905.72338609992,601.096966468067,2720.75999999974,24.7898633298572
-74.76,2.97,67.03186752,831.878451519993,554.383081302688,2478.43999999998,14.025573523221
-74.76,3.02,68.0506278099998,664.67317981002,448.211474403174,1933.32000000007,7.85673446651272
-74.76,3.07,68.8720986799998,695.515258679963,468.161722276729,2030.59999999988,20.3318144578928
-74.76,3.12,69.53871764,867.33143763998,577.882820329992,2585.19999999993,9.54472426638407
-74.76,3.17,70.4744653699998,758.603089370026,508.941900749206,2229.84000000008,13.4067817658057
-74.76,3.22,71.3097255,737.898069499989,496.051948761063,2160.03999999996,14.7680531269765
-74.76,3.27,72.3047008999997,558.004068900023,381.786604173164,1573.88000000008,19.2182318227521
-74.76,3.32,73.2331285899997,433.221200590067,302.613278160654,1166.52000000022,6.87570463804435
-74.76,3.37,74.00225587,440.643743869996,307.621883567639,1188.07999999999,21.7200078966561
-74.76,3.42,74.8122042999998,398.545948300044,281.091524076418,1049.04000000014,11.2925310804887
-74.76,3.47,75.549469,405.319429000003,285.674994349893,1068.60000000001,3.84543030669101
-74.76,3.52,76.2223123099998,450.751616310036,314.867963241748,1213.64000000012,10.8864123236016
-74.76,3.57,76.7657790499998,585.684211049967,401.042595786843,1649.11999999989,14.4146383609627
-74.76,3.62,77.39045714,635.129409139981,432.775132860899,1807.31999999994,11.5433393164194
-74.76,3.67,78.3254279299997,420.439387930093,296.316404350506,1108.6000000003,22.6569648130035
-74.76,3.72,78.91184532,468.648957319987,327.247731970642,1262.91999999996,18.2620250671124
-74.76,3.77,79.7170147499997,330.559438750072,239.550845954805,812.840000000233,18.787515644874
-74.76,3.82,80.3097432099998,340.32375921003,245.987604560201,842.560000000099,14.6361051184759
-74.76,3.87,81.00866259,253.195118590003,190.723839573182,557.960000000012,13.5803672835372
-74.76,3.92,81.6191375399998,215.761385540034,167.092994323749,434.680000000112,1.10806933618916
-74.76,3.97,82.12560987,236.746553870007,180.648249979783,501.040000000021,7.91311018555256
-74.76,4.02,82.4810421999999,347.556098199952,251.38373848908,858.959999999846,1.03398251372716
-74.76,4.07,83.13420381,225.250675810005,173.68914198531,460.520000000018,11.4716156886725
-74.76,4.12,83.6468427999995,185.509530800027,148.552545034241,330.080000000088,3.25332208294051
-74.76,4.17,84.0776451199996,184.187485119999,147.866453302205,324.399999999998,1.11843823739045
-74.76,4.22,84.4487353199998,204.444759319988,160.908785176863,388.839999999962,0.693373017235424
-74.76,4.27,84.8668205699998,172.225308570015,140.530617796331,283.08000000005,3.14784482339507
-74.76,4.32,85.2097062,171.346138200001,140.094823770337,279.120000000002,0.534830645543585
-74.76,4.37,85.5094476499996,179.03993565001,145.105970411606,303.080000000034,4.78190457845218
-74.76,4.42,85.6970244799996,241.046264479968,184.683726202921,503.399999999897,5.66518210249792
-74.76,4.47,85.8964215599998,273.389437560013,205.364757870676,607.560000000043,7.86802620186459
-74.76,4.52,86.1170914299998,269.906907429991,203.225792419496,595.559999999971,3.09554739642249
-74.76,4.57,86.30133894,268.943162939997,202.678552979938,591.839999999989,2.80504133371554
-74.76,4.62,86.5222472099995,221.997647210076,172.845572709396,439.000000000249,9.90705872434199
-74.76,4.67,86.5826888999994,258.5839849001,196.179884117184,557.360000000325,15.2036153489976
-74.76,4.72,86.7023631499994,233.84284315013,180.458539911105,476.800000000422,16.9123096204304
-74.76,4.77,86.8268380199994,183.542078020135,148.452647157889,313.400000000439,14.1409040976983
-74.76,4.82,86.8791646399996,157.634972640024,131.963930176439,229.280000000078,1.97663879517849
-74.76,4.87,86.8527353099996,159.97859131004,133.447667451997,236.960000000133,3.74019706083506
-74.76,4.92,86.7734016699996,173.477657670033,142.020329989603,280.960000000108,3.58265755391108
-74.76,4.97,86.6811477299996,171.941155729999,141.007818274326,276.279999999998,0.691203258242103
-74.76,5.02,86.5294134299996,185.503605429987,149.594600113706,320.719999999958,1.48448979974402
-74.76,5.07,86.3442268499997,197.106938849977,156.92091930608,358.919999999925,1.217098908797
-74.76,5.12,86.1339392199997,201.167675219969,159.432077746487,372.759999999899,3.94291718702339
-74.76,5.17,85.9295087399996,177.213388739994,144.094519406754,295.79999999998,3.6226823239379
-74.76,5.22,85.6380914299996,186.031843430013,149.607804986836,325.320000000042,1.15525163878749
-74.76,5.27,85.3501973199996,168.067341320026,138.056584943809,268.040000000084,1.3060930457712
-74.76,5.32,85.0038461799996,164.116542180001,135.413522091191,256.360000000004,1.50093008195002
-74.76,5.37,84.6260157199996,156.344655719993,130.324286439923,232.399999999979,2.77845155939145
-74.76,5.42,84.1769113899997,171.473679389981,139.801381360957,282.879999999939,2.60022918823497
-74.76,5.47,83.7363355699996,155.948735569991,129.749224332744,233.999999999973,1.86005650022478
-74.76,5.52,83.2561958299996,142.013635829999,120.695742925844,190.399999999998,0.611206259849804
-74.76,5.57,82.7050277099997,151.461107709994,126.51559017299,222.79999999998,1.34642890892641
-74.76,5.62,82.1281207999997,153.575192799993,127.653351596371,231.519999999978,1.55826530912091
-74.76,5.67,81.5358147099997,141.05858271,119.463019772219,192.880000000001,2.41073819890773
-74.76,5.72,80.8787515099997,148.696687509992,124.091539691627,219.759999999974,3.33747275201586
-74.76,5.77,80.2017015199997,145.242237519991,121.644763210752,210.759999999973,4.45277676614468
-74.76,5.82,79.4761474999997,151.318227499989,125.253072730626,232.799999999964,4.63389352255052
-74.76,5.87,78.6967143199997,171.585314319978,137.884233625916,300.999999999928,3.7571180653975
-74.76,5.92,77.8932695899997,184.656525589971,145.921555899217,345.959999999908,4.30733002796568
-74.76,5.97,77.0658427799997,190.593610779972,149.404396275881,367.879999999909,3.38206088936756
-74.76,6.02,76.2004762299997,200.282364229964,155.263990391202,402.079999999885,4.47905312263689
-74.76,6.07,75.2893682199997,220.528872219966,167.834265516135,470.639999999891,3.99962822088385
-74.76,6.12,74.3454518099997,242.075723809966,181.221200956687,543.519999999891,1.14862575955426
-74.76,6.17,73.4212593399997,222.660219340005,168.51456278302,483.600000000017,1.61445374849204
-74.76,6.22,72.4502382499997,215.887518249999,163.846779689855,464.799999999997,5.53474983200704
-74.76,6.27,71.4334175599997,222.277097559979,167.549229642176,488.799999999934,9.0953158746664
-74.76,6.32,70.3132704699998,293.492790469978,212.52062582563,723.199999999929,4.09632431101222
-74.76,6.37,69.2471190099998,294.636215009986,212.862390107265,730.359999999955,3.65874479166102
-74.76,6.42,68.1408109999997,307.416906999988,220.604714551641,775.359999999964,4.4512592701577
-74.76,6.47,66.9823885499998,344.821140549965,244.017961246042,900.319999999888,2.61757356463043
-74.76,6.52,65.8515619599999,332.889313959995,236.004864969325,865.319999999984,3.56757778720271
-74.71,2.72,62.0802335,435.4738895,300.002262933235,1209.96,11.1154501391387
-74.71,2.77,62.94010717,502.68276317,343.138936107471,1424.96,10.5758986602508
-74.71,2.82,63.7890206599998,571.041012660026,387.004001502355,1643.72000000008,20.6066039587553
-74.71,2.87,64.46269299,830.32148499,552.458873760478,2481.72,12.8644093701583
-74.71,2.92,65.5075839199998,647.20623992,436.15910016886,1884.96,15.9539236076814
-74.71,2.97,66.16559108,888.88084708,590.390039481457,2665.96,15.7770493794013
-74.71,3.02,67.2175135299997,686.713497529959,461.953040956875,2007.43999999987,21.5514024784562
-74.71,3.07,68.2310662999998,524.798594300021,359.150505046651,1479.48000000007,6.76913028566649
-74.71,3.12,69.00700052,599.67556052,407.142742043183,1719.6,33.2925654865258
-74.71,3.17,69.6115260099998,828.755182009887,553.328901398024,2459.95999999964,17.1282908920582
-74.71,3.22,70.49726293,763.15613493,511.851318852084,2244.52,12.9523418830775
-74.71,3.27,71.44621356,628.18530156,426.193787744197,1804.08,7.82673052862249
-74.71,3.32,72.2330627099998,635.428062710012,431.094267804105,1825.00000000004,15.4601802608508
-74.71,3.37,72.92143524,717.62386724,483.718213752975,2089.12,26.1547964749432
-74.71,3.42,73.8810328699998,542.237080870036,372.311977389041,1517.68000000012,19.1491746257765
-74.71,3.47,74.57151751,592.48872551,404.582248077299,1678.28,29.3905936032264
-74.71,3.52,75.34931005,551.543798049999,378.774815998821,1543.08,21.3381145979442
-74.71,3.57,76.1379280399998,487.62516804005,338.332739477001,1333.40000000016,7.57217110717801
-74.71,3.62,76.70268074,593.76815274,406.170695183431,1675.52,11.2409766611785
-74.71,3.67,77.26568144,681.800737439999,462.468282169387,1958.96,17.548720796365
-74.71,3.72,78.05115367,573.18133767,393.542261561054,1604.44,17.6325850192142
-74.71,3.77,78.7146531099999,546.589285110005,376.83884503727,1516.12000000002,15.9282368855529
-74.71,3.82,79.4182153,472.5375833,329.909235543982,1273.88,16.5994089161985
-74.71,3.87,80.06901881,423.01002681,298.586980452174,1111.28,14.7800420435553
-74.71,3.92,80.76608131,322.19003331,234.598573347925,782.32,11.621829576361
-74.71,3.97,81.36977999,274.57806799,204.479820146335,626.08,8.22481000183335
-74.71,4.02,81.9333611399997,238.640441140024,181.785262480718,507.80000000008,3.9860251729209
-74.71,4.07,82.30048093,326.09448093,237.643139573472,790,0.975285512641475
-74.71,4.12,82.90310635,224.24190635,172.962521107861,458,9.6668613272389
-74.71,4.17,83.3996972,179.7199292,144.773811903545,312.12,2.77005824805837
-74.71,4.22,83.8093685099997,176.784376510009,143.05194597343,301.280000000029,2.26694127533027
-74.71,4.27,84.1261934099999,217.947497409996,169.39554846589,433.639999999989,1.95146096879309
-74.71,4.32,84.50917985,192.37105185,153.237491304514,349.52,2.52138203803051
-74.71,4.37,84.82911155,189.37044755,151.441616666535,338.76,1.51934806160178
-74.71,4.42,85.10717148,193.67265148,154.283813645536,351.8,8.41840058435226
-74.71,4.47,85.1627052499998,326.771817249955,239.113179053955,782.919999999855,4.49251840238008
-74.71,4.52,85.5157037299999,236.890175730005,181.969730208226,490.520000000015,7.99653130060286
-74.71,4.57,85.77725472,187.23259072,150.423397068896,328.76,5.92415121533611
-74.71,4.62,85.70986027,334.78709227,244.41893197167,807.12,13.6779062961751
-74.71,4.67,85.69326376,425.44951976,302.181939025971,1100.96,6.27191575070134
-74.71,4.72,85.75118466,443.51733666,313.715553037911,1159.32,5.70112378323625
-74.71,4.77,85.87339074,396.04107874,283.508579789849,1005.08,21.8104578160049
-74.71,4.82,86.1983396999999,192.122203700024,153.691775336452,343.240000000077,15.2247065156854
-74.71,4.87,86.1314029799998,223.618874980029,173.736797003866,445.520000000095,12.7815293243378
-74.71,4.92,86.06998115,227.97660515,176.491206657107,459.84,9.00340833413397
-74.71,4.97,86.06916624,168.81099824,138.791284765934,268.12,10.4523342031161
-74.71,5.02,85.94837728,164.65372128,136.098493305862,255.04,4.8113134045111
-74.71,5.07,85.7908157799999,160.657175780013,133.494776522928,242.600000000042,3.12161452145951
-74.71,5.12,85.6008297699998,153.826117770021,129.073177836974,221.080000000068,3.48280327456668
-74.71,5.17,85.35014106,162.75936506,134.674384723454,250.84,6.59423823265868
-74.71,5.22,85.0063351,209.1252551,164.093445614436,402.2,5.01301432613951
-74.71,5.27,84.6984246,207.2002806,162.755161024193,396.96,4.92736757981736
-74.71,5.32,84.4122217099999,165.857933710013,136.308467873534,263.920000000042,6.41217618945856
-74.71,5.37,84.0614387899999,142.707782790012,121.430196826217,190.040000000041,2.88705456123392
-74.71,5.42,83.63649294,144.52944494,122.436763071051,197.32,1.65237831513826
-74.71,5.47,83.18111277,141.97558477,120.644256219056,190.52,1.22790158101149
-74.71,5.52,82.6916974,137.5237454,117.630031055408,177.68,0.526514317110859
-74.71,5.57,82.1527427199999,142.021142719999,120.300180412194,193.999999999996,1.11306631160866
-74.71,5.62,81.5817371599999,143.597993159998,121.09776333847,200.959999999993,1.25287149335467
-74.71,5.67,80.98436165,138.33458565,117.527247323801,185.84,0.757574408763805
-74.71,5.72,80.34645581,136.37587181,116.047738219252,181.56,1.37778214485201
-74.71,5.77,79.67861395,130.40010995,111.997752398913,164.36,1.20532570949326
-74.71,5.82,78.9653466999999,131.908762699999,112.700266341612,171.559999999997,1.52643945617757
-74.71,5.87,78.21258039,137.105804389998,115.738647447619,190.839999999995,2.63269698457926
-74.71,5.92,77.4290396,139.9267116,117.251818370223,202.52,3.28206263878468
-74.71,5.97,76.60917572,144.92087172,120.136581944454,221.36,3.45785487870775
-74.71,6.02,75.7663023,142.2634303,118.137487217083,215.48,4.74939392924815
-74.71,6.07,74.8569376099999,166.498793609992,133.250046357799,296.959999999973,6.36006608245942
-74.71,6.12,73.9149587999999,192.28157479999,149.336769115551,383.559999999969,7.51251002597303
-74.71,6.17,72.93014825,228.72377225,172.200006211482,504.84,4.51106024118168
-74.71,6.22,71.97936211,212.54049011,161.543253450416,455.48,3.59548301214959
-74.71,6.27,71.01515064,181.81489464,141.615439449307,359.04,3.63328062133239
-74.71,6.32,69.8889883799999,266.49187637999,195.162027580732,637.079999999968,6.82202550325183
-74.71,6.37,68.82896597,270.616333969996,197.405494620369,653.879999999987,3.19411519732497
-74.71,6.42,67.72977576,286.07044776,206.853874295987,707.52,3.10101583871902
-74.71,6.47,66.61248216,294.68022616,211.934556139584,739.04,5.71889630397492
-74.71,6.52,65.45787594,315.47325194,224.764721923032,810.16,3.46242941572059
-74.66,2.72,61.05540892,619.26343292,416.738971781593,1808.84,3.87693910668657
-74.66,2.77,61.9839131,599.8613691,404.713078048388,1742.96,7.61703069586086
-74.66,2.82,62.83276368,671.972131679966,450.969177658683,1973.87999999989,6.83738635945906
-74.66,2.87,63.71445592,692.07343192,464.09737721556,2036.16,23.0593981478678
-74.66,2.92,64.65297313,636.13079712998,428.791895892427,1851.83999999994,11.4829963688709
-74.66,2.97,65.6020791,561.9049431,381.840404842756,1608.24,22.615012057722
-74.66,3.02,66.46977816,570.339514160014,387.529625409016,1632.76000000004,10.0135915953254
-74.66,3.07,67.29164728,616.105887279985,416.98960187689,1778.39999999995,11.580175297832
-74.66,3.12,68.37638301,376.53199901,264.729503535349,998.56,17.7418999261185
-74.66,3.17,69.0891019700001,511.349933970045,350.892482925893,1433.12000000015,26.7711585102972
-74.66,3.22,69.79525835,633.96543435,429.277834078671,1828.16,17.9834340739905
-74.66,3.27,70.6354707700001,608.895590770004,413.608464701578,1744.20000000001,5.27585201478933
-74.66,3.32,71.3529596,687.034647600005,463.658062646102,1995.08000000002,17.88658163831
-74.66,3.37,71.92101122,886.27937922,590.820549246691,2638.88,4.22107377702692
-74.66,3.42,72.88058781,708.02876381001,477.589507194372,2058.16000000003,19.1977647942544
-74.66,3.47,73.39625005,916.45441805,610.582961815733,2731.88,17.5963476433794
-74.66,3.52,74.24920382,807.359363819993,541.37834290029,2375.59999999998,29.6698820988093
-74.66,3.57,75.0740158600001,710.864079859977,480.19193870002,2060.23999999993,29.0189415249522
-74.66,3.62,75.88066874,617.06631674,420.717774575297,1753.68,11.3205280757158
-74.66,3.67,76.4258521000001,725.399308099994,489.944076683384,2102.95999999998,7.89438641283736
-74.66,3.72,77.05548481,744.81650881,502.544925922773,2163.84,14.4632667914374
-74.66,3.77,77.8814863899999,589.466222390028,403.857240558122,1657.76000000009,17.3750460761106
-74.66,3.82,78.4773280700002,602.12215206998,412.137627934025,1696.83999999994,17.4352729405928
-74.66,3.87,79.2457091,462.9095731,323.711793823937,1243.24,19.2657887328693
-74.66,3.92,79.9548213300001,354.584133329995,254.945376747717,889.919999999985,8.46171928145778
-74.66,3.97,80.49916999,354.06689799,254.813296615652,886.48,13.2523359608182
-74.66,4.02,81.0865743700001,302.587310369998,222.224228380048,717.759999999995,12.6480128449468
-74.66,4.07,81.67000277,235.88359477,179.933082994451,499.72,3.35755333528377
-74.66,4.12,82.08840175,270.32205775,202.028665124902,609.96,6.96404215344571
-74.66,4.17,82.62965178,196.07101178,154.913147118406,367.6,8.21853945265585
-74.66,4.22,83.03792491,197.207580910001,155.785481861569,369.960000000004,2.7754767939964
-74.66,4.27,83.41027104,202.937223040004,159.571433756192,387.320000000013,1.17568872140885
-74.66,4.32,83.75669774,205.72776174,161.475219768159,395.24,1.13523005858844
-74.66,4.37,84.07583551,206.17033951,161.873012048865,395.64,6.01549952449463
-74.66,4.42,84.38589292,191.39602892,152.571488250646,346.76,3.08850284244494
-74.66,4.47,84.6165766,209.290976600024,164.057632412626,404.000000000077,6.88147243699599
-74.66,4.52,84.74488126,274.607945259997,205.723384176213,615.23999999999,3.44208393576173
-74.66,4.57,84.99060253,237.61181853,182.239039566349,494.56,10.9646473767233
-74.66,4.62,85.17322667,221.01894667,171.732515701464,440.2,7.1394602642278
-74.66,4.67,85.22551861,269.33627861,202.538721327336,596.6,6.31523720862084
-74.66,4.72,85.22599256,329.20515256,240.68663296953,790.6,11.4672743875885
-74.66,4.77,85.07324119,468.45319319,329.358420539314,1242.32,3.39411128763504
-74.66,4.82,85.2559016699999,359.366765670005,259.91610814276,888.240000000015,16.3284083269044
-74.66,4.87,85.21001925,379.824267249999,272.934739950948,954.679999999996,17.8699466263107
-74.66,4.92,85.24778254,320.70958254,235.281261710847,763,12.6280215396161
-74.66,4.97,85.12797624,342.84600824,249.342863691059,835.12,13.8758325619788
-74.66,5.02,85.11535345,269.38658545,202.530807031253,597.12,17.0991126373761
-74.66,5.07,84.9838776499999,250.924269650016,190.719136391488,537.720000000052,14.0337248603039
-74.66,5.12,84.77110858,262.351892579995,197.923487681009,575.439999999983,12.7863821292891
-74.66,5.17,84.51478508,278.48840108,208.11248320271,628.56,11.1828137048836
-74.66,5.22,84.27048798,261.90064798,197.454328885294,575.6,10.4688291624829
-74.66,5.27,83.99343331,242.47804931,184.977959604863,513.56,9.4732134319335
-74.66,5.32,83.6316193599999,255.47244336001,193.12656371321,556.840000000032,11.9723117479571
-74.66,5.37,83.33020219,202.239954189995,159.098092352659,385.319999999985,7.70607441792061
-74.66,5.42,82.99925388,143.49719788,121.547829576793,196.04,7.07191948560541
-74.66,5.47,82.55537763,136.68381763,117.045380574386,175.4,1.63371535682334
-74.66,5.52,82.06951855,133.56868655,114.884180416358,166.88,0.414196632311492
-74.66,5.57,81.54279576,133.585099760001,114.703537473463,168.640000000002,0.532543363873313
-74.66,5.62,80.98093714,132.924489140001,114.078755244899,168.320000000004,0.801181595836313
-74.66,5.67,80.38472801,131.20497601,112.766790067477,164.68,0.691984312283907
-74.66,5.72,79.75634846,127.04621246,109.888891511298,153.24,0.666767148471623
-74.66,5.77,79.0889688,125.6258488,108.741719335994,150.8,0.102709483262006
-74.66,5.82,78.3842526,126.106156600001,108.792086438768,154.640000000002,0.431826883779956
-74.66,5.87,77.6446479899999,127.05767999,109.130048625434,160.119999999999,0.776119535541977
-74.66,5.92,76.8703796,128.7028356,109.897408645263,167.96,1.01588042029419
-74.66,5.97,76.06184436,131.17780436,111.181083390031,178.6,1.49697866991627
-74.66,6.02,75.2368057,121.0083577,104.40189826962,148.32,1.33959330158068
-74.66,6.07,74.36521991,122.062435910006,104.75732284663,154.560000000019,2.7553105760629
-74.66,6.12,73.45707374,127.326289740002,107.781902211906,174.560000000008,4.81162741192702
-74.66,6.17,72.50073505,147.26834305,120.141772184355,242.28,7.2942377018651
-74.66,6.22,71.50452853,176.36680853,138.321535374369,339.8,6.11235115759081
-74.66,6.27,70.50068949,188.01556949,145.379783681689,380.8,3.21294945390195
-74.66,6.32,69.45285023,213.976402230003,161.541551364066,468.320000000009,6.40531638690591
-74.66,6.37,68.37562518,242.808689179997,179.522314258019,565.23999999999,4.82173067885155
-74.66,6.42,67.28672408,259.12482808,189.523699167504,621.64,4.1113925696391
-74.66,6.47,66.19956128,250.06344128,183.355454975925,595.8,3.29719356262873
-74.66,6.52,65.03841725,288.63763325,207.513197942043,724.56,6.22485405390438
-74.61,2.72,60.23616743,492.30085543,335.542685801585,1400.08,21.0103720501468
-74.61,2.77,61.05394571,624.60692171,420.143248885143,1826.16,12.7324664623683
-74.61,2.82,62.06277152,498.188635519997,339.957023293797,1413.23999999999,22.251922167447
-74.61,2.87,63.02205621,432.50266421,298.450737653869,1197.28,13.6145433636913
-74.61,2.92,63.8683788500001,495.97009885002,339.19849357481,1400.20000000007,13.7544325372649
-74.61,2.97,64.75232345,502.59400345,343.739872922605,1418.8,7.28287228420409
-74.61,3.02,65.6145586100001,522.786942609999,356.919404459095,1481.44,10.5310476179846
-74.61,3.07,66.4272011000001,584.949265099986,396.823338769748,1680.23999999995,17.6923106259463
-74.61,3.12,67.54359497,310.51054697,222.359268391745,787.32,8.18485553447911
-74.61,3.17,68.2674516400001,442.75972364001,306.889506218521,1213.52000000003,13.9615680143744
-74.61,3.22,69.07898715,467.71612315,323.085864022521,1291.76,16.1443347146958
-74.61,3.27,69.81248751,555.018095510002,378.979772740328,1572.28000000001,19.1467780321036
-74.61,3.32,70.38902983,776.206605829949,520.127656593263,2287.15999999983,14.4542016399201
-74.61,3.37,71.16155281,788.55780081,528.277972677477,2324.68,21.4916845844675
-74.61,3.42,71.8376119600002,875.098723959949,583.666109474229,2602.91999999983,8.27525589717829
-74.61,3.47,72.58055803,882.21117403,588.467628296668,2623.56,10.0320281585856
-74.61,3.52,73.1531682700002,1025.54214426996,680.004180167616,3086.15999999986,15.4294056144761
-74.61,3.57,73.9444677400002,955.738107739964,635.812964965113,2857.39999999988,25.3869801536007
-74.61,3.62,74.83069757,790.68394557,530.963936053657,2319.68,27.5194627728584
-74.61,3.67,75.5783364499999,731.637248450033,493.611329947907,2125.92000000011,9.3062660994213
-74.61,3.72,76.17047114,786.06156714,528.504696756579,2300.36,6.98771750833324
-74.61,3.77,76.77138013,813.992092129963,546.519714416766,2388.91999999988,15.0102593999616
-74.61,3.82,77.4644598600001,749.01509185999,505.368594451428,2176.11999999997,21.0527749830298
-74.61,3.87,78.17911374,650.64445774,442.947272588084,1855.04,23.7716539705306
-74.61,3.92,79.0403083200001,422.919460320002,298.156044243538,1114.32000000001,16.2883521593725
-74.61,3.97,79.48664628,499.84922228,347.336717036699,1362.16,18.1505072414096
-74.61,4.02,80.10523025,425.305190250012,300.062569438094,1118.60000000004,20.6816348216348
-74.61,4.07,80.66604718,375.98390318,268.839098591971,956.96,22.7551755083127
-74.61,4.12,81.18371763,339.55598163,245.815473987798,837.24,17.2467425559136
-74.61,4.17,81.67386888,303.61898888,223.094679128589,719.2,20.1362201387279
-74.61,4.22,82.19522083,225.311556830028,173.387260542039,463.760000000091,15.4394819672982
-74.61,4.27,82.5629172100001,237.196205209995,181.093422770846,501.079999999982,4.79771614622849
-74.61,4.32,82.95183922,212.62555922,165.578402716186,420.2,8.79749617075455
-74.61,4.37,83.16019277,293.77352077,217.360518935819,682.48,10.933093558157
-74.61,4.42,83.51746235,248.06298235,188.363925120506,533.2,4.18628035050123
-74.61,4.47,83.7869262600002,241.827158259996,184.48829631632,512.119999999985,5.11219005078998
-74.61,4.52,83.9448196199999,290.311811619996,215.439430617545,668.719999999989,7.422212857279
-74.61,4.57,84.02252965,370.92177765,266.831343431852,929.68,9.93925596802346
-74.61,4.62,84.06040773,455.47902373,320.723964991946,1203.56,8.64373146322421
-74.61,4.67,84.25873877,406.78277077,289.767244341475,1045.12,10.2076146793274
-74.61,4.72,84.32046751,428.27368351,303.48339613996,1114.56,15.8545003954393
-74.61,4.77,84.35086911,447.54838111,315.776035958956,1176.92,12.4838758057738
-74.61,4.82,84.3528717600002,462.424903759982,325.255907148964,1225.11999999994,17.8353383311714
-74.61,4.87,84.2385821400003,532.387502139945,369.793783256484,1452.19999999982,9.6693163561548
-74.61,4.92,84.3208498,444.9754978,314.125733728422,1168.68,19.0027419420796
-74.61,4.97,84.29753704,405.09340904,288.704879461598,1039.52,14.0518138357408
-74.61,5.02,84.11625917,447.89393917,315.911102219272,1178.8,19.314146330456
-74.61,5.07,84.0252138500001,405.080309849987,288.597730744071,1040.35999999996,19.3988568756699
-74.61,5.12,83.87900289,375.012242890005,269.385666389056,943.400000000017,13.5668332886648
-74.61,5.17,83.67739638,357.76357238,258.321871950615,888.16,4.11717271260011
-74.61,5.22,83.36956932,388.08120932,277.528228996664,987.4,4.03680454810974
-74.61,5.27,83.09267742,372.36197342,267.411657807399,937.36,2.00327839687662
-74.61,5.32,82.75890991,370.571613909987,266.149767071065,932.639999999958,9.06388152063337
-74.61,5.37,82.6084163400001,216.676600340006,168.035080417308,434.44000000002,7.34211545490742
-74.61,5.42,82.15142301,248.98058301,188.452994228558,540.6,7.8709035689838
-74.61,5.47,81.81891824,169.11568624,137.443388210969,282.88,16.5943059109439
-74.61,5.52,81.37027368,144.46045768,121.570594101609,204.44,5.64595508214457
-74.61,5.57,80.8656010799999,133.599169080021,114.466808053427,170.880000000069,5.17611713803801
-74.61,5.62,80.3136693000001,130.751253300003,112.451902374292,163.440000000008,1.13109470194125
-74.61,5.67,79.72464334,128.98954734,111.115658562587,159.64,0.33147790887394
-74.61,5.72,79.10018019,127.37756419,109.861959326943,156.44,0.230581847780292
-74.61,5.77,78.43429983,130.62473183,111.689426956309,169.12,0.253380265542748
-74.61,5.82,77.7457978799999,125.134413880003,107.941264539865,153.560000000012,0.798521492296175
-74.61,5.87,77.0168810599999,124.430185059999,107.228078622004,153.639999999999,0.360678958721282
-74.61,5.92,76.25511652,123.26106852,106.206754196676,152.32,0.37114106283808
-74.61,5.97,75.46174159,121.06047759,104.516717844632,147.76,0.794945554994902
-74.61,6.02,74.63208964,121.94664164,104.780363593439,153.32,0.323615895190839
-74.61,6.07,73.7747958600002,119.595723860001,102.971350233903,148.480000000001,0.70451914189447
-74.61,6.12,72.89164391,112.910891910001,98.3914362807415,129.680000000002,0.792024045403889
-74.61,6.17,71.97090949,112.05187749,97.5100291160939,129.88,2.14676152485424
-74.61,6.22,71.01650229,114.64019829,98.8130063733433,141.36,4.20131982077793
-74.61,6.27,70.0072147,140.0841027,114.659380427544,227.08,5.51514133363173
-74.61,6.32,68.9667022700001,169.533270270004,133.046532141818,325.880000000012,6.6965760754221
-74.61,6.37,67.8996208900001,199.832292890003,151.965561932099,427.520000000008,6.3934331847633
-74.61,6.42,66.82348431,215.49462031,161.554977003771,481.76,6.51488766156794
-74.61,6.47,65.70806693,245.37498693,180.189707261936,582.2,4.39501241743463
-74.61,6.52,64.60681293,238.76830893,175.580462084468,564.36,3.4931014385728
-74.56,2.72,59.3768612299997,369.421109229971,256.933395769125,1004.67999999991,12.9984835576287
-74.56,2.77,60.2916241299997,379.98888012996,263.998941406293,1035.95999999987,21.5671405175688
-74.56,2.82,61.2411743499998,336.907382349994,236.892427657643,893.279999999982,14.6188046326544
-74.56,2.87,62.0576056599995,456.769349659892,313.563269092016,1279.03999999965,9.33579381926396
-74.56,2.92,62.9971890399998,409.147637039972,283.560167960501,1121.67999999991,11.8146738506264
-74.56,2.97,63.8653047299995,439.591976729918,303.273904415518,1217.51999999974,11.5508899289064
-74.56,3.02,64.7762274799997,408.507251479981,283.797577990678,1113.83999999994,11.0186650774351
-74.56,3.07,65.6644911599998,393.496443159975,274.555140691799,1062.31999999992,17.1343867948111
-74.56,3.12,66.5617710099997,357.830795009982,252.154954470817,943.839999999942,3.85718474034111
-74.56,3.17,67.4435149299997,328.222858930026,233.609034246573,845.040000000085,2.86839747051268
-74.56,3.22,68.2368253499995,378.392169349959,265.864148948753,1005.03999999987,13.349612059059
-74.56,3.27,68.95772193,485.654129930001,334.471753718744,1350.28,14.7292498546319
-74.56,3.32,69.65599162,596.399159619987,405.290519702738,1706.87999999996,22.6705234714055
-74.56,3.37,70.5203000199997,527.618620019998,361.777953162671,1481.19999999999,17.543977907149
-74.56,3.42,71.2216720899998,600.53239209001,408.492213995428,1715.20000000003,23.8973427072595
-74.56,3.47,71.7340925399995,830.198828539907,555.018868119156,2457.7599999997,29.551448899443
-74.56,3.52,72.2136496099998,1065.81924160996,705.327402632202,3219.71999999987,14.9990011198662
-74.56,3.57,72.9055822599997,1085.91594226001,718.383824365149,3282.60000000004,11.0947118929521
-74.56,3.62,73.6515178599997,1040.92735786003,689.988263748752,3134.4000000001,24.6804801779344
-74.56,3.67,74.5046437399997,887.93721174007,592.814272936444,2635.88000000023,24.8987273469652
-74.56,3.72,75.2261133299993,834.493209330118,559.022143228876,2460.36000000038,14.4216392521273
-74.56,3.77,75.8470719599994,848.569127960093,568.216443525766,2503.9600000003,12.1631113497567
-74.56,3.82,76.3621619799995,930.776809980008,620.785088730649,2768.68000000003,15.3715274203717
-74.56,3.87,77.2145782299997,719.28773823005,486.336015664979,2080.60000000016,23.0445759849558
-74.56,3.92,77.94094633,595.586586330013,407.778636973756,1677.40000000004,22.9266558653612
-74.56,3.97,78.39327568,670.214011679992,455.494461806711,1917.75999999998,19.1352623225882
-74.56,4.02,78.9519555899998,641.03599559001,437.105270087753,1821.40000000003,15.0679569105795
-74.56,4.07,79.4709735399995,622.779789539994,425.660936959428,1760.55999999998,14.5101221463833
-74.56,4.12,80.0198133399997,562.10238934002,387.197139449489,1562.16000000007,17.3004810316864
-74.56,4.17,80.5072983199998,527.829170319977,365.535514214777,1449.51999999992,10.487648890423
-74.56,4.22,81.0154372899998,458.099949289951,321.2892365933,1221.91999999984,14.8685613217356
-74.56,4.27,81.6367335599997,286.300253560028,212.045912309829,663.200000000092,8.71966227475169
-74.56,4.32,81.9078644399994,348.513576440082,251.785876661911,863.920000000266,18.174152188362
-74.56,4.37,82.1711009599994,393.597876960054,280.60856601908,1009.16000000018,14.0890125291399
-74.56,4.42,82.6769359599997,243.692071960042,185.273879724353,521.760000000137,8.03829938767978
-74.56,4.47,82.87810761,288.232891609996,213.72775161976,665.439999999989,2.91530049360633
-74.56,4.52,83.12515684,277.518468840002,206.99028029911,629.920000000005,0.755550023371652
-74.56,4.57,83.3064672499997,289.895651250014,214.942656366826,669.440000000045,5.95042279987656
-74.56,4.62,83.3601711299998,367.69186712999,264.53297108917,921.359999999967,11.8208866460465
-74.56,4.67,83.3795791999998,445.45378719997,314.088990001516,1173.2799999999,14.3898374602139
-74.56,4.72,83.2502103599998,602.426506359936,414.063216936455,1682.35999999979,13.7774294510844
-74.56,4.77,83.1955800799998,683.459612079935,465.676734738934,1945.11999999979,3.74372953538821
-74.56,4.82,83.2595555299996,658.243075529929,449.632266396432,1863.19999999977,8.9850179347267
-74.56,4.87,83.4125320799995,547.732092079991,379.271474098941,1504.59999999997,2.39105536233897
-74.56,4.92,83.2564961499997,626.232024149882,429.234092390452,1759.47999999962,2.39293663106847
-74.56,4.97,83.2347313799998,587.746355379953,404.703582084646,1634.83999999985,1.19923904329012
-74.56,5.02,83.0955597899998,605.691143789951,416.087296313009,1693.43999999984,0.450642894625511
-74.56,5.07,82.9828051799998,580.729917179977,400.141388697997,1612.91999999993,8.76406231430828
-74.56,5.12,82.9234160899998,494.015648089964,344.866533092689,1332.11999999989,13.2698689328969
-74.56,5.17,82.91106169,349.701933690009,252.907055677923,864.520000000029,9.34836034176461
-74.56,5.22,82.67948939,331.398745389997,241.160463010622,805.95999999999,6.1161556444903
-74.56,5.27,82.46888731,273.208375310001,204.005837252225,618.080000000004,6.4654591760202
-74.56,5.32,82.1967007599997,232.151612760061,177.746200365147,485.920000000198,3.90611666868546
-74.56,5.37,81.81576353,241.398995530001,183.500314970143,517.120000000005,7.01254686204223
-74.56,5.42,81.3679786799997,272.354346680017,203.062237643646,618.880000000055,9.94860128145087
-74.56,5.47,80.7404476499999,406.004847649953,287.995083359109,1053.99999999985,8.50586017793227
-74.56,5.52,80.5182174599995,225.597249460041,172.960863892265,470.120000000134,12.9152433067704
-74.56,5.57,80.0099520799996,223.138632079981,171.209857243079,463.79999999994,5.57814562610959
-74.56,5.62,79.5598221299998,152.64864613001,126.131157918766,236.840000000035,5.6066853978025
-74.56,5.67,78.99924127,136.077897270001,115.369087020249,184.960000000003,3.84371368318762
-74.56,5.72,78.3868780299998,131.725302030008,112.373492105875,172.840000000026,1.81414339455786
-74.56,5.77,77.7369598699998,129.606447870001,110.787585268475,168.080000000005,0.365225071338841
-74.56,5.82,77.0379972199998,138.844405219997,116.42031073027,200.279999999991,0.665110336589027
-74.56,5.87,76.3395193699996,122.160447370007,105.536073743907,148.480000000024,0.945225468225725
-74.56,5.92,75.5829100999998,124.588590099999,106.808750850105,158.799999999999,0.276338111906332
-74.56,5.97,74.8049492299998,118.280517230001,102.507067900497,140.880000000003,0.518334686550071
-74.56,6.02,73.98903386,116.64989786,101.17203275984,138.24,0.242703531419463
-74.56,6.07,73.1409376099998,115.71539361,100.268878352346,137.96,0.3508704260201
-74.56,6.12,72.2592504799998,117.240786479999,100.920954181104,145.759999999997,0.358163964088044
-74.56,6.17,71.3572863199998,110.672926320001,96.4087479797202,127.400000000005,0.52836350031624
-74.56,6.22,70.4199901199998,109.19249412,95.1253719326151,125.640000000002,0.346802797670617
-74.56,6.27,69.4524656999997,109.286553699999,94.8342763046818,129.079999999997,2.01125485693545
-74.56,6.32,68.4522059899998,114.050941989999,97.5071822446315,147.759999999997,4.08604654479598
-74.56,6.37,67.40060838,141.773208379999,114.789951080096,240.999999999995,5.84048237192408
-74.56,6.42,66.3393112,155.586431200001,123.206522440117,289.200000000002,6.38289286212163
-74.56,6.47,65.2454280799998,177.563484079994,136.813167370981,363.959999999982,7.02005719797432
-74.56,6.52,64.0979561699999,230.297572169978,169.998389383946,538.559999999928,7.82375951997038
-74.51,2.72,58.4669827199997,268.83343071998,192.509999864395,681.679999999937,10.0332393020278
-74.51,2.77,59.4031066199994,252.611394619977,182.51314677632,626.079999999926,9.71538628610704
-74.51,2.82,60.3190240999997,257.637864099989,186.048259462823,639.399999999966,7.56293211738547
-74.51,2.87,61.20837649,288.905800489998,206.294486937466,737.839999999994,14.5235430754181
-74.51,2.92,62.1108427099998,292.585666709975,208.966679648327,746.83999999992,12.0146682765447
-74.51,2.97,62.99955153,303.152071530002,216.021902107659,778.200000000006,13.121519616081
-74.51,3.02,63.8585030399997,337.932335039963,238.495113159521,888.119999999882,10.4221097111065
-74.51,3.07,64.7754772799997,292.707437279983,210.011031297798,738.599999999947,10.1775665161261
-74.51,3.12,65.64430003,292.119668030008,209.951730821488,733.880000000025,8.47699670829111
-74.51,3.17,66.4030837599998,398.901067759953,278.266873796454,1077.43999999985,2.47292749820349
-74.51,3.22,67.33917131,299.060739310016,214.989418806479,750.880000000051,1.98159024018016
-74.51,3.27,68.0507300199997,422.681506019988,294.017273825983,1149.15999999996,6.33461064516669
-74.51,3.32,68.9012046699996,385.981532670087,270.941046319415,1027.48000000028,4.95067265649023
-74.51,3.37,69.60082857,485.05049257,334.320449800618,1346.24,12.0451743470605
-74.51,3.42,70.2720721699997,592.040608170028,402.73682347133,1690.76000000009,11.7823270377876
-74.51,3.47,70.95762239,665.308878390017,449.67122598619,1925.96000000005,22.8791411297939
-74.51,3.52,71.3671082999997,976.910604300016,648.368733384895,2934.36000000005,27.7468070934495
-74.51,3.57,71.8997354399998,1147.92621543996,757.531105260302,3486.79999999987,11.5533094305463
-74.51,3.62,72.56866089,1172.56718888999,773.474736689342,3564.47999999998,3.12531632419571
-74.51,3.67,73.3114295799997,1113.35514958,736.015009529661,3370.20000000002,16.3740753390907
-74.51,3.72,74.05868615,1034.54532615,686.069433949929,3112.40000000001,21.9021027285566
-74.51,3.77,74.7326599099997,1002.81629991008,666.096598649767,3007.40000000025,24.0959632687734
-74.51,3.82,75.3700542199997,984.197054220052,654.463889289685,2945.00000000017,16.6344983148212
-74.51,3.87,76.09714911,873.038133110005,583.89853567614,2582.44000000002,20.2218279862678
-74.51,3.92,76.7342037299997,819.139395730013,549.786027466431,2405.72000000004,14.7801506099842
-74.51,3.97,77.26771906,829.980151059989,556.887194440329,2439.11999999996,8.70444629125388
-74.51,4.02,77.9743033699997,683.793135370051,463.994911010758,1963.12000000017,16.9199701014404
-74.51,4.07,78.55833696,616.571576960005,421.374021870167,1743.40000000002,7.7871181426774
-74.51,4.12,79.0179070899994,625.894139089982,427.480985868811,1772.11999999994,9.73966771090622
-74.51,4.17,79.6873964099993,454.735148410079,318.663396286739,1215.32000000026,17.683547114801
-74.51,4.22,80.2840262899997,320.979682290043,233.65245671479,779.96000000014,6.47161704863698
-74.51,4.27,80.6439587299997,343.546470730031,248.162335630712,851.920000000102,13.1095352333262
-74.51,4.32,80.77725196,510.447203959988,354.55787282389,1392.31999999996,11.1188003072273
-74.51,4.37,81.0973481299993,516.198660130093,358.338767465001,1409.9200000003,19.3676311935722
-74.51,4.42,81.6357905899992,341.415270590131,247.164208369925,841.800000000427,21.6658882994118
-74.51,4.47,81.9881762299997,280.343912230053,208.378109482791,642.760000000172,9.2597704936834
-74.51,4.52,82.1901580899997,304.283406090043,223.705353751462,719.680000000139,10.3925643142781
-74.51,4.57,82.36896583,321.237709829999,234.57330949632,774.039999999996,4.63599972030677
-74.51,4.62,82.5372889899993,322.060264990056,235.158501563095,776.160000000183,2.47197612414234
-74.51,4.67,82.6759434799993,320.149815480048,233.991491175378,769.520000000157,5.55152450943739
-74.51,4.72,82.6663431499993,398.351799150061,283.817388828427,1022.9600000002,11.144372859613
-74.51,4.77,82.6141104799993,482.090638480067,337.155838025361,1294.48000000022,9.73925562722624
-74.51,4.82,82.5621513699993,541.215815370076,374.81085134761,1486.24000000025,1.63188297787839
-74.51,4.87,82.6089545299993,506.785826530087,352.889449667556,1374.52000000028,8.42696340926734
-74.51,4.92,82.6758661299993,433.986106130093,306.52660359807,1138.4000000003,6.30546868903356
-74.51,4.97,82.6386606299994,409.248556630008,290.750630505834,1058.36000000003,9.97313868116872
-74.51,5.02,82.4782030899995,445.62633908994,313.871908134635,1176.75999999981,16.0567966142231
-74.51,5.07,82.2426610399996,509.641317039889,354.576038906844,1384.95999999964,13.7342221074741
-74.51,5.12,82.2529350499994,376.768431050011,269.914732142391,954.360000000036,11.068881906804
-74.51,5.17,82.0671648699995,355.634892869981,256.38129149564,886.47999999994,3.79729417596211
-74.51,5.22,81.8724881399994,315.346904140003,230.63962968849,756.560000000013,4.31674687711562
-74.51,5.27,81.4276203099995,425.763500309958,300.83437792312,1115.79999999987,8.72869471758368
-74.51,5.32,81.0962626399995,431.233822640017,304.199782256319,1134.60000000006,14.6153649986358
-74.51,5.37,80.8749922499994,332.729624250086,241.3537904426,816.120000000281,14.5317435012184
-74.51,5.42,80.5169012799993,305.548021280089,223.904074296284,729.200000000292,9.94219290308835
-74.51,5.47,80.0787385899994,309.998082590046,226.580630230197,745.040000000151,2.0865491688671
-74.51,5.52,79.6590724099994,275.311472410085,204.326471878359,634.000000000278,12.6747301928795
-74.51,5.57,79.2619963899994,197.80142839008,154.793923020596,384.120000000261,7.96969388305514
-74.51,5.62,78.7545174999994,174.519269500073,139.774686905416,310.320000000237,7.59491229387989
-74.51,5.67,78.1555068999995,193.016426899988,151.343529111512,372.199999999962,2.64447595664238
-74.51,5.72,77.5925823399995,158.890166339993,129.394443090674,263.439999999978,3.63871603129539
-74.51,5.77,76.9854222699995,131.780438270005,111.900159572199,177.560000000018,1.50643782950217
-74.51,5.82,76.3056008599995,134.063176860008,113.108046419134,187.160000000028,0.443724324988457
-74.51,5.87,75.5985602699995,131.800792270002,111.40995899424,182.120000000007,0.893162891763614
-74.51,5.92,74.8648374799995,124.796317480003,106.680587060399,161.80000000001,0.748288808225235
-74.51,5.97,74.0959935299995,120.052705530004,103.37906786568,148.920000000013,0.464417035302295
-74.51,6.02,73.2893069899995,120.369322989998,103.288137373097,152.559999999994,0.385852045072449
-74.51,6.07,72.4595699999996,114.268698000003,99.0998527759731,135.48000000001,0.361291729858055
-74.51,6.12,71.5911843199996,115.12847232,99.3326302458496,141.080000000003,0.127966604936201
-74.51,6.17,70.6955400999996,114.158764099999,98.3897933194253,140.839999999998,0.372450120986243
-74.51,6.22,69.7749811599996,109.855949160004,95.3141007860965,129.880000000016,0.661469149891001
-74.51,6.27,68.8257649999996,106.055269000001,92.5479654287959,120.640000000004,0.320051535734913
-74.51,6.32,67.8446293499996,106.506037349998,92.4792221029786,125.279999999995,0.656016953513727
-74.51,6.37,66.8368067199996,107.399190719997,92.6826789378432,131.43999999999,2.35446044337
-74.51,6.42,65.8010460599996,110.807270059997,94.4784806632433,145.839999999991,3.8923034266888
-74.51,6.47,64.7060309499997,148.558822949968,118.136040072263,271.719999999896,5.02140350943146
-74.51,6.52,63.6237352699998,151.821615269987,119.822383169111,285.799999999957,7.28213354846731
-74.46,2.72,57.50436993,199.21348993,147.799748219978,459.2,5.51442439489076
-74.46,2.77,58.41948802,212.76886402,156.769088206227,500.16,4.16017431193129
-74.46,2.82,59.33895688,212.13298888,156.697510231337,495.12,4.50441918151724
-74.46,2.87,60.25490195,208.33352595,154.608852992384,479.84,5.88075238535565
-74.46,2.92,61.16601847,202.25793847,151.06812420645,457.2,5.49958781596208
-74.46,2.97,62.05282261,217.66128661,161.204698805423,504.24,6.05306391882737
-74.46,3.02,62.93364587,228.94810187,168.716097317902,537.96,7.16656719273
-74.46,3.07,63.81840031,223.673200310001,165.675991673695,518.000000000002,2.958681604948
-74.46,3.12,64.65900554,257.70682154,187.666794832418,625.56,5.24601677302192
-74.46,3.17,65.4907795099996,287.151987509987,206.730684383958,718.279999999959,10.2937447123314
-74.46,3.22,66.27334873,355.51795673,250.576598215258,937.28,7.74519354805154
-74.46,3.27,67.0430905399999,420.217274540001,292.081511119665,1144.44,17.3790929905285
-74.46,3.32,67.63183051,655.922182509999,442.483497630536,1906.32,10.8790148850477
-74.46,3.37,68.51743461,563.42542661,383.866964381784,1603.72,12.3949312023488
-74.46,3.42,69.16360449,697.91758849,469.798220219817,2037.44,21.1813247888616
-74.46,3.47,69.68622633,931.59368233,618.883481880471,2792.96,21.1488008275562
-74.46,3.52,70.2871076399998,1064.55927563995,703.825595020009,3221.87999999985,9.60808651065993
-74.46,3.57,71.0281858299997,1043.2786578299,690.534708500102,3150.51999999967,22.8077049305456
-74.46,3.62,71.77580644,999.46443844,662.888050745461,3006.12,20.0258626497289
-74.46,3.67,72.3040492399997,1138.28251323998,751.53294188888,3454.23999999992,11.7998029056915
-74.46,3.72,72.89320349,1199.81399549,790.953828074228,3651.72,13.431812209755
-74.46,3.77,73.45452436,1265.13194036,832.777305260362,3861.56,12.7731152041539
-74.46,3.82,74.1533662299998,1190.48300622999,785.465433795684,3617.39999999997,16.4652877231233
-74.46,3.87,74.93247413,1030.96293013,684.103794093457,3097.96,25.0340931630941
-74.46,3.92,75.7203985799997,849.824982580045,568.970700665638,2508.44000000015,21.8621232671099
-74.46,3.97,76.40277895,740.71982695,499.697759214088,2152.68,1.01972529141564
-74.46,4.02,76.79845332,845.459333319998,566.580091483493,2490.79999999999,18.3339832256273
-74.46,4.07,77.42047409,746.41589809,503.696460309829,2167.84,22.1592516612574
-74.46,4.12,78.05934822,615.76398822,420.6783968534,1742.4,15.6616431600582
-74.46,4.17,78.55678235,576.57546235,395.888405791564,1613.8,16.8551469971204
-74.46,4.22,79.1572323499998,437.84918435004,307.711509558229,1162.32000000013,24.9725808146919
-74.46,4.27,79.5808162099996,413.942744210035,292.63228935816,1083.48000000011,9.59341350472211
-74.46,4.32,79.91333959,436.45743559,307.099028311927,1155.36,15.6395789890358
-74.46,4.37,79.91062461,685.98868061,466.096406723207,1963.96,5.9830079368877
-74.46,4.42,80.40787777,538.82700577,372.507134177222,1485.48,23.7272428493061
-74.46,4.47,80.8034403199998,445.852552320045,313.408424829568,1182.92000000015,27.8124244856302
-74.46,4.52,81.02953064,454.336778639999,318.89650191574,1209.68,21.785469303126
-74.46,4.57,81.3522153,369.4364873,264.916112384625,933.52,13.5476761619412
-74.46,4.62,81.46651011,411.65616611,291.85946079629,1069.96,2.6488031887564
-74.46,4.67,81.63980245,387.37599445,276.45129456552,990.72,12.9195913864774
-74.46,4.72,81.59247644,496.75822844,346.131192295995,1345.32,17.9967601348015
-74.46,4.77,81.52858782,593.24910782,407.59086194988,1658.2,20.2363419271386
-74.46,4.82,81.4530964399998,673.28617644003,458.562148017805,1917.8000000001,19.9840703849501
-74.46,4.87,81.4894308199997,648.720918820054,442.922638414203,1838.08000000018,24.8313543373688
-74.46,4.92,81.55752113,576.92224113,397.198072591394,1605.2,16.413536291401
-74.46,4.97,81.71671122,415.93051122,294.673798955292,1083,13.9013731571659
-74.46,5.02,81.7120309,346.3427029,250.33157095057,857.52,3.60746404837132
-74.46,5.07,81.5635445999999,353.341392600004,254.737180820424,880.680000000014,7.58966205053356
-74.46,5.12,81.3523573899998,379.546365389992,271.358058901406,966.279999999976,2.45539104771331
-74.46,5.17,81.21660874,326.81283274,237.707623239773,795.84,4.66578798347422
-74.46,5.22,81.00208462,304.46551662,223.390345350267,724.12,4.25001331225315
-74.46,5.27,80.62487613,372.78266813,266.784372067909,946.72,9.67627987791864
-74.46,5.32,80.1739302299999,469.244466230004,328.085082522843,1260.76000000001,6.37282402641797
-74.46,5.37,79.8330326699998,461.200912670014,322.836143494823,1235.80000000005,13.2649638874838
-74.46,5.42,79.46862601,444.40664201,312.002821459904,1182.56,14.1051343427985
-74.46,5.47,79.12324949,387.59980949,275.680871743183,999.6,13.723697294328
-74.46,5.52,78.62669168,415.80305168,293.471487672225,1092.6,8.96324787616254
-74.46,5.57,78.2642859699998,318.651341970006,231.436080118003,778.96000000002,11.5098022351109
-74.46,5.62,77.7801205699999,285.344480570013,210.0376803214,672.600000000041,13.6065210204213
-74.46,5.67,77.3562671,179.9349071,142.718165496317,332.4,9.39070558508513
-74.46,5.72,76.80197168,146.10118768,120.958613990099,224.56,2.92097984841477
-74.46,5.77,76.18184299,136.37118699,114.533782410029,195.04,0.756664828336482
-74.46,5.82,75.5016691299999,147.38078113,121.302190713845,232.920000000001,0.783709608458585
-74.46,5.87,74.8189742099999,134.823158210002,113.052931863972,194.440000000008,1.53537662249498
-74.46,5.92,74.09563901,128.73018301,108.908125448279,177.04,0.718701776834819
-74.46,5.97,73.33737234,125.18217234,106.372266836333,168,0.860095826434893
-74.46,6.02,72.55328402,117.26325202,101.041947797552,144.88,0.49345422993677
-74.46,6.07,71.7287946699999,117.53737867,100.917483592832,148.440000000001,0.198685103905597
-74.46,6.12,70.8766568199999,116.10507282,99.6956695425154,146.56,0.326375517341558
-74.46,6.17,69.99749403,112.95461403,97.3692637555333,139.2,0.171753621829724
-74.46,6.22,69.08201011,116.90266611,99.5527675573322,154.96,0.44263324976366
-74.46,6.27,68.15494706,106.68057106,92.7030198512039,124.84,0.839244815270155
-74.46,6.32,67.1933426499999,103.385950650001,90.2548451888693,117.280000000003,0.348821652275004
-74.46,6.37,66.2041277399999,101.717815740001,88.8330304699888,115.080000000003,0.182693619461515
-74.46,6.42,65.18829745,101.67716145,88.4385708145622,118.24,0.599155369346881
-74.46,6.47,64.14957593,100.58906393,87.36838749028,118.08,3.03250360263944
-74.46,6.52,63.08277361,104.62033361,89.5500164624194,134.6,3.35342560036258
-74.41,2.72,56.48221127,178.47796327,134.216464200301,395.32,1.87948786832526
-74.41,2.77,57.40089041,182.91468241,137.376796895409,406.72,2.53975660804287
-74.41,2.82,58.3192261800001,180.685298180004,136.28944264242,396.520000000014,2.19229084858167
-74.41,2.87,59.22510544,188.36803344,141.513454540152,418.48,1.84574726948989
-74.41,2.92,60.1220865000002,198.8439585,148.514025630904,449.520000000001,1.06293733757473
-74.41,2.97,61.01604277,202.93501077,151.445133728177,459.88,1.05237543339113
-74.41,3.02,61.89535546,214.886891460005,159.379756028468,495.760000000015,2.87082717826372
-74.41,3.07,62.7445035,251.94099149999,183.298272058399,613.079999999969,1.0735412815981
-74.41,3.12,63.63222038,228.73322038,168.832628448681,535,1.90014620980686
-74.41,3.17,64.4709557500001,250.914731750004,183.270728719674,604.160000000012,4.51811893460925
-74.41,3.22,65.28653071,284.56534671,205.008403527349,710.56,9.69257771931524
-74.41,3.27,66.018298,394.381042000001,275.247161927849,1064.04,13.3623255397292
-74.41,3.32,66.7260507500001,509.826274750023,349.064282378677,1435.84000000007,19.6783611243094
-74.41,3.37,67.34556824,697.13644824,468.640881859744,2040.8,8.80834745764919
-74.41,3.42,68.2255822800001,593.104806280015,402.672427251102,1700.84000000005,6.91797054671577
-74.41,3.47,68.89004134,693.32362534,466.771749195123,2023.44,25.4715856895481
-74.41,3.52,69.47103326,854.537089259981,569.70585589625,2543.95999999994,27.3713324511034
-74.41,3.57,70.2948693700001,758.275365370033,508.667919336364,2229.36000000011,23.9141839678381
-74.41,3.62,70.9158608,839.3545488,560.555920844224,2490.08,23.1138478360247
-74.41,3.67,71.3507904900001,1071.91839849,708.900657916023,3242.28000000001,24.5908081285755
-74.41,3.72,71.83716699,1231.21033499,810.576062438719,3756.88,8.9758996225166
-74.41,3.77,72.4797438700001,1225.58215987,807.222990174879,3736.56000000001,6.4765653753979
-74.41,3.82,73.1781282300001,1151.48824823,760.264606498382,3494.20000000001,4.76172874153419
-74.41,3.87,73.77713699,1146.52011299,757.31629682556,3476.16,6.76267355997853
-74.41,3.92,74.4401473200001,1066.91009131998,706.830278843724,3216.03999999993,21.2741446791114
-74.41,3.97,75.24734906,848.42613306,567.907742315317,2505.44,14.2313465593885
-74.41,4.02,75.5859468300001,1003.23754682998,666.674594782234,3005.99999999992,9.61543398486202
-74.41,4.07,76.17592597,927.43050997,618.585297246581,2758.44,19.6581866534437
-74.41,4.12,76.75588624,840.33103824,563.296958562425,2474.32,22.8444125100292
-74.41,4.17,77.3920853,689.1360373,467.188109454592,1982.32,19.8859860185683
-74.41,4.22,77.7670312,724.543255199983,489.885205492818,2095.83999999995,25.8258435067879
-74.41,4.27,78.43291093,511.275270930011,354.234952719037,1402.60000000003,19.3724022497025
-74.41,4.32,78.78702454,518.96172054,359.26114426494,1426.36,11.0444567596818
-74.41,4.37,79.14652949,499.57082549,347.035927502051,1362.36,10.2783535676853
-74.41,4.42,79.21347324,678.20607324,460.884486438708,1941,15.9040212140729
-74.41,4.47,79.37914787,757.114123869966,511.22387344776,2196.15999999989,16.8153285293837
-74.41,4.52,79.7260480300001,676.040000029976,459.690258346382,1932.31999999992,23.7144363340302
-74.41,4.57,80.09813001,553.78678601,381.926949391499,1534.96,27.4701026517555
-74.41,4.62,80.53007227,365.47896827,262.096144782704,923.36,4.51543599993403
-74.41,4.67,80.44991989,528.91978389,366.209622734354,1453.24,23.3347723574787
-74.41,4.72,80.4135999,635.1406159,433.879105559696,1797.56,25.8167681735525
-74.41,4.77,80.28004596,787.38139796,530.836679634634,2291.32,22.6757678096356
-74.41,4.82,80.1869958399999,884.917043839983,592.951482031647,2607.67999999994,14.4482385317187
-74.41,4.87,80.13374345,928.26529544996,620.553155605706,2748.31999999987,23.3467831364691
-74.41,4.92,80.55596418,600.62102818,411.935283233576,1685.24,26.8245663264595
-74.41,4.97,80.65463378,484.08124178,337.713305667897,1307.28,9.9837033865192
-74.41,5.02,80.6031411,450.8861091,316.543076863455,1199.88,6.96803817958839
-74.41,5.07,80.5644368399999,383.066500840015,273.315180775044,980.240000000048,10.0370256046574
-74.41,5.12,80.44968435,344.537220350029,248.723144553484,855.760000000095,7.2013918585934
-74.41,5.17,80.18712802,387.15772002,275.785165242575,994.72,10.7219344113472
-74.41,5.22,79.96562892,374.49346892,267.635291463455,954.4,9.71241930392604
-74.41,5.27,79.56850777,464.02238777,324.537981362453,1245.8,9.10904688758786
-74.41,5.32,79.21066596,499.721369959993,347.155122129541,1362.63999999998,5.7694195327601
-74.41,5.37,78.78125936,562.727779359978,387.146268581116,1568.19999999993,2.38069182645501
-74.41,5.42,78.43307222,540.12336022,372.616673160919,1496.08,3.34999145547679
-74.41,5.47,78.00960923,547.55068123,377.195637051792,1521.52,7.28761540640809
-74.41,5.52,77.73678124,415.70315724,293.08496610074,1095.16,11.7902498055693
-74.41,5.57,77.33974145,350.105109449999,251.142613756065,883.879999999996,3.86062110992688
-74.41,5.62,76.7994753999999,366.673627400006,261.50386288986,939.320000000021,8.48977911950622
-74.41,5.67,76.36173698,278.56880098,205.20569096677,655.24,16.1328842779218
-74.41,5.72,75.8956498,184.8808258,145.339717301935,353.16,10.5684178880447
-74.41,5.77,75.32427183,145.84554383,120.259593796084,228.52,5.51417640823309
-74.41,5.82,74.66660357,148.397315570001,121.646942814429,238.920000000003,0.607167142853715
-74.41,5.87,73.9767402399999,151.00330024,123.057154920266,249.599999999999,1.16095209071675
-74.41,5.92,73.28120723,132.50771923,111.019641466526,191.92,1.38655504623459
-74.41,5.97,72.53532206,129.39178606,108.763589690979,184.24,0.971824130293999
-74.41,6.02,71.76572261,120.49983461,102.818523436553,157.92,0.78330254338237
-74.41,6.07,70.95862394,117.853479940001,100.839472557041,151.960000000003,0.464057422950055
-74.41,6.12,70.1227003,114.832668300001,98.6113640775525,144.880000000002,0.397662954559472
-74.41,6.17,69.25800333,112.00527533,96.4960603873339,138.52,0.439462809415068
-74.41,6.22,68.3665276,108.2623356,93.7876654600355,129.28,0.612970193419919
-74.41,6.27,67.44460863,107.63667263,93.0545173157289,130.24,0.130540252434813
-74.41,6.32,66.49622893,107.354868929999,92.5308719735381,132.399999999996,0.14096780857676
-74.41,6.37,65.5229696,106.739585599999,91.7857107245843,133.559999999997,0.41004354760931
-74.41,6.42,64.53016603,101.38935003,88.0164029266789,119.44,0.707254879318697
-74.41,6.47,63.51307535,96.64437135,84.6239460233711,107.36,0.479658930925203
-74.41,6.52,62.47055854,94.68839854,82.99938583415,104.4,0.545213537050491
-74.36,2.72,55.42915012,169.31489412,127.995801696946,369.04,0.980558026729358
-74.36,2.77,56.34587707,169.99708507,128.763085076605,368.28,0.833420630986974
-74.36,2.82,57.25492301,175.831387010001,132.810445993758,384.240000000005,0.857762490552813
-74.36,2.87,58.1570071,183.8312711,138.235164449326,407.24,1.07484783044121
-74.36,2.92,59.0513919899999,193.514583990003,144.729750501563,435.720000000009,1.68769463907889
-74.36,2.97,59.9316934,212.1825894,156.944166904232,493.36,2.32584729308477
-74.36,3.02,60.8036561700002,230.126304169997,168.694048504809,548.679999999989,0.673518978515754
-74.36,3.07,61.6928892700001,213.548777270008,158.453668339979,492.080000000024,2.14219474932518
-74.36,3.12,62.54978575,225.93496975,166.656896119873,529.44,1.24440010106507
-74.36,3.17,63.3989163900001,234.067060390003,172.146642891503,553.040000000009,2.6614173664256
-74.36,3.22,64.21256941,269.53032141,195.038617066551,665.32,7.86853056715438
-74.36,3.27,64.9576754600002,366.570971460008,257.142106917959,977.360000000025,14.2546810185854
-74.36,3.32,65.6532588800002,498.544994880001,341.486762473313,1402.76,7.03166652445445
-74.36,3.37,66.50796187,436.76624187,302.432166731314,1199.8,12.3865423263897
-74.36,3.42,67.1565115100001,579.049847510005,393.328901954872,1658.76000000002,8.24969582532795
-74.36,3.47,67.92373667,576.05215267,391.697164538349,1646.56,2.15963782887778
-74.36,3.52,68.6522921699999,595.062172170099,404.074453073904,1705.80000000032,3.5662648594418
-74.36,3.57,69.3465351699998,629.504911170093,426.272839300799,1815.1600000003,14.9914111092988
-74.36,3.62,69.93172536,749.90096536,503.200097581553,2203.4,20.0649365375318
-74.36,3.67,70.3895309600001,968.514282960002,642.664019951482,2910.32000000001,29.414076397688
-74.36,3.72,70.83094109,1176.19910909,775.158488105038,3581.88,22.0597102695952
-74.36,3.77,71.45815892,1186.02260692,781.645466982604,3611.68000000001,4.27239141666064
-74.36,3.82,72.0379846800002,1218.80792867999,802.746254585675,3716.03999999997,7.83574244267908
-74.36,3.87,72.74771439,1114.59365839,736.599650195959,3376.04,9.93991222055814
-74.36,3.92,73.36838004,1071.46718804002,709.345157251925,3234.28000000008,12.7737764482067
-74.36,3.97,74.02155345,980.91054545,651.880512701575,2938.72,19.5470169052113
-74.36,4.02,74.5313699000002,993.579201900002,660.137798456074,2978.12000000001,6.82722462160054
-74.36,4.07,74.96511795,1048.19076595,695.093011254741,3153.68,13.7777431200137
-74.36,4.12,75.57354139,935.11094939,623.260630334924,2785.28,20.7735117966318
-74.36,4.17,76.05875549,903.41535549,603.240613493986,2681,26.6059997184979
-74.36,4.22,76.5426026500001,851.202666649994,570.14685003378,2510.23999999998,21.0873185748081
-74.36,4.27,77.14624664,682.298502640011,462.742119922923,1960.96000000004,25.2860958176818
-74.36,4.32,77.57832394,629.10824394,429.006677772422,1787.2,14.6079616778425
-74.36,4.37,77.94305096,606.16749896,414.521433171213,1711.68,17.4733893739079
-74.36,4.42,78.20277755,641.21261755,436.946000878039,1824.4,14.2885408174462
-74.36,4.47,78.3491659100002,739.037077910006,499.331703559349,2140.92000000002,13.4547410630512
-74.36,4.52,78.4923890800001,814.182445079988,547.265407434033,2383.95999999996,15.11255128358
-74.36,4.57,78.80748191,733.82949791,496.17977751796,2122.56,23.1789194623674
-74.36,4.62,79.31303358,487.28223358,339.266191461861,1322,25.849072559401
-74.36,4.67,79.18629662,691.73260862,469.493575094178,1984.92,30.3456852671389
-74.36,4.72,79.067325,864.812301,579.734747445143,2546.16,17.8929513492476
-74.36,4.77,79.0990831,899.4936671,601.844826700192,2658.44,4.64490296164096
-74.36,4.82,79.1665298699997,882.365921870001,590.955700128909,2602.72000000001,2.32267569788953
-74.36,4.87,79.1001056400003,939.884257639997,627.581605143049,2789.31999999999,9.53065806272198
-74.36,4.92,79.36873856,723.08365056,489.536280987331,2085.92,28.7924998122012
-74.36,4.97,79.60660207,505.20303407,350.791624080614,1379.12,18.6959079937692
-74.36,5.02,79.63819183,414.43215983,292.964955765608,1084.88,3.31983866893286
-74.36,5.07,79.4050570699999,492.719209070002,342.763955265413,1339.32000000001,9.61063840753963
-74.36,5.12,79.2259226799998,505.661746679984,350.945795363402,1381.83999999995,5.57506140212965
-74.36,5.17,79.0211666,511.7524306,354.752419329395,1402.24,6.63306752275943
-74.36,5.22,78.86492384,455.98646784,319.162319496543,1222.04,6.85667343676617
-74.36,5.27,78.57740144,471.51160944,328.950439917924,1273.28,1.83111518323572
-74.36,5.32,78.30549614,449.440200140015,314.788148027333,1202.64000000005,2.01543472846179
-74.36,5.37,77.9373721399999,473.278660140001,329.844173576683,1281.08,4.91896523542171
-74.36,5.42,77.5291738,501.5208858,347.691687171442,1373.92,6.00413713939603
-74.36,5.47,77.2426373,411.4934693,290.223321388503,1083.12,9.41189189009682
-74.36,5.52,76.86727245,362.08773645,258.606384886257,924.24,2.70840726772979
-74.36,5.57,76.3890213900001,364.979397389996,260.275401968515,935.159999999985,3.17430850593638
-74.36,5.62,75.8164071000003,415.078903099969,291.990464323129,1099.3599999999,4.63315560399562
-74.36,5.67,75.30225008,394.09839408,278.435389428168,1033.04,9.69293686681038
-74.36,5.72,74.88034463,273.61874463,201.514106865944,644,12.5135281145869
-74.36,5.77,74.33214577,225.64489777,170.74684499287,490.32,9.57832345696436
-74.36,5.82,73.7749038899999,157.948639890021,127.409414740132,272.76000000007,7.30426858499034
-74.36,5.87,73.1142979499999,147.178297950037,120.307004373357,240.00000000012,8.58265777079117
-74.36,5.92,72.41955494,138.58339494,114.578372678178,214.4,6.7879017094763
-74.36,5.97,71.68550581,137.07167381,113.348800130733,211.88,3.66973504329403
-74.36,6.02,70.93526309,123.76758309,104.599393671978,171.2,1.59979205693604
-74.36,6.07,70.1406570600001,123.084073059998,103.875576701612,171.559999999994,0.463170336779427
-74.36,6.12,69.3221608800001,118.20440088,100.4693471194,158.400000000001,0.711935828301502
-74.36,6.17,68.47377685,114.93659285,98.0793346795711,150.56,0.837200952104647
-74.36,6.22,67.60150233,108.57123833,93.7069344331739,132.76,0.578190414770725
-74.36,6.27,66.69812879,106.38408879,91.9855539818361,128.6,0.393527642406061
-74.36,6.32,65.7706293599998,102.76559736,89.3433862184552,119.880000000002,0.410145237018275
-74.36,6.37,64.8157433200002,101.625551320002,88.2705184123982,119.280000000007,0.383508331303291
-74.36,6.42,63.84006873,97.42809273,85.2419610929817,108.84,0.242736000777533
-74.36,6.47,62.83608744,98.55962344,85.5987028381878,115.76,0.356334101110929
-74.36,6.52,61.81242199,97.36314199,84.4649210732,115.2,0.238098354228822
-74.31,2.72,54.3533751699997,162.844791170001,123.482824629113,351.560000000003,1.13564158765793
-74.31,2.77,55.25939296,171.78675296,129.509251066044,377.6,1.12503787854013
-74.31,2.82,56.1612150899998,180.465295089998,135.366307370493,402.799999999994,1.16832712729675
-74.31,2.87,57.0570752499994,190.224147249996,141.90956139915,431.519999999988,1.26537965568063
-74.31,2.92,57.9457946,201.321354600001,149.303008784503,464.600000000002,1.72950125041669
-74.31,2.97,58.8225581599997,219.158774159992,160.986902115441,519.559999999974,1.19557983102057
-74.31,3.02,59.7143081199994,204.682244120004,152.086165492607,469.760000000014,1.34523921607098
-74.31,3.07,60.5787677899998,216.13785579,159.699182181141,504.080000000002,1.35832422663598
-74.31,3.12,61.4334879899994,227.213407989997,167.066495867559,537.199999999993,1.42336268966983
-74.31,3.17,62.2763615499997,239.412761549997,175.14558441247,573.999999999993,1.66721323190931
-74.31,3.22,63.1048273299997,254.609643330001,185.129435238599,620.560000000005,3.83963736471208
-74.31,3.27,63.8927288499997,302.16896085,215.719530864934,772.120000000001,10.3424517738543
-74.31,3.32,64.6110154399994,411.674919439967,285.756037739718,1124.63999999989,14.3295887073577
-74.31,3.37,65.3298837299993,499.221483729997,341.800488860025,1405.99999999999,12.7045345053566
-74.31,3.42,65.9937971199997,626.053421119971,422.857177642157,1814.83999999991,9.5851409552132
-74.31,3.47,66.7225257199996,661.061437720039,445.428263865133,1925.92000000013,15.7837842496642
-74.31,3.52,67.3086663899994,825.674650389969,550.530518360631,2457.4399999999,20.3927357780909
-74.31,3.57,67.89184758,968.547119579987,641.778754040936,2918.51999999996,17.4021074234636
-74.31,3.62,68.6394096499996,922.498577650066,612.708391102511,2766.88000000022,26.5898427155481
-74.31,3.67,69.4573226899991,790.828338690229,529.106417802341,2337.56000000074,10.9849132171407
-74.31,3.72,69.9917301199996,917.160450120045,609.797637092256,2745.20000000015,22.924328910947
-74.31,3.77,70.3707333299997,1166.49324532998,768.807057493181,3551.91999999995,20.4336659704965
-74.31,3.82,70.8769316999995,1269.09666769996,834.368401667734,3882.75999999989,4.23248622312956
-74.31,3.87,71.5011291699994,1239.53978516997,815.761571270228,3784.9599999999,3.94526571809948
-74.31,3.92,72.0634941999998,1245.96555019999,820.060025558756,3803.95999999997,9.62218660970816
-74.31,3.97,72.6830460999996,1180.23610210002,778.402777954537,3588.96000000006,17.2322647788314
-74.31,4.02,73.2948364899997,1101.84629249006,728.675681493006,3332.96000000018,17.6512148160763
-74.31,4.07,73.7244081299996,1160.84814413003,766.426818462776,3522.7600000001,13.9903570481189
-74.31,4.12,74.1818930999997,1172.41522910002,773.963209396269,3558.76000000006,18.1197143622781
-74.31,4.17,74.6588796199993,1144.84664762005,756.569891083984,3467.88000000015,21.2516889986336
-74.31,4.22,75.2282641999996,1018.59377620004,676.329631365095,3056.92000000015,24.1146191917709
-74.31,4.27,75.7738086299997,892.008464630026,595.868895219432,2644.96000000009,23.3120201604814
-74.31,4.32,76.2980010399996,762.389865040055,513.467636992583,2223.24000000018,17.0286401922243
-74.31,4.37,76.5818283099991,803.989060310166,540.077128995803,2357.12000000054,28.740559977078
-74.31,4.42,76.7800441799996,889.076964180042,594.366051877935,2632.20000000014,24.3537150853578
-74.31,4.47,77.0202514699997,915.758019470003,611.45405536104,2717.88000000001,11.0602123625944
-74.31,4.52,77.2326097899998,939.658513789972,626.760214285416,2794.63999999991,8.00130204253481
-74.31,4.57,77.6340918799993,791.746835880063,532.658301762749,2314.04000000021,11.1155231577954
-74.31,4.62,77.7863004999993,813.649172500036,546.669435169051,2384.52000000012,22.6723512990642
-74.31,4.67,77.8234878399997,898.995743839988,601.064754857629,2660.95999999996,11.4976500651943
-74.31,4.72,77.9789844799997,867.957952480004,581.344256642346,2559.88000000001,1.84693370390432
-74.31,4.77,78.0620769699994,867.312748970001,580.963287519181,2557.52000000001,2.28836555139536
-74.31,4.82,78.0836831699994,888.195715169994,594.277506028415,2625.11999999998,6.30518840648252
-74.31,4.87,77.98336906,976.317969059985,650.391570719671,2910.99999999995,2.98590839802066
-74.31,4.92,78.1293650899997,851.480965089989,570.899874660298,2505.99999999997,23.349514018288
-74.31,4.97,78.4248456099993,588.985029610081,403.747767339299,1654.44000000026,23.1747182071445
-74.31,5.02,78.4460065899993,508.338150590109,352.368205573237,1393.04000000036,17.3055510997586
-74.31,5.07,78.3042269799997,524.317634980008,362.498705061318,1445.28000000003,6.05769049721223
-74.31,5.12,78.2603143899996,440.692498390054,309.197823272616,1174.44000000018,5.28643551992496
-74.31,5.17,78.0021100599997,492.217374060007,341.935186183567,1342.24000000002,2.89384270286533
-74.31,5.22,77.7838396499997,487.666359650002,338.956142447798,1328.20000000001,1.87248117308288
-74.31,5.27,77.5137168199997,496.222196820001,344.309817133245,1356.8,2.61738081742931
-74.31,5.32,77.2602691099994,465.886421110003,324.888265164302,1259.32000000001,0.735331802983343
-74.31,5.37,76.8935512999995,495.700783299955,343.75257522178,1357.11999999986,2.83126685615837
-74.31,5.42,76.5815188399994,457.418606839976,319.246415268764,1234.07999999992,5.68802466788959
-74.31,5.47,76.1778119699993,463.372059970061,322.893415700155,1254.6800000002,9.77339951757689
-74.31,5.52,75.80282452,420.694184519999,295.563527431322,1117.6,9.22638832362583
-74.31,5.57,75.4053705999997,368.760530600048,262.327815291783,950.600000000157,12.4834131732428
-74.31,5.62,75.0044947499997,292.481086750028,213.578011711065,704.72000000009,3.78761605548307
-74.31,5.67,74.37550277,370.631502769991,263.146328463328,959.999999999971,5.00671011574488
-74.31,5.72,73.8718059099997,323.097165910021,232.67526302453,807.600000000071,9.46658954942488
-74.31,5.77,73.3464861999997,266.110390200036,196.173370117819,624.640000000119,10.0421618927909
-74.31,5.82,72.7399638199993,248.703683820105,184.861968830836,570.200000000342,15.3978940963901
-74.31,5.87,72.0198490499994,299.692585050021,217.09022859534,737.760000000071,11.5907384089319
-74.31,5.92,71.3888119299994,250.870571930056,185.752470495913,581.600000000183,13.6744085095896
-74.31,5.97,70.7378235599994,192.153407560014,148.102400289993,393.440000000049,7.62236612258109
-74.31,6.02,70.04225529,144.957991290002,117.777677837203,242.760000000006,4.80854817911161
-74.31,6.07,69.28700988,123.588265880002,103.887129139375,175.960000000006,1.2649223930649
-74.31,6.12,68.4784436099998,124.162227610008,103.959493389281,180.440000000027,1.94804048354322
-74.31,6.17,67.6445845099997,122.883984510007,102.84247805074,179.000000000022,2.02314173106092
-74.31,6.22,66.7940940299998,112.294078030007,95.7861466760724,147.440000000025,1.78471708989117
-74.31,6.27,65.9099426499997,108.755966650004,93.210923315901,138.840000000015,1.1154294280481
-74.31,6.32,65.0018227099998,104.095270710007,89.9117062504539,126.680000000024,1.39353728979864
-74.31,6.37,64.0629503499996,105.798014350001,90.6560404195487,135.240000000004,0.384375007846011
-74.31,6.42,63.1066592399995,101.66931524,87.6783283844157,124.960000000003,0.273884223491393
-74.31,6.47,62.1220975999998,103.499185599997,88.4870895885004,134.079999999992,0.351772391551353
-74.31,6.52,61.1234877899998,97.5753197899989,84.3501648013498,118.119999999997,0.787722697375109
-74.26,2.72,53.2541597199997,164.806887720003,124.334241044613,361.480000000012,0.722770465286261
-74.26,2.77,54.1579622099993,165.266306210009,124.954887296076,360.040000000031,0.53315632285349
-74.26,2.82,55.0550246599997,171.175032660002,129.045322880718,376.280000000009,1.06387224912413
-74.26,2.87,55.94405336,182.43302136,136.541330479983,409.879999999999,1.51181059650711
-74.26,2.92,56.8285328499997,191.538604849996,142.66420038297,436.519999999988,1.50243629703279
-74.26,2.97,57.71126702,193.161979020001,144.018861617207,438.920000000003,2.28117910600019
-74.26,3.02,58.5773921199997,208.137296119995,153.875197290848,484.639999999986,1.62973175831302
-74.26,3.07,59.4386850199997,217.417197019998,160.100727820968,511.919999999993,0.966081222720931
-74.26,3.12,60.29383883,222.07430283,163.378440560701,524.24,0.733020217336944
-74.26,3.17,61.1368537499997,229.114005750011,168.169911918127,544.320000000036,2.12486217288831
-74.26,3.22,61.95708183,250.499337830001,182.093981481666,610.960000000002,3.20034954082385
-74.26,3.27,62.7563792799997,281.553779280012,202.171499505605,709.000000000041,5.70752486974268
-74.26,3.32,63.5112024599997,348.274938459998,244.959293206645,922.759999999996,13.0861740389909
-74.26,3.37,64.18476444,489.336812439993,335.08663021207,1377.67999999998,11.9333779286485
-74.26,3.42,64.9149171699997,542.923973170006,369.496644426197,1548.96000000002,17.0835590830952
-74.26,3.47,65.47425446,764.922326459984,511.154308470879,2266.51999999995,14.5407216623996
-74.26,3.52,66.2068733099996,772.308361310059,516.126405447956,2288.08000000019,11.1233265973595
-74.26,3.57,66.7918319399997,916.849047939992,608.438254462732,2754.55999999998,24.2834631379441
-74.26,3.62,67.24063407,1177.86734606998,774.918863241082,3598.91999999994,14.4293021403436
-74.26,3.67,67.9342208299997,1160.47697282996,764.089564182704,3540.31999999986,16.0324789456727
-74.26,3.72,68.70818306,1044.32856706002,690.361973872438,3161.44000000005,6.71240709663502
-74.26,3.77,69.2505630799997,1138.56190707997,750.603127517926,3465.0399999999,12.6888433233934
-74.26,3.82,69.7827243099997,1218.83630830996,801.94610266371,3723.43999999988,9.18778920907589
-74.26,3.87,70.41548985,1180.62250585001,777.8262936847,3597.56000000002,12.3804341673115
-74.26,3.92,70.9331374799997,1229.26940947997,809.011335038771,3753.51999999989,8.17778968404017
-74.26,3.97,71.46152088,1245.03028888,819.24568505986,3802.88000000001,5.43776084885736
-74.26,4.02,71.9206632699997,1300.79055126999,854.942048245941,3982.07999999998,11.2182835953693
-74.26,4.07,72.43711235,1281.84051235,843.054680987679,3919,6.09231578997389
-74.26,4.12,72.9424158399993,1250.65876783994,823.369371579523,3816.3199999998,2.80155123700806
-74.26,4.17,73.3978233799993,1240.60943137996,817.131280258497,3782.27999999988,4.2457405718427
-74.26,4.22,73.8771337899997,1187.29358978999,783.332954903035,3607.95999999998,17.4768954807255
-74.26,4.27,74.4917106399996,998.082134640068,662.99262519008,2992.84000000022,24.6058506787569
-74.26,4.32,74.95812857,912.918224570019,608.896409043605,2715.36000000006,25.9452098127894
-74.26,4.37,75.0787594099992,1090.21228741005,721.909859099306,3289.48000000015,23.4328775352215
-74.26,4.42,75.4317617899992,1050.38556979008,696.660818244667,3159.28000000025,19.2791353639842
-74.26,4.47,75.8605963499996,925.572180350043,617.28678624279,2753.44000000014,12.8906733359304
-74.26,4.52,76.1633626499996,879.473850650021,588.023321968557,2603.08000000007,2.49748291345442
-74.26,4.57,76.37491672,881.894980719999,589.642791780172,2610.24,5.50905998934879
-74.26,4.62,76.5762048899993,867.443940889998,580.507789529422,2562.76,2.64103385155361
-74.26,4.67,76.7049226799993,885.150514679982,591.836909643883,2619.71999999994,2.36343798556188
-74.26,4.72,76.8401022499993,872.312150249994,583.705500138737,2577.67999999998,1.14799250861591
-74.26,4.77,76.9337460499992,866.554738049999,580.070920131297,2558.72,0.25985706903377
-74.26,4.82,76.9825216799993,870.158585680011,582.384945669624,2570.24000000004,2.19735883799726
-74.26,4.87,76.9587268299993,904.389390829978,604.187777540395,2681.23999999993,5.86163540277661
-74.26,4.92,77.0177116899992,848.418959690045,568.545479991186,2499.68000000015,11.5307124412257
-74.26,4.97,77.139095059999,718.533335060192,485.827932686189,2078.40000000063,25.5789344755441
-74.26,5.02,77.0709720799991,709.182524080158,479.844990501109,2048.32000000052,28.1254767481754
-74.26,5.07,77.1314622199992,574.582318220091,394.101274912376,1611.9600000003,12.1334100349789
-74.26,5.12,76.9594212999992,592.864557300092,405.688083342857,1671.7600000003,17.7866485282927
-74.26,5.17,76.8561170699992,531.843613070032,366.768778079627,1474.36000000011,7.76618167755488
-74.26,5.22,76.6942487899992,489.502296790088,339.730663491574,1337.68000000029,7.79143101535537
-74.26,5.27,76.4136905399992,512.477834540064,354.268615058486,1413.04000000021,7.416360011696
-74.26,5.32,76.1919877199993,463.373891720031,322.899725999065,1254.6400000001,5.58007200702405
-74.26,5.37,75.9207474099993,426.095339410033,299.047863379541,1134.72000000011,3.34303467171443
-74.26,5.42,75.5889704299993,409.469482430007,288.333690986391,1081.92000000003,9.39379449775394
-74.26,5.47,74.9889887199994,578.278556719946,395.679159768656,1630.87999999983,5.6289106222256
-74.26,5.52,74.6781966199993,492.411500619985,340.85292629866,1353.63999999995,2.75782017068361
-74.26,5.57,74.1657833499994,540.843047349941,371.527026523385,1512.23999999981,10.0385187246291
-74.26,5.62,73.9169027899992,350.447190790104,250.118737672651,896.080000000339,17.449106488551
-74.26,5.67,73.4435868999992,313.571418900089,226.450206575574,778.120000000292,4.92355189050082
-74.26,5.72,72.7859398299994,401.358531829942,282.148516426011,1064.71999999981,4.02383311280874
-74.26,5.77,72.2251277499994,384.244415749945,271.040134460398,1011.07999999982,1.83885032098066
-74.26,5.82,71.5649309699995,424.393482969922,296.383118919639,1143.31999999975,4.06852181582397
-74.26,5.87,71.0102849399994,349.503268939959,248.462726542777,902.439999999869,4.52827712796791
-74.26,5.92,70.3349661499995,351.11159014994,249.242516200818,909.839999999807,7.74758175345556
-74.26,5.97,69.7856724599994,216.852088460006,163.494656514602,476.56000000002,10.4469133322723
-74.26,6.02,69.1030789199994,171.508902920009,134.354861001335,331.840000000032,5.6359309559271
-74.26,6.07,68.3888282699994,127.923940270041,106.323898783315,192.920000000133,3.63955394128997
-74.26,6.12,67.5704683899994,152.966260390005,121.983658896106,276.720000000018,2.51661511276933
-74.26,6.17,66.7578790999994,148.610943099987,118.913685148845,265.239999999959,1.028573295008
-74.26,6.22,65.9272145699994,136.584270570006,110.949056497864,228.960000000022,2.40220545107077
-74.26,6.27,65.0710775199995,124.346965520011,102.840973560815,192.080000000037,1.8381782380335
-74.26,6.32,64.1744285399995,127.523836539995,104.539923434088,205.279999999984,1.3680748615924
-74.26,6.37,63.2766889999995,108.184160999999,91.8911999946806,145.52,1.54919012267733
-74.26,6.42,62.3430549499995,101.609318949999,87.3630548054364,127.239999999999,0.764741447455894
-74.26,6.47,61.3862447899995,96.1963247900009,83.5668168089671,112.800000000005,0.655845828188185
-74.26,6.52,60.4055796699998,93.7590676699998,81.6580284626409,108.08,0.458031840284376
-74.21,2.72,52.1337641,176.4995641,131.378183635847,403,0.305794856699297
-74.21,2.77,53.02789103,178.65277903,133.074586575044,407.08,0.350111482928217
-74.21,2.82,53.92028553,178.21202153,133.117512359424,402.76,0.85395083476171
-74.21,2.87,54.80961647,176.18816847,132.150596846773,393.32,1.02330097486016
-74.21,2.92,55.69093843,179.30375443,134.455565450543,400.56,0.74811361443028
-74.21,2.97,56.5645677,184.9545117,138.373124284848,416.04,0.955426208367707
-74.21,3.02,57.4294154299998,193.052943430001,143.847126342195,439.480000000005,1.52210645826984
-74.21,3.07,58.2801392299996,209.691643230008,154.757762061439,490.640000000028,2.13384275415717
-74.21,3.12,59.12081562,226.93749562,166.051622924203,543.8,4.21945724221425
-74.21,3.17,59.9368640399996,263.168480040022,189.43365046564,658.560000000073,6.07195589569828
-74.21,3.22,60.76141965,271.95491565,195.331422016135,684.36,7.38647818182382
-74.21,3.27,61.5465724699996,315.450308469994,223.331035540253,822.759999999981,3.01546970641141
-74.21,3.32,62.3474311099998,321.559087109998,227.514038140594,839.959999999993,7.21230732442705
-74.21,3.37,63.04893124,430.19652324,296.991042431534,1189.72,14.9446066408966
-74.21,3.42,63.7493608699996,517.527144870008,352.891207674698,1470.44000000003,19.431561897377
-74.21,3.47,64.28807435,767.69857035,512.492938154537,2279.36,28.2527803657933
-74.21,3.52,64.8648444999999,945.843780499962,626.214221954455,2854.75999999988,7.04584837123908
-74.21,3.57,65.6655047,852.546128700003,567.056548643636,2549.84000000001,3.97980832829539
-74.21,3.62,66.24330096,982.47670096,650.056406671986,2969,33.6531774061357
-74.21,3.67,66.86921737,1037.07058537,685.070075162455,3143.88,30.662842635731
-74.21,3.72,67.53056276,1033.11527476,682.789741852067,3128.92,3.30540799904803
-74.21,3.77,68.1674838099999,1033.48062780997,683.253622978493,3128.03999999989,20.765835289081
-74.21,3.82,68.6993631899997,1116.69261918991,736.468293629038,3395.95999999971,20.4437464957904
-74.21,3.87,69.3854519,1026.1935799,679.052295280902,3100.48,0.527818776648725
-74.21,3.92,69.8576988999996,1120.96164290001,739.608723008885,3406.04000000005,13.1037608355162
-74.21,3.97,70.27465485,1242.79418285,817.39025568886,3799.48,10.5106569955689
-74.21,4.02,70.7394659599996,1294.37549795999,850.425899682023,3965.11999999996,2.49223906258826
-74.21,4.07,71.27662661,1255.72045861,825.990253183017,3838.12,9.24041902282093
-74.21,4.12,71.8675933,1146.9065533,756.869727034683,3483.6,7.69526910594417
-74.21,4.17,72.27009039,1185.03231439,781.309042596301,3605.84,16.9294124078067
-74.21,4.22,72.6664760799998,1204.06814007998,793.582259402829,3666.23999999995,4.37651962163332
-74.21,4.27,73.0361718699996,1222.02803586999,805.160222968373,3723.23999999996,10.8840226394056
-74.21,4.32,73.41849422,1204.72140622,794.271353934275,3665.92,15.1750032496511
-74.21,4.37,73.77155847,1188.34835047,783.966731983672,3611.72,1.31966576345991
-74.21,4.42,74.08346296,1182.41419096,780.298718231971,3591.48,7.20490402641806
-74.21,4.47,74.5024088299998,1062.68898482999,704.16322883225,3202.15999999998,15.2194123093478
-74.21,4.52,74.8926052599996,943.996613260016,628.675418784615,2816.28000000006,11.914086475542
-74.21,4.57,75.1777123,888.0177683,593.109799845013,2633.96,4.83548915398214
-74.21,4.62,75.39724146,860.71017746,575.789373117674,2544.76,1.66839775186601
-74.21,4.67,75.55311416,859.58227416,575.127238906336,2540.6,1.59436864202441
-74.21,4.72,75.67307983,861.64024783,576.482080394413,2546.88,0.852463027758994
-74.21,4.77,75.75961596,864.61527996,578.409132074923,2556.24,1.31647550159945
-74.21,4.82,75.7931373399998,883.905441339997,590.712757124987,2618.63999999999,0.847570138077532
-74.21,4.87,75.8252368299998,878.160548830006,587.063825513974,2599.92000000002,2.59907277114486
-74.21,4.92,75.75345256,928.79791656,619.303314241812,2764.24,8.19950866056233
-74.21,4.97,75.60727522,1012.22061922,672.406240649473,3035.04,13.8036259595924
-74.21,5.02,75.57774697,976.46755497,649.614097001285,2919.28,27.3277898934812
-74.21,5.07,75.8170644099998,701.460360410032,474.469586470058,2027.3600000001,23.9281397226978
-74.21,5.12,75.6170263499998,747.871266349987,503.969491652447,2178.39999999996,8.78407210087696
-74.21,5.17,75.65400578,580.27672578,397.193645544311,1635.2,8.39666276624807
-74.21,5.22,75.39148156,622.81084956,424.200640185927,1773.88,12.23640640071
-74.21,5.27,75.1483452,623.5428892,424.578874460501,1777.04,14.9245439154923
-74.21,5.32,75.0139679899998,510.954671990004,352.790237997742,1412.64000000001,9.48657304898244
-74.21,5.37,74.7482882699998,475.878912269992,330.343986258768,1299.83999999997,6.53813999703707
-74.21,5.42,74.50295411,397.50840211,280.318212273227,1046.68,2.37158884268198
-74.21,5.47,73.97788348,517.48545948,356.57567499399,1437.16,12.8794387156544
-74.21,5.52,73.65083483,451.30317083,314.286444882577,1223.76,3.73036375083167
-74.21,5.57,73.1853845499998,471.057192549998,326.704603456145,1289.27999999999,5.55030966022347
-74.21,5.62,72.6840226899999,494.305686689982,341.336369455884,1366.23999999994,2.19282228768652
-74.21,5.67,72.24312237,441.05715437,307.247069456059,1195.12,10.3873229194173
-74.21,5.72,71.84955255,320.74162455,230.440642485612,806.52,10.984077659825
-74.21,5.77,71.31662588,290.12636988,210.739611556668,709.04,5.6819339547518
-74.21,5.82,70.6924258799999,311.005417879993,223.817027321571,778.719999999977,9.62484736620479
-74.21,5.87,70.1059357199998,273.596775719998,199.767896618107,659.399999999994,5.91846912947143
-74.21,5.92,69.44784761,272.37086361,198.747997758863,657.56,6.45804161612172
-74.21,5.97,68.8212703,217.3072463,163.434781227713,481.16,6.20725386579098
-74.21,6.02,68.13885806,185.66608206,143.025817702759,380.84,2.20723794322816
-74.21,6.07,67.3943279799998,184.785767979998,142.194767660982,380.399999999994,2.88235904016768
-74.21,6.12,66.6440163399999,164.186304339997,128.796810699528,316.079999999991,3.37911302907894
-74.21,6.17,65.88275825,128.44215025,105.744864275576,202.72,1.30287215978392
-74.21,6.22,65.0390676,146.5464996,116.974641018878,264.12,1.18071938608438
-74.21,6.27,64.19645716,140.01330516,112.506057635352,245.68,1.49545327725919
-74.21,6.32,63.3417092699998,121.481949269999,100.387983812316,188.399999999996,2.17610043312669
-74.21,6.37,62.4605611499999,105.701593150001,90.0132362501568,140.120000000004,1.29314324832378
-74.21,6.42,61.54707049,99.98628649,86.04008512371,124.56,0.904940199512014
-74.21,6.47,60.60931547,97.29568347,83.9854360516911,118.88,0.498328766321867
-74.21,6.52,59.65245736,93.16641736,81.0071570165583,108.6,0.537029825418481
-74.16,2.72,51.01047084,166.13061484,124.363667524001,373.04,1.80990361013051
-74.16,2.77,51.89337695,171.98815295,128.416350415435,389.16,1.93664859247911
-74.16,2.82,52.7839932900001,157.720337290002,119.648192840794,340.040000000008,1.73273291384881
-74.16,2.87,53.65914311,166.10063911,125.305536911691,364.36,1.96338711382796
-74.16,2.92,54.5236122900001,184.259052289999,137.189503041538,420.399999999995,1.27641761158015
-74.16,2.97,55.39111569,186.79299569,139.118842336064,425.8,1.52364910279921
-74.16,3.02,56.2433192700001,203.062855269999,149.794994303187,475.759999999997,3.74229521299334
-74.16,3.07,57.0791831700001,231.610999170001,168.288795856585,565.560000000002,5.47424044649281
-74.16,3.12,57.89670699,272.63293099,194.724093813384,695.84,6.70622479464971
-74.16,3.17,58.69455153,325.399015530004,228.635487360426,864.240000000013,10.2163939530665
-74.16,3.22,59.48649714,368.60494514,256.453122848852,1001.68,6.68479734886204
-74.16,3.27,60.35155476,297.232914760002,211.289560803962,767.600000000005,4.15722910823758
-74.16,3.32,61.1495428599999,300.70955086,213.794351786271,776.279999999999,2.73661923759333
-74.16,3.37,61.92076998,320.91023398,226.945798891326,839.24,16.2793688280079
-74.16,3.42,62.5179890900001,534.009413089982,362.946758180928,1527.83999999994,16.6618616832548
-74.16,3.47,63.27762768,526.10356368,358.18485011941,1499.76,17.2587181859222
-74.16,3.52,63.8763006300001,686.075620630028,460.33436184137,2016.20000000009,32.0021745792961
-74.16,3.57,64.4392846000001,860.059460599984,571.399067901577,2578.15999999995,8.98017836550671
-74.16,3.62,65.34826768,624.90178768,421.889164708283,1813.2,31.3195366619904
-74.16,3.67,66.0239154800001,631.946939480057,426.623385260727,1833.84000000019,22.3697846259469
-74.16,3.72,66.34906443,988.38414443,653.858932145147,2987.8,17.9708734418259
-74.16,3.77,67.1766208999999,789.312964900046,527.3133739786,2340.04000000015,8.88966425226443
-74.16,3.82,67.7201185100001,865.315334510041,575.938373982903,2584.56000000013,28.4579276103887
-74.16,3.87,68.00638843,1174.26332443,772.900247922118,3584.76,17.243219886488
-74.16,3.92,68.5874045800001,1160.63639658,764.428129889907,3538.71999999999,4.59665439819847
-74.16,3.97,69.10192223,1189.55445823,783.041050453257,3630.76,7.42282192719251
-74.16,4.02,69.5471194300001,1261.03937543,828.751918564305,3860.96,4.90840965068669
-74.16,4.07,70.08770229,1217.58594229,801.260033808844,3718.4,8.18576121542361
-74.16,4.12,70.64334062,1138.17714862,750.863280103785,3459.28,15.3481057697528
-74.16,4.17,71.29103469,953.70187469,633.552804468664,2859.4,12.7458773516616
-74.16,4.22,71.5246361699999,1122.48045217,741.181274866031,3405.56000000001,15.418331267131
-74.16,4.27,71.8423313300001,1188.45588333,783.335304270316,3618.32000000001,4.92239305213115
-74.16,4.32,72.21990648,1175.71178648,775.351904932314,3575.8,5.93638013959214
-74.16,4.37,72.65921878,1084.74377878,717.54755205485,3279.6,8.26062026326375
-74.16,4.42,72.99610745,1059.12123545,701.343397123471,3195.48,7.10392785775787
-74.16,4.47,73.2926906000001,1043.2965546,691.367701175326,3143.24,6.30144626790386
-74.16,4.52,73.6003006100002,993.080172609991,659.482019953537,2979.51999999997,8.48454544457265
-74.16,4.57,73.93266658,897.41325058,598.644772947831,2668.44,7.54402028672909
-74.16,4.62,74.16367853,861.94541453,576.128900401785,2552.76,2.20119760084479
-74.16,4.67,74.32488787,858.86015187,574.221496110229,2542.24,0.125164146292019
-74.16,4.72,74.44967999,859.79964799,574.865408000885,2544.88,0.30196734298433
-74.16,4.77,74.54012005,862.76624005,576.788498160325,2554.2,0.520663053119238
-74.16,4.82,74.59836397,865.762355970008,578.718719435122,2563.72000000003,3.06851366181941
-74.16,4.87,74.5716804200001,911.64300841999,607.943648416506,2712.47999999997,2.04181829802105
-74.16,4.92,74.5839502,899.1014302,599.956754457758,2671.8,2.50497082619154
-74.16,4.97,74.47972103,954.84145703,635.435825930951,2852.76,9.81481969736489
-74.16,5.02,74.26987955,1070.01098355,708.744355607434,3226.64,2.61905031923903
-74.16,5.07,74.3484432699999,923.331731270016,615.310571549609,2751.08000000005,32.8951552111591
-74.16,5.12,74.50499645,687.150060450035,464.875198532765,1985.24000000011,18.4393909028944
-74.16,5.17,74.43443968,608.49759968,414.733180247586,1730.6,8.67347652513275
-74.16,5.22,74.12219456,698.93844256,472.24773139831,2024.68,16.7597955353997
-74.16,5.27,73.82894708,747.61384308,503.156728315204,2183.36,15.0508954186287
-74.16,5.32,73.8190167799998,538.064512780018,369.630766092535,1504.36000000006,20.083025704885
-74.16,5.37,73.66044747,422.34141547002,295.835843859995,1129.88000000006,7.69890625763858
-74.16,5.42,73.34512382,407.49720382,286.262884299939,1082.8,9.90511817306285
-74.16,5.47,73.03386387,362.30315987,257.352844257399,937.36,2.36337566881518
-74.16,5.52,72.53118151,448.82567751,312.301591944815,1219.36,6.91435382670577
-74.16,5.57,72.0934182599999,455.498058259976,316.39432851144,1242.39999999992,11.4436493473543
-74.16,5.62,71.7279598899998,374.538623890003,264.6753401018,981.240000000011,8.61762288186715
-74.16,5.67,71.2471434,363.9110394,257.729122831802,948.36,5.39773572527166
-74.16,5.72,70.81353035,286.08054635,207.979131569418,697.56,4.49059210278486
-74.16,5.77,70.25660673,287.31350273,208.562698354649,703.36,1.72734965113881
-74.16,5.82,69.70313566,259.319319660004,190.524329554806,614.440000000013,3.66480202886293
-74.16,5.87,69.0921075400001,255.671667540001,187.978400471448,604.600000000004,1.94553366488233
-74.16,5.92,68.44818577,255.59556977,187.696289450693,606.44,6.01769583682784
-74.16,5.97,67.8868271,154.6281151,123.157351772794,281.08,9.18570534104025
-74.16,6.02,67.18659048,153.53287048,122.205420718536,279.8,1.32099263080971
-74.16,6.07,66.43653022,173.829330219995,134.86595453383,347.999999999984,3.29410231330094
-74.16,6.12,65.71736925,140.287473250001,113.232559167227,241.640000000004,3.24428620027653
-74.16,6.17,64.94065338,136.63460538,110.623193197787,232.32,1.27983535611042
-74.16,6.22,64.15210993,120.04574193,99.7668723774755,181.12,2.12804069598896
-74.16,6.27,63.31647555,126.04868355,103.288697890563,203.28,1.27772811611149
-74.16,6.32,62.47471369,114.76389769,95.7927644248736,169.440000000001,1.25665228665463
-74.16,6.37,61.60465744,109.227809439999,91.9495676702026,154.319999999996,0.213834706794368
-74.16,6.42,60.70223567,115.10224367,95.3652785379383,176.28,0.553716666791035
-74.16,6.47,59.79794778,100.68127578,85.84832172568,132.48,1.2603544920412
-74.16,6.52,58.86610423,94.39213623,81.5028724110589,115.12,0.80933194955526
-74.11,2.72,49.87753447,149.04923047,113.068568370843,321.36,1.59000730408084
-74.11,2.77,50.7538564,147.1604964,112.183029261039,312.4,0.757849808127681
-74.11,2.82,51.6257570100001,149.846965010004,114.211151178413,318.280000000012,1.78125826118303
-74.11,2.87,52.49182565,157.30472965,119.277370690087,339.64,2.64775890070251
-74.11,2.92,53.3473192400002,175.750423240001,131.34113205563,396.640000000003,6.29844972935295
-74.11,2.97,54.19116568,203.92388568,149.599087165839,485.2,5.53665275836674
-74.11,3.02,55.0223839699999,240.639111969996,173.295171717941,601.479999999986,4.72244311422975
-74.11,3.07,55.8461829699999,275.001558969989,195.489401276636,710.159999999965,3.43402959307676
-74.11,3.12,56.66866015,296.41382815,209.43145084233,776.88,8.53212006326031
-74.11,3.17,57.4168853200002,413.294405319977,284.177839684102,1153.19999999993,5.20664137103238
-74.11,3.22,58.24983277,386.16819277,267.195540459308,1062.6,7.36574440281395
-74.11,3.27,59.1234797,289.388455700008,205.845603970149,746.160000000027,6.07295381139184
-74.11,3.32,59.9230910700002,282.250875070003,201.587730301778,720.44000000001,1.95354921310868
-74.11,3.37,60.71246578,272.18987378,195.463373520758,685.28,5.51193556332846
-74.11,3.42,61.44645817,315.202066170023,223.136535827425,822.280000000076,21.5162753793069
-74.11,3.47,62.03944601,511.11416601,348.184555956811,1455.2,16.7106762242657
-74.11,3.52,62.77863611,502.965676110006,343.260621286015,1426.40000000002,23.2857964480648
-74.11,3.57,63.31772799,710.11863998997,475.451633184951,2095.9199999999,28.0200483191227
-74.11,3.62,64.2052876,489.5671836,335.240866040274,1378.36,11.0359381566083
-74.11,3.67,64.5183961800001,900.33063617996,597.088088167291,2708.39999999987,21.3178546785264
-74.11,3.72,65.2950711,765.2245591,511.281877702641,2268.08,11.7406281800462
-74.11,3.77,65.7681774600001,940.266513459975,622.988193102422,2833.75999999992,11.3199830124112
-74.11,3.82,66.5066545499999,807.554006549971,538.693278668643,2401.31999999991,16.7189459386787
-74.11,3.87,66.83734255,1078.93424655,711.73354127592,3279.64,29.7949291835795
-74.11,3.92,67.2842106200001,1200.59919461999,789.419138858768,3672.43999999996,5.75577849471075
-74.11,3.97,67.86241297,1163.72570097,766.13356266071,3551.08,7.47485177845999
-74.11,4.02,68.3284517999999,1215.48105979998,799.280550688856,3717.27999999994,9.85923384707048
-74.11,4.07,68.85436283,1184.03601083,779.43494344613,3613.68,7.51255912442231
-74.11,4.12,69.40932484,1102.05898884,727.401499598395,3346.24,15.9773797113549
-74.11,4.17,69.99927688,965.66757288,640.70854110844,2902.36,3.26503132861236
-74.11,4.22,70.3005856400002,1076.15142564001,711.216866124226,3259.40000000003,11.3047999480135
-74.11,4.27,70.6048138600002,1156.77806186001,762.701584460327,3519.68000000002,12.0785911378221
-74.11,4.32,70.90855459,1211.19789859,797.48746268364,3695.04,3.465933956726
-74.11,4.37,71.36155984,1105.15921584,730.085221547957,3349.96,11.7162325925349
-74.11,4.42,71.71173077,1067.48986677,706.209803180646,3226.76,16.6781772624222
-74.11,4.47,72.0944096799999,976.477569680016,648.356682364263,2930.60000000005,8.60223600438207
-74.11,4.52,72.4098796500001,919.961263650023,612.459615605429,2746.44000000008,8.81865430280181
-74.11,4.57,72.68018303,877.45960703,585.47613102594,2607.84,6.68431338879883
-74.11,4.62,72.88897852,862.18902652,575.821650873463,2557.68,3.8411178368994
-74.11,4.67,73.05168799,860.10512799,574.552848248622,2550.4,0.283714921973095
-74.11,4.72,73.18129699,859.69160099,574.336377401517,2548.64,0.0454884975511207
-74.11,4.77,73.2794431,859.2959871,574.119905468695,2547.04,2.70949433693448
-74.11,4.82,73.2889025300004,906.80515852998,604.395620618181,2700.95999999994,0.60581930905559
-74.11,4.87,73.3700163199999,867.225000320006,579.205040118502,2572.44000000002,3.1729045557964
-74.11,4.92,73.30431416,923.80591416,615.233892921277,2756,8.96775554522439
-74.11,4.97,73.15734503,1021.34936103,677.334103563654,3072.56,5.61964367657985
-74.11,5.02,73.10734204,1010.65883004,670.504081750835,3038.08,9.94226080910209
-74.11,5.07,72.8724632900004,1127.84007928992,745.085373583907,3418.55999999973,13.4336352532871
-74.11,5.12,73.1222843999998,812.379756400037,544.168418113454,2395.52000000012,32.1107771263434
-74.11,5.17,73.05891277,731.82116077,492.814440052338,2134.68,23.6812018629135
-74.11,5.22,72.68886434,880.19631234,587.223077022532,2616.68,21.0812088724306
-74.11,5.27,72.52283472,831.08632272,555.87053390778,2458.08,15.0886364087636
-74.11,5.32,72.4932079499997,640.132047950048,434.185975429527,1839.40000000016,24.9762941012244
-74.11,5.37,72.3624354900001,506.365131490008,348.903829679668,1406.36000000002,18.1544681529938
-74.11,5.42,71.97626394,559.94692794,382.905410210132,1581.24,8.64392090610007
-74.11,5.47,71.66481338,523.65271738,359.666169779462,1464.64,11.6769255087133
-74.11,5.52,71.4519804,375.9414284,265.469061957394,986.68,16.5268048699213
-74.11,5.57,71.1359264899999,288.143446490007,209.410556310371,703.200000000024,6.17687002009412
-74.11,5.62,70.5822250800002,377.417033079984,266.09374234079,994.279999999949,10.8794491800101
-74.11,5.67,69.99321916,472.51871516,326.477713119746,1304.36,4.24895466921423
-74.11,5.72,69.64037352,334.62902152,238.488011651616,858.68,12.0577325672147
-74.11,5.77,69.16246096,278.97342896,202.851532806233,679.88,13.8906764474627
-74.11,5.82,68.6160670900001,257.343483089998,188.870948507722,611.559999999992,3.01108690635672
-74.11,5.87,68.0342006100001,241.306928610004,178.441537287391,561.480000000013,2.39888016853949
-74.11,5.92,67.34402881,298.60886881,214.703254616858,749.4,8.37650150941863
-74.11,5.97,66.64432451,340.68112451,241.257338276333,888,11.474954204944
-74.11,6.02,66.14045285,173.01480485,134.23952821887,346.32,20.043116701296
-74.11,6.07,65.4749279799997,130.466087980034,106.886527866497,210.600000000112,6.30269317891006
-74.11,6.12,64.74568907,123.651257070006,102.279621578695,190.88000000002,0.672174991536868
-74.11,6.17,63.98559934,122.47147134,101.252106512292,189.52,1.21810906623346
-74.11,6.22,63.21001853,112.48726653,94.6088992036578,159.68,0.334606935159394
-74.11,6.27,62.39390464,119.75647264,98.9446557648716,185.88,0.687405632441055
-74.11,6.32,61.5719066400001,109.799914640003,92.3022239726622,156.280000000008,1.03584929546111
-74.11,6.37,60.7247942399999,103.04002624,87.6875605098646,137.120000000001,0.602239989020625
-74.11,6.42,59.85122814,102.08005214,86.7589362523705,136.84,1.19631584657688
-74.11,6.47,58.96276443,95.35287643,82.1501141859978,117.92,0.765025718450075
-74.11,6.52,58.05324276,90.54265076,78.7551099777022,105.28,0.644921379667504
-74.06,2.72,48.73035851,139.97720651,106.871772823547,295.68,2.43646828431465
-74.06,2.77,49.58502442,160.27367242,120.114524169672,358.68,3.39919042639519
-74.06,2.82,50.4334367400001,187.908564739997,138.030965312775,445.47999999999,4.54627150483443
-74.06,2.87,51.28298491,204.78062491,149.089868972358,497.4,7.64510692655804
-74.06,2.92,52.09567253,284.11349652998,199.934690852149,751.839999999935,5.3362033486574
-74.06,2.97,52.95660521,258.36076521,183.837711024044,665.6,6.12480249281673
-74.06,3.02,53.80668697,244.003038970011,174.997557065127,616.320000000037,4.82326184188507
-74.06,3.07,54.6376616900001,251.894781690003,180.32756979748,639.200000000011,4.98712171137867
-74.06,3.12,55.41995066,325.82761466,227.72052181159,876.24,4.40974893400424
-74.06,3.17,56.2375558300002,325.497227830012,227.806640032036,872.52000000004,7.5611997010714
-74.06,3.22,57.04004735,333.54564735,233.226151330444,896,6.71011958124778
-74.06,3.27,57.8446269599999,322.685146959997,226.597879678767,858.199999999989,4.04208206512756
-74.06,3.32,58.6663271,272.365655100001,194.833016033459,692.480000000004,5.1304363513545
-74.06,3.37,59.47005639,232.79216039,169.90885487167,561.64,2.31227935782089
-74.06,3.42,60.22035339,248.342913390009,180.089827705272,609.600000000029,4.67050457538338
-74.06,3.47,60.92224589,306.55550189,217.436856742985,795.96,13.472660567361
-74.06,3.52,61.6296310199999,335.703463020006,236.266241139549,888.120000000021,14.36432627999
-74.06,3.57,62.31103603,375.206748030033,261.684489766463,1013.92000000011,28.5545782379565
-74.06,3.62,62.77675581,648.38845981,435.921620048226,1897.64,30.3125396191555
-74.06,3.67,63.24959625,880.595212250003,584.052573435767,2648.56000000001,31.1817144759267
-74.06,3.72,63.6283687,1189.5986727,781.083353551795,3648.64,10.114961144463
-74.06,3.77,64.43687163,982.571247629957,649.461256806824,2975.15999999986,34.7390333617285
-74.06,3.82,65.3845981999999,611.878166200014,413.603847995644,1770.88000000005,16.9748124554422
-74.06,3.87,65.76534175,838.56146175,558.18190602213,2504.2,39.1793319598224
-74.06,3.92,66.0747949,1109.74765089999,731.090817464392,3381.95999999995,20.6805966130471
-74.06,3.97,66.66076844,1062.15499244,700.977935476023,3225.84,8.41892307498885
-74.06,4.02,67.1484932800001,1092.58926128001,720.547244613199,3322.88000000004,10.8411590938395
-74.06,4.07,67.58145524,1153.00171924,759.19843332502,3517.24,8.64198064714428
-74.06,4.12,68.23792938,966.93050538,640.874229120726,2912.16,14.2602893603881
-74.06,4.17,68.74765868,904.46114668,601.254427058752,2708.08,15.9912648513063
-74.06,4.22,68.98622162,1078.30572561997,712.112693855028,3270.63999999991,12.8832803570494
-74.06,4.27,69.4291112200001,1029.43433522001,681.133106428181,3110.84000000003,17.1526895317221
-74.06,4.32,69.67015001,1145.30162201,755.04982539607,3485.52,15.9161200756156
-74.06,4.37,70.22642381,941.36719181,625.307036761246,2822.88,21.8836564358506
-74.06,4.42,70.69056737,800.77644737,535.892670938008,2365.8,20.2574133707452
-74.06,4.47,70.73445142,1016.74157941999,673.519025114157,3065.47999999996,18.159532575851
-74.06,4.52,70.8801107000001,1111.87431869996,734.189330382066,3373.27999999987,3.4184558996241
-74.06,4.57,71.22669036,999.80409036,662.905247142541,3009,16.485509888686
-74.06,4.62,71.50007564,927.88976364,617.181474561932,2775.08,12.5511818891775
-74.06,4.67,71.73441945,864.67594745,576.987399869277,2569.48,8.11934585451305
-74.06,4.72,71.87085147,860.86229947,574.606887546699,2556.68,5.56810932916093
-74.06,4.77,71.96720028,864.98279228,577.2673734057,2569.72,3.71812820707503
-74.06,4.82,72.04241227,860.342596270025,574.337983086764,2554.44000000008,4.80242058164355
-74.06,4.87,72.0804506499999,860.676890650005,574.564792292445,2555.40000000002,2.74921445527829
-74.06,4.92,72.07086667,874.77649867,583.545418886086,2601.12,4.70159925067977
-74.06,4.97,72.00360208,911.11169008,606.673369503155,2719.08,7.88593724655135
-74.06,5.02,71.91872653,935.19636653,621.989047149302,2797.4,9.81948859630263
-74.06,5.07,71.69821575,1048.54065575,694.130686218413,3165.4,11.9169748301403
-74.06,5.12,71.5385536600001,1082.31464965996,715.593149121348,3275.35999999989,18.2252843671775
-74.06,5.17,71.46379048,1015.56994248,673.0370847093,3059.32,18.7925723924956
-74.06,5.22,71.2366736,1052.8562416,696.713073632719,3180.88,19.4235215425216
-74.06,5.27,71.2498177,855.2419457,570.800346093124,2540.48,18.9569655440519
-74.06,5.32,71.0337860099999,827.869114010013,553.28032204791,2452.48000000004,19.7493534870402
-74.06,5.37,70.8690042400001,728.582012239981,489.955968181329,2131.27999999994,23.9926748165429
-74.06,5.42,70.75424127,558.02129727,381.23505682911,1578.96,16.0602638412497
-74.06,5.47,70.53581231,449.31145231,311.887178409997,1227.4,17.9928561725229
-74.06,5.52,70.34811208,285.67684808,207.553040554771,697.76,11.4485033621885
-74.06,5.57,69.86839253,349.583432530005,248.099513788792,906.400000000017,9.86250680931874
-74.06,5.62,69.4538160399999,329.788776040004,235.336179118019,843.600000000015,2.61547559070508
-74.06,5.67,69.01397619,305.41392019,219.645229642209,766.04,11.020948887591
-74.06,5.72,68.44834692,367.40768292,258.941706397785,968.76,12.3242392215055
-74.06,5.77,67.75941698,516.94523298,353.975315986446,1455.56,17.7779754932181
-74.06,5.82,67.5236735,224.884985500038,167.792443747467,509.920000000124,21.8447683948215
-74.06,5.87,66.9162162000001,246.879392200021,181.586627357642,583.160000000066,15.7645273114444
-74.06,5.92,66.18109765,364.01712965,255.958701080364,965.12,4.94244369877054
-74.06,5.97,65.60084129,310.24657729,221.48621605734,792.76,3.987479138166
-74.06,6.02,64.81225222,432.02156422,298.793690666887,1189.92,10.390971590772
-74.06,6.07,64.2869058699998,272.332681870006,196.851218213147,674.160000000021,19.6499914064301
-74.06,6.12,63.7109816399999,133.78786964002,108.363147367557,227.080000000066,13.2485577838267
-74.06,6.17,62.98320125,120.34576925,99.5339523748716,185.88,1.32401970153349
-74.06,6.22,62.21324663,125.69843863,102.665261485867,205.72,1.77356751751302
-74.06,6.27,61.41366862,138.50194862,110.533410555619,249.8,0.887406253255403
-74.06,6.32,60.62905235,112.189940350001,93.4830414717109,167.080000000002,2.02112011922075
-74.06,6.37,59.8054325400001,104.41664854,88.2311727089881,144.560000000001,0.942619944171031
-74.06,6.42,58.96073331,97.22713331,83.3436316287222,124,0.642843353864183
-74.06,6.47,58.09008006,97.23290406,83.0314254047316,126.84,0.370686034615952
-74.06,6.52,57.20556431,91.80579631,79.2524236607672,112.12,0.733475596085435
-74.01,2.72,47.57070325,141.89120725,107.670614880115,305.64,4.63057338161322
-74.01,2.77,48.404802,181.732346,133.359539013071,432.04,4.40984436535621
-74.01,2.82,49.2380717400003,215.783319739994,155.358737583932,539.67999999998,4.56749039622854
-74.01,2.87,50.06751679,249.38608479,177.07095522626,645.88,6.25664548141722
-74.01,2.92,50.9069342200001,252.114134220003,179.113786670057,652.00000000001,3.47488988335244
-74.01,2.97,51.71680338,304.20097938,212.596739577143,818.16,7.25590631456647
-74.01,3.02,52.5352257400001,325.572161739992,226.511137969613,884.759999999974,5.71145719094362
-74.01,3.07,53.3710357100003,302.682803709988,212.229550982003,807.879999999961,8.29877407428499
-74.01,3.12,54.179476,316.31666,221.210194934318,849.44,2.00536355886445
-74.01,3.17,55.0070684800003,283.74138848001,200.753876817401,741.200000000031,3.29300669793435
-74.01,3.22,55.81446425,271.13085625,193.0115272737,697.72,6.26759032327579
-74.01,3.27,56.5674448600001,327.098548859999,228.946670522295,876.639999999995,1.34784606602208
-74.01,3.32,57.3794814800001,275.609057479999,196.432790956351,707.159999999997,5.9486104050304
-74.01,3.37,58.17017206,240.79965206,174.539520648869,591.8,1.54556424981654
-74.01,3.42,58.8926735700003,284.355833569991,202.555137373692,730.599999999971,3.38622927913826
-74.01,3.47,59.62318039,295.83796439,210.136452076151,765.44,4.20174180827958
-74.01,3.52,60.3709047500001,264.873952750008,190.677832635899,662.680000000025,6.09573621005156
-74.01,3.57,61.0308458400003,326.686069840017,230.303218329437,860.840000000054,22.3897508909966
-74.01,3.62,61.46738025,641.11693225,430.813231621148,1878.32,34.4738220063599
-74.01,3.67,61.9496218100001,864.704629810002,573.45563583037,2601.28000000001,22.3146182552194
-74.01,3.72,62.55576861,909.41588861,602.165039305464,2744.2,31.0201522104173
-74.01,3.77,63.3087901400001,759.769614140017,507.085404991826,2256.84000000005,33.6479516266679
-74.01,3.82,64.1002827000001,551.268586700006,374.518174650549,1578.64000000002,13.5737012737858
-74.01,3.87,64.63193814,615.77919414,415.816462989235,1785.96,27.7798513530437
-74.01,3.92,64.9184572000001,921.036577200018,610.426816198392,2774.20000000006,38.3609301640887
-74.01,3.97,65.36574666,1019.98898666,673.640405201414,3093.4,26.691260556135
-74.01,4.02,65.8501860200003,1052.27157002001,694.386246519171,3196.44000000003,15.7354077688942
-74.01,4.07,66.29320844,1102.05356044,726.267476868175,3356.32,6.82201305110722
-74.01,4.12,66.74331752,1118.30398952,736.785363318486,3407.52,23.733220761105
-74.01,4.17,67.58842649,712.89571449,478.770612105433,2091.08,12.9514918137316
-74.01,4.22,67.8278898300001,892.160209830017,593.08271232171,2671.20000000005,28.0113167081675
-74.01,4.27,68.2449379700003,868.148481970038,577.934032793095,2592.04000000012,5.82950471709894
-74.01,4.32,68.5254493,950.5289373,630.527659193335,2858.08,25.1713142343359
-74.01,4.37,68.870868,943.097636,625.917843718885,2832.88,13.933558500597
-74.01,4.42,69.41192418,725.45849218,487.437052226816,2125.88,10.9674286376835
-74.01,4.47,69.4849030900001,922.097327090011,612.75947398435,2762.84000000004,19.617147716491
-74.01,4.52,69.6771993500003,978.467167350032,648.747438066461,2944.8800000001,14.9821264829901
-74.01,4.57,69.76982208,1099.00019808,725.583266891851,3335.16,5.53411517873864
-74.01,4.62,70.03256457,1035.22226857,685.040049227809,3127.64,6.7628116465295
-74.01,4.67,70.25070017,985.86690017,653.670533328458,2967,8.72769286105951
-74.01,4.72,70.41572535,957.88760535,635.902330067591,2875.8,4.93031462299686
-74.01,4.77,70.55575451,925.36541051,615.230375694901,2769.96,2.10308988488223
-74.01,4.82,70.5548758800001,991.59009187999,657.427642058425,2984.55999999997,0.644341131858738
-74.01,4.87,70.6839126300003,914.235840629991,608.185242438549,2733.47999999997,7.53072699791068
-74.01,4.92,70.75540879,860.95656879,574.262259071614,2560.6,1.28321217587252
-74.01,4.97,70.69178529,899.82592129,599.006268248146,2686.76,3.77167235946717
-74.01,5.02,70.62873554,910.45277554,605.754699125247,2721.4,6.24190914881818
-74.01,5.07,70.4641741800001,983.154846180003,652.019895434739,2957.52000000001,15.8402626029255
-74.01,5.12,70.1865464800003,1128.58579447998,744.586052171565,3429.67999999995,7.50642503184359
-74.01,5.17,70.12100104,1058.25820104,699.750359237972,3202,2.86047832468633
-74.01,5.22,69.81006695,1178.54814695,776.2848821073,3592.8,5.36136751077131
-74.01,5.27,69.72141004,1073.28861004,709.182582076166,3252,21.1021774085042
-74.01,5.32,69.6101873200002,960.303851319983,637.149674766996,2886.23999999994,21.0814381843545
-74.01,5.37,69.4918253600002,825.709953359991,551.345088844369,2450.47999999997,26.1453001668955
-74.01,5.42,69.49907374,550.82866574,376.196607334173,1559.72,30.2902554250691
-74.01,5.47,69.36795555,371.00593955,261.568117910095,977.44,8.9512972037031
-74.01,5.52,68.80625289,549.24707689,374.937474007093,1556.84,24.2173982400638
-74.01,5.57,68.5174962200001,455.168608219994,314.887020103008,1252.91999999998,26.4194959315989
-74.01,5.62,68.1881261500002,369.863142149997,260.411884863305,977.559999999991,20.3888380730541
-74.01,5.67,67.82638531,286.10533731,206.911156590634,707.32,9.33004960248123
-74.01,5.72,67.33309513,295.94397513,213.001248956689,740.8,15.4726882360903
-74.01,5.77,66.54710537,554.04869737,377.17736449945,1579.72,13.869035572262
-74.01,5.82,66.0413065800003,525.275138579937,358.659682757838,1488.11999999979,24.9143501475721
-74.01,5.87,65.5257843400002,479.000408339969,328.986933399309,1339.8399999999,31.0270022268843
-74.01,5.92,65.05856744,358.74701544,252.193379310658,951.68,19.0995338277969
-74.01,5.97,64.47462587,324.59973787,230.223276279817,842.92,10.3497258592297
-74.01,6.02,63.80395661,350.49335661,246.479057723653,929,6.58395677657286
-74.01,6.07,63.1867752400001,297.809183239999,212.685403738049,760.279999999997,4.05976817205362
-74.01,6.12,62.4930788400003,297.238926839965,212.070361848733,760.679999999886,12.5908374831455
-74.01,6.17,61.92140881,144.82371281,114.745778199851,268.64,10.6229546622271
-74.01,6.22,61.18367157,139.16071957,110.869725982699,252.68,2.01854386498359
-74.01,6.27,60.43021561,126.43358361,102.486782484261,213.88,1.50149614076975
-74.01,6.32,59.6542633200001,114.56037532,94.6397896818311,177.92,1.10632530186517
-74.01,6.37,58.8525894500002,108.117493449999,90.2436046725869,159.639999999997,0.285139180087801
-74.01,6.42,58.02314292,110.75671092,91.6243498934133,170.88,0.718271045758428
-74.01,6.47,57.18900768,97.02309568,82.5708182846828,129.08,0.92468726517824
-74.01,6.52,56.32567278,96.24616878,81.7625415421766,129.36,0.443380104715249
-73.96,2.72,46.4066567000003,140.9493527,106.648146449385,306.36,6.11331577166697
-73.96,2.77,47.2285909600003,178.741566960002,131.0271066657,426.160000000005,5.50115998241469
-73.96,2.82,48.0425616300003,229.375921629999,163.586037856461,587.599999999996,7.86218198446761
-73.96,2.87,48.8401093400004,308.187549339978,214.093236332358,840.399999999927,6.94463330289184
-73.96,2.92,49.6661868700004,308.927218869988,214.864255704871,840.119999999959,8.10905024603266
-73.96,2.97,50.4636662500004,361.557154249979,248.688764130128,1008.07999999993,7.63382607988732
-73.96,3.02,51.2885580300004,344.54496603,238.148079113188,950.279999999997,4.43564612449439
-73.96,3.07,52.0719768300004,397.123808829967,271.934930605218,1118.11999999989,2.75319997698624
-73.96,3.12,52.8968054300004,357.077653429986,246.717250710621,985.679999999955,7.43552358611767
-73.96,3.17,53.7309082100004,290.587580209998,204.653183351819,767.519999999993,7.1058414322236
-73.96,3.22,54.5526086900003,235.540336690019,169.875852286498,586.480000000059,1.45692243866742
-73.96,3.27,55.2922057700004,301.369845770005,212.089972861528,797.400000000016,9.70947198510408
-73.96,3.32,56.0404703800004,332.299190379972,232.069265339016,895.199999999909,7.30648767873655
-73.96,3.37,56.8782225900004,209.215526590019,153.945754251738,493.640000000059,6.32258022269332
-73.96,3.42,57.6091104100004,231.029966410014,168.110832500244,561.960000000045,4.58830694485481
-73.96,3.47,58.3363314400004,237.521835440016,172.511219180195,580.640000000051,5.38120362854098
-73.96,3.52,59.0544738900004,236.203217890011,171.93156220355,574.040000000035,3.53969567586806
-73.96,3.57,59.7253185200004,277.152534520019,198.267373676778,704.560000000062,10.6694124959356
-73.96,3.62,60.3258850900003,385.50387709008,267.525462641696,1053.72000000026,28.8912248498792
-73.96,3.67,60.8188726600003,602.473592660065,405.954865636019,1755.20000000021,31.7619023806585
-73.96,3.72,61.4127305100003,662.676626510056,444.530986705726,1948.36000000018,25.2522233518165
-73.96,3.77,62.1531628700003,521.09073887007,354.58276822223,1487.16000000023,22.5346086457945
-73.96,3.82,62.8401164500004,425.963564450049,294.218090592564,1176.68000000016,7.87047414435433
-73.96,3.87,63.3369363500004,529.693256350021,360.493677795602,1511.20000000007,8.95818950797129
-73.96,3.92,63.8550809600003,581.364936960096,393.606251642032,1676.96000000031,23.0456968222364
-73.96,3.97,64.3618957900003,619.298759790127,417.961114117977,1798.24000000041,31.5009824144427
-73.96,4.02,64.6828126700003,833.639948670066,554.65322165923,2491.76000000021,35.2367979477229
-73.96,4.07,64.9665411300004,1056.42427713,696.711705665952,3212.76,21.7466476464687
-73.96,4.12,65.3803569400004,1109.21368493999,730.49863036831,3382.47999999995,20.5759542229797
-73.96,4.17,66.0132749200005,906.281698919938,601.422394743748,2722.8399999998,29.7762983609236
-73.96,4.22,66.7104954300003,618.931679430124,418.579314522452,1789.4400000004,19.4972198778045
-73.96,4.27,66.7781661800005,948.460710179941,628.575874345463,2857.03999999981,6.01142468589783
-73.96,4.32,67.3744596400003,716.310883640094,480.869087870236,2102.8400000003,15.5661870282291
-73.96,4.37,67.5767911800004,851.334383180002,566.977876002785,2539.72000000001,19.108362103536
-73.96,4.42,68.1322412300003,613.033433230065,415.336847837575,1765.72000000021,8.5424216546964
-73.96,4.47,68.2337815900004,789.617141590039,527.890742153291,2337.60000000012,26.0230321533813
-73.96,4.52,68.3498517400004,922.381835740008,612.528949507462,2767.44000000003,22.4545367873144
-73.96,4.57,68.5732055400003,923.851933540053,613.546713865616,2771.48000000017,23.5728350599892
-73.96,4.62,68.7275812000004,962.97631720002,638.53231855534,2897.76000000007,13.293230911673
-73.96,4.67,68.8576885800004,996.817888579989,660.142972809007,3006.99999999996,5.5090899383023
-73.96,4.72,69.0729322700004,923.327108270012,613.393608156734,2768.16000000004,7.46628882208797
-73.96,4.77,69.22596726,880.634119260002,586.245662480829,2629.32000000001,7.88045519808067
-73.96,4.82,69.3212141000006,863.793398100068,575.549510452069,2574.44000000022,4.59979687825648
-73.96,4.87,69.3557872600007,874.863507260018,582.615796869115,2610.20000000006,0.510880259984749
-73.96,4.92,69.3888975300004,859.281457530002,572.699111534851,2559.60000000001,5.77937626977794
-73.96,4.97,69.3631400100004,869.513564010008,579.209543854486,2592.84000000002,2.14894234961247
-73.96,5.02,69.32063226,866.977568260001,577.57821498823,2584.76,1.94795225507947
-73.96,5.07,69.2287493800006,881.389885380057,586.728237116169,2631.76000000018,9.43727772351535
-73.96,5.12,69.0170580000006,977.004666000073,647.576042396901,2942.28000000023,15.4094946433681
-73.96,5.17,68.8330650700003,1019.54325707002,674.614375622059,3080.72000000006,9.83885479701554
-73.96,5.22,68.5269746700004,1146.25692667,755.243776738065,3492.32,11.1121975724685
-73.96,5.27,68.32333133,1151.42292333,758.461604613753,3509.71999999999,6.21930766068829
-73.96,5.32,68.1514135500008,1099.49261354992,725.309850494866,3341.99999999974,12.8362855399264
-73.96,5.37,68.0782345300007,928.356282529954,616.237250539129,2787.67999999985,19.1170002873477
-73.96,5.42,67.8999665100005,825.895630509912,550.885854948478,2456.23999999971,32.2563374669644
-73.96,5.47,67.8177999400004,606.176671939955,410.85371748011,1744.51999999985,33.7695268961037
-73.96,5.52,67.36772031,699.257080309998,470.000160611737,2047.59999999999,23.4106608436072
-73.96,5.57,66.9102086100008,773.283264609824,517.002780671359,2288.95999999943,28.2733993493839
-73.96,5.62,66.6417671900008,642.291863189861,433.439212414199,1865.35999999955,32.8202850540607
-73.96,5.67,66.4068183100004,450.82366630996,311.352695549216,1245.67999999987,24.3257918540128
-73.96,5.72,66.0623358300003,334.420895830005,237.057242103881,869.600000000015,15.4004599582946
-73.96,5.77,65.45707103,440.628263030007,304.5117254174,1215.72000000002,18.6012225076107
-73.96,5.82,64.7196713100007,652.195319309927,439.052218659833,1903.67999999976,22.17858358669
-73.96,5.87,64.0652543900008,760.513734389841,507.834003790643,2256.79999999948,21.3023613535586
-73.96,5.92,63.5963923400004,658.725320339909,442.805519353567,1928.47999999971,32.7432403151878
-73.96,5.97,63.1648301200004,491.007870119953,335.781364225426,1386.39999999985,35.1984303876357
-73.96,6.02,62.70560544,322.312269440007,228.123906904858,841.240000000022,24.3375999508581
-73.96,6.07,62.1462409800005,228.086632980046,167.881499721508,537.720000000149,6.07777632995994
-73.96,6.12,61.4116897200006,290.898993719993,207.638290572694,743.639999999975,4.14452849707186
-73.96,6.17,60.7845604400003,216.096768439981,159.747665809718,503.279999999937,11.0275595668098
-73.96,6.22,60.1193636000003,156.205059599998,121.344034733203,311.359999999993,6.64118752744122
-73.96,6.27,59.39708147,133.76968147,106.786424170097,241.000000000001,2.66695768277536
-73.96,6.32,58.6529242300005,111.929628230002,92.6002110505195,172.640000000006,2.68254347656263
-73.96,6.37,57.8761271900005,104.017999190002,87.2771832917382,149.520000000005,1.06940557268586
-73.96,6.42,57.0810895500003,94.9277935500051,81.1965625323267,122.640000000016,0.844067324508879
-73.96,6.47,56.2609459200002,93.8484259200014,80.2112444298426,121.800000000004,0.403627215725082
-73.96,6.52,55.4175714600003,100.090507459999,83.8826388843399,144.759999999996,0.67615976280094
-73.91,2.72,45.21426931,216.98102931,154.662020956781,556.6,4.55324226976286
-73.91,2.77,46.03326688,217.47908288,155.276516798946,555.56,5.66376773146626
-73.91,2.82,46.83655929,258.820071290002,181.909950524652,686.920000000006,8.25813597203131
-73.91,2.87,47.62035143,340.72863143,234.385487100342,949.8,7.55043803640054
-73.91,2.92,48.4141881500001,383.430348149978,261.882530204864,1085.59999999993,7.2148830260281
-73.91,2.97,49.19950019,432.99914819,293.752104875713,1243.68,5.09207814761715
-73.91,3.02,50.01893638,394.848576379962,269.740312035945,1117.39999999988,11.5013189661445
-73.91,3.07,50.83808104,349.98257703998,241.449422283831,969.359999999936,12.9801334065551
-73.91,3.12,51.60805205,392.45058005,268.78888701018,1104.48,12.9325231858
-73.91,3.17,52.4640508900001,257.584298889997,183.16425132942,664.679999999989,11.681271995069
-73.91,3.22,53.24646765,250.14561165,178.708277676432,638.04,6.28559753350554
-73.91,3.27,54.05019302,190.957497020011,141.285910843539,443.640000000037,8.84934203119505
-73.91,3.32,54.81166191,188.719373910013,140.136075123395,433.920000000042,9.0682981075506
-73.91,3.37,55.55515586,197.21489986,145.819072345696,459.04,1.9248857277784
-73.91,3.42,56.2820964300002,211.705400430003,155.315990859367,503.640000000008,2.21184103354404
-73.91,3.47,57.0101204,204.1382564,150.758431709952,476.76,3.14668079793507
-73.91,3.52,57.7079878100001,220.019243810002,161.130803936736,525.960000000004,1.53504337562976
-73.91,3.57,58.4023134400001,218.973065440007,160.716100965791,520.320000000024,5.2982508872735
-73.91,3.62,59.04916066,260.60199266,187.476245740031,653.12,14.6113970660264
-73.91,3.67,59.61128879,389.442968790012,269.776141395252,1068.80000000004,23.8196831009898
-73.91,3.72,60.18056438,480.00000438,327.684555289594,1360.4,16.6306563011821
-73.91,3.77,60.82498733,448.698155329977,307.973190868982,1256.87999999993,16.3399572808351
-73.91,3.82,61.4520900900001,416.514906089996,287.693924683457,1150.55999999999,12.5589873353977
-73.91,3.87,61.86451063,619.20845463,416.997491916654,1806.04,10.9844566144637
-73.91,3.92,62.4948946000001,532.739574599993,362.129253132809,1523.79999999998,14.8513290980342
-73.91,3.97,63.02875324,536.17427324,364.511492774394,1533.2,6.92585381136741
-73.91,4.02,63.46480169,624.882265690019,421.193381829949,1819.24000000006,25.1614386805717
-73.91,4.07,63.75725222,845.09542022,561.616708632955,2531.88,27.6102402090046
-73.91,4.12,64.26570631,795.25269831,530.041987806159,2368.72,32.7362060043757
-73.91,4.17,64.62239964,884.89354364,587.289488729487,2658.04,15.7715369425867
-73.91,4.22,65.34395891,557.918934910008,379.206918429454,1596.16000000003,7.52309486969925
-73.91,4.27,65.4031824400001,907.066478439988,601.701098234752,2727.35999999996,16.382277613416
-73.91,4.32,65.96572939,699.63262539,469.730794645899,2053.36,17.6944041962787
-73.91,4.37,66.37308589,629.17307789,424.982596549839,1823.72,9.8947780308579
-73.91,4.42,66.72206183,591.94691783,401.389139431068,1701.96,10.3331039651735
-73.91,4.47,67.0051802300001,593.649596230019,402.576784704194,1706.56000000006,2.63399155523614
-73.91,4.52,67.2413873500001,613.957147350031,415.602215264925,1771.6000000001,11.7276338047448
-73.91,4.57,67.38847894,693.32803094,466.229771825731,2028.32,11.7922054030754
-73.91,4.62,67.4593128,817.8263848,545.584352476931,2431.52,12.3643549181844
-73.91,4.67,67.54302078,900.26926078,598.146349999677,2698.4,13.4023716423495
-73.91,4.72,67.55995145,1018.07263945,673.215414784918,3080.08,10.8143545996481
-73.91,4.77,67.63541637,1050.30422437,693.780379743716,3184.28,14.6335169579761
-73.91,4.82,67.85802958,913.508437580007,606.696486070553,2740.28000000002,10.2943623993051
-73.91,4.87,67.89776397,923.485091969989,613.06790857234,2772.47999999997,3.13010676206143
-73.91,4.92,67.87659394,962.74252994,638.074603848854,2899.76,3.41009619483261
-73.91,4.97,67.97041811,864.87437011,575.748208322925,2582.32,3.36173490855545
-73.91,5.02,67.84701418,943.72787818,625.94796034234,2838.24,0.639490566954651
-73.91,5.07,67.86297543,862.84126343001,574.413755275925,2576.08000000003,2.863005537199
-73.91,5.12,67.72277844,900.621834440001,598.436223974666,2698.96,11.5383605986272
-73.91,5.17,67.45380591,1031.58192591,681.784861775741,3124.2,8.48275840999855
-73.91,5.22,67.2864465,1038.6111185,686.203060339875,3147.52,13.3889851558375
-73.91,5.27,67.16126524,977.50657724,647.222550791331,2949.92,11.8565570106189
-73.91,5.32,66.9458859399999,973.625029940007,644.67113252338,2938.04000000002,8.39917829426499
-73.91,5.37,66.65239774,1016.09115773999,671.623566831776,3076.59999999998,5.86783613791169
-73.91,5.42,66.37973862,1011.00433862,668.283381794264,3061,15.044939569501
-73.91,5.47,66.14141077,945.02186677,626.153661542485,2847.96,19.7944237564062
-73.91,5.52,65.82957702,921.71316102,611.18849244804,2773.44,11.6190761011176
-73.91,5.57,65.44202612,944.199042119968,625.375622381758,2847.55999999989,8.11924991452933
-73.91,5.62,65.1545379199998,841.604481920015,559.899275709024,2516.04000000005,26.5386876691019
-73.91,5.67,65.00272299,577.29106699,391.426807869126,1660.04,29.6157917936088
-73.91,5.72,64.56538572,564.54676172,383.147615881782,1620.16,30.3155479409655
-73.91,5.77,64.03090507,621.73282507,419.3919844377,1807.2,26.4061492204571
-73.91,5.82,63.40744281,743.574186809993,496.801662248677,2204.03999999998,14.4826463351197
-73.91,5.87,62.7760509100001,850.175122909989,564.49744379859,2551.51999999996,9.80205018625216
-73.91,5.92,62.21445612,860.79719212,571.061947678521,2587.76,16.0877636341254
-73.91,5.97,61.66186223,836.43302223,555.336898673419,2510.6,25.3988735106197
-73.91,6.02,61.20623035,682.73897435,457.239557203543,2014.04,31.1715370411778
-73.91,6.07,60.8442571099999,399.625337110051,276.711561741429,1097.80000000016,42.2588392673312
-73.91,6.12,60.35067383,227.673593830038,166.966863091405,542.200000000123,12.2310075511202
-73.91,6.17,59.62517092,281.79248292,201.187559287859,719.92,3.25157081398098
-73.91,6.22,58.98274352,220.54101552,161.925767131431,523.52,11.4155215949027
-73.91,6.27,58.33595374,138.62132974,109.492847502893,260.16,6.03993650472855
-73.91,6.32,57.5855481,150.893844100038,117.040492742354,302.360000000125,20.1163799752739
-73.91,6.37,56.85765045,114.380690450012,93.5106524387964,186.400000000038,6.06898957036518
-73.91,6.42,56.09005805,102.24427405,85.4989796028072,149.56,1.70992443418629
-73.91,6.47,55.29357726,103.70674526,86.1418763587189,156.88,1.17736313704204
-73.91,6.52,54.48489202,99.70096402,83.296039291445,146.52,0.990874243014799
-73.86,2.72,44.04630072,221.28145272,156.978447191037,574.32,6.15260159434795
-73.86,2.77,44.83415758,268.66790958,187.458381842384,725.32,5.25323990270817
-73.86,2.82,45.6241159899999,303.058235989976,209.65809806642,834.199999999921,2.30751900156442
-73.86,2.87,46.43569867,270.52867467,189.225097404865,726.16,12.7214299395304
-73.86,2.92,47.2513009200002,226.313364920022,161.347534149493,580.240000000072,14.7459508951875
-73.86,2.97,48.0276397,275.4411517,192.932844772845,736.92,17.7969013690072
-73.86,3.02,48.8674348500001,163.876482850041,122.149842474392,372.680000000133,16.552680982596
-73.86,3.07,49.65210029,173.264916290024,128.416727310558,400.560000000077,12.7792367118713
-73.86,3.12,50.44441735,153.40572135,116.050144729504,333.64,15.1841510921857
-73.86,3.17,51.2242548100001,146.273054810015,111.788228053287,308.000000000048,7.13251988031947
-73.86,3.22,51.99083537,149.78000337,114.300938750941,316.88,6.16147552519427
-73.86,3.27,52.7437223800001,161.605458380005,122.109135371233,352.760000000017,2.52494723977183
-73.86,3.32,53.4843614900002,176.554041490002,131.90290866344,398.800000000006,2.02745137550254
-73.86,3.37,54.21599488,187.23493888,138.974095616307,431.04,1.67367538806982
-73.86,3.42,54.9371560699999,194.955148069996,144.154967563309,453.719999999989,2.65561579851285
-73.86,3.47,55.65639654,185.20667654,138.20430552548,419.8,2.50722516658836
-73.86,3.52,56.33543318,216.140857179995,158.161562739409,517.839999999985,2.36289488578842
-73.86,3.57,57.0330882299999,196.495600229998,145.896954425135,451.919999999993,2.99157918190262
-73.86,3.62,57.70018474,199.39696074,147.987697578907,459.16,6.01899150902439
-73.86,3.67,58.3136800800001,253.52169608002,182.697923309778,632.560000000064,15.0311781220247
-73.86,3.72,58.85275747,381.79648547,264.628688377874,1046.48,15.7904715640423
-73.86,3.77,59.56999412,246.001426120036,178.361901638623,604.120000000116,14.1434896132109
-73.86,3.82,60.1316777199999,291.779181720005,207.734732510049,750.640000000016,13.607346355355
-73.86,3.87,60.63784279,380.29806679,264.321563713107,1035.84,21.8190051346275
-73.86,3.92,61.2267458500002,338.571737850028,237.94770050326,898.720000000089,18.8650257049891
-73.86,3.97,61.59010709,543.99362709,368.971934927311,1563.2,17.3758200530413
-73.86,4.02,62.1144353900002,525.890859390004,357.627297561845,1502.84000000001,19.0931655419186
-73.86,4.07,62.52864275,609.96035475,411.345666826998,1773.92,22.5842008879391
-73.86,4.12,63.04888853,543.89706453,369.439669532421,1558.16,26.7703479693945
-73.86,4.17,63.28758606,769.08047406,513.010481921155,2287.08,18.3336471681097
-73.86,4.22,63.95042687,491.916906870012,336.645615486169,1386.80000000004,7.03644194078482
-73.86,4.27,64.1464171899999,703.442177190017,471.498128134083,2071.60000000006,15.4124019965985
-73.86,4.32,64.61983,584.11707,395.63733830433,1683.4,8.98672441506798
-73.86,4.37,64.83065968,718.51952368,481.35348657234,2118.24,20.2441862298961
-73.86,4.42,65.07149478,790.62712678,527.386977805114,2351.12,20.2352334499532
-73.86,4.47,65.39117145,751.297875450002,502.442825636491,2222.64000000001,19.3418768366385
-73.86,4.52,65.6507809100001,746.422380909997,499.430407451137,2205.99999999999,20.8482182356551
-73.86,4.57,65.6795341,948.8927341,628.45255819825,2862,25.1128180960952
-73.86,4.62,65.91956055,905.66953655,600.998331428824,2721.16,19.1092299919748
-73.86,4.67,66.11550793,879.02962793,584.094788181436,2634.2,16.0056415795704
-73.86,4.72,66.09724622,1038.36006222,685.611634341237,3150.56,16.1920799465179
-73.86,4.77,66.13259808,1114.03944608,733.846470361602,3395.68,3.77805071076652
-73.86,4.82,66.3377757700002,991.890895769989,656.089297040248,2999.19999999996,14.6353360942343
-73.86,4.87,66.4847806099999,899.778844610014,597.449920578932,2700.24000000005,8.76810546708575
-73.86,4.92,66.5390315,870.6518795,578.91024513813,2605.68,2.58638423969009
-73.86,4.97,66.47725325,926.32326125,614.360978471688,2786.28,2.76543947319252
-73.86,5.02,66.51318971,857.67718171,570.633545175117,2563.72,2.94988951872224
-73.86,5.07,66.3978496999999,907.838953699994,602.554187375486,2726.63999999998,0.811160454526748
-73.86,5.12,66.3438577000001,869.481529700013,578.093700703564,2602.52000000004,4.18028570750856
-73.86,5.17,66.12005174,967.92331574,640.738445150506,2922.24,5.19210038758925
-73.86,5.22,66.01529205,921.72606005,611.264091163052,2772.88,4.39639985464567
-73.86,5.27,65.79726733,957.63892333,634.068241726568,2889.96,7.55927678684201
-73.86,5.32,65.5843265699997,960.289790569976,635.680085614922,2899.23999999992,7.68330184417844
-73.86,5.37,65.2797944300001,1024.84063442999,676.700633399632,3109.39999999998,7.10635079054672
-73.86,5.42,64.95806331,1078.77078331,710.947559734727,3285.2,7.42783460472816
-73.86,5.47,64.80273515,939.57263915,622.19579071599,2834.64,11.4762093546419
-73.86,5.52,64.51593403,902.50071803,598.469945405734,2715.44,5.14419873201118
-73.86,5.57,64.1759089300003,890.668428930019,590.807185359059,2678.20000000006,3.68546787315716
-73.86,5.62,63.7642003100002,923.585520309954,611.632194629517,2786.19999999985,0.829986356246575
-73.86,5.67,63.39548115,885.77744915,587.407562372552,2664.88,20.3610482110789
-73.86,5.72,62.98763325,860.41003325,571.095772407889,2584,27.995232221486
-73.86,5.77,62.52484416,864.63796416,573.6218547247,2599.2,13.3971855075588
-73.86,5.82,62.1390740600001,761.636522059989,507.850589875165,2266.67999999997,5.23909544408692
-73.86,5.87,61.51127769,886.238605689939,587.017794615919,2672.4799999998,14.6382176123806
-73.86,5.92,60.92893319,939.04406119,620.45352599611,2845.48,1.91589424406605
-73.86,5.97,60.41242872,895.76794072,592.691099017706,2706.92,18.1634792604379
-73.86,6.02,60.06140291,644.29057891,432.325336628324,1893.16,15.5297244195207
-73.86,6.07,59.3109041400005,805.592112139857,534.832479512486,2418.27999999953,27.5807429806333
-73.86,6.12,58.9842448699999,468.619884870028,319.999238646404,1327.40000000009,40.1456968436463
-73.86,6.17,58.50446373,273.26537573,195.347581455525,695.92,11.176004086498
-73.86,6.22,57.81171053,294.17462253,208.419367628998,765.92,6.36066508862332
-73.86,6.27,57.18655976,212.85674376,156.377763210776,504.44,20.9899160062727
-73.86,6.32,56.2647783200002,461.468922319889,314.456075161986,1313.03999999964,18.6578031450047
-73.86,6.37,55.7507481199999,198.274572120022,146.565246180648,461.840000000071,23.000362334248
-73.86,6.42,55.06002893,123.42110093,98.6188969587366,221.52,9.70930847706194
-73.86,6.47,54.29769936,115.10424336,93.0429113335566,197.04,1.86795366928987
-73.86,6.52,53.51215235,115.88638435,93.2562766095172,202.12,0.562882752294988
-73.81,2.72,42.89392135,170.24696935,124.041780044922,412.68,6.03398017037948
-73.81,2.77,43.67801737,179.80764937,130.418211776087,441.12,8.99907952677253
-73.81,2.82,44.45250635,220.23106635,156.456529594711,569.599999999998,10.6687072510616
-73.81,2.87,45.26626868,134.64917268,102.219999881893,289.64,9.61600492340937
-73.81,2.92,46.0540534100002,128.956357410014,98.8784227998599,268.640000000044,6.12026870548981
-73.81,2.97,46.83632845,131.66429645,100.887708206858,274.88,8.88796241151541
-73.81,3.02,47.6177347000002,127.285910700005,98.3813559093689,258.160000000016,2.52082855645319
-73.81,3.07,48.3918278099999,129.825195810003,100.280208522457,263.88000000001,3.00214636676931
-73.81,3.12,49.16055791,131.64316591,101.717501963452,267.28,1.54462127408362
-73.81,3.17,49.9217861700001,135.292890170002,104.319245773963,276.640000000006,0.988850597091302
-73.81,3.22,50.67186542,145.91816942,111.361685880407,308.64,1.42185809674319
-73.81,3.27,51.4120028399999,158.372762839999,119.566136366363,346.599999999998,1.43893374408999
-73.81,3.32,52.1441814200001,166.955725420001,125.300741827238,372.040000000003,1.57503231133418
-73.81,3.37,52.86475841,176.92195841,131.912541669083,402,1.28170929752562
-73.81,3.42,53.58498859,167.174476590002,125.962869341253,368.080000000005,2.50138984765048
-73.81,3.47,54.286858,168.098538,126.806316870522,368.8,2.09376497758269
-73.81,3.52,54.9670652599999,182.381833259999,136.154251210274,412.879999999997,3.66796813603095
-73.81,3.57,55.6490053199999,171.127125320001,129.230300085048,374.200000000004,2.13119041983841
-73.81,3.62,56.30623886,175.00614286,131.940416354462,384.64,2.58493416496873
-73.81,3.67,56.92972761,204.539279610003,150.984791511705,478.32000000001,4.52593852328393
-73.81,3.72,57.55396184,207.57059384,153.142788700462,486.12,10.5915803986017
-73.81,3.77,58.1525228199999,221.488330820001,162.228171385591,529.280000000002,2.45287149189381
-73.81,3.82,58.7406223899999,223.940374390004,164.003954067247,535.320000000012,5.43134730232778
-73.81,3.87,59.29516189,245.01064189,177.630873246508,601.8,9.83792739219751
-73.81,3.92,59.84087833,250.740838330009,181.480079136147,618.600000000029,7.51102563468514
-73.81,3.97,60.32986466,301.32177666,213.887065910456,780.92,18.9836220864367
-73.81,4.02,60.8364566200002,301.754304620035,214.346465164055,780.680000000111,19.6449849349226
-73.81,4.07,61.19426103,455.09130103,312.180804691428,1276.4,18.8399716317858
-73.81,4.12,61.7337572,360.2116772,251.920364086033,967.2,16.4928440606159
-73.81,4.17,61.98954894,572.41394894,387.225950707472,1654,13.9596165426751
-73.81,4.22,62.5011396399999,456.126611640032,313.314643377896,1275.5200000001,8.26567702019145
-73.81,4.27,62.71093073,657.568290730034,441.747017820093,1927.60000000011,29.2446443119484
-73.81,4.32,62.89341754,856.56324154,568.61045957244,2571.84,20.8045798855586
-73.81,4.37,63.1722341,915.5130901,606.27376507079,2761.96,6.00146980592659
-73.81,4.42,63.45220994,943.39424994,624.140889504552,2851.4,13.2135234667224
-73.81,4.47,63.7449347999999,928.281662800021,614.617531428513,2801.48000000007,25.5801113873435
-73.81,4.52,64.00569236,919.185668360003,608.91627707702,2771.16000000001,21.9382001918466
-73.81,4.57,64.06039171,1101.01811171,724.797608892019,3360.2,16.6588505151566
-73.81,4.62,64.21628609,1143.93362209,752.199425780424,3498.76,12.6717068683316
-73.81,4.67,64.38259788,1146.26013388,753.742191507771,3505.76,13.7312703217298
-73.81,4.72,64.49573099,1175.04837899,772.126767454671,3598.68,3.43930798367879
-73.81,4.77,64.68200083,1098.52903283,723.437124342239,3350.12,9.58218455822387
-73.81,4.82,64.8108216299998,1053.05911762998,694.510968887592,3202.35999999993,7.75270432655616
-73.81,4.87,64.9016738900001,1017.82144188998,672.090900183667,3087.87999999995,9.96128633445904
-73.81,4.92,65.01770126,928.11018126,614.970040113244,2796.8,10.31212323693
-73.81,4.97,65.03239845,912.75659845,605.192250720402,2747,2.98807550536706
-73.81,5.02,65.01816166,897.59627366,595.527105466831,2697.92,7.16954940683817
-73.81,5.07,65.00071832,856.596750320017,569.396364572597,2565.12000000005,2.68048522841483
-73.81,5.12,64.82790277,943.449134769986,624.674979069994,2847.11999999995,7.03093990898517
-73.81,5.17,64.69643664,959.48830864,634.847253842431,2899.52,1.67527630822689
-73.81,5.22,64.54717441,964.59759041,638.048673768487,2916.56,6.64400266066816
-73.81,5.27,64.48413444,853.53730244,567.259497772052,2556.88,7.0584360860103
-73.81,5.32,64.2768288,859.687156800007,571.102899433392,2577.48000000002,9.52138921121026
-73.81,5.37,63.9284719900001,980.90251198999,648.213504766213,2971.39999999997,10.5419858497632
-73.81,5.42,63.73520735,915.82918335,606.679429299379,2761.16,14.5371623576497
-73.81,5.47,63.51154081,853.16956481,566.672311244509,2558.84,6.5989304762173
-73.81,5.52,63.20362529,848.65234529,563.68227690945,2545.2,3.21000420177195
-73.81,5.57,62.82920446,885.137108459995,586.794092976125,2664.63999999998,2.50491057931157
-73.81,5.62,62.49093977,856.506395770005,568.428214432418,2572.96000000002,4.80392036639313
-73.81,5.67,62.03251063,926.56923863,612.905107258499,2801.48,11.2897918888281
-73.81,5.72,61.49806469,1051.61030469,692.385895059261,3208.4,5.70803717071407
-73.81,5.77,61.2595482,833.6976922,553.448014391084,2503.04,22.9126357101764
-73.81,5.82,60.95559292,656.504216920027,440.43214527004,1929.84000000009,9.82499236253198
-73.81,5.87,60.4507877699999,668.442163770006,447.855714799147,1970.16000000002,18.927873418074
-73.81,5.92,59.78706189,830.13906989,550.64626685016,2496.28,24.3381138508798
-73.81,5.97,59.14073152,950.89597952,627.356647759074,2889.68,15.1410085020678
-73.81,6.02,58.59219573,938.06516373,618.981988153871,2849.88,7.83208308224146
-73.81,6.07,58.0899818,846.390165799985,560.385552616739,2554.43999999995,14.9836379916501
-73.81,6.12,57.6283912999999,680.235063300003,454.346012396683,2017.52000000001,29.4038989770438
-73.81,6.17,57.26674831,367.74303631,255.098573636613,1006.08,21.5524508017576
-73.81,6.22,56.66127262,313.88554462,220.561542028237,833.52,6.2323516472727
-73.81,6.27,55.86717487,464.31779087,316.127085343613,1323.56,10.2402209562655
-73.81,6.32,55.1713525,475.669712499988,323.107943218467,1362.59999999996,9.6437114180041
-73.81,6.37,54.5836471000001,328.632791099978,229.20452631739,888.039999999929,13.2097730263034
-73.81,6.42,53.92189628,249.69773628,178.667950259011,634.4,17.4192231962693
-73.81,6.47,53.26813442,136.17043842,106.092503809851,268.64,8.63429568084319
-73.81,6.52,52.52980339,110.55894739,89.5052888726816,188.04,3.02755678339018
-73.76,2.72,41.74119753,119.80465353,91.4823101001933,252.96,3.03346168272941
-73.76,2.77,42.51038564,122.28965764,93.3447959090005,258.52,3.23282433647149
-73.76,2.82,43.2802946400003,124.590222640023,95.090020841764,263.480000000073,5.37339712784231
-73.76,2.87,44.04854788,131.40703588,99.7123451063216,283.08,0.595642743271476
-73.76,2.92,44.8207008400003,121.513972840002,93.6887483413629,248.520000000005,0.61154190617667
-73.76,2.97,45.58734354,122.60155954,94.6598927691961,249.56,0.848062132992719
-73.76,3.02,46.3515576200003,121.575893620001,94.2836164439665,243.760000000003,0.261227840486498
-73.76,3.07,47.1107608200001,122.878232820001,95.3888994910705,245.520000000002,0.468246478717762
-73.76,3.12,47.86284616,128.82714216,99.4523397317739,262.36,1.00897764474104
-73.76,3.17,48.6064437700003,139.581723769999,106.574818159994,294.799999999996,0.974499576399216
-73.76,3.22,49.34492775,144.94920775,110.262846291453,309.8,0.872546041807561
-73.76,3.27,50.0747907300001,150.949958730001,114.351256878581,326.880000000002,1.20837821911793
-73.76,3.32,50.7944421700003,158.742722170002,119.57781178201,349.800000000006,1.36454246503063
-73.76,3.37,51.5037355,166.5621595,124.817604928648,372.84,2.03050402333882
-73.76,3.42,52.2129673200003,153.841119320003,116.969225983886,329.320000000009,1.63991308168428
-73.76,3.47,52.90346825,154.12426825,117.400167028556,328,1.52872076544918
-73.76,3.52,53.5812788800001,154.172534880003,117.676839653959,325.960000000009,2.05016014067139
-73.76,3.57,54.2408021100001,161.695322110001,122.709553679187,348.200000000003,1.27326685120837
-73.76,3.62,54.88378962,171.76912562,129.361745807091,378.76,1.381995628331
-73.76,3.67,55.5095253800003,183.924157380005,137.333812866993,416.120000000015,2.25595801624768
-73.76,3.72,56.11553994,200.40455594,148.054797503724,467.56,1.79305967561673
-73.76,3.77,56.7094383100001,208.602358310001,153.493813733187,492.200000000003,1.60628565646755
-73.76,3.82,57.2952954900001,202.275575490002,149.675018313676,469.800000000007,2.18488784049529
-73.76,3.87,57.84996314,213.37201914,156.946781177929,503.96,3.14287170438138
-73.76,3.92,58.3858888400001,222.832656840003,163.169428001943,532.880000000008,2.64213139494282
-73.76,3.97,58.91041327,220.13539727,161.641069702526,522.44,5.69517080912056
-73.76,4.02,59.4095594800003,223.165063480019,163.752633382002,530.640000000059,6.90079788049797
-73.76,4.07,59.83650403,289.89163203,206.424915631944,745.48,14.3363979809113
-73.76,4.12,60.29721679,284.43956879,203.118077329148,726.32,14.8798165003894
-73.76,4.17,60.51473926,548.26321126,371.302307410861,1580.52,23.3894617619868
-73.76,4.22,60.8704842000002,609.005804199993,410.135838988015,1776.19999999998,27.0593690291684
-73.76,4.27,60.9083769800004,1018.51886497991,671.086474680434,3103.07999999972,13.2520010126842
-73.76,4.32,61.4123573,839.1707653,556.990832902494,2520.28,14.3041424636997
-73.76,4.37,61.79448236,777.72179436,517.974913550081,2319.92,19.0497217950351
-73.76,4.42,61.88632991,1021.36076191,673.252110722142,3109.12,27.8545782662296
-73.76,4.47,62.0084910100002,1196.47146700997,784.87490619832,3676.15999999991,3.981047835619
-73.76,4.52,62.3534183200002,1087.75715431998,715.728573299969,3322.75999999995,11.4484274167783
-73.76,4.57,62.53560036,1133.30353636,744.816288024271,3469.76,5.68995110192452
-73.76,4.62,62.74125425,1122.65881425,738.108210423252,3434.6,7.21881903259019
-73.76,4.67,62.91549799,1117.08075399,734.617153964374,3415.96,11.3767011537156
-73.76,4.72,63.09498415,1076.33988015,708.722669825482,3283.36,10.6211050967739
-73.76,4.77,63.27873076,1002.02758676,661.438419224679,3041.96,19.8454537778195
-73.76,4.82,63.4751725100001,885.585572510014,587.314213809008,2664.00000000005,15.6652517461424
-73.76,4.87,63.4076045900002,1021.54888458999,673.923916686519,3104.79999999998,8.59289169947026
-73.76,4.92,63.44295769,1017.58478169,671.410863639662,3091.84,4.40889249796258
-73.76,4.97,63.49154275,970.02255875,641.122403920529,2937.56,9.40889867009007
-73.76,5.02,63.46670439,970.51616839,641.427914505492,2939.24,3.52219436218845
-73.76,5.07,63.4634422200001,918.754514219997,608.444815996651,2771.51999999999,2.91339648094519
-73.76,5.12,63.36500833,937.56708833,620.396253146744,2832.8,4.94340258571932
-73.76,5.17,63.20676219,989.77209019,653.603250448041,3002.48,2.15630245801794
-73.76,5.22,63.08964515,969.42315715,640.5946591034,2936.92,5.52202182966856
-73.76,5.27,62.99550066,895.67236466,593.567368075395,2698.24,7.2883578782285
-73.76,5.32,62.8414991000003,855.696619100001,568.039421361784,2569.2,2.75551032674002
-73.76,5.37,62.6254408800003,852.085960880027,565.660364097398,2558.20000000009,5.52814911385183
-73.76,5.42,62.36885045,862.59333845,572.262447000905,2593.08,3.86018596580384
-73.76,5.47,62.10862868,848.42142868,563.137861874389,2548,0.291644190963782
-73.76,5.52,61.79942258,858.08617458,569.183940239398,2580.32,1.2106022048997
-73.76,5.57,61.4811675400001,849.373999540003,563.517178471421,2553.12000000001,3.15676153976063
-73.76,5.62,61.1261303100002,852.41356231,565.325140285823,2564.12,4.22571455240971
-73.76,5.67,60.74242249,859.05359049,569.416874124968,2586.88,2.89980872757795
-73.76,5.72,60.3062996,896.0568196,592.836664331964,2708.2,7.30666925385078
-73.76,5.77,59.85878699,919.19869099,607.420028717795,2784.64,10.1087454250451
-73.76,5.82,59.5853145000001,720.717610499999,480.851008387884,2142.36,17.9245715549916
-73.76,5.87,59.2094275,607.961947500002,408.868054841548,1778.20000000001,7.35951834546822
-73.76,5.92,58.69489932,624.79073932,419.404485415678,1834.4,12.7199045027977
-73.76,5.97,58.14499184,657.03883984,439.753081430144,1940.68,17.9986422691028
-73.76,6.02,57.53734646,732.33445046,487.51009468299,2186.64,9.87556578408297
-73.76,6.07,56.9413796000001,770.794899600005,511.80041501023,2313.20000000001,5.78566655339654
-73.76,6.12,56.4579146900002,650.006810690008,434.660263966599,1923.36000000003,24.346947299576
-73.76,6.17,56.09640826,353.30289626,245.472873685766,963.08,18.0763324234122
-73.76,6.22,55.47428901,346.36064901,240.823643487642,942.6,4.00795460935266
-73.76,6.27,54.87235531,290.69213131,205.133932561893,764.16,9.85581499506417
-73.76,6.32,54.1494412000002,365.082457200022,252.272288216238,1007.56000000007,13.7035054167782
-73.76,6.37,53.5661312700002,238.442219270023,171.366991953725,599.080000000075,1.09859117434842
-73.76,6.42,52.77769279,357.73621279,247.093661488075,988.2,3.91749939180474
-73.76,6.47,52.20343564,171.10084364,127.963460351591,385.28,13.795198871484
-73.76,6.52,51.50713637,125.28722437,98.5189374187105,239.08,6.26681165427006
-73.71,2.72,40.5803186400003,119.24863064,90.7068383126507,254.919999999999,0.763236183332595
-73.71,2.77,41.3297379700003,125.330657969999,94.85413250513,272.199999999995,0.601923385207371
-73.71,2.82,42.0807167700004,128.871380769998,97.3827032470751,281.239999999993,0.124169313552249
-73.71,2.87,42.8335027200003,125.933310720002,95.7837193269811,269.280000000004,0.47160705870302
-73.71,2.92,43.5855821200004,123.278446119999,94.3649342315063,258.239999999997,0.431553869179526
-73.71,2.97,44.3367358500003,118.400735850002,91.5294422733347,240.000000000005,0.453710586185124
-73.71,3.02,45.0817517300004,124.342575729999,95.5858130540369,256.839999999996,0.755985976212691
-73.71,3.07,45.8227229600004,130.465530959998,99.7561209507981,274.279999999991,0.593279596145295
-73.71,3.12,46.5597688400004,133.831848839998,102.168507908827,282.799999999994,0.392519471922773
-73.71,3.17,47.2912777600004,136.464333760001,104.111296293694,288.960000000002,0.766015942289387
-73.71,3.22,48.0163002100004,138.411412210002,105.61499839968,292.920000000006,0.985658051882861
-73.71,3.27,48.7316146400004,144.817310640002,109.956285773206,311.360000000005,1.09228290232978
-73.71,3.32,49.4379755500004,151.387071550001,114.398735941719,330.360000000002,1.11742479225941
-73.71,3.37,50.1415863200004,143.474570320007,109.612261864475,302.440000000022,2.05438981696925
-73.71,3.42,50.8313611900004,142.757129190003,109.405375312429,297.880000000009,1.18418727083298
-73.71,3.47,51.5091270500004,143.175671050004,109.917966699948,297.04000000001,1.07252285345838
-73.71,3.52,52.1713228000004,149.380322800002,114.111749980626,315.000000000004,1.08951422330383
-73.71,3.57,52.8172901300004,160.32118613,121.317503503469,348.36,1.27382284944064
-73.71,3.62,53.4497584300004,169.421638430001,127.34567123787,375.800000000001,1.24710839245321
-73.71,3.67,54.0658610200004,180.135133020001,134.395712803585,408.520000000003,1.5816924067788
-73.71,3.72,54.6655426600004,191.066742660002,141.57877698964,442.000000000006,1.86773194974393
-73.71,3.77,55.2524135200004,195.381501520003,144.541014072949,454.080000000008,2.26968931794483
-73.71,3.82,55.8293876800004,188.070659680005,140.091964998865,428.520000000015,1.65122322120088
-73.71,3.87,56.3776047500004,196.383252750005,145.587550792244,453.680000000015,2.17735559142766
-73.71,3.92,56.9047372800004,207.155905280004,152.643007710805,486.88000000001,1.85489735733289
-73.71,3.97,57.4216274200004,204.154755420005,150.918244295697,475.480000000015,1.77042487352225
-73.71,4.02,57.9143214800004,206.289201480005,152.457043348081,480.800000000016,2.07783489307243
-73.71,4.07,58.3803079800004,215.655211980031,158.594020069968,509.640000000099,10.024496182329
-73.71,4.12,58.7294629500005,348.566582949972,243.410254086627,939.199999999907,7.01753732682994
-73.71,4.17,59.1711460100004,329.257866010076,231.267215433804,875.200000000245,16.3011521233678
-73.71,4.22,59.4526256300004,483.61715363004,329.725255316456,1374.48000000013,24.523542516506
-73.71,4.27,59.6805525500004,670.733240550106,449.036111444708,1980.08000000034,44.9386248554085
-73.71,4.32,59.8270097900005,923.660129789935,610.251275707436,2799.19999999979,23.4349794062281
-73.71,4.37,60.3845250900004,641.033941090062,430.367477997902,1881.5600000002,18.0398654088315
-73.71,4.42,60.6370620300004,701.290662030106,468.853972591901,2076.00000000034,22.3070335338892
-73.71,4.47,60.7047839000004,948.966679900067,626.69477748615,2878.36000000022,38.0008079693418
-73.71,4.52,60.8170877200005,1109.52629571998,729.042214321173,3398.27999999992,14.5003181899101
-73.71,4.57,61.1240386200004,1010.36529462004,665.969360494679,3075.96000000014,14.310686763975
-73.71,4.62,61.3109708800004,1021.34088288002,673.030696990332,3110.92000000007,18.5560640456401
-73.71,4.67,61.5383561100004,955.885844110057,631.406017073927,2898.08000000018,19.0377292411845
-73.71,4.72,61.6146644000004,1032.22338439999,680.075082077779,3145.19999999998,10.5589954800771
-73.71,4.77,61.92666749,812.799843490015,540.374190660833,2433.16000000005,18.0796598484153
-73.71,4.82,62.0435851800007,783.501009180064,521.747738449731,2337.84000000021,16.6525905697866
-73.71,4.87,61.9573222200007,949.244042220025,627.325945171549,2875.20000000008,19.0795843925631
-73.71,4.92,61.9587559300004,986.610763930013,651.136099272113,2996.28000000004,7.08307848523716
-73.71,4.97,61.8899964700005,1070.93793246996,704.843428781465,3269.75999999986,3.25700616201592
-73.71,5.02,61.99575295,932.840264950008,616.887595075558,2821.92000000003,10.0031713266763
-73.71,5.07,61.9817650100008,896.707733010014,593.859297303117,2704.88000000004,2.52631605837073
-73.71,5.12,61.9076698900007,896.423789890024,593.651489514924,2704.20000000008,3.0319226994742
-73.71,5.17,61.7650929500004,941.102276950011,622.068365412102,2849.44000000003,6.45502680573823
-73.71,5.22,61.6306755200004,947.127515520004,625.858808066305,2869.40000000001,1.73301857281371
-73.71,5.27,61.50764982,911.083449820001,602.847319750986,2753,4.67951293710958
-73.71,5.32,61.3523402700008,880.88284426999,583.547502295247,2655.63999999996,6.81786628672811
-73.71,5.37,61.1373783400008,886.79050633998,587.233804096236,2675.47999999993,6.97681176755422
-73.71,5.42,60.9342671400004,850.555259140006,564.071441221302,2558.72000000002,4.16996287582931
-73.71,5.47,60.6696127500004,853.228476749999,565.678764186089,2568.24,6.65698087361117
-73.71,5.52,60.36535543,871.267403429996,577.062567156933,2627.67999999999,1.49210532228235
-73.71,5.57,60.0868271700007,832.253403170018,552.102253437544,2502.16000000006,7.84008601801795
-73.71,5.62,59.6606314400008,930.863119439953,614.78057164657,2823.07999999985,6.98371580400195
-73.71,5.67,59.2773764000004,954.22972039997,629.530444466329,2900.0399999999,9.12724390095977
-73.71,5.72,58.9021724800004,941.090820479981,621.022364139382,2858.67999999994,11.3549529770474
-73.71,5.77,58.57494383,845.035871829995,559.698562437232,2548.47999999999,15.5392909245457
-73.71,5.82,58.2860783500007,675.91811835003,451.833922665266,2001.40000000009,14.988886159622
-73.71,5.87,57.9045286100007,585.78334461002,394.262678191251,1710.56000000006,3.95834855273585
-73.71,5.92,57.3973497600004,616.123821760003,413.411261566558,1810.52000000001,4.14707773472601
-73.71,5.97,56.8590440600004,658.592012060008,440.276187396376,1949.88000000002,11.1548332499317
-73.71,6.02,56.21091569,810.305875689987,536.71132159023,2443.59999999996,8.21178754950117
-73.71,6.07,55.6846331400007,790.769833139979,524.07224439157,2381.99999999993,11.6478210750856
-73.71,6.12,55.2666489500006,610.845400950024,409.27487073358,1800.32000000007,19.8027463921619
-73.71,6.17,54.8111034700004,449.708007469976,306.434748668127,1279.63999999992,16.8735882429128
-73.71,6.22,54.2899305700003,344.509714570004,239.214550689834,940.440000000011,8.91869213960953
-73.71,6.27,53.70534249,295.46258249,207.750201706831,783.4,6.67752845418368
-73.71,6.32,53.1036216900005,244.99110169007,175.372058581831,621.800000000224,6.92277822665888
-73.71,6.37,52.3965889900006,312.620452989953,218.208163008352,843.239999999846,2.09622207451553
-73.71,6.42,51.7729261000003,247.264854100032,176.338074704409,633.480000000104,12.0815096845314
-73.71,6.47,51.1234936300003,194.943437629995,142.763864053039,466.039999999982,4.5307528665908
-73.71,6.52,50.4398147900003,169.571758789987,126.349283071924,386.039999999958,6.64200396880802
-73.66,2.72,39.4264045,118.4526925,89.7810222536966,256.08,0.622735272246586
-73.66,2.77,40.1563627,123.3302347,93.1537720134033,269.52,0.600944825604468
-73.66,2.82,40.88787215,127.54275215,96.1033386652998,280.799999999999,0.517919056484604
-73.66,2.87,41.62118365,126.10351965,95.4523307768822,273.76,0.602100718258005
-73.66,2.92,42.3555665,119.4808785,91.4989047888311,249.92,0.70791279635861
-73.66,2.97,43.08793279,116.38660479,89.7929812469589,237.52,0.493843821408405
-73.66,3.02,43.8144158100001,125.58107181,95.9151637013599,264.959999999999,0.529159586172642
-73.66,3.07,44.54060833,124.319880330001,95.3750185990011,258.520000000003,0.478648085910231
-73.66,3.12,45.26007532,130.32257932,99.4608986471983,275.64,0.695524325861937
-73.66,3.17,45.9767607700001,128.928440770001,98.8325919641337,268.800000000001,0.962615142866344
-73.66,3.22,46.68554519,132.00727319,101.05154298968,276.48,0.821505403519526
-73.66,3.27,47.3852273000001,139.422091300001,106.030030482063,298.240000000001,1.08558585334898
-73.66,3.32,48.0790110900001,140.905891090001,107.227203140578,300.800000000001,1.39769310979556
-73.66,3.37,48.76774105,133.33648505,102.653946334376,274.04,1.03985370350269
-73.66,3.42,49.4424250100002,134.875249010001,103.879211869316,276.840000000003,0.898413048820558
-73.66,3.47,50.10497983,138.62380383,106.508129456954,286.84,0.922651430968325
-73.66,3.52,50.75182454,149.49148054,113.667567653374,319.959999999999,1.09549688451087
-73.66,3.57,51.38801732,155.559033320001,117.764558904419,337.560000000002,1.13119740125251
-73.66,3.62,52.00768659,166.33781459,124.857494405486,370.48,1.1896579450733
-73.66,3.67,52.6167729700001,169.51445297,127.102594608161,378.800000000001,1.62937443464581
-73.66,3.72,53.20970434,173.79824034,130.047295848257,390.76,1.80563493947724
-73.66,3.77,53.79063937,170.947543370002,128.441635480644,379.640000000006,2.17677148852235
-73.66,3.82,54.35010263,175.34599063,131.447254023586,392.080000000001,1.67959496833623
-73.66,3.87,54.88965764,182.77349764,136.375730730955,414.4,1.94668127255065
-73.66,3.92,55.4082581499999,193.438866149999,143.359732020951,447.279999999997,1.91981056581598
-73.66,3.97,55.91607352,191.11990552,142.066359095795,438.12,1.66656177352566
-73.66,4.02,56.4025366500001,190.878072650001,142.088760612633,435.760000000003,1.8104840414138
-73.66,4.07,56.86776542,191.45439742,142.624778442267,436.12,3.68905104087321
-73.66,4.12,57.27497485,242.44731885,175.264606359404,600.04,11.7633809387732
-73.66,4.17,57.65298658,301.31120258,212.909125261696,789.56,10.6060115862929
-73.66,4.22,58.01046717,355.488523170006,247.559972519322,963.960000000019,13.4460975005147
-73.66,4.27,58.3699155,375.277427500044,260.2996408344,1026.92000000014,17.5156415214283
-73.66,4.32,58.67418001,435.11680401,298.538975857662,1219.84,18.3907920332336
-73.66,4.37,58.90352347,557.79862747,376.793593937573,1616.64,20.7639889187364
-73.66,4.42,59.0208854,787.2798534,523.058902209566,2359.88,14.9992724317227
-73.66,4.47,59.3814826799999,679.074970680087,454.242857324085,2008.08000000028,7.55588355762529
-73.66,4.52,59.49506127,845.375821270044,560.249003676947,2546.60000000014,18.3437648996364
-73.66,4.57,59.67039737,902.56809337,596.754858271815,2731.36,6.17055980822763
-73.66,4.62,59.94644961,806.82016961,535.845566633964,2420.2,16.0196575525232
-73.66,4.67,60.1331283,788.4908483,524.23406871813,2360.2,9.71907417708967
-73.66,4.72,60.13089914,962.68714714,635.22908506581,2924.68,4.85954533649027
-73.66,4.77,60.37801011,811.02899411,538.683955161554,2432.44,20.1549676183403
-73.66,4.82,60.62424379,632.237851790037,424.84968651424,1852.28000000012,4.72990091663379
-73.66,4.87,60.57900562,761.113349620024,506.951219325113,2270.04000000008,23.2961516986453
-73.66,4.92,60.41163994,999.07408794,658.516270247185,3041.68,11.5869319898901
-73.66,4.97,60.46246067,953.71133267,629.630096488611,2894.52,4.35178926806926
-73.66,5.02,60.42960603,973.99670203,642.543774310746,2960.36,5.84741898438683
-73.66,5.07,60.4559589000001,895.947254899983,592.821149159471,2707.35999999995,11.7738082389339
-73.66,5.12,60.37466772,910.604699720008,602.13120655773,2755.12000000003,5.08115364864191
-73.66,5.17,60.29647391,891.38096191,589.853698137294,2693.08,4.23407454567778
-73.66,5.22,60.10431315,971.96793715,641.133049183009,2954.84,3.23251448376645
-73.66,5.27,59.98060744,944.45289544,623.555907547446,2866.08,3.44897881564597
-73.66,5.32,59.7815912199998,973.200559219999,641.801374087898,2959.88,5.24644793668463
-73.66,5.37,59.58381772,970.990713720009,640.321532063404,2953.36000000003,13.4337281734618
-73.66,5.42,59.39561571,928.31446371,613.060447468546,2815.68,12.7286438376107
-73.66,5.47,59.11415039,963.84294239,635.596655704228,2931.72,5.42066662391696
-73.66,5.52,58.94115145,844.89597545,559.742286563343,2546.84,14.5563644699429
-73.66,5.57,58.74062966,728.340909660023,485.4020229823,2169.80000000007,3.70123413641317
-73.66,5.62,58.3036185699999,858.762642569981,568.346658691233,2593.83999999994,21.0681134717212
-73.66,5.67,57.81957334,1018.79997334,670.14493918275,3114,15.1342770444511
-73.66,5.72,57.41257313,1061.70806913,697.337806779329,3254.36,10.8361445093054
-73.66,5.77,57.17930003,868.79730003,574.332707919027,2630,21.2733903771661
-73.66,5.82,56.9050750499999,695.633011050001,463.894975244827,2069.76,16.83492670151
-73.66,5.87,56.5624633200001,576.195487320014,387.666491586116,1683.84000000005,6.02464513142838
-73.66,5.92,56.05883387,626.06772187,419.261767955044,1847.08,5.10878815305393
-73.66,5.97,55.56281227,641.69296427,429.038025453189,1899.32,5.54691719570113
-73.66,6.02,55.03066513,677.81015313,451.858402541669,2018.08,16.836506846741
-73.66,6.07,54.4604828099999,738.577306809976,490.371646591244,2216.83999999992,12.491489978726
-73.66,6.12,53.9502923899998,698.640380389989,464.739205451898,2089.07999999997,15.0412865636905
-73.66,6.17,53.55921973,477.20529973,323.501500471466,1372.8,23.7445347428941
-73.66,6.22,53.08557159,336.24458759,233.511153697474,917.56,14.1532481234648
-73.66,6.27,52.47648186,350.85564986,242.600165137469,966.88,5.98956421985158
-73.66,6.32,51.9376870999998,247.330863100006,176.439912095828,633.16000000002,8.68418147502173
-73.66,6.37,51.33816935,203.366873350043,148.20906473499,492.64000000014,5.75178700075791
-73.66,6.42,50.70432207,185.62424207,136.673702271172,437.2,3.99186896157716
-73.66,6.47,50.05873022,164.00619422,122.664709052298,369.24,3.21275768123999
-73.66,6.52,49.34025477,229.71078277,164.270225812958,584.48,8.0041139160606
-73.61,2.72,38.2806112,122.8987312,92.1982782886583,274.2,0.251036399438578
-73.61,2.77,38.99065223,123.34954823,92.7431448461766,273.36,0.497985920008156
-73.61,2.82,39.7030357999999,121.988139800001,92.1341326363238,266.640000000003,0.413931541829875
-73.61,2.87,40.41671696,119.73926096,90.96010553939,257.04,0.720471101812106
-73.61,2.92,41.1308801500001,116.157712150001,88.9370917568372,243.120000000002,0.30368549720576
-73.61,2.97,41.84376143,114.74742543,88.2971154527011,236.24,0.53921665716473
-73.61,3.02,42.55223456,122.93636256,93.7720519314577,260.48,0.793806813911764
-73.61,3.07,43.25907634,125.74168434,95.816020393452,267.279999999999,0.137180386455372
-73.61,3.12,43.96322967,124.52017367,95.2931633564455,261.04,0.740732592953808
-73.61,3.17,44.6632516900001,121.442931690001,93.5863573488563,248.800000000003,0.634167971688394
-73.61,3.22,45.35307422,131.18090622,100.041555513573,278.12,0.806214888450815
-73.61,3.27,46.03979435,130.176498350001,99.6507088469072,272.640000000003,0.786070235071567
-73.61,3.32,46.7188278800002,129.263155880002,99.3150991888061,267.480000000005,1.06412565598397
-73.61,3.37,47.38950096,127.77362896,98.6093183314577,260.48,0.657306884127209
-73.61,3.42,48.0490453800001,129.96382938,100.244178684207,265.440000000001,0.955972903372107
-73.61,3.47,48.69435961,140.08933561,106.930159336393,296.16,0.894052004609714
-73.61,3.52,49.33092028,143.824240280001,109.540948225103,306.200000000003,0.913402284456588
-73.61,3.57,49.9522891300002,153.06172113,115.652401922351,334.12,0.915166528610504
-73.61,3.62,50.5631382,156.4746582,118.048708385367,343.2,1.0958552074011
-73.61,3.67,51.1626047399999,154.704076740001,117.138008319821,335.520000000005,1.20984650689787
-73.61,3.72,51.74252061,161.46833661,121.658515176168,355.56,1.40132150144544
-73.61,3.77,52.3115923300001,159.346416330001,120.512918562788,346.840000000003,1.29100794897871
-73.61,3.82,52.8606014100001,163.388777410001,123.287850295755,358.160000000002,1.60406981804074
-73.61,3.87,53.39069583,169.90571183,127.632688484974,377.56,1.95990958803003
-73.61,3.92,53.9023415600003,176.762173560003,132.187176065242,398.120000000009,1.96748275989936
-73.61,3.97,54.39925918,177.02455518,132.534650114899,397.36,1.52969878481002
-73.61,4.02,54.8771790299999,176.61370703,132.446257487819,394.479999999999,1.6126793795788
-73.61,4.07,55.3325215,179.8958255,134.702788252976,403.64,1.49156634424783
-73.61,4.12,55.77041614,178.24758414,133.811421662052,396.88,4.47419610924015
-73.61,4.17,56.18057859,185.74320259,138.736353026551,419.84,9.17018765511975
-73.61,4.22,56.5179222600003,264.045250260021,188.751885658194,672.480000000068,15.0224128878776
-73.61,4.27,56.8041264500002,379.068934449992,262.147457548989,1044.27999999997,24.9227523031787
-73.61,4.32,56.94014874,663.28977274,443.298970776759,1964.84,20.9122618958339
-73.61,4.37,57.21392342,723.62945142,481.846030366083,2159.48,16.4618401240767
-73.61,4.42,57.34990341,933.53936741,615.647485849104,2839.24,20.1394496745706
-73.61,4.47,57.5154290800002,1068.29152507986,701.570024541285,3275.35999999956,2.83257024323586
-73.61,4.52,57.9007217900003,883.924169789993,584.233111078362,2676.67999999998,14.9874646664861
-73.61,4.57,58.0986571,912.0442331,602.222696709963,2767.16,6.60820926329246
-73.61,4.62,58.40668106,769.19888906,511.31508460473,2303.28,2.21268091730921
-73.61,4.67,58.47900632,892.16807832,589.695840723181,2701.52,11.7376659311785
-73.61,4.72,58.5746117,952.7122517,628.308559995691,2897.4,21.147562156832
-73.61,4.77,58.9020374,695.9265014,464.80650534709,2064.24,13.4205096229026
-73.61,4.82,58.9765158200002,719.874275819996,480.092766137542,2141.59999999999,12.600622697801
-73.61,4.87,58.9964479,778.0961679,517.198300015214,2330.2,12.1835641012892
-73.61,4.92,58.91377578,928.21528778,612.822436521734,2816.92,14.5420254831378
-73.61,4.97,58.86808898,1001.39420898,659.434605472269,3054.2,16.911961785677
-73.61,5.02,58.98228959,850.99801759,563.645361178985,2566.48,19.335700403717
-73.61,5.07,59.0687116399999,704.079743640033,470.06212642976,2090.12000000011,15.655397397379
-73.61,5.12,58.7695289099999,986.26065690998,649.75592599832,3005.47999999994,16.1334086485023
-73.61,5.17,58.68285701,983.81628101,648.166952943856,2997.84,9.6496160886045
-73.61,5.22,58.61385896,929.65587496,613.631548302682,2822.56,2.53275566469357
-73.61,5.27,58.43795974,972.67163174,640.976862378556,2962.52,2.34260774145814
-73.61,5.32,58.2751918900002,969.817871889989,639.099426195168,2953.79999999996,8.91029771315547
-73.61,5.37,57.9621526799997,1117.33657667997,732.98302900613,3432.83999999991,6.62117497361061
-73.61,5.42,57.78419085,1073.10287885,704.733272305335,3290.08,15.9569401169488
-73.61,5.47,57.68963692,898.45182092,593.413374786609,2724.44,17.0122342156752
-73.61,5.52,57.52366649,780.00564249,517.880652198546,2341.16,7.95305861772899
-73.61,5.57,57.2427573600002,771.071589359986,512.086061868078,2313.11999999995,4.94327612920819
-73.61,5.62,56.9822965799999,708.387520580024,472.050015024302,2110.84000000008,8.69854719266114
-73.61,5.67,56.58257693,787.61894493,522.390320230441,2368.88,18.7198320840238
-73.61,5.72,56.1917451,829.0372411,548.639771176413,2504.36,17.8817316994375
-73.61,5.77,55.84207435,792.00120235,524.913979844721,2385.48,10.8489754365324
-73.61,5.82,55.5233163300002,688.178004330004,458.643414598116,2050.08000000001,7.33436234377892
-73.61,5.87,55.1183569,665.195868899967,443.852545160046,1976.91999999989,7.69850526254893
-73.61,5.92,54.75889057,557.02390657,374.796229179835,1627.56,5.22100641470314
-73.61,5.97,54.27762893,578.41621293,388.252546836859,1698.44,2.5383379646664
-73.61,6.02,53.82620693,535.69893493,360.869820371277,1561.48,9.91303689575689
-73.61,6.07,53.2924410500003,576.307721050049,386.55160290947,1694.80000000016,15.0276439702926
-73.61,6.12,52.7418260299999,616.307146029993,411.838994656209,1826.19999999998,9.32788361410039
-73.61,6.17,52.18018969,648.67930169,432.262381772456,1932.92,11.9998838526912
-73.61,6.22,51.69219564,556.48773164,373.341951719299,1635.76,25.2013312131588
-73.61,6.27,51.26746018,350.10335618,241.682165147079,968.36,20.1575940341876
-73.61,6.32,50.7297373799997,276.612593380034,194.659626520118,731.960000000111,9.81416190890417
-73.61,6.37,50.0453923299999,392.023568330013,267.949848788679,1108.16000000004,19.747802851298
-73.61,6.42,49.48676393,305.15569193,212.395986503347,828.48,12.18062004198
-73.61,6.47,48.90407607,231.49652407,165.249828305658,591.68,8.59051653584112
-73.61,6.52,48.26698185,219.34247785,157.274268236829,554.36,13.9792045656376
-73.56,2.72,37.14723587,115.74148387,87.2265628362272,254.68,0.789459267180615
-73.56,2.77,37.83601113,116.01056313,87.6479127598283,253.32,0.665724733582031
-73.56,2.82,38.5262700400001,122.26796604,91.8854901026488,271.359999999999,0.398591820774635
-73.56,2.87,39.21993608,116.01196008,88.1509071899261,248.84,0.457714330019054
-73.56,2.92,39.9128017900002,117.64296979,89.4415471812882,251.879999999999,0.199978316678108
-73.56,2.97,40.60664124,112.28824924,86.2813156067161,232.28,0.381099242512893
-73.56,3.02,41.29617433,119.84104633,91.3440394919451,254.520000000001,0.877029093641992
-73.56,3.07,41.9833647699999,125.860844769999,95.4291047944245,271.799999999998,0.303276864885353
-73.56,3.12,42.67039647,119.42538847,91.5777712267144,248.72,0.726891589250356
-73.56,3.17,43.3505282100002,122.30275221,93.6579532572733,255.839999999999,0.344255865543598
-73.56,3.22,44.02583623,123.23728423,94.498435749755,256.68,0.669393986920878
-73.56,3.27,44.69372765,127.36149565,97.3686534695107,267.880000000001,0.21885875781211
-73.56,3.32,45.3569059500001,124.06224995,95.5070219758625,255.040000000001,0.652923047153441
-73.56,3.37,46.01095851,123.59299851,95.4453184884416,251.4,0.516252619894907
-73.56,3.42,46.6546944600002,126.174742460001,97.3239302565193,257.680000000001,0.778401373520378
-73.56,3.47,47.28574229,134.81704629,103.059655831309,283.64,1.02365198896521
-73.56,3.52,47.90571098,143.04091898,108.524742380771,308.279999999999,0.906710839371904
-73.56,3.57,48.51481545,148.52590345,112.240700023641,324.079999999999,0.892248035538009
-73.56,3.62,49.11338653,149.11213053,112.831405652571,324.04,1.1868963772972
-73.56,3.67,49.6977777100001,150.95560971,114.218072841767,328.120000000001,0.751375504068866
-73.56,3.72,50.26828878,151.73596878,114.922296579967,328.8,1.16328741505036
-73.56,3.77,50.8247423400001,150.379102340001,114.259605224031,322.600000000002,1.09190333879191
-73.56,3.82,51.3638895900001,151.535449590001,115.192025027559,324.600000000003,1.27416167311903
-73.56,3.87,51.88583285,153.45226485,116.602764258531,329.12,1.65856492290911
-73.56,3.92,52.3864132800002,161.890037280002,122.1608297269,354.840000000006,1.93320291166665
-73.56,3.97,52.87095494,166.31231494,125.154450278406,367.6,1.54127881300574
-73.56,4.02,53.34013012,164.84348212,124.388749640329,361.320000000001,1.38237506416977
-73.56,4.07,53.78725852,167.41377852,126.188735624464,368.2,1.42625495117804
-73.56,4.12,54.21620877,166.80583277,125.956987984537,364.84,1.35967096773486
-73.56,4.17,54.62248811,169.10074411,127.566681338332,370.96,1.93108289097469
-73.56,4.22,55.0002116500002,181.982939650012,135.912106812813,411.48000000004,5.92982419486874
-73.56,4.27,55.3466711400002,208.017263140026,152.626569980648,494.720000000085,13.7530657067186
-73.56,4.32,55.60986399,320.12943999,224.158614980935,857.16,29.5546855855198
-73.56,4.37,55.82455304,464.96643304,316.524928773564,1325.8,31.9823711190673
-73.56,4.42,55.93018303,725.43171103,482.528652743721,2169.48,23.05629099586
-73.56,4.47,56.2280392899999,682.352751290039,455.187313941814,2028.92000000013,30.8060915675692
-73.56,4.52,56.1969744300002,1055.81409442997,693.141202123571,3239.19999999991,20.7797586767882
-73.56,4.57,56.53404694,892.34628694,589.103738927316,2708.4,16.1958568208453
-73.56,4.62,56.8149301,775.5813621,514.804415036308,2329.12,11.0000880249326
-73.56,4.67,57.04135241,700.76860841,467.216760288401,2085.96,18.0804103010976
-73.56,4.72,57.22278956,653.67252556,437.273519838174,1932.76,21.9900503804744
-73.56,4.77,57.23724022,790.40912022,524.405706555647,2375.8,10.6197755254564
-73.56,4.82,57.2955110899999,836.856143089984,554.022342548784,2526.11999999995,3.80900829833334
-73.56,4.87,57.39108522,803.018061220016,532.495791685848,2416.16000000005,11.6521861907782
-73.56,4.92,57.37296499,881.66825299,582.604191128488,2671.08,12.6433222807827
-73.56,4.97,57.55748589,672.15290189,449.17042924189,1991.56,21.7920901052638
-73.56,5.02,57.43486601,818.02277001,542.072499173351,2464.64,13.7959445136008
-73.56,5.07,57.5277695399999,661.680161540009,442.486541286206,1957.72000000003,3.93778733398762
-73.56,5.12,57.29249534,884.278775340015,584.238389811879,2679.80000000005,22.4555700073964
-73.56,5.17,57.0770048,1050.8430688,690.293008686145,3220.24,7.72092938909319
-73.56,5.22,56.99711759,1016.22466959,668.205589380731,3108.32,8.27865030302615
-73.56,5.27,56.92735472,938.06676272,618.378983038396,2855.28,5.78473268445678
-73.56,5.32,56.7864150799999,918.323551079986,605.747707098345,2791.75999999996,11.521551135928
-73.56,5.37,56.52100204,1024.35232203999,673.211693226899,3136.19999999996,18.6794094418342
-73.56,5.42,56.25589383,1100.47188583,721.617996241506,3383.72,4.67168315905535
-73.56,5.47,56.10116725,1007.40387125,662.260019453434,3082.64,11.5691946450317
-73.56,5.52,55.93387929,900.16472729,593.867808907435,2735.68,14.3642701557175
-73.56,5.57,55.7553906399999,777.163438640008,515.428082105413,2337.68000000003,11.2915179666129
-73.56,5.62,55.5094274099998,710.272219410022,472.716548545492,2121.72000000007,9.10533834515976
-73.56,5.67,55.18219823,718.35125423,477.745691544526,2148.96,3.01044384351935
-73.56,5.72,54.81277461,752.91535061,499.635494454199,2262.16,2.46435474365963
-73.56,5.77,54.45473611,745.32372811,494.668301626853,2238.72,6.17451923450763
-73.56,5.82,54.1150880299998,686.00444803002,456.747528331752,2047.60000000007,11.1992649728628
-73.56,5.87,53.7719999599998,603.289847960014,403.91828526793,1780.68000000004,2.31000046256348
-73.56,5.92,53.30904604,653.06697404,435.467717205083,1943.48,1.84280495475507
-73.56,5.97,52.89996621,604.92364621,404.642938085244,1788.8,9.221266692842
-73.56,6.02,52.50770898,507.24832498,342.263060968196,1473.56,6.57891398516193
-73.56,6.07,52.03650746,491.668067460007,332.164547337841,1424.60000000002,7.51051830523566
-73.56,6.12,51.49157303,554.81817302999,372.205340431896,1630.99999999997,14.8783798742529
-73.56,6.17,50.88916138,678.06311338,450.516999372786,2032.32,8.26057249183382
-73.56,6.22,50.37238398,657.79593598,437.415500259898,1968.32,8.4577812315578
-73.56,6.27,49.89081786,562.70995386,376.65311713516,1661.76,26.212983059313
-73.56,6.32,49.42871909,414.033447090018,281.750547361011,1181.48000000006,23.0253522804756
-73.56,6.37,48.7640523700001,546.387724369989,365.843981377299,1612.51999999996,18.8879305577008
-73.56,6.42,48.31902943,324.38024543,224.221977171904,894.56,19.772126246313
-73.56,6.47,47.73888974,286.94092174,200.155600585225,775.12,13.9887547230268
-73.56,6.52,47.00676979,472.33163379,318.018751877062,1378.24,26.922323676001
-73.51,2.72,36.02598845,110.54671645,83.5097165629439,241.48,0.687513722775983
-73.51,2.77,36.69218937,115.69378937,87.0310762215555,256,0.406084943890004
-73.51,2.82,37.3615552300003,116.449563230001,87.7555002390504,256.280000000004,0.727399553106078
-73.51,2.87,38.03319735,114.13395735,86.523703199975,246.6,0.0969170322762746
-73.51,2.92,38.7051868000003,115.6700268,87.7462742249142,249.4,0.58820313463191
-73.51,2.97,39.37834382,110.24524782,84.5338984160594,229.64,0.342792383409913
-73.51,3.02,40.0477141800001,119.17275418,90.4652555422612,256.4,0.739411764493196
-73.51,3.07,40.7161191700001,121.93963917,92.4707872142557,263.2,0.602483416304784
-73.51,3.12,41.38417294,113.68298094,87.4521198602439,234.28,0.579661624477654
-73.51,3.17,42.0449740200003,119.083878020001,91.1332541513378,249.640000000002,0.830832329609738
-73.51,3.22,42.70120485,122.62860485,93.6300005318472,259,0.617902169241434
-73.51,3.27,43.3508157300001,128.25284773,97.449388193281,275.119999999999,0.659701633337027
-73.51,3.32,43.9980123500003,119.888924350001,92.3548055317763,245.920000000002,0.623843326847205
-73.51,3.37,44.63458676,120.84644276,93.19588166961,246.96,0.503896342203282
-73.51,3.42,45.2612501300003,125.17630613,96.182180360777,258.96,1.08623142910392
-73.51,3.47,45.87462518,138.75088118,105.05427903486,300.96,0.934360684687535
-73.51,3.52,46.4824483400001,139.01307234,105.441869564885,299.840000000001,0.832068514552605
-73.51,3.57,47.0783183900001,140.756934390001,106.769226564447,303.560000000002,0.773405132133883
-73.51,3.62,47.6640496,137.7629056,105.073976963985,291.96,0.936354757449005
-73.51,3.67,48.2327221900004,143.750594190002,109.09558257396,309.520000000004,0.966030049640176
-73.51,3.72,48.7905866,142.9629626,108.796112817268,305.16,1.10616411632905
-73.51,3.77,49.3338710900004,142.099031090002,108.442735885226,300.600000000005,0.991177448187494
-73.51,3.82,49.8606996000004,143.292435600002,109.394298753036,302.760000000005,0.986153090350432
-73.51,3.87,50.37103682,144.98779682,110.659719275808,306.6,1.07594800198293
-73.51,3.92,50.8638301800004,147.727198180003,112.584024730652,313.88000000001,1.49244211255665
-73.51,3.97,51.3379088,152.2501088,115.637971301792,327,1.54555792993787
-73.51,4.02,51.7949016900004,154.435261690002,117.196127341671,332.600000000007,1.29634748326665
-73.51,4.07,52.23263487,157.03319487,119.010314459017,339.6,1.12817586660383
-73.51,4.12,52.65261185,156.52737185,118.840382608725,336.6,1.25160193692667
-73.51,4.17,53.05130309,157.85186309,119.828982679017,339.6,1.40752153957278
-73.51,4.22,53.4219333200004,170.665245320003,128.127987588139,379.920000000009,2.09176898300755
-73.51,4.27,53.7692900500004,186.096970050005,138.086925526359,428.800000000016,3.62385122746016
-73.51,4.32,54.08186761,220.71352361,160.257591611429,539.96,11.8443742372206
-73.51,4.37,54.31141954,344.85214754,239.440541387666,941.48,25.8321500078513
-73.51,4.42,54.42761783,598.98317783,401.411991807558,1764.6,29.9811584438494
-73.51,4.47,54.6566293800002,648.884445380001,433.291578465475,1925.56,16.5640286563844
-73.51,4.52,54.9359780800003,592.08513808011,397.201081415295,1740.60000000035,31.4239997138828
-73.51,4.57,54.90179086,948.42223086,624.242466602164,2895.4,13.5601567513014
-73.51,4.62,55.2252126,761.1168526,505.011032069719,2287.4,19.7315984898979
-73.51,4.67,55.50608664,604.49314264,405.314157551888,1778.96,10.1913479037862
-73.51,4.72,55.66633868,583.40937068,391.937968299461,1710.12,6.88001924797866
-73.51,4.77,55.68449767,722.68019367,480.686280816399,2161.36,11.8073301304175
-73.51,4.82,55.73250921,786.596061209999,521.430136195452,2368.32,15.1235236327863
-73.51,4.87,55.6612998200003,977.190275819972,642.848684041236,2986.15999999991,4.51218457707242
-73.51,4.92,55.87373938,753.44552338,500.358244828165,2260.44,20.5309414580019
-73.51,4.97,55.98818275,630.23106275,421.888966552244,1860.8,10.1826894971998
-73.51,5.02,55.99812885,613.52723285,411.249091902712,1806.64,11.0549059357812
-73.51,5.07,55.9141550700001,687.976331069997,458.656711686724,2048.15999999999,19.5429165144433
-73.51,5.12,55.66479058,947.543478579991,623.959361329774,2890.07999999997,17.4574037773579
-73.51,5.17,55.57931534,959.02433134,631.24381374289,2927.56,7.30085927770339
-73.51,5.22,55.43151337,1020.84340937,670.580576147079,3128.36,10.8902500355214
-73.51,5.27,55.35956947,951.29943347,626.241873621992,2903.24,13.8838300832497
-73.51,5.32,55.33313389,790.887405890003,524.019632282266,2383.52000000001,8.66326518502778
-73.51,5.37,55.1159356600002,850.205319660023,561.737504565568,2576.44000000007,14.0175030615162
-73.51,5.42,54.81067604,995.55926004,654.244567578109,3048.44,9.61529924255188
-73.51,5.47,54.64994578,919.81621778,605.923680413097,2803.52,8.087039419649
-73.51,5.52,54.44031059,878.69856659,579.647940375276,2670.96,5.63822672844387
-73.51,5.57,54.2193885,822.707452500001,543.890910348507,2490.24,7.72286881085547
-73.51,5.62,53.90916672,856.738238719999,565.462373446791,2601.52,14.3474897021151
-73.51,5.67,53.67595633,758.34554033,502.683096143734,2283.44,13.6803124142422
-73.51,5.72,53.3199258,797.0829578,527.236949154184,2410.12,11.7063783451353
-73.51,5.77,52.91369996,877.22133196,578.152791549559,2671.12,5.40175306129969
-73.51,5.82,52.58596477,822.604684770001,543.232802551256,2495.2,13.5666854488066
-73.51,5.87,52.29478658,689.146434580003,458.089138212104,2063.68000000001,17.1894608786123
-73.51,5.92,51.95823085,590.57632685,395.159322862621,1745.36,8.11220970254432
-73.51,5.97,51.49331449,646.00504249,430.309168950096,1926.48,2.31241201882567
-73.51,6.02,51.11651552,550.81397952,369.517840307159,1619.24,11.890722160621
-73.51,6.07,50.7207460300001,456.147082030004,309.053620991329,1313.76000000001,6.83693405874052
-73.51,6.12,50.25484618,437.73300618,297.151355284739,1255.6,6.39105597434246
-73.51,6.17,49.68529385,549.37041385,368.078753186089,1619.2,17.6119494251282
-73.51,6.22,49.11109018,648.48635418,431.025932361895,1942.24,17.2290621917067
-73.51,6.27,48.53207307,735.89536907,486.511850482815,2227.36,3.20851285398556
-73.51,6.32,48.0344108300002,677.343874829964,449.022971857969,2039.23999999988,9.97170093825563
-73.51,6.37,47.4659418500002,708.659957849976,468.770962993222,2142.55999999992,12.2444061926515
-73.51,6.42,47.01492042,531.44285642,355.686682232882,1569.76,33.7553589194243
-73.51,6.47,46.50473705,426.26789705,288.485339235642,1230.6,33.7267738552825
-73.51,6.52,45.86952754,507.65856754,340.116052089483,1496.4,21.4401355104394
-73.46,2.72,34.9185538400003,112.426529839999,84.3057211120181,251.159999999997,0.334041154677423
-73.46,2.77,35.5622323400003,114.94649634,86.1449481747427,257.239999999998,0.523897564402568
-73.46,2.82,36.2096391200003,110.989591120002,83.858541705427,242.320000000006,0.35243534924254
-73.46,2.87,36.8584299200003,115.674869919999,87.0793350054965,255.399999999995,0.0683293370417064
-73.46,2.92,37.5098392600003,109.290199260002,83.2474372352821,232.600000000006,0.673090663999543
-73.46,2.97,38.1607961700003,109.521460170001,83.6309688088823,231.240000000001,0.576131661178352
-73.46,3.02,38.8096632900004,118.00876729,89.2743973586844,256.639999999998,0.613711338958732
-73.46,3.07,39.4582784800004,117.966118480001,89.4825472887339,254.400000000001,0.556394287881854
-73.46,3.12,40.1058333400004,111.046801340001,85.3085806424837,229.880000000003,0.416730240781842
-73.46,3.17,40.7480568900004,113.083896890002,86.839600163457,234.400000000006,0.752444355516125
-73.46,3.22,41.3843644000004,120.5711244,91.8412330176139,256.599999999998,0.646269603476161
-73.46,3.27,42.0178566200004,117.612512620003,90.1858789760844,244.960000000009,0.886080802439908
-73.46,3.32,42.6444323300004,117.066408330001,90.0652368343802,241.160000000002,0.334608379857498
-73.46,3.37,43.2630725700004,118.783664570001,91.3839022196595,244.720000000001,0.46322940257707
-73.46,3.42,43.8721923800004,124.39210438,95.1785297132341,260.919999999999,0.638078165103666
-73.46,3.47,44.4723448400004,129.127496840002,98.4136082818717,274.320000000007,1.02856973477921
-73.46,3.52,45.0636284000004,130.471764400003,99.4846843571758,276.760000000008,1.14136883222657
-73.46,3.57,45.6421274600004,136.753191460001,103.697021811771,295.240000000001,1.0295740302299
-73.46,3.62,46.2120265300004,134.928354530001,102.741023374084,287.480000000002,0.581962398700434
-73.46,3.67,46.7678747500004,136.903762750002,104.201398467198,292.080000000004,1.076964884712
-73.46,3.72,47.3123832400004,134.251175240003,102.708755129925,281.720000000007,1.0166028642965
-73.46,3.77,47.8413538300004,134.903585830002,103.31638023063,282.120000000006,0.885347883526182
-73.46,3.82,48.3549743500004,136.491134350002,104.514294993768,285.600000000005,0.749434627387134
-73.46,3.87,48.8533525300004,137.187016530002,105.138520390897,286.240000000006,0.990969575743059
-73.46,3.92,49.3348252600004,138.927577260003,106.422269130094,290.320000000007,1.0495985342677
-73.46,3.97,49.7983768200004,142.230248820003,108.694874436322,299.520000000008,1.19734704468597
-73.46,4.02,50.2445419200004,144.737861920003,110.454569865105,306.200000000008,1.28564847019476
-73.46,4.07,50.6708730700004,149.780849070001,113.822579715492,321.160000000003,1.01052840452892
-73.46,4.12,51.0825969400004,146.909068940003,112.142093600725,310.520000000009,1.18089238865631
-73.46,4.17,51.4706505200004,151.259546520002,115.054956974373,323.360000000006,1.24690521695589
-73.46,4.22,51.8350623100005,161.375718310003,121.633075110112,354.960000000008,1.53226305386819
-73.46,4.27,52.1782922700005,172.013844270005,128.536091262957,388.320000000014,2.41993939277208
-73.46,4.32,52.4949607000005,191.06870470001,140.792514418063,449.04000000003,4.42226412908991
-73.46,4.37,52.7806303600004,224.436294360037,162.157592947169,556.240000000118,10.821175252799
-73.46,4.42,53.0138387300004,304.300646730084,213.130826173353,814.280000000271,24.9343790529359
-73.46,4.47,53.2150216300004,396.711509630083,272.086928570402,1113.08000000027,29.1487119588416
-73.46,4.52,53.3182034100005,601.206643409995,402.426249176605,1775.39999999998,26.2258842754853
-73.46,4.57,53.4456476100004,729.970911610056,484.519558982903,2192.24000000018,29.3319924558571
-73.46,4.62,53.6039324200005,775.666212419988,513.69349279214,2339.79999999996,16.3156884911986
-73.46,4.67,53.8202129400005,701.003788939977,466.197947118142,2097.15999999992,10.3870807366692
-73.46,4.72,53.9811676200005,674.439983619981,449.330200230393,2010.55999999994,7.23117242712025
-73.46,4.77,54.04027566,761.153971659994,504.6047747857,2291.35999999998,14.0650050925948
-73.46,4.82,54.1283492400008,771.191309240014,511.032401928581,2323.60000000004,9.6377673891362
-73.46,4.87,54.1259684200008,875.903080420039,577.75264254012,2662.92000000012,15.0528692492345
-73.46,4.92,54.2290129600005,796.807020959977,527.390953011396,2406.27999999992,19.2101679398757
-73.46,4.97,54.4179629900004,565.31143499004,379.953251898179,1655.52000000013,10.2405740682565
-73.46,5.02,54.36721496,636.757134960001,425.459196468812,1887.2,9.90912370452303
-73.46,5.07,54.2770380100008,729.382742009973,484.446422509737,2187.63999999991,10.5032174945995
-73.46,5.12,54.2158435100007,748.504123510114,496.60813897347,2249.80000000037,18.642102951648
-73.46,5.17,54.0002342500005,948.989610249979,624.276898669546,2900.15999999993,12.6825651258852
-73.46,5.22,53.9921750300004,829.121311030064,547.895309554507,2511.76000000021,19.0792991449966
-73.46,5.27,53.84818701,865.626659009993,571.10384576294,2630.51999999998,13.5822905716636
-73.46,5.32,53.7488350400008,808.596779040001,534.729033455543,2446.04,3.6861143486799
-73.46,5.37,53.5246668400008,893.064794839975,588.469725050609,2720.47999999992,8.13290311530337
-73.46,5.42,53.2980086200004,950.287112620007,624.848876112994,2906.64000000002,4.79807174683822
-73.46,5.47,53.1042630400004,931.120639039997,612.565932237544,2845.15999999999,2.18820574487462
-73.46,5.52,52.88689081,914.559810810001,601.934702790131,2792.2,7.24672640826533
-73.46,5.57,52.6387960600008,911.102276059957,599.641590761759,2781.79999999986,9.30266321112388
-73.46,5.62,52.3380185200008,952.561250519947,625.949634193442,2917.11999999983,10.2498334214093
-73.46,5.67,52.0481182400005,949.876614239943,624.133836405751,2909.35999999982,12.9398029064203
-73.46,5.72,51.7571701900004,919.984754189962,604.981536688571,2813.43999999988,16.2291264990708
-73.46,5.77,51.48297383,837.351389830006,552.229050785852,2546.56000000002,7.67502384176846
-73.46,5.82,51.1372506300007,829.698018629995,547.226980552077,2522.87999999998,5.56345826517739
-73.46,5.87,50.7927211000008,792.988065099949,523.710832168191,2405.03999999983,4.10983171126964
-73.46,5.92,50.4078615900005,788.61609358993,520.785431962389,2392.11999999977,15.4957087007838
-73.46,5.97,50.1237078800004,607.912035880021,405.539845405207,1807.48000000007,12.2657918959737
-73.46,6.02,49.71203068,590.157038679997,394.077209451061,1751.27999999999,5.58120006929824
-73.46,6.07,49.3124221800007,528.802758179965,354.838003564638,1553.75999999988,6.69173233046141
-73.46,6.12,48.8783798700007,494.842411869971,333.041396147013,1445.1199999999,9.88018489437238
-73.46,6.17,48.4313166200004,456.832556620027,308.659765289348,1323.40000000008,5.37239120493999
-73.46,6.22,47.9656128100003,424.482300810071,287.877601364131,1220.08000000023,8.32553647379476
-73.46,6.27,47.40832609,516.085318089997,346.043772336852,1518.71999999999,17.6422928720654
-73.46,6.32,46.8529187000006,586.298062700048,390.580995934379,1748.04000000015,20.5967170532434
-73.46,6.37,46.2591244400006,702.206940440001,464.221328878253,2125.56,16.7442155794521
-73.46,6.42,45.6436767900004,839.325844789904,551.368584273449,2571.87999999969,13.5434248339468
-73.46,6.47,45.0800678300004,873.201995829866,572.749583800275,2683.47999999956,16.0881088367772
-73.46,6.52,44.5628889000004,808.891024899914,531.583753737675,2476.75999999972,18.6300551651103
-73.41,2.72,33.82755538,112.50821138,83.9619405037211,254.96,0.663951241741858
-73.41,2.77,34.44820788,107.90735188,81.2555072008761,238.04,0.385650227201989
-73.41,2.82,35.07199585,111.81464385,83.9715051556437,248.679999999999,0.447778528021782
-73.41,2.87,35.69833989,114.76165989,86.0765539969083,256.2,0.273008670180892
-73.41,2.92,36.3274314000001,106.6635434,81.1447716000257,227.92,0.477020552961774
-73.41,2.97,36.9563229,108.2922989,82.4107646367405,231.16,0.647086166612024
-73.41,3.02,37.5841665800001,115.12917458,86.9949302052302,251.280000000001,0.698385517356029
-73.41,3.07,38.21155966,115.96641566,87.7560359534292,251.959999999999,0.485030683347383
-73.41,3.12,38.83819368,109.19899368,83.6712647821666,228,0.327499369252797
-73.41,3.17,39.4599861400001,112.42537014,85.9526674180539,236.44,0.402450823529045
-73.41,3.22,40.07796601,114.20368601,87.3099996886861,240.2,0.693387038560143
-73.41,3.27,40.6912566900001,114.64416069,87.8131740536985,239.64,0.421232903670838
-73.41,3.32,41.2984412900002,115.93026529,88.8529584625791,241.84,0.484758554659262
-73.41,3.37,41.89757202,121.59043602,92.6769241315066,258.24,0.737984747233661
-73.41,3.42,42.4885590300002,128.069511029999,97.0197313021614,277.319999999998,0.310311348459431
-73.41,3.47,43.0741221,123.8162261,94.5220375525039,261.64,0.657361928680101
-73.41,3.52,43.64936192,122.62627392,93.9725178694146,255.920000000001,0.90208024120811
-73.41,3.57,44.2129794700001,125.263683470001,95.8575311992685,262.640000000003,0.886739148885209
-73.41,3.62,44.76480854,129.34589654,98.6588792754466,274.08,0.719464394404602
-73.41,3.67,45.30711,126.728134,97.1876252613847,263.840000000001,1.10392553892395
-73.41,3.72,45.83551982,127.05903982,97.5901878642555,263.2,0.866932365499131
-73.41,3.77,46.3497957399999,128.69661974,98.820219831676,266.84,0.797229945323659
-73.41,3.82,46.8488155,132.3186715,101.309198712527,276.959999999999,0.641885328955979
-73.41,3.87,47.33545054,129.78102654,99.8687982402405,267.16,0.830234010182401
-73.41,3.92,47.8040906300001,132.125954630001,101.532986892965,273.240000000002,0.854694707882539
-73.41,3.97,48.25632208,134.20759408,103.023457884278,278.52,0.998248025853039
-73.41,4.02,48.69182316,135.38373516,103.930886028512,280.920000000001,1.19694347590153
-73.41,4.07,49.10700814,141.47716014,107.964178500967,299.32,1.2908727547565
-73.41,4.12,49.50877876,137.91650676,105.841139327319,286.48,1.08072381896808
-73.41,4.17,49.88654705,143.91079505,109.797687854422,304.68,1.52444607664625
-73.41,4.22,50.24116695,156.27612695,117.805391646072,343.599999999999,1.2044910985893
-73.41,4.27,50.5812793400001,158.492527340001,119.341052598797,349.680000000003,1.70222876771896
-73.41,4.32,50.8974787,166.6348227,124.643947937529,375.04,3.49029024631749
-73.41,4.37,51.17964681,196.76478281,143.944776736132,471.76,2.34304633676081
-73.41,4.42,51.45389279,203.61838079,148.411308136738,493.08,8.10408130429322
-73.41,4.47,51.6880629799999,240.452510980008,171.96654075094,611.680000000025,13.4021921209335
-73.41,4.52,51.89616783,282.803031830041,199.027295555838,748.240000000132,25.3999053502983
-73.41,4.57,51.98930882,471.75937282,319.461837925312,1360.24,30.2327596763339
-73.41,4.62,52.17101982,481.18673982,325.534771777158,1390.2,30.4034068361085
-73.41,4.67,52.15997344,755.91610144,500.585069874513,2280.48,18.2894888687988
-73.41,4.72,52.33937253,695.47411653,462.137238757015,2084.04,20.0699234749245
-73.41,4.77,52.58512617,500.26497417,337.841440145838,1450.68,9.56300038912137
-73.41,4.82,52.57150383,666.401591829985,443.696789215506,1989.07999999995,21.1749400516773
-73.41,4.87,52.6087260900001,718.974878090007,477.209371231805,2159.32000000002,21.1823511092992
-73.41,4.92,52.55032975,879.53660975,579.496224221869,2679.8,6.34284233628199
-73.41,4.97,52.68901485,710.62421485,471.917556910611,2132,18.2572837785798
-73.41,5.02,52.79262764,561.87153164,377.171695240782,1649.64,12.2130715812961
-73.41,5.07,52.7841195799998,545.408471580008,366.678540903736,1596.32000000003,11.3661139305107
-73.41,5.12,52.6284676200001,710.896955619988,472.069376859508,2133.07999999996,16.520585285813
-73.41,5.17,52.53201119,755.81906719,500.658220483832,2278.96,17.5455782149698
-73.41,5.22,52.48038533,702.05869733,466.384017015845,2104.92,9.24525914558086
-73.41,5.27,52.3585748,718.2186228,476.636736447908,2157.68,2.00260734408161
-73.41,5.32,52.2143496999999,734.751141700011,487.118735744235,2211.72000000004,8.09467939879649
-73.41,5.37,51.9745533700001,859.222777369988,566.343591580043,2615.83999999996,14.6504228458834
-73.41,5.42,51.75488267,923.05612267,606.937746485164,2823.4,10.5712144516307
-73.41,5.47,51.55003644,934.13369244,613.921922533651,2859.96,4.83529451913663
-73.41,5.52,51.28431172,1004.61143172,658.733097899005,3089.2,2.7418228230017
-73.41,5.57,51.0614668199999,981.502810819995,643.927706714192,3015.03999999998,1.68983863922053
-73.41,5.62,50.76910356,1032.21585555998,676.13538727772,3180.31999999995,3.27102324751243
-73.41,5.67,50.52446159,982.27426959,644.224439297674,3019.28,3.55147870662651
-73.41,5.72,50.17791074,1057.06564674,691.754889114146,3262.76,2.72568682073259
-73.41,5.77,49.91508661,976.80135861,640.516076595875,3003.52,23.3448236381833
-73.41,5.82,49.7365507699998,738.605814770041,488.675913213449,2232.24000000013,16.3544383951044
-73.41,5.87,49.3769313,748.911411300002,495.112043468384,2266.80000000001,4.3456051971482
-73.41,5.92,48.98205549,787.58529549,519.611320296691,2393.4,7.62967365830142
-73.41,5.97,48.63525478,725.30864678,479.803551565714,2192.72,10.3956076578651
-73.41,6.02,48.30633845,608.02033045,404.9494863422,1813.72,11.7462533271028
-73.41,6.07,47.9397977200001,523.850373720011,351.184398294206,1542.16000000004,5.10747618285317
-73.41,6.12,47.4615032000001,594.819151199977,396.23133457056,1773.67999999992,5.28102008985824
-73.41,6.17,47.00301653,611.74101653,406.847403007916,1830,6.79632364064372
-73.41,6.22,46.59781639,517.80532839,346.845680106317,1526.92,9.58654184884903
-73.41,6.27,46.14694541,476.63160141,320.446686044554,1394.96,9.61626431399366
-73.41,6.32,45.7198311700001,372.749423170031,254.099226382248,1059.7200000001,14.0210794073851
-73.41,6.37,45.10918931,564.433613309993,376.016581299338,1682.83999999998,25.352104015885
-73.41,6.42,44.52578888,695.41256488,459.263158379324,2109.16,25.3657873700257
-73.41,6.47,44.00198455,705.14662455,465.275543888955,2142.4,18.5808354269505
-73.41,6.52,43.41958665,805.58752265,529.063997550382,2469.76,16.9427488394367
-73.36,2.72,32.75458077,105.84340477,79.3259165587594,236.84,0.473112456179708
-73.36,2.77,33.35099116,109.51347116,81.8808242653277,246.8,0.307952476786492
-73.36,2.82,33.95130004,110.39769204,82.6620385199507,247.720000000001,0.418729371509974
-73.36,2.87,34.55431323,115.28407323,85.9943632314333,261.6,0.322699066316222
-73.36,2.92,35.1604172700002,104.65713727,79.442906797228,225.2,0.614136336119253
-73.36,2.97,35.7670082,104.3749602,79.4831852501478,222.32,0.574164903201345
-73.36,3.02,36.37301692,110.622176920001,83.683705109392,240.600000000002,0.651157908265176
-73.36,3.07,36.9785701300003,112.758386130001,85.2645742521409,245.560000000001,0.823451911077415
-73.36,3.12,37.58345277,107.54924477,82.1648294379089,226.72,0.213082218300036
-73.36,3.17,38.1844785299999,110.49563053,84.2602909013142,234.319999999999,0.417233753612517
-73.36,3.22,38.78239689,110.37759689,84.4020130992222,232,0.407277980772403
-73.36,3.27,39.37540674,112.217350740001,85.7894335073488,236.040000000003,0.307553685667704
-73.36,3.32,39.9627147399999,115.001890740001,87.7767917979078,243.160000000004,0.562926883611262
-73.36,3.37,40.54274358,121.26015958,91.9749281303627,261.56,0.492117030725715
-73.36,3.42,41.1169359900001,121.41465599,92.2816952039642,260.200000000001,0.90239146421586
-73.36,3.47,41.68336787,120.35167987,91.8098875426505,254.92,0.747403784493919
-73.36,3.52,42.2416891700001,116.564913170002,89.5995700658161,240.840000000005,0.420953674126393
-73.36,3.57,42.7865025600001,124.849414559999,95.0760212770528,265.919999999997,0.914314479617313
-73.36,3.62,43.32334635,124.26295435,94.8971090196328,262.28,0.920338510465847
-73.36,3.67,43.8502240900001,119.481912090001,92.0418427992943,245.080000000002,0.792477838271253
-73.36,3.72,44.36265003,121.10529803,93.2621593356439,248.68,0.788435669195687
-73.36,3.77,44.8614870100001,124.04824701,95.3183556276142,256.600000000001,0.702123226672985
-73.36,3.82,45.3463736300002,127.187093630001,97.4943142277837,265.200000000001,0.716052010531583
-73.36,3.87,45.81908165,124.51208165,95.9613322247916,255,0.678611712474153
-73.36,3.92,46.2745782299999,126.683394229999,97.5101265035983,260.559999999998,0.87463669366189
-73.36,3.97,46.7149301,127.0743701,97.9190165693166,260.4,0.917085559333081
-73.36,4.02,47.13885989,127.22673189,98.1699064357644,259.52,1.00320150198903
-73.36,4.07,47.54470446,129.36073646,99.6769141556422,265.12,1.30238403426395
-73.36,4.12,47.93341244,130.16914044,100.333047472041,266.48,1.02697168689247
-73.36,4.17,48.30211369,134.36448169,103.140038553913,278.88,1.71731292284222
-73.36,4.22,48.6467487100003,148.559084710001,112.309709675078,323.760000000003,1.76675214463913
-73.36,4.27,48.9804090500001,146.300505050001,110.99162529026,315.360000000002,1.64256425370117
-73.36,4.32,49.29324521,146.11958121,110.989843407438,313.76,4.05886533402416
-73.36,4.37,49.55079422,209.80060222,151.660080017952,519.28,2.59939110023157
-73.36,4.42,49.84299727,172.48063727,127.986253655969,397.4,2.77246760316629
-73.36,4.47,50.0895819400001,179.812677940013,132.747607240477,420.360000000041,4.89771683873878
-73.36,4.52,50.2914759500001,227.353811950005,163.113506106052,573.760000000015,6.96078700263311
-73.36,4.57,50.48813125,245.77021125,174.919567186189,632.8,17.0026358156724
-73.36,4.62,50.62215727,332.27520527,230.088154346866,912.68,18.9218611637887
-73.36,4.67,50.70328644,468.07861444,316.649918037624,1352.48,28.5347924739007
-73.36,4.72,50.86116241,438.49979441,297.859922378656,1256.12,24.7409488340282
-73.36,4.77,50.88007457,599.53384257,400.475778302983,1777.88,13.2830933274012
-73.36,4.82,51.0506559400001,477.128503940082,322.542430542418,1380.68000000027,7.99759342746493
-73.36,4.87,51.0607837000002,577.64347970004,386.593060918855,1706.36000000013,12.1599702093018
-73.36,4.92,51.04096723,688.86779123,457.456689496676,2066.84,21.3630513708465
-73.36,4.97,51.13549678,582.86564078,389.947667095251,1723.04,12.6361335726434
-73.36,5.02,51.19068495,505.05487695,340.387589912187,1470.72,9.71195082011798
-73.36,5.07,51.1125696200002,601.284649620022,401.675723834675,1782.80000000007,14.0378648444816
-73.36,5.12,51.1037347299998,554.627838730088,371.943349349087,1631.64000000029,6.94203011414341
-73.36,5.17,50.98388688,646.37203888,430.358188366106,1929.32,8.37427446033775
-73.36,5.22,50.88281503,674.92139103,448.512828450865,2022.16,14.8709298457524
-73.36,5.27,50.64648496,879.94109296,579.063218782063,2687.28,10.0248645767088
-73.36,5.32,50.5700582000001,803.541714200005,530.354708052821,2439.96000000002,15.0414359443993
-73.36,5.37,50.4753683100001,723.001176310039,479.000873536032,2179.28000000012,2.28972920284428
-73.36,5.42,50.26856981,784.34156181,518.011214073797,2378.72,13.9494415313608
-73.36,5.47,49.99975324,911.01844124,598.630696313391,2790.08,7.1608660958903
-73.36,5.52,49.79394533,908.47961733,596.938318151056,2782.52,3.61625690849204
-73.36,5.57,49.55721663,923.771640630007,606.596326897819,2832.84000000002,7.42822536190741
-73.36,5.62,49.2559128800004,1011.07570487999,662.116129395543,3116.71999999998,9.84357644872414
-73.36,5.67,48.99314585,1008.19600985,660.18588673859,3108.24,4.05572964570202
-73.36,5.72,48.73501615,968.64692815,634.892026281011,2980.92,8.20681044466874
-73.36,5.77,48.35871234,1090.58732034,712.454477129146,3377.28,6.91708101477787
-73.36,5.82,48.0961973400005,1001.2134693399,655.411270850743,3088.51999999968,23.209587718533
-73.36,5.87,47.9233437900001,736.780263790017,486.854840782364,2232.20000000006,20.423949112772
-73.36,5.92,47.61778656,659.99128256,437.81494871919,1984.36,8.86743128418981
-73.36,5.97,47.29159569,589.93383569,393.056824751622,1758.4,3.42178675029774
-73.36,6.02,46.8867784,624.6847304,415.052812110564,1872.32,3.3355069907134
-73.36,6.07,46.49229673,617.982464729981,410.639084943498,1851.87999999994,8.06179896159713
-73.36,6.12,46.13412162,525.031945620028,351.282161353291,1551.84000000009,4.39448073341318
-73.36,6.17,45.69466468,547.51529668,365.448847051295,1626.12,4.07087637712151
-73.36,6.22,45.26956033,523.04408033,349.701844015853,1548.2,6.54526816869073
-73.36,6.27,44.8677552,435.0369072,293.47893263812,1264.32,9.54538212635583
-73.36,6.32,44.4457600300002,360.415128030017,245.777711083021,1023.88000000005,7.17786003211848
-73.36,6.37,43.9478725599999,402.553416559998,272.447091610708,1162.03999999999,11.0511816485143
-73.36,6.42,43.45221283,423.12896483,285.377756858148,1230.32,24.0116620806983
-73.36,6.47,42.88012419,571.06754019,379.434910048001,1711.56,24.1114780292457
-73.36,6.52,42.36684651,594.20536651,393.991836619186,1788.2,22.6972722350943
-73.31,2.72,31.7011084,111.8383564,82.7636167500466,259.68,0.420744735247051
-73.31,2.77,32.27293261,107.99102861,80.5196094767877,245.36,0.320591467241496
-73.31,2.82,32.84904822,109.70279222,81.819346585279,249.040000000001,0.36696452081904
-73.31,2.87,33.42835892,113.60263892,84.5144636232583,259.8,0.381700112691417
-73.31,2.92,34.0105846000002,104.8404566,79.1425428428478,229.519999999999,0.726794071926141
-73.31,2.97,34.59417225,102.20226025,77.6732477634328,219.08,0.45609646303894
-73.31,3.02,35.1775161700001,109.72293217,82.676975185085,241.56,0.382156138232631
-73.31,3.07,35.7616699900001,103.271005990001,78.7778218948692,218.760000000004,0.673943243471629
-73.31,3.12,36.34345846,107.27208246,81.5383403114122,229.84,0.404154229228422
-73.31,3.17,36.92339172,107.53107172,81.9137718435778,228.8,0.37275523257589
-73.31,3.22,37.49996257,109.02109857,83.0723860727988,231.76,0.487064244682512
-73.31,3.27,38.0715553499999,115.34499535,87.3092790516774,250.399999999999,0.598835966874908
-73.31,3.32,38.63850573,118.800441729999,89.7167449821873,259.759999999997,0.286339055901768
-73.31,3.37,39.20030495,118.30065695,89.60211541012,256.32,0.561243410938437
-73.31,3.42,39.7562526500001,113.968380650001,87.0433444861805,240.480000000002,0.832699993499243
-73.31,3.47,40.30386917,113.12112517,86.7021650352072,235.96,0.691537692229942
-73.31,3.52,40.8412571100001,119.00346511,90.6452932887575,253.279999999998,0.0763814054754901
-73.31,3.57,41.3723805000001,113.350244500002,87.2358256924106,233.240000000005,0.675416314986772
-73.31,3.62,41.89115843,115.73296643,88.9422867340633,239.28,0.967874515715857
-73.31,3.67,42.39994106,114.87156506,88.5780042952316,234.84,0.65535910283317
-73.31,3.72,42.89635526,116.04689926,89.5070183041122,237.04,0.718282327094174
-73.31,3.77,43.3792285899999,120.158908589999,92.3023342488552,248.799999999999,0.772103559707787
-73.31,3.82,43.8497091900002,121.641597190001,93.4177818366417,252.080000000002,0.665576712123167
-73.31,3.87,44.30749904,119.72933904,92.3654050810944,244.4,0.747294056812671
-73.31,3.92,44.7502615599999,118.99942156,92.0609497493916,240.6,0.870536156661719
-73.31,3.97,45.17702418,120.08041618,92.9045812761311,242.72,0.872012597733956
-73.31,4.02,45.5883475700002,119.960947570001,92.9776902700977,241.000000000002,0.855881289057937
-73.31,4.07,45.98268631,120.91076631,93.7259743082722,242.8,0.947653554376321
-73.31,4.12,46.35951037,122.73183837,95.0230561435272,247.48,0.938345025441165
-73.31,4.17,46.71957804,122.53642604,95.0291785153522,245.68,1.24838766784662
-73.31,4.22,47.05785621,129.997192210001,99.9058219530633,268.760000000003,1.98391615772991
-73.31,4.27,47.38003134,131.887055340001,101.226909369024,273.840000000002,1.68053797384185
-73.31,4.32,47.68086781,138.21176381,105.366085961454,293.36,2.21665830481196
-73.31,4.37,47.95309064,162.15977864,120.72424394478,370.08,4.96701334465154
-73.31,4.42,48.21459818,167.51935818,124.234182776919,386.6,4.7125859792982
-73.31,4.47,48.4533674000002,177.4481674,130.647331087306,418.000000000001,1.16659036293362
-73.31,4.52,48.6735465399999,183.445338540003,134.548541328327,436.72000000001,3.39873667356151
-73.31,4.57,48.8682987,197.7122507,143.709907708759,482.32,3.72362309317933
-73.31,4.62,49.02581347,240.74047747,171.184134046798,621.24,7.07733797256778
-73.31,4.67,49.1669835,273.9388795,192.388982043746,728.36,15.7968542459271
-73.31,4.72,49.29699029,288.38792629,201.64291207559,774.76,12.5002755054382
-73.31,4.77,49.42145146,274.82289146,193.044588008344,730.4,23.9698273313963
-73.31,4.82,49.36774482,531.154064819975,356.356300103767,1561.19999999992,26.4459982013087
-73.31,4.87,49.3303168300001,718.819500829941,475.920921092613,2169.43999999981,11.5617637177567
-73.31,4.92,49.50256285,510.60033885,343.308622139532,1494.16,7.47568318393386
-73.31,4.97,49.48351894,591.79247094,395.036380822717,1757.32,12.8870237929562
-73.31,5.02,49.40771957,731.32731157,483.9188330607,2209.72,16.7844509875535
-73.31,5.07,49.3606363499999,785.902428349966,518.676370827887,2386.71999999989,5.84601720088342
-73.31,5.12,49.3016517999999,824.591259799958,543.307037188356,2512.27999999986,7.41693554620387
-73.31,5.17,49.23550838,840.01683638,553.11203486193,2562.48,20.5465071151071
-73.31,5.22,49.17243283,815.75952083,537.632675213641,2484.08,16.4322720269932
-73.31,5.27,49.06077923,837.90409923,551.702429893852,2556.2,8.08042232316941
-73.31,5.32,48.8771551600001,945.54531515997,620.223520925136,2905.5999999999,4.65029690330092
-73.31,5.37,48.76842803,895.776676029987,588.472084138302,2744.67999999996,17.0293785825665
-73.31,5.42,48.68507127,771.21642327,509.073518782828,2341.32,7.40058934166649
-73.31,5.47,48.41641667,921.64332067,604.82629085217,2829.64,10.6894375838666
-73.31,5.52,48.20551395,944.86132995,619.544014264085,2905.56,2.36261788035401
-73.31,5.57,48.0140982999999,904.342066300003,593.656169966582,2774.88000000001,3.51570422206504
-73.31,5.62,47.7915735300001,885.072749530017,581.297254194724,2713.16000000006,8.04323889261148
-73.31,5.67,47.51428233,927.95008233,608.517579937375,2853,9.45857654350519
-73.31,5.72,47.23677936,942.12740336,617.450520170995,2899.84,10.964129997832
-73.31,5.77,46.86201979,1094.20104379,714.214081322356,3393.84,10.3970593960941
-73.31,5.82,46.6527278600001,934.581335860019,612.430354267214,2877.28000000006,14.0631424335946
-73.31,5.87,46.3833596600001,849.595095659987,558.180395369971,2602.75999999996,12.8874074555762
-73.31,5.92,46.11038667,742.76871467,490.012848738944,2257.48,10.1894637173098
-73.31,5.97,45.79688,679.402056,449.522618000546,2053.16,10.8715522174192
-73.31,6.02,45.44334541,660.58189741,437.402368608995,1993.32,6.07369626251971
-73.31,6.07,45.0860118099999,623.575227810002,413.692510780517,1874.56000000001,5.46267427214096
-73.31,6.12,44.7254998499999,567.740779850003,377.984661709441,1694.80000000001,6.08710360114859
-73.31,6.17,44.33502136,542.66230136,361.863281078328,1614.8,4.96222728122771
-73.31,6.22,43.93957259,504.12389259,337.163588500311,1491.2,4.44584548270205
-73.31,6.27,43.50869802,510.06252202,340.791286682718,1511.84,7.05547274622526
-73.31,6.32,43.0786313300001,494.387615329984,330.647387920572,1462.43999999995,11.9787213284071
-73.31,6.37,42.68722217,384.319766170026,260.371445998712,1107.04000000009,12.451537135609
-73.31,6.42,42.26406553,315.10349753,216.114130542489,884.12,4.47164259816317
-73.31,6.47,41.79188407,324.03744407,221.635422798253,914.6,10.4938478587036
-73.31,6.52,41.27099751,415.59045351,279.782935773527,1212.96,20.5098669834064
-73.26,2.72,30.66873256,109.04078856,80.6064814069572,253.96,0.730575070443576
-73.26,2.77,31.21545985,105.36586785,78.4632244308272,240.28,0.394778917354033
-73.26,2.82,31.7669632500001,110.41058725,81.8777520205094,254.839999999999,0.491109569319806
-73.26,2.87,32.32199083,111.42234283,82.72380129012,256.32,0.914503766970308
-73.26,2.92,32.8800530100003,99.2784290100013,75.1883143185193,215.160000000003,0.808484832223481
-73.26,2.97,33.43982759,100.03570759,75.8739361156472,215.8,0.475170925528694
-73.26,3.02,34.0002103500003,105.570722350001,79.6040956570818,231.920000000002,0.643110026867752
-73.26,3.07,34.5610448500003,102.57648485,77.8996802487613,220.4,0.188027415874223
-73.26,3.12,35.12065545,103.93845545,78.9705451683472,223,0.317707277459465
-73.26,3.17,35.6783161100001,105.91567611,80.4327327014613,227.6,0.527320962708308
-73.26,3.22,36.23260003,112.30867203,84.7073749778339,246.52,0.495356948348904
-73.26,3.27,36.7837477200001,113.68686772,85.7855078895612,249.2,0.440560493360469
-73.26,3.32,37.3306379000003,113.061077900001,85.5851802178593,245.400000000003,0.725018038588071
-73.26,3.37,37.87185249,113.98495649,86.3702237910455,246.64,0.988814339536427
-73.26,3.42,38.4078634600003,109.237735460001,83.5398217028486,229.520000000003,0.56938345853282
-73.26,3.47,38.93542724,111.32064324,85.0584323177378,234.56,0.569540578860698
-73.26,3.52,39.4540722500003,117.12252025,88.9434903859359,251.68,0.444955287315971
-73.26,3.57,39.9656570700003,115.04186507,87.8033304811187,243.279999999997,0.428542952433496
-73.26,3.62,40.46867008,109.22475008,84.2792325429944,222.8,0.522933791212736
-73.26,3.67,40.9596686100001,109.78981261,84.8174237794181,223.040000000001,0.676329960847748
-73.26,3.72,41.43904888,111.75047288,86.2406581778844,227.84,0.677286718540755
-73.26,3.77,41.9064014600001,113.810201460001,87.7226539459866,233.000000000002,0.926349184529263
-73.26,3.82,42.3605511200004,117.338007120001,90.1353009225552,242.960000000002,0.88365677156473
-73.26,3.87,42.80377267,113.43614067,87.8098836957189,228.88,0.900722259060238
-73.26,3.92,43.2317198400002,113.333295840001,87.8996164696854,227.160000000001,0.697958364624966
-73.26,3.97,43.64478873,113.75870873,88.3205508107555,227.2,0.763941183433446
-73.26,4.02,44.0425352100004,114.193487210001,88.7418936439682,227.320000000003,0.777264438169219
-73.26,4.07,44.42421952,115.00721152,89.3988687414366,228.72,0.791446182067356
-73.26,4.12,44.78942655,115.80445855,90.0393665589061,230.12,0.848674797993862
-73.26,4.17,45.13791796,115.89372596,90.2226834964244,229.28,0.841980271701099
-73.26,4.22,45.4683216100002,117.335089610001,91.2609777427753,232.880000000004,1.28703063159889
-73.26,4.27,45.7800712600002,120.239079260001,93.2244721175919,241.280000000003,1.26295129661946
-73.26,4.32,46.07272851,124.50650451,96.04980461231,254.16,1.47740951969289
-73.26,4.37,46.34561327,130.64278927,100.058778630824,273.16,7.87707388257873
-73.26,4.42,46.54275295,254.65024895,179.146392548496,674.36,3.97750609724901
-73.26,4.47,46.8082403600004,193.911688359996,140.540820767808,476.679999999985,5.26898939842313
-73.26,4.52,47.0348522300002,173.881796230001,127.860227431029,411.040000000002,3.46170370304011
-73.26,4.57,47.2094071,217.7664551,155.886344541866,552.68,4.54258042576675
-73.26,4.62,47.37527218,237.75678418,168.684124041178,616.92,4.66008150206677
-73.26,4.67,47.55056075,199.92489675,144.641688764938,493.76,3.74530670705843
-73.26,4.72,47.67335881,223.40254281,159.645920250429,569.44,5.21396568077176
-73.26,4.77,47.76650275,262.98414275,184.900642165136,697.4,7.95303323299423
-73.26,4.82,47.8089683500003,357.001480350035,244.822786765298,1001.92000000011,20.2505589503682
-73.26,4.87,47.8684265200003,379.872650520072,259.417598513708,1075.84000000023,30.2482489201873
-73.26,4.92,47.73319736,719.49367736,475.771044619633,2176.8,19.8630578169791
-73.26,4.97,47.81389442,625.36496642,415.822619109153,1871.52,5.87642384448489
-73.26,5.02,47.76728709,724.81099909,479.171547407831,2193.92,13.404941118184
-73.26,5.07,47.8001838800001,643.966007880011,427.670008783558,1931.84000000004,5.13806949280636
-73.26,5.12,47.75130104,673.431629039999,446.427419453249,2027.48,21.1638842258291
-73.26,5.17,47.51266747,1004.77752347,657.470532540513,3101.96,16.9828994175271
-73.26,5.22,47.46349108,962.00576308,630.19902999532,2963.52,12.4823533377016
-73.26,5.27,47.44664861,827.20478461,544.299327285924,2526.76,7.28067584628824
-73.26,5.32,47.3148687500003,862.006524750017,566.426773955607,2639.96000000005,16.9845199226916
-73.26,5.37,47.1260759,963.877923899996,631.269530556947,2970.67999999999,10.8869301686286
-73.26,5.42,47.00506221,912.04789421,598.200142332392,2803.12,11.9201379047796
-73.26,5.47,46.79789628,980.34992828,641.646229843975,3025.12,9.71513304590479
-73.26,5.52,46.6295366,947.3712166,620.571501218439,2918.8,3.8629884638635
-73.26,5.57,46.4437796000001,913.5480596,598.952390051175,2809.8,4.39978191560454
-73.26,5.62,46.2430575900002,875.167345590003,574.423827879948,2686.08000000001,3.36814481852568
-73.26,5.67,46.01463643,855.80572443,562.003957560585,2624.08,3.9910094475361
-73.26,5.72,45.7476624,876.1532304,574.872286818413,2690.88,6.89296970867841
-73.26,5.77,45.45629676,911.99275276,597.603096461929,2807.96,15.1365672158963
-73.26,5.82,45.1205949300003,1001.31152292998,654.394165757364,3098.47999999995,3.94869208595904
-73.26,5.87,44.8984036400002,854.072291640005,560.49445221706,2622.08000000001,17.0979726736758
-73.26,5.92,44.65869561,710.51874361,468.936857257907,2157.68,9.52264734775195
-73.26,5.97,44.30013107,761.40012307,501.227780111784,2323.72,6.14230800671161
-73.26,6.02,43.97970221,715.60439821,471.931029507857,2176.36,9.51488921302188
-73.26,6.07,43.6624708000001,638.3099828,422.564845221873,1926.92,6.99413912252545
-73.26,6.12,43.3149127200002,594.363416719997,394.436513960669,1785.63999999999,2.66958475233909
-73.26,6.17,42.92629133,606.87427533,402.267288939401,1827.44,4.15734366859803
-73.26,6.22,42.53946001,594.35329201,394.148719217045,1788.12,5.85286264188656
-73.26,6.27,42.15369,558.589618,371.220566438833,1673.48,6.63338245737012
-73.26,6.32,41.7554152400002,527.442439239996,351.229453062076,1573.83999999999,7.85107660671803
-73.26,6.37,41.3336741300001,524.87284212999,349.439123465796,1566.87999999997,12.4659409999913
-73.26,6.42,40.92705609,473.05346409,316.272901716938,1400.28,15.4774626171199
-73.26,6.47,40.51248714,419.95470314,282.288587597807,1229.56,17.282314868505
-73.26,6.52,40.12611099,289.56131899,199.063280772716,808.28,15.0875373619051
-73.21,2.72,29.6586335300003,102.241353530002,75.907485824868,235.200000000005,0.710565607807189
-73.21,2.77,30.1800896100003,102.627025610001,76.3424219430912,234.760000000002,0.455933917490586
-73.21,2.82,30.7065031400003,105.609895140001,78.4340602361318,242.720000000002,0.740684851691169
-73.21,2.87,31.2367020600003,102.918310060002,76.9113764267176,232.280000000006,1.12278273041834
-73.21,2.92,31.7700641800003,97.0574801800012,73.3704348921692,211.560000000003,0.296756917971119
-73.21,2.97,32.3056817600003,99.0003137600002,74.8027138942119,216.12,0.293237094837006
-73.21,3.02,32.8425245800003,100.351860580001,75.8586764848694,218.760000000004,0.323241922440898
-73.21,3.07,33.3796957700003,101.51857577,76.7969856794671,220.8,0.377689595405279
-73.21,3.12,33.9161501000004,104.8200861,79.0953010492712,229.759999999999,0.564748642989511
-73.21,3.17,34.4508400800004,110.736760079998,83.0593276960324,247.199999999994,0.490005735084399
-73.21,3.22,34.9834117700003,112.40497977,84.3155208845243,250.879999999998,0.0701825703683577
-73.21,3.27,35.5132527100004,109.280996710001,82.517188307641,239.040000000003,0.589466325528492
-73.21,3.32,36.0388854300004,107.732837430001,81.7214252477876,232.320000000003,0.909150505960461
-73.21,3.37,36.5600739800004,102.946105980004,78.8604698374502,215.120000000011,0.841715022596963
-73.21,3.42,37.0743236900004,105.830403690001,80.8848861529953,222.800000000002,0.569962905466412
-73.21,3.47,37.5816483200004,109.547168320001,83.4372280613394,233.200000000001,0.610791950385674
-73.21,3.52,38.0811660000004,114.157238000001,86.5559409478345,246.520000000001,0.529398544604035
-73.21,3.57,38.5727195300004,116.389295529999,88.1565230787817,252.159999999995,0.25227288743055
-73.21,3.62,39.0571596100004,109.56608761,83.9846161250135,228.479999999999,0.620834749534531
-73.21,3.67,39.5313213600004,105.176713360002,81.3597901532157,212.720000000004,0.168207791983142
-73.21,3.72,39.9933827900004,106.860830790001,82.6005312392004,216.680000000003,0.417608433302446
-73.21,3.77,40.4444409800004,106.953912980002,82.8234913481548,215.520000000005,0.201627206281349
-73.21,3.82,40.8831181400004,107.997446140002,83.6475756106123,217.480000000007,1.05447850183037
-73.21,3.87,41.3098403600004,106.202248360002,82.6585166379122,210.280000000006,0.797510103566531
-73.21,3.92,41.7218110200004,108.638635020001,84.3604212734825,216.840000000002,0.632851685257798
-73.21,3.97,42.1204396600004,108.629911660001,84.4994900281544,215.520000000003,0.62838978095778
-73.21,4.02,42.5044717100004,108.335023710002,84.450922269274,213.320000000004,0.725889438690209
-73.21,4.07,42.8728554400004,109.098415440002,85.0710004335318,214.600000000004,0.747509590541176
-73.21,4.12,43.2254000400004,109.845968040002,85.6752394677895,215.880000000004,0.754482552928365
-73.21,4.17,43.5618676800005,109.849147680002,85.7993399288846,214.800000000004,0.768609002170371
-73.21,4.22,43.8814552800005,109.971231280002,85.9930803117561,214.160000000006,0.864449607226504
-73.21,4.27,44.1825201600005,113.111416160002,88.1031989379837,223.360000000005,0.976546342283433
-73.21,4.32,44.4655992200005,116.739719220002,90.5178152381044,234.200000000006,1.10427957331993
-73.21,4.37,44.7299577300005,121.633077730004,93.7317178995636,249.20000000001,1.89832408844088
-73.21,4.42,44.9690196700004,141.881763670036,106.720676024955,314.040000000116,9.97707439495658
-73.21,4.47,45.1615447300005,223.211400729988,158.612810971686,576.959999999958,6.71206130640637
-73.21,4.52,45.3628905800005,240.39809057998,169.637017494765,631.999999999935,2.04881872057354
-73.21,4.57,45.5501502600005,245.831550259998,173.167093879763,648.999999999991,4.82684043793967
-73.21,4.62,45.6845937600005,321.572993759963,221.477425186893,893.99999999988,3.46981053293566
-73.21,4.67,45.8871284400005,212.370656440006,151.968467028587,539.480000000017,5.52165491353924
-73.21,4.72,46.0118786600005,225.28379066,160.241824557678,580.919999999998,6.20435037568822
-73.21,4.77,46.11532707,240.644423069996,170.066970490882,630.359999999987,2.53305670389155
-73.21,4.82,46.2258916800008,201.427003680092,145.118207990154,502.920000000295,12.0634322816274
-73.21,4.87,46.2271667600009,339.730454760005,233.243996864603,951.080000000015,5.38085870486797
-73.21,4.92,46.3133232700004,269.579251270151,188.575736783235,723.480000000488,17.6637540369249
-73.21,4.97,46.2300022100005,491.811370210025,330.14918950386,1443.88000000008,22.5559487019205
-73.21,5.02,46.23510576,501.259633760014,336.171363122828,1474.48000000005,21.3938708234259
-73.21,5.07,46.1146627200009,714.76445471995,472.170416309821,2166.71999999983,15.4178229336844
-73.21,5.12,46.0659384100009,750.883650409968,495.167463636561,2283.91999999989,11.1269733125489
-73.21,5.17,45.9351831800005,907.04027918,594.621184410885,2790.36,22.6899038005426
-73.21,5.22,45.9786194300004,692.717811430095,458.073197369678,2095.72000000031,29.3975230541324
-73.21,5.27,45.85486431,762.177184309989,502.286989934332,2321.19999999997,19.1889956529058
-73.21,5.32,45.7890282400008,685.837772240098,453.620531699439,2074.04000000031,13.6437461036633
-73.21,5.37,45.6492007000007,715.286512700142,472.334190375588,2169.92000000046,21.1343177304489
-73.21,5.42,45.3681771300005,979.31521712997,640.468205128214,3026.3999999999,21.4716822323863
-73.21,5.47,45.1511813700005,1088.41668536995,709.907644049043,3380.63999999984,6.97122826814746
-73.21,5.52,45.05115655,940.731796550008,615.768286229516,2902.40000000002,14.037415470705
-73.21,5.57,44.8880560600008,881.218744060022,577.788096992294,2710.08000000007,3.44368511932994
-73.21,5.62,44.6698639800008,895.615847979986,586.882598979809,2757.43999999995,1.20761503966604
-73.21,5.67,44.4613393900004,860.43677139,564.391251506934,2644.12,3.52273928988589
-73.21,5.72,44.2304920700004,837.974380070014,549.994726808872,2572.08000000004,0.727453693121889
-73.21,5.77,43.95928281,864.501994810006,566.799411823043,2658.92000000002,8.33499367403698
-73.21,5.82,43.6320927800008,972.727940780003,635.640998507507,3010.68000000001,2.89520458163616
-73.21,5.87,43.3759365400008,913.776064539972,597.984622426996,2820.47999999991,5.96112577615998
-73.21,5.92,43.0925296600004,881.287161659947,577.1802537039,2716.11999999983,13.2377162081803
-73.21,5.97,42.8262816600004,787.576833659998,517.372541099827,2413.31999999999,9.95057241633793
-73.21,6.02,42.50803896,772.37172695999,507.568564408732,2365.07999999997,14.3996349440129
-73.21,6.07,42.2454261000007,618.771946100021,409.60131835031,1868.20000000006,11.4612845479064
-73.21,6.12,41.9031758300007,603.086103829998,399.482312399595,1818.47999999999,0.914873476848224
-73.21,6.17,41.5360789800004,616.396158979994,407.830135335769,1862.79999999998,6.87591156726051
-73.21,6.22,41.1754523500004,594.902604350002,394.003856472982,1794.32000000001,6.65371074203995
-73.21,6.27,40.79017361,605.120821610001,400.375000202589,1828.68,6.03274972895147
-73.21,6.32,40.3903015900007,627.828917589945,414.699252586633,1903.55999999982,0.610326548948454
-73.21,6.37,40.0076716200007,595.142039619965,393.732737165002,1798.87999999988,4.61008922447429
-73.21,6.42,39.6163572800004,563.804317279976,373.622736991127,1698.59999999992,2.08608302076984
-73.21,6.47,39.2040867600004,562.861254759949,372.872252075075,1696.87999999983,12.2481616447999
-73.21,6.52,38.8612031000004,389.072827099972,262.011915422714,1134.83999999991,24.0545335802515
-73.16,2.72,28.67254494,97.92238494,72.7977254458166,224.4,0.498314877026251
-73.16,2.77,29.16828414,99.67721214,74.0957406550133,228.48,0.211499886374365
-73.16,2.82,29.6689889400001,98.7830449400004,73.7076494840408,223.960000000001,0.876180981423499
-73.16,2.87,30.1738795,94.8440955,71.3809776586405,209.56,0.620405444827518
-73.16,2.92,30.68244568,96.5747176799999,72.6682234946255,213.52,0.284641492715596
-73.16,2.97,31.19346231,98.03622231,73.7848798570583,216.6,0.385401795916193
-73.16,3.02,31.70603421,102.21496221,76.6334907250133,228.48,0.616273863459075
-73.16,3.07,32.2191584600001,108.073038459999,80.5523552885633,245.799999999997,0.401741331026165
-73.16,3.12,32.73225265,104.95699665,78.7530068638205,234.04,0.190252365776552
-73.16,3.17,33.2439745000001,109.6780225,81.9468475288801,247.68,0.614485547130756
-73.16,3.22,33.75358921,114.59444521,85.2644282710683,261.96,0.306806202301978
-73.16,3.27,34.26140061,105.73316061,79.8023623085165,231.599999999999,0.970108652333692
-73.16,3.32,34.7655155,99.8183955000006,76.2164426418281,210.800000000002,0.81427049273383
-73.16,3.37,35.26445742,100.92219342,77.100791664285,212.76,0.315532237284691
-73.16,3.42,35.7577257500002,103.92129375,79.190746561608,220.88,0.391201441340933
-73.16,3.47,36.24466179,107.04984579,81.3608891307067,229.44,0.568961408681613
-73.16,3.52,36.72396609,113.20739009,85.4583009231623,247.84,0.508310312331562
-73.16,3.57,37.1960505100001,114.88918651,86.7011995480767,251.76,0.124520038043164
-73.16,3.62,37.66024771,112.57598371,85.3956702572016,242.76,0.285641689842324
-73.16,3.67,38.1153057800001,109.45128178,83.5697475167403,231.159999999998,0.37475264364341
-73.16,3.72,38.56029095,106.51401095,81.8595990934083,220.2,0.290421589175857
-73.16,3.77,38.9924017199999,112.377481719998,85.7525083344514,237.799999999994,0.425273512215849
-73.16,3.82,39.41726125,100.717565250001,78.4770912663796,198.640000000004,0.783160193666821
-73.16,3.87,39.82693191,101.33708391,79.0204745945783,199.32,0.578377372953975
-73.16,3.92,40.2230118700001,104.44884387,81.1469537901007,208.12,0.74386736984818
-73.16,3.97,40.60639745,104.58534945,81.3730303486894,207.32,0.546408675509317
-73.16,4.02,40.97611112,103.37503112,80.7359662816583,202.2,0.643976099253729
-73.16,4.07,41.33063421,103.93940221,81.2242020398578,202.88,0.682163535336664
-73.16,4.12,41.66994506,104.53793706,81.7286873623394,203.72,0.694444099451613
-73.16,4.17,41.99381943,104.35570743,81.7300782384466,202.08,0.725510593592366
-73.16,4.22,42.30138704,104.57686704,81.9825876909528,201.8,0.716594001847971
-73.16,4.27,42.59165486,106.65701486,83.4133459161835,207.600000000001,0.832889877789005
-73.16,4.32,42.86464077,109.31239277,85.2043638828005,215.32,0.943224453273606
-73.16,4.37,43.12038587,111.43208187,86.6477920944544,221.36,1.13575382314017
-73.16,4.42,43.35730008,116.18690008,89.7634613962778,236,2.43406152268561
-73.16,4.47,43.5709764699999,133.435296470006,100.831460263648,291.200000000019,6.80955684244196
-73.16,4.52,43.7669725500002,148.431748550015,110.45813217725,339.160000000047,9.27527553797025
-73.16,4.57,43.91132142,240.67468142,169.286611484656,637.6,7.0109618167313
-73.16,4.62,44.09765179,189.36184379,136.658279988298,470.72,8.04264406255361
-73.16,4.67,44.23647118,204.79487918,146.542393254716,520.28,8.82793246506644
-73.16,4.72,44.30736946,329.19454546,225.834114717352,923.16,1.45621151147015
-73.16,4.77,44.45986877,227.81764477,161.293278972032,594.16,8.8930945938426
-73.16,4.82,44.57249052,174.295586520009,127.230515820474,420.360000000029,5.1669698105847
-73.16,4.87,44.5750001400001,317.72303213999,218.621701429247,885.119999999966,17.3602194670638
-73.16,4.92,44.55998132,454.87454132,306.007574905267,1329.6,6.0284368871649
-73.16,4.97,44.65742131,311.06562931,214.40958631473,863.28,1.61184323614504
-73.16,5.02,44.61222382,429.14016782,289.628890118876,1246.04,26.4602035273549
-73.16,5.07,44.4531239299998,744.592459929966,490.573643200818,2268.75999999989,18.4896611643037
-73.16,5.12,44.44663594,699.937723940001,462.117818688641,2124.08,9.30914023465697
-73.16,5.17,44.44038262,617.09088662,409.326523234143,1855.64,30.360833672336
-73.16,5.22,44.44528127,474.46086527,318.446134763873,1393.44,15.8527610080428
-73.16,5.27,44.35255498,496.05654698,332.173006004839,1463.72,9.7317834151667
-73.16,5.32,44.18630791,631.71133191001,418.550317064168,1903.84000000003,14.3037059085903
-73.16,5.37,44.0138445400001,744.054428539999,490.071440202276,2268.44,15.8266519136542
-73.16,5.42,43.80986426,886.05332826,580.477456255076,2729.24,20.9355114935831
-73.16,5.47,43.55605542,1096.83254342,714.691398917293,3413.08,11.2472148823143
-73.16,5.52,43.39714163,1078.20700563,702.765770325742,3353.24,12.543713016327
-73.16,5.57,43.27299584,954.470043840008,623.876997515204,2952.68000000002,15.6513215366163
-73.16,5.62,43.1106254200001,877.330489420014,574.665674219224,2703.24000000005,6.17615666201758
-73.16,5.67,42.89561105,877.79439505,574.883259658095,2705.44,1.34767217881962
-73.16,5.72,42.67183768,865.85616568,567.195173222138,2667.48,1.2685923063466
-73.16,5.77,42.43130478,859.14737678,562.833143961167,2646.52,7.79247264800269
-73.16,5.82,42.11160853,990.970200529986,646.713101421455,3074.71999999996,3.60686402391732
-73.16,5.87,41.8820361200001,904.172156120016,591.323120653668,2794.20000000005,8.85118731585588
-73.16,5.92,41.59877922,904.28390722,591.291558187916,2795.48,5.5991826710431
-73.16,5.97,41.30674911,897.12861311,586.626337282687,2773.24,19.4030456747044
-73.16,6.02,40.99768428,901.76949228,589.47131833198,2789.28,13.5204805060829
-73.16,6.07,40.75107517,744.754083169992,489.333480625919,2281.27999999997,19.3825023563318
-73.16,6.12,40.4961629499999,580.336314950005,384.475934618609,1749.32000000002,14.8116954990216
-73.16,6.17,40.19711383,489.41996183,326.436609189658,1455.68,6.41461024204501
-73.16,6.22,39.85135946,481.01357546,320.954715270585,1429.56,4.11716532092077
-73.16,6.27,39.5020749,460.5435709,307.784745465579,1364.36,8.71394714411702
-73.16,6.32,39.10511894,531.013518940019,352.543344101651,1594.00000000006,3.16538063250373
-73.16,6.37,38.7538649299999,478.66933693001,319.062810182465,1425.52000000003,4.62594053285177
-73.16,6.42,38.38145492,458.81809492,306.278718383122,1362.4,3.78400868643687
-73.16,6.47,37.95936971,542.66849771,359.554067631805,1635.48,6.8410533875958
-73.16,6.52,37.57490337,523.37302337,347.119730251714,1574.2,5.84845603870721
-73.11,2.72,27.71195419,95.71505019,71.0427241376905,220.36,0.610436851769822
-73.11,2.77,28.18180033,100.38185633,74.1868236416794,233.96,0.260933703774413
-73.11,2.82,28.6559164200001,92.1781404200009,69.1315276290795,205.840000000003,0.620193297652365
-73.11,2.87,29.13547725,93.47240525,70.1302082297355,208.48,0.282298355989981
-73.11,2.92,29.61871707,95.0789490700003,71.3292040971563,212.120000000001,0.317145123319657
-73.11,2.97,30.10477005,97.74989005,73.2074419166444,219.2,0.500653362509158
-73.11,3.02,30.59274248,103.16311848,76.8337293237959,235.159999999999,0.680386173577615
-73.11,3.07,31.0816142199999,108.959910219999,80.7047450241346,252.359999999998,0.375122849416161
-73.11,3.12,31.57055178,108.63414378,80.6745628134783,249.72,0.0539145282727718
-73.11,3.17,32.0587944800001,108.937226479999,81.0448237474197,249.119999999998,0.625063499082139
-73.11,3.22,32.54545333,109.65842133,81.6809261677605,249.88,0.839470670433557
-73.11,3.27,33.0301646400002,101.576396640001,76.7070144347955,222.120000000001,1.09283664460129
-73.11,3.32,33.51169692,95.6884249200017,73.1299739623894,201.480000000006,0.104939302092507
-73.11,3.37,33.9882768,101.5223008,77.0201596070094,218.84,0.627359381636533
-73.11,3.42,34.4598677500002,106.01803575,80.0558876060104,231.879999999998,0.512857197812941
-73.11,3.47,34.92563221,109.87840021,82.6846511104133,242.88,0.470138896276876
-73.11,3.52,35.3848305700001,112.855774569999,84.7484014888063,251.039999999998,0.553072302590166
-73.11,3.57,35.8365938199999,115.788681819999,86.7811204039875,259.079999999996,0.333405415322209
-73.11,3.62,36.28150503,110.38253703,83.497807806545,240.12,0.333179982975335
-73.11,3.67,36.7167793199999,110.200611319999,83.5398095430165,238.119999999997,0.418575720130335
-73.11,3.72,37.1434636,104.7762396,80.2382700155739,219.16,0.363177211138942
-73.11,3.77,37.5591517200001,103.451423720002,79.5449295346269,213.520000000007,0.465372545320835
-73.11,3.82,37.9641176400002,101.06664564,78.1723035126799,204.479999999998,0.326270521280563
-73.11,3.87,38.35747926,98.75667126,76.8431313482283,195.72,0.276336490797646
-73.11,3.92,38.7382413900002,97.9647533900009,76.4766756265262,191.920000000002,0.635831590946897
-73.11,3.97,39.10516482,100.88688482,78.4717474281305,200.2,0.566385253702718
-73.11,4.02,39.4598764100001,98.8962364100006,77.3320233147254,192.600000000002,0.458448295040428
-73.11,4.07,39.79998306,99.11290306,77.5934754540194,192.2,0.626494811844209
-73.11,4.12,40.12545998,99.58650798,78.0133377868661,192.68,0.606364852582845
-73.11,4.17,40.43619885,99.04551085,77.7813605329978,189.92,0.650875470584218
-73.11,4.22,40.7310962400001,99.6119762400004,78.2492978465503,190.800000000001,0.649636203958123
-73.11,4.27,41.0096588000002,101.371818800001,79.4717145350172,195.600000000002,0.656035009732164
-73.11,4.32,41.2719081,102.9919081,80.5991634527777,200,0.734579875985107
-73.11,4.37,41.51727151,105.08887151,82.0243445233611,206,0.771784790489832
-73.11,4.42,41.7453683,107.7734243,83.8176660764016,213.96,1.01403832000758
-73.11,4.47,41.95576251,111.390762510003,86.1989247818769,225.00000000001,1.98395722395186
-73.11,4.52,42.14586676,122.048578760003,93.058931539708,258.92000000001,2.38936357406661
-73.11,4.57,42.3178438,133.1203078,100.176101875007,294.24,7.08290059408469
-73.11,4.62,42.45426892,188.45910092,135.486824182531,473.12,2.68274688713425
-73.11,4.67,42.60896442,150.86584442,111.588970308772,350.8,3.27029120361225
-73.11,4.72,42.69539666,237.48371666,166.812214553367,631.2,12.1311570091255
-73.11,4.77,42.79371962,248.32131962,173.75347994475,666,5.30367566592625
-73.11,4.82,42.8972140400002,202.67795003998,144.707612697258,517.759999999933,1.58920663954421
-73.11,4.87,42.9521282900001,229.457624290006,161.791228515028,604.360000000019,13.1741443324516
-73.11,4.92,42.93719119,375.90424719,255.099868367165,1078.96,20.6429275910431
-73.11,4.97,42.9103311,504.9339071,337.306299219824,1497.16,3.16107273527966
-73.11,5.02,42.98918993,347.28113393,236.880424270265,986.04,2.87360303216542
-73.11,5.07,42.8960918199996,542.902155819958,361.494052883897,1620.23999999987,27.3684922485643
-73.11,5.12,42.8218464199999,652.985766419944,431.611092837525,1977.19999999982,18.2196097477405
-73.11,5.17,42.87609665,432.25523265,290.983885219604,1261.76,11.8276973839835
-73.11,5.22,42.80879517,447.30933117,300.551761301035,1310.76,15.8723194851365
-73.11,5.27,42.61771896,700.71339096,461.948511884528,2132.52,17.8816393631388
-73.11,5.32,42.5396204600002,662.677492460074,437.684151342617,2009.52000000024,23.3593597136461
-73.11,5.37,42.35604016,823.422640159998,540.042456649401,2530.99999999999,15.9763457338209
-73.11,5.42,42.19896895,888.54064095,581.4778907005,2742.52,13.2067605451964
-73.11,5.47,41.98254345,1051.31439145,685.116881136116,3270.68,12.5636718328878
-73.11,5.52,41.79833701,1107.52992101,720.869920637484,3453.44,7.58526103587133
-73.11,5.57,41.6424129800001,1066.44129297997,694.632160857503,3320.7999999999,8.22110285438182
-73.11,5.62,41.4953181699999,972.356358169991,634.628983400588,3016.39999999997,11.9340488340851
-73.11,5.67,41.33197385,882.47682185,577.299540699796,2725.68,7.34596763581586
-73.11,5.72,41.12879403,851.11738603,557.243962377714,2624.72,4.10426027373897
-73.11,5.77,40.9150959,813.1433919,532.969849422885,2502.36,5.41181528533227
-73.11,5.82,40.6206373100004,930.487253310012,607.633139535287,2883.56000000004,15.5037596690503
-73.11,5.87,40.3169899300001,1042.31650192997,678.779249680188,3246.91999999991,6.11410439447756
-73.11,5.92,40.07711909,979.88755909,638.913236346747,3045.4,15.3783508456748
-73.11,5.97,39.73678894,1126.02113294,731.904348599959,3520.04,14.1794861454175
-73.11,6.02,39.52181311,952.65686911,621.360690603276,2958.96,25.6521009884811
-73.11,6.07,39.31975302,722.115769020038,474.389313536734,2212.56000000012,22.6581439738282
-73.11,6.12,39.0736109200001,570.680314920022,377.80712672456,1722.64000000007,12.4953450349101
-73.11,6.17,38.75579197,567.77025597,375.837563049729,1714.24,11.3324294017588
-73.11,6.22,38.44328061,531.24044861,352.447818248719,1596.88,10.299290077603
-73.11,6.27,38.13518173,463.71926973,309.312338289544,1379.08,6.80926861116284
-73.11,6.32,37.7465036900002,577.315087689982,381.553235435042,1748.43999999994,6.23205247810695
-73.11,6.37,37.4033811100001,561.862909109993,371.582800744689,1699.47999999998,7.30812715437899
-73.11,6.42,37.03984916,582.63230516,384.684921027485,1767.96,7.76021960666264
-73.11,6.47,36.72492977,464.20999377,309.113365794409,1385.24,6.33913544454906
-73.11,6.52,36.35102282,484.24071882,321.741049464038,1451.36,2.64525032340809
-73.06,2.72,26.77820236,95.06521036,70.2898776823133,221.28,0.307838351808129
-73.06,2.77,27.22133851,97.38463451,71.9285623950377,227.36,0.219525094902691
-73.06,2.82,27.66924076,91.2284967599999,68.1684483222905,205.96,0.321012146774071
-73.06,2.87,28.12282159,92.52146959,69.1568798250883,208.68,0.338861186242695
-73.06,2.92,28.58044767,95.1022636699998,70.9673634892237,215.559999999999,0.430626733878476
-73.06,2.97,29.0411461,98.0934821,73.0404793886877,223.76,0.45054623542098
-73.06,3.02,29.5040596700001,102.08677967,75.7529119648668,235.2,0.646974300670937
-73.06,3.07,29.96827094,106.84670294,78.9543002074199,249.12,0.464199915935465
-73.06,3.12,30.43276918,105.49663318,78.2625771400483,243.24,0.404469078361125
-73.06,3.17,30.8969686500001,100.282592650001,75.1086691175933,224.840000000003,0.870674370400312
-73.06,3.22,31.3600314,103.0663274,77.0504366688572,232.36,1.0307472641869
-73.06,3.27,31.82131934,93.6771033400007,71.2350946545543,200.440000000002,0.766218982553303
-73.06,3.32,32.2793640500001,99.4801000499997,75.0988796781043,217.759999999999,0.602293364537283
-73.06,3.37,32.73364238,103.45241838,77.7948115632127,229.16,0.419455891534892
-73.06,3.42,33.1833733900001,106.235165389999,79.7311128255474,236.719999999998,0.545886849348567
-73.06,3.47,33.62805562,104.97637562,79.0903628078111,231.2,0.504996927431009
-73.06,3.52,34.0662755299999,107.574795530001,80.9050366551587,238.200000000002,0.516851863153248
-73.06,3.57,34.49744786,110.98087186,83.2317826931622,247.84,0.811013209313536
-73.06,3.62,34.92128563,111.35533363,83.62415865888,247.68,0.314044304412485
-73.06,3.67,35.33759393,105.858865930001,80.2729158960843,228.520000000003,0.238454288301355
-73.06,3.72,35.7436163,108.9435363,82.3857411483944,237.2,0.197134948623792
-73.06,3.77,36.1407136899999,106.600265689999,81.0367084007306,228.319999999998,0.569505793699218
-73.06,3.82,36.5284811100001,98.5941131100005,76.0759690927537,201.120000000001,0.419885443903807
-73.06,3.87,36.903701,99.006365,76.474785335965,201.24,0.159599261615403
-73.06,3.92,37.26805148,95.3959474800002,74.3064605712462,188.360000000001,0.348155801462335
-73.06,3.97,37.61912467,96.54938067,75.1687880808322,190.96,0.593829905896672
-73.06,4.02,37.95740692,97.2579829199999,75.7430338629488,192.16,0.344084945853005
-73.06,4.07,38.28304014,94.85559214,74.3304023963561,183.32,0.420960507376151
-73.06,4.12,38.59395671,95.77136471,75.0267260688133,185.28,0.583208821050692
-73.06,4.17,38.89096639,94.83397439,74.5371906417578,181.28,0.530713401912499
-73.06,4.22,39.17273931,95.3996593100003,74.9998689363808,182.200000000001,0.491003045376838
-73.06,4.27,39.4387521800001,97.6777441800004,76.5479503308814,188.720000000001,0.514461260322277
-73.06,4.32,39.6893744,99.0146384,77.49073224509,192.24,0.527619901668958
-73.06,4.37,39.92384103,100.84148103,78.7398420631916,197.4,0.596404799096028
-73.06,4.42,40.14230046,101.67714046,79.3515740467194,199.4,0.702572456188368
-73.06,4.47,40.3436734799999,104.026369480001,80.9215355529965,206.360000000002,1.0667699681574
-73.06,4.52,40.52525565,115.04598365,88.0089837629441,241.480000000001,2.27726536620239
-73.06,4.57,40.68513785,139.05447385,103.364917431257,318.76,2.14615000694515
-73.06,4.62,40.83270151,148.22550151,109.262125823833,348,4.39014182981815
-73.06,4.67,40.95536512,178.02314112,128.293333807449,444.16,1.70935006561816
-73.06,4.72,41.08349521,144.31636721,106.862262513056,334.52,5.01744461765341
-73.06,4.77,41.18192929,144.39011329,106.944965690915,334.44,4.09794299876592
-73.06,4.82,41.2584605699998,155.921876570007,114.320635564395,371.560000000025,1.48694744599645
-73.06,4.87,41.31642897,169.731060970015,123.140716456999,416.12000000005,4.09773192562152
-73.06,4.92,41.34001936,226.56173936,159.361112673686,600.2,10.9840718502664
-73.06,4.97,41.31568968,359.84026568,244.275789104615,1032.16,15.5122876017237
-73.06,5.02,41.2847712,463.5236352,310.330390519423,1368.24,2.50344741677169
-73.06,5.07,41.3098631,381.967231100015,258.372716294131,1103.88000000005,8.63008536145105
-73.06,5.12,41.27626757,405.436611570013,273.314939602467,1180.04000000004,21.273797941441
-73.06,5.17,41.15327685,608.38476485,402.586484444169,1838.08,11.7804434199141
-73.06,5.22,41.12195605,542.44882805,360.561520378473,1624.52,20.1017386548921
-73.06,5.27,40.97460206,722.22761806,475.06098119289,2207.56,27.54174954554
-73.06,5.32,40.7629591899998,1020.17295118997,664.831443481069,3173.7199999999,14.6292651028907
-73.06,5.37,40.7022277599998,908.06573176002,593.376012683669,2810.64000000007,16.7562349147343
-73.06,5.42,40.57576634,920.17217434,601.044213274577,2850.28,18.6606393009001
-73.06,5.47,40.3675559,1096.3597239,713.233298632816,3421.88,1.96544155756644
-73.06,5.52,40.27653464,949.20228664,619.433293318217,2945.32,12.6240600198644
-73.06,5.57,40.12749073,909.786978730024,594.264249552795,2818.08000000008,8.77845582135287
-73.06,5.62,39.9221200899999,975.128248089984,635.82442409742,3030.47999999995,8.13267446348842
-73.06,5.67,39.75254739,919.60817939,600.386168797059,2851.12,5.71477699155495
-73.06,5.72,39.56199827,883.92863027,577.582447849211,2736.12,8.00846895102798
-73.06,5.77,39.37442907,809.81284507,530.288692187654,2496.56,2.18036449470391
-73.06,5.82,39.12897218,849.919924180007,555.755394847305,2627.32000000002,12.5041389519175
-73.06,5.87,38.8286162200001,1000.05589621999,651.311291084156,3114.79999999997,19.4657662752065
-73.06,5.92,38.51458021,1159.63369221,752.878442791067,3632.92,12.7711980828441
-73.06,5.97,38.25987692,1143.38116492,742.430114913627,3581.08,5.60093703979922
-73.06,6.02,38.00856387,1093.06258787,710.276532321453,3418.84,17.8246400013893
-73.06,6.07,37.82446313,843.900007130011,551.446283488355,2612.04000000004,26.3561797525614
-73.06,6.12,37.5767512600001,734.506647259991,481.65225325249,2258.35999999997,18.2393319741159
-73.06,6.17,37.29794012,683.67915612,449.164419978571,2094.56,12.3545183278679
-73.06,6.22,37.0130659,627.9450339,413.547939549635,1914.88,20.8763481858408
-73.06,6.27,36.72119257,571.16701657,377.263762120773,1731.84,8.16424888812165
-73.06,6.32,36.3983665599999,579.571398560012,382.501810017663,1760.12000000004,5.27733143316147
-73.06,6.37,36.0628341800001,606.923458180012,399.80848438892,1849.84000000004,14.5328175274219
-73.06,6.42,35.75167534,552.98996334,365.329806098419,1676.08,6.47933776748813
-73.06,6.47,35.43686279,495.01632679,328.275471597854,1489.24,8.69347054317591
-73.06,6.52,35.07810835,548.18115635,362.021312999782,1662.68,8.08822687047915
-73.01,2.72,25.87247061,95.25809461,70.0841710775928,224.84,0.524545599525206
-73.01,2.77,26.28912506,99.58779706,72.9941735169589,237.52,0.308132504454956
-73.01,2.82,26.7098569800001,89.7876969800002,66.902311950539,204.4,0.535807888148833
-73.01,2.87,27.13712487,90.68403687,67.62846698122,205.92,0.284094273343852
-73.01,2.92,27.5686515800002,91.8932355800008,68.5555171086656,208.440000000002,0.415298016263778
-73.01,2.97,28.00384784,96.68586384,71.7672175965711,222.56,0.381984257790684
-73.01,3.02,28.4412251400003,98.024353140001,72.7787728247224,225.480000000002,0.46866431156198
-73.01,3.07,28.8804804200003,103.179016420001,76.2226304136746,240.760000000002,0.563004529533665
-73.01,3.12,29.32036154,106.29754554,78.3693144159844,249.44,0.460844907759462
-73.01,3.17,29.7597766400003,95.2570406400012,71.4938600203686,212.240000000003,0.670842338647092
-73.01,3.22,30.19880845,94.16541645,70.9575758976189,207.28,0.600064216018637
-73.01,3.27,30.6362141600001,89.9985101600005,68.461168358302,192.360000000001,0.468927041733469
-73.01,3.32,31.0710562400003,99.0741522400001,74.4018261876907,220.359999999999,0.74921065623967
-73.01,3.37,31.50251753,102.23363753,76.5715521642833,229.2,0.511134994470629
-73.01,3.42,31.9301040800003,98.205040080002,74.1597108778141,214.760000000005,0.615745599380893
-73.01,3.47,32.35242534,102.77494534,77.2248236975194,228.2,0.598807538621802
-73.01,3.52,32.7689040200001,108.14136802,80.7953482568121,244.239999999999,0.183344424111787
-73.01,3.57,33.1796401400003,103.886072140002,78.2329438721435,229.120000000005,0.783710460068427
-73.01,3.62,33.58241001,109.04128201,81.6639124043061,244.52,0.480029634694924
-73.01,3.67,33.9778536200001,108.10357362,81.209887298686,240.199999999999,0.11645556898183
-73.01,3.72,34.36445095,109.56409895,82.2807788718244,243.68,0.462025479795731
-73.01,3.77,34.7426663800001,104.52329838,79.2060612818507,226.12,0.492897193440246
-73.01,3.82,35.1108493200003,101.212969319999,77.2303398028247,214.199999999997,0.419561190183314
-73.01,3.87,35.46815729,100.50869329,76.9112189807572,210.76,0.476386879805887
-73.01,3.92,35.8153841200001,93.9432801200001,72.8537932112462,188.36,0.437167625227185
-73.01,3.97,36.15008749,92.51279149,72.0637370781566,182.64,0.288120358352531
-73.01,4.02,36.4718199200003,94.7725319200006,73.6203453262344,188.920000000001,0.468065843716293
-73.01,4.07,36.78144029,93.61321629,72.9939770188378,184.16,0.387371029580034
-73.01,4.12,37.07808839,91.20652839,71.5680913343861,175.4,0.490145837166269
-73.01,4.17,37.36039693,91.58758893,71.9133234829505,175.72,0.454270116744616
-73.01,4.22,37.6281623800004,93.4600743800005,73.2035975721232,180.920000000001,0.459154274396324
-73.01,4.27,37.8813750000004,95.1205030000006,74.3534716141666,185.480000000001,0.456249566013218
-73.01,4.32,38.11974826,96.29702026,75.1896191555283,188.52,0.44784350780968
-73.01,4.37,38.34297053,96.96462653,75.6959976640683,189.96,0.539032117108671
-73.01,4.42,38.55053984,97.88814784,76.3597631361605,192.28,0.48410009076559
-73.01,4.47,38.7417377200002,100.597521720001,78.1555130345543,200.440000000001,0.57604711629266
-73.01,4.52,38.9160965800004,105.734168580002,81.4917832249187,216.520000000006,1.29248934036758
-73.01,4.57,39.07186838,118.17222038,89.47367884012,256.32,2.19395959908634
-73.01,4.62,39.21283849,124.85551049,93.7833380175144,277.52,1.5782942497552
-73.01,4.67,39.3398059,123.3036939,92.8406040819189,272.08,2.37935141520112
-73.01,4.72,39.43797267,158.92789267,115.575539032978,387.2,3.2640145486062
-73.01,4.77,39.52384305,180.03559505,129.056272586134,455.32,2.97589035314377
-73.01,4.82,39.5899319400001,209.480403939996,147.842135024053,550.519999999986,2.39335456110463
-73.01,4.87,39.64495499,221.63254699,155.6053001232,589.719999999999,12.4034704657465
-73.01,4.92,39.62579516,398.73744316,268.447497704602,1163.68,10.2499070898678
-73.01,4.97,39.65841331,377.51369331,254.935809111105,1094.8,10.2464671769757
-73.01,5.02,39.69064902,311.72772102,213.029459712903,881.52,5.99206243321189
-73.01,5.07,39.6493097600003,406.636429759993,273.489170087612,1189.19999999998,8.2725580131714
-73.01,5.12,39.6416054700003,362.548301470011,245.39394002467,1046.36000000003,13.5387510468106
-73.01,5.17,39.52059015,586.38447815,387.975803477752,1772.08,26.3440006335661
-73.01,5.22,39.39446756,779.14569956,510.755219316253,2397.12,9.29607709377652
-73.01,5.27,39.33492007,746.93003207,490.206171787456,2292.92,9.84935996041302
-73.01,5.32,39.21491482,838.365474819998,548.424217127765,2589.59999999999,25.9961042185641
-73.01,5.37,39.0179529000002,1098.44175289996,714.070291030407,3432.99999999988,19.3123860228789
-73.01,5.42,38.88162456,1154.47062456,749.721765061458,3615,12.6539166683912
-73.01,5.47,38.782585,1071.469281,696.798356111607,3346.36,9.35617125280115
-73.01,5.52,38.66811612,993.68636412,647.194469095671,3094.68,8.91905333607324
-73.01,5.57,38.5396675700001,918.049667570001,598.953056347083,2850,9.4406987657243
-73.01,5.62,38.4017346700002,833.318302670023,544.913187260581,2575.88000000007,5.62831795075213
-73.01,5.67,38.21579344,845.04432144,552.317406313652,2614.48,8.41249742889114
-73.01,5.72,37.98805305,938.31003705,611.66259233204,2917.44,3.68847009994174
-73.01,5.77,37.82231027,831.22056627,543.366312378887,2570.96,6.60552819397693
-73.01,5.82,37.6081866200001,826.105874620002,540.029604653878,2555.08000000001,4.42691542743148
-73.01,5.87,37.3528323000002,905.963080300011,590.82102778179,2814.68000000003,19.6472361604825
-73.01,5.92,37.02852365,1151.34609165,747.058522691191,3610.88,20.9961631343151
-73.01,5.97,36.76666125,1198.47284525,776.992126951053,3764.44,13.7002866407184
-73.01,6.02,36.57077708,1034.68192908,672.555419742981,3234.32,11.1158145855041
-73.01,6.07,36.3172745000003,1008.99978649997,656.099087957614,3151.91999999989,23.9076999265534
-73.01,6.12,36.1040027000003,845.475394699982,551.825898494175,2622.71999999994,23.3125711305757
-73.01,6.17,35.85715961,755.47532761,494.389360670177,2331.88,12.4727425580488
-73.01,6.22,35.53028351,877.26764351,571.875392011183,2727.6,19.9761757041578
-73.01,6.27,35.33462366,598.40618366,394.117174243392,1824.6,14.8653865710573
-73.01,6.32,35.0154434500001,663.386763449993,435.406230196626,2036.19999999998,20.1559935235684
-73.01,6.37,34.6630064100003,814.174262409951,531.358376064481,2525.95999999984,12.6456907978848
-73.01,6.42,34.42960477,595.32862077,391.827835964974,1817.56,12.2072522875096
-73.01,6.47,34.11212412,616.46501212,405.180509275599,1887.08,3.99365487207191
-73.01,6.52,33.81077975,578.19352375,380.68503741257,1764.04,4.64404959552138
-72.96,2.72,24.9958721400002,96.0355921399998,70.2615430510472,230.199999999998,0.164448910175014
-72.96,2.77,25.3849830600003,96.4740790600003,70.6821157753297,230.36,0.79322213675228
-72.96,2.82,25.7790010200003,88.301361020001,65.6175106923646,202.600000000002,0.42670179397417
-72.96,2.87,26.1797702400003,89.4304262400005,66.4823415255271,204.960000000001,0.350650804411343
-72.96,2.92,26.5853089500003,93.0700929499998,68.9486284160122,215.439999999999,0.568905689614193
-72.96,2.97,26.9946315600003,98.7009275599991,72.6850368288567,232.359999999996,0.560623478643255
-72.96,3.02,27.4061566700003,99.08776467,73.0808310367162,232.279999999999,0.500799898058825
-72.96,3.07,27.8200049000003,103.7109169,76.1767980817753,245.919999999998,0.624088034476655
-72.96,3.12,28.2345929100003,103.70580891,76.3239607553771,244.560000000001,0.60259423707185
-72.96,3.17,28.6493516200003,100.491431619998,74.4262768506324,232.799999999994,0.654197531021725
-72.96,3.22,29.0636279400003,95.1040279399997,71.1437911674721,213.999999999998,0.638662383064098
-72.96,3.27,29.4767289400003,88.9130889400014,67.348875844726,192.600000000003,0.338004285790884
-72.96,3.32,29.8880696400003,97.9899176399996,73.2817631962548,220.679999999998,0.740227724743971
-72.96,3.37,30.2962793500003,95.978703350002,72.1483444964275,212.840000000005,0.303315265582387
-72.96,3.42,30.7008065900004,97.0127745900009,72.9540097410251,214.880000000002,0.601866706185808
-72.96,3.47,31.1006183700004,105.892914369999,78.7573864064953,242.359999999994,0.608078636714194
-72.96,3.52,31.4953313700004,106.27528337,79.1442339554256,242.319999999999,0.528225938684889
-72.96,3.57,31.8845022600004,98.9371102600024,74.6096324752594,217.280000000007,0.567846523821226
-72.96,3.62,32.2662015800004,105.95988158,79.222944471217,238.8,0.736515861053561
-72.96,3.67,32.6409321700004,105.618660170001,79.1414788991249,236.480000000001,0.363896196670862
-72.96,3.72,33.0078068400004,103.121726840002,77.683568920757,227.200000000006,0.720127941713264
-72.96,3.77,33.3655597200004,104.89903972,78.9458486738695,231.799999999998,0.397934646868545
-72.96,3.82,33.7139192600004,106.531175259998,80.1122151252062,235.959999999993,0.192618597216973
-72.96,3.87,34.0526399300004,105.265175929998,79.4284271560339,230.759999999993,0.557086650727708
-72.96,3.92,34.3818585500004,96.7684345499995,74.1338482605876,202.159999999997,0.796094230185647
-72.96,3.97,34.6993589100004,93.3580469099998,72.07598239728,190.079999999998,0.331463218880733
-72.96,4.02,35.0051056600004,90.9481136600012,70.6513299117587,181.280000000003,0.137714808622161
-72.96,4.07,35.2983605500004,90.6488565500007,70.5670431503717,179.360000000001,0.281557607334478
-72.96,4.12,35.5791986800004,89.1521586800007,69.7152563262117,173.600000000001,0.188080211863769
-72.96,4.17,35.8466851600004,89.1110451600008,69.7861065294479,172.600000000001,0.126494671403199
-72.96,4.22,36.1004366100004,90.154812610001,70.5432468479636,175.160000000002,0.42537150177013
-72.96,4.27,36.3400647000004,92.1596327000008,71.9076344410529,180.880000000001,0.481933063663801
-72.96,4.32,36.5656047400004,93.3109727400008,72.7230833113445,183.880000000001,0.468044728477919
-72.96,4.37,36.7767981100004,93.4604461100012,72.894949425992,183.680000000002,0.480875252094965
-72.96,4.42,36.9725516400004,96.0139036400007,74.5930041104678,191.320000000001,0.526343047018159
-72.96,4.47,37.1528287300005,99.8850367300003,77.1250510705636,203.279999999999,0.541638694255057
-72.96,4.52,37.3178980900005,103.099074090001,79.2328868449913,213.160000000002,0.675037155196172
-72.96,4.57,37.4669577000005,108.025261700004,82.4258760192981,228.640000000011,1.53873710213369
-72.96,4.62,37.5974748200005,123.190770820002,92.1365125432336,277.360000000005,2.79743205854385
-72.96,4.67,37.7068867900005,156.567262789987,113.443315148372,385.159999999958,2.25198120178785
-72.96,4.72,37.8126243900005,146.291696390003,106.934208398045,351.52000000001,1.24038397316886
-72.96,4.77,37.90281188,135.296971880003,99.9612208266849,315.600000000008,2.92242506598471
-72.96,4.82,37.9669132900008,158.703577290031,114.898890211124,391.240000000098,8.8375601815571
-72.96,4.87,37.9865368200008,275.299936819965,189.199833651408,768.999999999884,9.55618191721829
-72.96,4.92,38.0130012700004,315.074081270037,214.553050548643,897.800000000118,16.0540156539878
-72.96,4.97,37.9727740200005,516.994038019951,343.199468263948,1552.23999999984,14.6096970803291
-72.96,5.02,37.96407176,565.262719759993,373.952545140917,1708.67999999998,10.3704955787983
-72.96,5.07,37.9701289900009,518.201104989949,343.967637438861,1556.15999999983,15.6629981459281
-72.96,5.12,37.9328551600009,559.442167159888,370.23243198876,1689.91999999963,20.4062596987242
-72.96,5.17,37.9395775300004,418.529785530067,280.447164937412,1233.28000000022,2.18997836544964
-72.96,5.22,37.8519472100004,522.884739210069,346.909116125383,1571.72000000022,14.8119018421005
-72.96,5.27,37.77035748,563.612413480009,372.830707634602,1703.96000000003,12.9476222138157
-72.96,5.32,37.6305252200008,737.498293220055,483.578004567324,2267.88000000018,27.7524393173651
-72.96,5.37,37.4391048000008,1024.79863280002,666.57293958054,3199.48000000006,31.0016364666949
-72.96,5.42,37.2908184900005,1139.95565048999,739.89583172058,3573.11999999997,13.1929939710823
-72.96,5.47,37.1897269200004,1072.71554292,697.014551777833,3355.55999999999,10.081966333915
-72.96,5.52,37.08642549,974.193529490005,634.200008962298,3036.64000000002,7.38374269433946
-72.96,5.57,36.9472642000008,946.946944199985,616.788317121346,2948.79999999995,4.54092809896013
-72.96,5.62,36.7987988400008,911.951366839957,594.43568338915,2835.87999999986,13.9637538581683
-72.96,5.67,36.6579384100004,819.329258410015,535.366863538585,2536.20000000005,6.47336111060971
-72.96,5.72,36.4740882100004,823.231272210033,537.78647764295,2549.44000000011,5.04146073798417
-72.96,5.77,36.27685705,835.822425050001,545.737853792025,2590.88,2.81065910612335
-72.96,5.82,36.0620559500008,871.491631949975,568.387918954114,2707.15999999992,3.51445410204461
-72.96,5.87,35.8417942100008,894.984194210007,583.277188720671,2784.00000000002,5.0564570768439
-72.96,5.92,35.6048781000004,942.271678100055,613.322259232341,2938.00000000018,10.6594405848848
-72.96,5.97,35.3763186200004,937.796782620087,610.387984584089,2924.24000000028,22.1533073393957
-72.96,6.02,35.07594465,1132.92661664999,734.613431963064,3557.51999999997,16.3939137503038
-72.96,6.07,34.8049261900008,1215.02711018988,786.828568496809,3824.4399999996,9.83691292289323
-72.96,6.12,34.6046279900008,1051.9353879899,682.835777969771,3296.59999999966,27.6707951026886
-72.96,6.17,34.3940072200004,899.486215219973,585.620549146657,2803.27999999991,22.2038871890363
-72.96,6.22,34.1172663800004,938.734962379964,610.52898263457,2931.35999999988,12.1749180488071
-72.96,6.27,33.91585751,717.637673510027,469.575326857018,2215.56000000009,18.288775032127
-72.96,6.32,33.5980952500007,857.325559249888,558.467510639171,2669.23999999963,18.7678999216649
-72.96,6.37,33.3315577000007,817.064461699989,532.716911620636,2539.63999999996,17.3769098326681
-72.96,6.42,33.1050049000004,631.505092899998,414.39847644732,1939.07999999999,18.3503671485891
-72.96,6.47,32.8392878800003,563.56956788002,371.014356658549,1719.80000000006,3.34558576275201
-72.96,6.52,32.5472470200004,574.596975020001,377.934934430236,1756.48,3.37976261480238
-72.91,2.72,24.14877821,93.70721821,68.4705949925805,225.4,0.767462390043546
-72.91,2.77,24.5098372,88.9084852,65.5438954350883,208.68,0.738641327345379
-72.91,2.82,24.8778924900001,87.41259649,64.7242676134344,202.64,0.230777090071226
-72.91,2.87,25.25193247,88.61368447,65.6252928151616,205.32,0.287416607309293
-72.91,2.92,25.63086171,91.1651577100005,67.3885414435798,212.360000000002,0.139967813353195
-72.91,2.97,26.01324314,90.54767514,67.1338213368644,209.12,0.425048557956262
-72.91,3.02,26.39902062,92.4270766200017,68.4713183964027,213.960000000005,0.314345894369691
-72.91,3.07,26.78708027,94.802520270002,70.1257156687624,220.400000000006,0.445187921273454
-72.91,3.12,27.17656494,97.42626894,71.9388469825316,227.64,0.5843169362583
-72.91,3.17,27.56696842,104.45774442,76.5608631384903,249.159999999999,0.193067363120873
-72.91,3.22,27.95605696,95.99618496,71.3104232609022,220.48,1.00724721397794
-72.91,3.27,28.3443532,86.4845932000001,65.3906277423167,188.4,0.439391848923337
-72.91,3.32,28.7316365100001,89.9825645100015,67.7600047220976,198.480000000004,0.802282233022821
-72.91,3.37,29.1164225,98.3539185,73.2337375547461,224.36,0.590095757644422
-72.91,3.42,29.49759495,98.0932029499999,73.2059065490772,222.28,0.118766122603434
-72.91,3.47,29.87472024,99.98864024,74.5504823207555,227.2,0.406563315761618
-72.91,3.52,30.2469883099999,103.101276309999,76.6688805284185,236.079999999998,0.631139045497599
-72.91,3.57,30.6139440000001,95.4940080000003,71.9547548268402,210.240000000001,0.514897055604795
-72.91,3.62,30.97440165,99.89095365,74.8872149769117,223.32,0.807840793396016
-72.91,3.67,31.32786667,103.77480267,77.4901990030906,234.760000000001,0.206744345365369
-72.91,3.72,31.67423547,98.60340347,74.3207111745522,216.88,0.398945871259338
-72.91,3.77,32.0119900199999,100.31134202,75.5315307933838,221.32,0.741928433933836
-72.91,3.82,32.3405106799999,106.046534679999,79.3051190222867,238.839999999998,0.414409637410481
-72.91,3.87,32.66065951,99.65154751,75.346462469905,217.08,0.693250656507946
-72.91,3.92,32.9698463000001,103.219550299999,77.732128342531,227.639999999996,0.259560448673976
-72.91,3.97,33.26970798,96.00191598,73.2419303205633,203.28,0.577233426708906
-72.91,4.02,33.5575931699999,96.8082491700007,73.860164455527,204.960000000002,0.837720373386913
-72.91,4.07,33.83489604,90.62964004,70.0238364156261,184.04,0.117506311204959
-72.91,4.12,34.09854549,95.92964149,73.4965899024128,200.36,0.633495553714437
-72.91,4.17,34.35121699,91.52862499,70.7839863488133,185.28,0.449346174344487
-72.91,4.22,34.5908677300002,88.5958677300003,69.0022161636808,175,0.311705905071023
-72.91,4.27,34.8167024800001,89.2290544800002,69.487610799009,176.32,0.479147694972987
-72.91,4.32,35.02892541,90.08316541,70.1088371846778,178.4,0.432203930639424
-72.91,4.37,35.22727484,90.92340284,70.7161900703466,180.48,0.44374727584284
-72.91,4.42,35.41114254,93.37856654,72.3473007673289,187.84,0.517147107219753
-72.91,4.47,35.5804747800002,96.4240507800004,74.3492831067686,197.160000000001,0.603701379213156
-72.91,4.52,35.7352333100002,99.2698013100006,76.2187099701499,205.880000000001,0.578844270875632
-72.91,4.57,35.87511862,102.50803062,78.3328234988589,215.92,1.84463408314721
-72.91,4.62,35.99468279,128.48827479,94.9305076616727,299.72,3.47994931170743
-72.91,4.67,36.09840595,156.63756595,112.904535653975,390.6,2.1748554964388
-72.91,4.72,36.1916688,165.1000608,118.330574329812,417.72,2.32660768950387
-72.91,4.77,36.28020167,132.72387367,97.7329708842505,312.52,1.15682608245051
-72.91,4.82,36.34164575,147.770933750004,107.343072563908,361.080000000014,2.03274309873152
-72.91,4.87,36.3868236500001,166.850559650018,119.516776014713,422.760000000059,7.72284782081505
-72.91,4.92,36.39670343,260.57608743,179.241160322359,726.44,16.2244434456686
-72.91,4.97,36.3714692,425.4790372,284.306217846052,1260.88,20.8893993389452
-72.91,5.02,36.35716641,493.57892641,327.693474063378,1481.6,19.516045926717
-72.91,5.07,36.29467529,680.281155289965,446.635257640861,2086.79999999989,12.5256065098387
-72.91,5.12,36.2628544500001,704.357166449961,461.964662741653,2164.91999999987,6.48392770088969
-72.91,5.17,36.25998414,577.58141614,381.183609937073,1754.12,11.4287664023126
-72.91,5.22,36.21004756,568.38457556,375.305374113791,1724.48,9.59235639145919
-72.91,5.27,36.11170008,679.53035608,446.090471681637,2084.96,7.34391565359584
-72.91,5.32,36.0274209499999,695.703124950027,456.364991611576,2137.64000000009,8.21640872292804
-72.91,5.37,35.9215378300001,741.442857830061,485.471393767641,2286.2000000002,13.8839020844245
-72.91,5.42,35.76045743,932.31752143,607.03603413552,2905.24,17.0413883599556
-72.91,5.47,35.61846404,1015.97894404,660.292588063522,3176.8,5.5536191575827
-72.91,5.52,35.50288413,969.52398813,630.650104834656,3026.64,5.48808548554296
-72.91,5.57,35.36270034,968.248156340015,629.786299546175,3022.96000000005,9.30449813393284
-72.91,5.62,35.1897507500001,1041.29981474999,676.271205706693,3260.23999999996,13.1699378497901
-72.91,5.67,35.06460957,915.89541757,596.319601611633,2854.28,19.7704676889619
-72.91,5.72,34.91068743,854.09555943,556.885616825278,2654.52,9.67867770998807
-72.91,5.77,34.73794453,823.58126453,537.379595193853,2556.2,0.721629124045818
-72.91,5.82,34.54107639,844.356852390002,550.546128422727,2624.16000000001,2.97762774641929
-72.91,5.87,34.3385406800001,855.140476680007,557.343844165526,2659.76000000002,7.49076282474828
-72.91,5.92,34.09699559,972.96929159,632.335338565385,3042.36,4.39717678134417
-72.91,5.97,33.91290522,865.73803322,563.942056511527,2695.48,1.97502179539279
-72.91,6.02,33.66175965,967.17675965,628.486496860764,3025,21.8268692008261
-72.91,6.07,33.37826017,1160.94094016998,751.847888209888,3653.79999999995,17.701092859265
-72.91,6.12,33.13032457,1209.84681256996,782.920178772823,3813.07999999986,2.7660649356538
-72.91,6.17,32.91441794,1125.48185794,729.085492194872,3540.4,20.6078468271636
-72.91,6.22,32.70836032,987.02300032,640.78638258465,3092.4,17.1732490894463
-72.91,6.27,32.48132106,906.76980906,589.567624034238,2833.08,19.6046162338578
-72.91,6.32,32.2092304499998,975.327862449998,633.153288593654,3056.11999999999,8.87251204890091
-72.91,6.37,31.94166724,1016.11644323995,659.04621564429,3189.15999999983,10.9105647772767
-72.91,6.42,31.74364949,790.35651349,515.122810482062,2458.24,22.4887856976069
-72.91,6.47,31.52529452,628.81442252,412.110875470971,1935.48,12.5885398511004
-72.91,6.52,31.25990709,634.15321109,415.416402827004,1953.64,4.67796604420987
-72.86,2.72,23.33178052,87.31073252,64.0984134186894,207.32,0.688686427344843
-72.86,2.77,23.66620047,86.05277647,63.4181901805878,202.16,0.386570454012746
-72.86,2.82,24.0072679900001,85.3075719900003,63.0670980063791,198.640000000001,0.118805121947375
-72.86,2.87,24.35462416,87.72872016,64.7358499562322,205.36,0.587310754609037
-72.86,2.92,24.70740521,93.5622372100003,68.5808912815591,223.120000000001,0.423988462750056
-72.86,2.97,25.0632052,92.6219172,68.1108189091505,218.92,0.551910502344007
-72.86,3.02,25.4231376700001,97.4133456699993,71.2944483134796,233.279999999997,0.586311171806022
-72.86,3.07,25.7851491000001,99.3677330999996,72.6711029315814,238.439999999998,0.70563157791786
-72.86,3.12,26.14938598,106.12616198,77.1096434661294,259.16,0.360449087201593
-72.86,3.17,26.5136195800001,104.91036358,76.4670993290984,254.04,0.570711336995951
-72.86,3.22,26.87735417,95.79390617,70.7901674969116,223.32,1.13317936531212
-72.86,3.27,27.2405547300002,84.9610987300004,64.0194039359181,187.040000000001,0.281039476856696
-72.86,3.32,27.6037764300002,92.7060324299996,69.0861653761098,210.959999999998,0.412142016429392
-72.86,3.37,27.96420258,91.62221058,68.526333750855,206.28,0.4298092419576
-72.86,3.42,28.3220384399999,98.4483024399995,73.0056659718257,227.239999999999,0.68958520843285
-72.86,3.47,28.67598846,102.75233246,75.8765603344038,240.04,0.0829233376900756
-72.86,3.52,29.0253264400001,97.5098384400007,72.6628489794427,221.920000000002,0.780596770530406
-72.86,3.57,29.3697043400001,91.8797203400004,69.2003485612936,202.560000000001,0.464874133934787
-72.86,3.62,29.70833738,96.39062538,72.1975040631411,216.08,0.80592636795745
-72.86,3.67,30.04035839,103.622942389999,76.9263122215809,238.439999999996,0.436997733947543
-72.86,3.72,30.36553586,98.41800786,73.7277676119727,220.52,0.407628040252142
-72.86,3.77,30.6829776600002,96.1802416600006,72.4170610403682,212.240000000001,0.570462476394221
-72.86,3.82,30.9917513700003,100.895823370001,75.5338007825567,226.520000000002,0.727417573691535
-72.86,3.87,31.2922259,95.0613299,71.92514613049,206.64,0.541373406116067
-72.86,3.92,31.5824097200001,101.43710572,76.0929973282738,226.359999999999,0.711448191513094
-72.86,3.97,31.86290029,102.95199629,77.1600330053294,230.36,0.52729502465485
-72.86,4.02,32.1326954100003,106.221383409998,79.3411327354733,240.079999999993,0.577210614259751
-72.86,4.07,32.39312984,94.26125784,71.8147706056244,200.48,0.783427111480116
-72.86,4.12,32.64007454,101.75413054,76.6787350840405,223.96,0.267857304783384
-72.86,4.17,32.87699656,94.17730056,71.9368265763789,198.64,0.847524386334115
-72.86,4.22,33.1018225099999,86.8475985100005,67.3479964711992,174.160000000002,0.484595988313594
-72.86,4.27,33.3133075900002,85.7506195900005,66.7257437377204,169.920000000001,0.394008400826091
-72.86,4.32,33.51144406,87.80035606,68.1036978683033,175.92,0.409199524745721
-72.86,4.37,33.69662533,88.35585733,68.52484267042,177.12,0.442576471903674
-72.86,4.42,33.86804672,90.83560672,70.1671034106139,184.6,0.532323466477952
-72.86,4.47,34.02582353,93.11655153,71.6777378047494,191.48,0.637298142104725
-72.86,4.52,34.1694350800002,97.0127390800003,74.2124464801986,203.64,0.653199571984214
-72.86,4.57,34.2997906,96.8591826,74.1618966255755,202.72,0.674749357109431
-72.86,4.62,34.41575998,98.11079998,75.0014875040666,206.4,3.71283917259838
-72.86,4.67,34.507249,149.170665,107.569423994391,371.56,3.78463168888698
-72.86,4.72,34.60186263,115.45506263,86.1205671421389,262,4.0841107259127
-72.86,4.77,34.67279887,126.75903887,93.3490638563444,298.4,3.38643626076519
-72.86,4.82,34.7223252500002,169.691621249981,120.723167255442,437.359999999936,4.69483661457904
-72.86,4.87,34.7591407400002,204.229916739985,142.743918487648,549.159999999952,2.39805763300974
-72.86,4.92,34.78967567,203.58153167,142.341853608777,546.96,4.84677929914436
-72.86,4.97,34.7973805,240.4237325,165.820064433314,666.32,15.8302790896607
-72.86,5.02,34.77524796,342.94320796,231.136233936419,998.6,18.3720683117181
-72.86,5.07,34.7342768800002,463.959844880025,308.231741505374,1390.88000000008,25.8727661839543
-72.86,5.12,34.6963884600001,514.58173246002,340.47366427893,1555.04000000006,15.353498733663
-72.86,5.17,34.645037,565.190157,372.702124012478,1719.2,14.9315303352376
-72.86,5.22,34.63624274,392.79740274,262.852305552169,1160.6,8.29004197038012
-72.86,5.27,34.52528687,578.45130287,381.10852284296,1762.56,29.6550821752856
-72.86,5.32,34.3750777399996,867.940709739936,565.513257632435,2701.1199999998,23.2754870944078
-72.86,5.37,34.2581619400002,976.438649939942,634.604445802257,3053.07999999981,14.3062309799101
-72.86,5.42,34.14368132,1029.08242532,668.106903057848,3224.04,14.1145671695156
-72.86,5.47,33.99698322,1163.54704722,753.732948882256,3660.24,6.54069226936067
-72.86,5.52,33.9007541,1058.4280661,686.71746205397,3319.92,4.0742221736802
-72.86,5.57,33.7582017500004,1093.60169774995,709.077965216797,3434.35999999984,5.85359259046479
-72.86,5.62,33.6037510000002,1136.23155099998,736.18516787736,3572.99999999992,4.43487019496511
-72.86,5.67,33.4577141,1108.9657461,718.758734975364,3485.12,17.869951085646
-72.86,5.72,33.33241794,965.41551394,627.244762826579,3020.36,22.8711489187724
-72.86,5.77,33.1963413,829.9274773,540.864015197938,2581.76,9.89036903133036
-72.86,5.82,33.0167456300002,832.05620963003,542.15525887815,2589.2400000001,5.88889581249517
-72.86,5.87,32.8194153600001,873.593943359993,568.551018677675,2724.47999999998,2.19023517812308
-72.86,5.92,32.6268547,868.3650307,565.149353980893,2708.16,10.2482895727969
-72.86,5.97,32.41683474,905.74249074,588.889632530735,2829.96,6.27850206486351
-72.86,6.02,32.21270474,895.61378474,582.361679870008,2797.8,9.26608263789396
-72.86,6.07,31.9675152900004,1026.86922729005,665.907140674666,3223.92000000015,13.1901841416699
-72.86,6.12,31.7355945699997,1085.76506656999,703.35073058259,3415.51999999997,12.8907548221415
-72.86,6.17,31.49021397,1181.25974997,764.109788485826,3725.76,4.90712046724039
-72.86,6.22,31.27386913,1143.32014113,739.856625174209,3603.52,7.02187080939797
-72.86,6.27,31.06518336,1059.24631936,686.210064830854,3331.76,10.338443107478
-72.86,6.32,30.8550238199997,967.962127819943,627.968607292259,3036.63999999982,18.7451137709976
-72.86,6.37,30.6460146900003,860.668918690041,559.526810125252,2689.64000000013,25.4952912099077
-72.86,6.42,30.45027415,689.07673815,450.119281470562,2134.24,11.1906804943176
-72.86,6.47,30.20449172,718.04920372,468.491021724567,2228.92,11.1386112624505
-72.86,6.52,30.01792105,495.52250505,326.63194637172,1508.44,27.4893712853554
-72.81,2.72,22.54685342,82.85963742,60.9774473507344,195.44,0.208453699715409
-72.81,2.77,22.85427317,83.33987317,61.3949834157222,196,0.341073916514692
-72.81,2.82,23.1692759600001,88.4443479599996,64.7617812210976,211.519999999998,0.70093636539432
-72.81,2.87,23.49036385,95.04853185,69.0863837060105,231.88,0.536125640689825
-72.81,2.92,23.81568511,97.3242051099995,70.654446235158,238.199999999998,0.32204498564009
-72.81,2.97,24.14540432,100.19678832,72.6044483656927,246.44,0.226746833209188
-72.81,3.02,24.47827329,100.77653729,73.0946263571037,247.239999999999,0.311832075371923
-72.81,3.07,24.81430593,104.124505929999,75.3498290583185,256.999999999995,0.0822778825961643
-72.81,3.12,25.15135382,100.54850582,73.1935289589533,244.32,0.56512377450962
-72.81,3.17,25.49082261,106.269958609999,76.962334415715,261.759999999998,0.369583654009483
-72.81,3.22,25.8287025,94.4366545,69.5448795501478,222.32,1.29147986757386
-72.81,3.27,26.1666390400002,83.6403030400003,62.7881792245069,186.240000000001,0.353618370211184
-72.81,3.32,26.5052319200001,90.0397999200003,66.9887085801497,205.880000000001,0.776658955148999
-72.81,3.37,26.84178328,95.40035928,70.5264985258655,222.16,0.386520552491559
-72.81,3.42,27.17536655,96.0919185500003,71.0881798769119,223.320000000001,0.322218431128382
-72.81,3.47,27.50582692,100.00213892,73.6996210573728,234.92,0.577504640232494
-72.81,3.52,27.83189787,95.8473378700001,71.1705332687611,220.4,0.628844868417264
-72.81,3.57,28.15331444,88.8611064400003,66.8356028049924,196.720000000001,0.360686064783826
-72.81,3.62,28.46976283,94.27562683,70.4004824871316,213.24,0.719622237923214
-72.81,3.67,28.7800864900001,98.0299264900005,72.905266995817,224.400000000001,0.668611189446526
-72.81,3.72,29.08371339,99.53092139,73.9718426496605,228.28,0.442456583018914
-72.81,3.77,29.38021076,92.3222667600014,69.4861457687636,203.960000000004,0.243019420828016
-72.81,3.82,29.66877935,94.9685393500001,71.2770155132389,211.6,0.722741652108446
-72.81,3.87,29.94912023,91.84193623,69.3864918977655,200.56,0.424269781952686
-72.81,3.92,30.22027913,95.5447271300012,71.8442461953808,211.680000000004,0.846250465481654
-72.81,3.97,30.48158588,105.19981788,78.0911612100728,242.12,0.51164883529525
-72.81,4.02,30.7335200100001,103.93344001,77.3756448583945,237.2,0.402584367437393
-72.81,4.07,30.97491227,105.19938427,78.2698695572505,240.52,0.562268277917864
-72.81,4.12,31.20584941,102.22088141,76.4557894189061,230.12,0.62445063699087
-72.81,4.17,31.42604891,95.02233691,71.9488528255022,206.08,0.792483157811044
-72.81,4.22,31.6347735800001,88.2073255799997,67.682135836356,183.319999999999,0.633593774754017
-72.81,4.27,31.8313997300001,84.1946477300001,65.1966431712967,169.68,0.37061728866493
-72.81,4.32,32.01527135,85.27963135,65.9546927194472,172.6,0.433939570409058
-72.81,4.37,32.18673615,85.68563215,66.2756010897878,173.36,0.455060173134161
-72.81,4.42,32.34531224,87.31314424,67.3701658571839,178.12,0.566478657876141
-72.81,4.47,32.4909174900002,89.1128454900004,68.5697415506386,183.480000000001,0.581537215978991
-72.81,4.52,32.6234802000002,90.393400200001,69.4337912102007,187.200000000002,0.684665281138612
-72.81,4.57,32.7426371,92.6480691,70.9136711454061,194.12,0.590218040144404
-72.81,4.62,32.84880152,92.58141752,70.9097192504183,193.56,0.559726405675073
-72.81,4.67,32.94111088,95.10549488,72.5515224713178,201.44,3.47859494620368
-72.81,4.72,33.01958544,99.61546544,75.4536939656472,215.8,1.62338562119196
-72.81,4.77,33.08319201,111.64040801,83.1389226230155,254.56,2.15938744981364
-72.81,4.82,33.1332256899998,123.725841689998,90.8577710968057,293.559999999994,3.99415017893181
-72.81,4.87,33.16813241,144.424604410006,104.059442908921,360.52000000002,5.67511760242788
-72.81,4.92,33.18544245,186.43620245,130.835017490947,496.6,4.29410711172166
-72.81,4.97,33.19679333,190.27419333,133.284658202819,509,6.64284642198842
-72.81,5.02,33.18039443,267.28435443,182.348673983086,758.6,10.2289430278777
-72.81,5.07,33.1664650100001,266.93713701002,182.122377384194,757.520000000065,19.7025933317447
-72.81,5.12,33.0999590200001,459.548127019981,304.827697154471,1381.87999999994,16.1438775778166
-72.81,5.17,33.08335305,350.48462505,235.327696427195,1028.52,15.757405017992
-72.81,5.22,33.01584985,426.94992185,284.025989864639,1276.52,8.61098805858014
-72.81,5.27,32.94135908,479.46087108,317.458320655206,1446.92,12.0278877736799
-72.81,5.32,32.8361459,620.361169900007,407.200155054167,1903.84000000002,32.3219923988248
-72.81,5.37,32.6821966200001,932.720268619971,606.175830527398,2916.5199999999,32.2824696105442
-72.81,5.42,32.54993946,1093.13407546,708.341629991062,3436.76,19.6827197067328
-72.81,5.47,32.43469006,1127.49561806,730.194585431124,3548.48,11.8749788459832
-72.81,5.52,32.34895201,982.31850401,637.658335497814,3078.32,6.84569555469338
-72.81,5.57,32.2101441800001,1035.86375218001,671.726374373667,3252.28000000004,7.89743941464416
-72.81,5.62,32.0558170600001,1118.53766506,724.349223937088,3520.68,8.1700517616795
-72.81,5.67,31.8982396,1176.7918956,761.410960942957,3709.96,1.19225782217246
-72.81,5.72,31.75370029,1138.92409229,737.229603161339,3587.72,14.9474759835507
-72.81,5.77,31.63833278,933.72550878,606.437631565129,2923.16,15.0439448936844
-72.81,5.82,31.46938878,938.666980780014,609.524984308348,2939.72000000005,20.0487557092632
-72.81,5.87,31.3154534200001,844.562861420027,549.507100850358,2635.28000000009,12.7314198416784
-72.81,5.92,31.1443768,799.6818168,520.847360452789,2490.4,9.37136972070074
-72.81,5.97,30.9198171,973.0138971,631.2110428048,3052.8,7.56094247108485
-72.81,6.02,30.75208609,862.31799009,560.616062909045,2694.64,5.32160063221951
-72.81,6.07,30.5182729000001,1033.7892169,669.790674110471,3251.03999999999,10.7570813685785
-72.81,6.12,30.31432138,1048.81776138001,679.292689211542,3300.40000000002,1.73093943517126
-72.81,6.17,30.10669051,1063.90434651,688.830352217957,3349.96,6.14903563050084
-72.81,6.22,29.91569797,986.55100997,639.472425035914,3099.92,11.2486910591925
-72.81,6.27,29.73053178,868.78924378,564.368837398873,2718.92,15.4770109009507
-72.81,6.32,29.5498655499999,718.863513550053,468.772384231997,2233.68000000017,11.3034264024971
-72.81,6.37,29.34514222,673.553814220067,439.827302690196,2087.52000000022,5.92724482770726
-72.81,6.42,29.13253825,659.78749825,430.978433444683,2043.6,4.59720662551738
-72.81,6.47,28.92092959,638.09732959,417.080939921916,1974,11.8856045770916
-72.81,6.52,28.74189278,460.49798078,303.851774874822,1399.08,21.1239500363235
-72.76,2.72,21.79588626,84.81200626,61.9490139751861,204.2,0.286098004667346
-72.76,2.77,22.07623736,86.93161336,63.4013172846989,210.16,0.380551415304206
-72.76,2.82,22.3631551700002,88.0455791700001,64.2152203164262,212.84,0.302703533368031
-72.76,2.87,22.65627776,89.96810976,65.5465824477394,218.12,0.482150317495376
-72.76,2.92,22.9553657700002,95.5380857700004,69.204218064867,235.200000000001,0.50519657074803
-72.76,2.97,23.25734679,92.69234679,67.500509061875,225,0.62455970947447
-72.76,3.02,23.5652073600001,101.76444736,73.3928398919694,253.399999999999,0.423655499320118
-72.76,3.07,23.8739794400001,99.0365954400004,71.7667110086131,243.560000000001,0.604938827470381
-72.76,3.12,24.18527159,97.76785559,71.0712254215816,238.44,0.473574041072379
-72.76,3.17,24.4990062700001,103.13028627,74.6019295894391,254.800000000001,0.560544056607169
-72.76,3.22,24.81143093,93.67860693,68.6927824526294,223.16,1.25929376604803
-72.76,3.27,25.1237156200003,81.5111076200006,61.0530961102982,182.720000000001,0.307172257070051
-72.76,3.32,25.4375318900003,88.0092678900005,65.3075033666465,202.760000000001,0.655289753778084
-72.76,3.37,25.74937151,90.91334751,67.2710877114628,211.16,0.733016978995546
-72.76,3.42,26.0592363000003,97.1606762999997,71.3642344663999,230.399999999998,0.363079933666048
-72.76,3.47,26.36535071,94.04750271,69.4916189298561,219.32,0.627445689242963
-72.76,3.52,26.6683270000003,96.8933429999996,71.4148781403904,227.559999999998,0.395477512027303
-72.76,3.57,26.9662903000001,87.1062583000002,65.2867679157468,194.88,0.454095542764587
-72.76,3.62,27.2600832,89.6713472,67.0278038127289,202.24,0.621072528542073
-72.76,3.67,27.5483544900003,94.8725304900008,70.4465246288106,218.160000000001,0.675549181816742
-72.76,3.72,27.83021816,94.35203416,70.2171339792239,215.56,0.660830982523408
-72.76,3.77,28.1053772600001,97.5033452599993,72.3249431786629,224.879999999997,0.255540911933291
-72.76,3.82,28.3731170800001,89.8462370800005,67.543063411367,199.200000000001,0.533832039943195
-72.76,3.87,28.63308005,89.26680805,67.2681757085689,196.48,0.624887683567305
-72.76,3.92,28.8845048500001,97.4677688499998,72.5849509980066,222.239999999999,0.798024938747683
-72.76,3.97,29.12696721,102.51204721,75.8870738244528,237.8,0.602522155500514
-72.76,4.02,29.3602250200003,100.819641020001,74.8933212674467,231.560000000001,0.398597008095548
-72.76,4.07,29.58343099,105.51137499,77.9638205249872,246.04,0.594578513636224
-72.76,4.12,29.79696414,98.93570814,73.8513555861816,224.04,0.674707507756142
-72.76,4.17,29.99986983,94.90462183,71.3564115589811,210.32,0.780966666053416
-72.76,4.22,30.1922980300003,85.4440420300006,65.3980570218071,179.040000000001,0.776908535845374
-72.76,4.27,30.3731834700003,81.5884394700006,63.0069399617355,165.960000000001,0.353445308602797
-72.76,4.32,30.54220371,82.15246771,63.4276546359928,167.24,0.320783550115268
-72.76,4.37,30.69944073,82.48252073,63.6950079709805,167.8,0.422096785047635
-72.76,4.42,30.8445929,83.4053449,64.3356835584255,170.32,0.479181679601285
-72.76,4.47,30.9774173900004,85.291017390001,65.5854021004452,176.000000000002,0.516398144475316
-72.76,4.52,31.0978161700004,87.4605201700007,67.0114657581572,182.640000000001,0.498566905514421
-72.76,4.57,31.20581462,88.64244662,67.803758451295,186.12,0.512847474594135
-72.76,4.62,31.30112583,90.51529383,69.031694615455,191.88,0.423932570953643
-72.76,4.67,31.38395478,91.00547478,69.3740834507833,193.2,0.471984749291714
-72.76,4.72,31.45369668,94.45747268,71.5989589441155,204.16,0.696845331192543
-72.76,4.77,31.51045698,99.85918498,75.0614595576661,221.48,1.34467013006446
-72.76,4.82,31.55377666,110.39490466,81.7904126476382,255.479999999999,2.26364230181987
-72.76,4.87,31.58306888,129.952404879999,94.2628484612567,318.759999999998,2.59721089465063
-72.76,4.92,31.60020612,146.54753412,104.843286489013,372.48,3.56420396606411
-72.76,4.97,31.60542963,159.79786963,113.288138997719,415.4,3.31252052838898
-72.76,5.02,31.59652251,184.52633851,129.041595823113,495.56,7.42776504425217
-72.76,5.07,31.5799391100003,182.559403110018,127.782271153977,489.240000000057,7.26185343063417
-72.76,5.12,31.5400380700003,248.880846070043,170.027035069299,704.280000000138,14.8175795732768
-72.76,5.17,31.49168013,295.49280813,199.710082175972,855.48,6.69631728640997
-72.76,5.22,31.43604435,318.27357235,214.205530876499,929.48,12.9428052856105
-72.76,5.27,31.34134667,499.93193067,329.921734759359,1518.44,14.5872105935202
-72.76,5.32,31.2611949200002,537.007218920011,353.516590731739,1638.84000000004,15.5613609335446
-72.76,5.37,31.1525782700003,674.892178270051,441.335851599504,2086.00000000016,27.9565099420874
-72.76,5.42,31.04518831,749.71286831,488.971749637744,2328.8,34.9768538044723
-72.76,5.47,30.89776956,991.40909756,642.924248262069,3112.48,21.3156658854573
-72.76,5.52,30.78648186,984.37282586,638.400442511487,3090.04,5.81589623242193
-72.76,5.57,30.6486008800002,1075.40772887999,696.356783138606,3385.47999999998,11.7943155498289
-72.76,5.62,30.5115376200002,1117.35136162,723.033042578133,3521.83999999999,6.52851695959514
-72.76,5.67,30.37485655,1115.43714455,721.763736553974,3516.08,11.9656768670553
-72.76,5.72,30.24091885,1059.55770285,686.109421819345,3335.44,8.92282285232236
-72.76,5.77,30.1009355,999.7961995,647.979309798562,3142.24,10.5442877913073
-72.76,5.82,29.9121178500003,1170.13974184995,756.451698688253,3694.83999999983,12.8214999195794
-72.76,5.87,29.7716686500002,1047.29993264998,678.128665846949,3297.23999999992,22.3240546208335
-72.76,5.92,29.61732449,970.66216449,629.239986853803,3049.4,24.7855608012514
-72.76,5.97,29.47691145,791.89172745,515.278631371793,2470.56,8.74075270971029
-72.76,6.02,29.29266746,827.36929946,537.817675524628,2586.12,15.2502790467031
-72.76,6.07,29.0706004800003,1048.38874447999,678.568088082191,3303.03999999998,15.8035906606298
-72.76,6.12,28.8794165300003,1083.45202452999,700.840632389696,3417.27999999997,14.4902828920292
-72.76,6.17,28.68952053,1096.21098453,708.901594562715,3459.24,5.36896002793696
-72.76,6.22,28.48813291,1159.47010091,749.136490896441,3664.88,8.90893073703878
-72.76,6.27,28.31972051,1031.51660051,667.54492901405,3250.8,12.2811088113404
-72.76,6.32,28.1421434300001,946.375271429985,613.229452215406,2975.47999999995,7.88267417944668
-72.76,6.37,27.9482719900001,946.378903989981,613.161427992532,2976.11999999994,16.8042131982642
-72.76,6.42,27.78743621,761.99621221,495.616600435574,2379.16,16.8602409940056
-72.76,6.47,27.61095402,664.67245002,433.539018320301,2064.36,9.85719789489949
-72.76,6.52,27.43071921,591.48979921,386.842505879036,1827.8,8.56670429108576
-72.71,2.72,21.0779986200002,85.6988386199997,62.2536349743582,209.399999999999,0.486782660392016
-72.71,2.77,21.3314190300002,89.7788990299991,64.9453452162301,221.799999999997,0.45926025275359
-72.71,2.82,21.5915941300002,93.3842981299982,67.33705755635,232.639999999994,0.21180368162107
-72.71,2.87,21.8570251100002,92.958465109999,67.1620232763994,230.399999999996,0.456721268696658
-72.71,2.92,22.1274019600002,90.0687779600019,65.4188446523391,220.160000000005,0.241934882961569
-72.71,2.97,22.4036048100002,92.5545568100003,67.1029632439675,227.32,0.526856481886873
-72.71,3.02,22.6844136800003,98.7111096800002,71.1277268235519,246.36,0.527823365579605
-72.71,3.07,22.9666033800003,95.3271313800012,69.0738775555975,234.480000000003,0.607984428356609
-72.71,3.12,23.2517947800003,94.7112107800012,68.7848910274469,231.560000000003,0.545408007336408
-72.71,3.17,23.5394106900003,98.3934266900005,71.2355059818493,242.560000000001,0.460271684804837
-72.71,3.22,23.8261676200003,90.2368876200011,66.1422943795897,215.200000000003,0.864157619307987
-72.71,3.27,24.1136435200003,84.1918915199997,62.3947938803938,194.679999999998,0.448439187284974
-72.71,3.32,24.4017163200003,85.3440443200009,63.2334482553334,197.480000000002,0.49058984646954
-72.71,3.37,24.6887921600003,88.1369521600008,65.1172106626562,205.600000000002,0.506852322170858
-72.71,3.42,24.9740694300003,92.0883974300011,67.7385269006113,217.480000000002,0.74742039038009
-72.71,3.47,25.2561523400003,90.3954403400015,66.7621376393227,211.080000000004,0.505683574917054
-72.71,3.52,25.5356244500003,95.1928164499995,69.9203648411448,225.719999999997,0.339840943081876
-72.71,3.57,25.8100414600003,86.320329460001,64.3664826078641,196.080000000002,0.390082877510417
-72.71,3.62,26.0808858900003,88.4921498900002,65.8486065027291,202.24,0.497377908514584
-72.71,3.67,26.3464467700003,88.8070867700018,66.1456291870123,202.400000000005,0.40038543089172
-72.71,3.72,26.6063110900003,89.8569670900014,66.9088823755276,204.960000000003,0.451000825066492
-72.71,3.77,26.8599085100004,92.2831085100013,68.5467991839454,212.000000000003,0.546671287514006
-72.71,3.82,27.1065137100004,91.6039137099991,68.2034955536523,208.999999999996,0.396848964245397
-72.71,3.87,27.3456476300004,85.8808956300019,64.6436166065758,189.680000000005,0.423267553713077
-72.71,3.92,27.5771635200004,93.8767875200007,69.8225012199545,214.840000000001,0.870169189459001
-72.71,3.97,27.8001641300004,96.9142201300016,71.8388246740416,223.960000000004,0.584798631817798
-72.71,4.02,28.0143091800004,99.37497318,73.4844818188818,231.239999999999,0.558841935671354
-72.71,4.07,28.2192648700004,96.5803368700029,71.7781328987386,221.520000000008,0.650040685928421
-72.71,4.12,28.4145451700004,98.3062731699997,72.9487291314855,226.479999999998,0.275727460693889
-72.71,4.17,28.6000182100004,93.6528982100001,70.050945351828,210.799999999999,0.686825589685011
-72.71,4.22,28.7753518800004,86.4835518799997,65.5463356348471,186.999999999998,0.743151335369863
-72.71,4.27,28.9401234200004,80.5380434200008,61.8177088949228,167.200000000001,0.358393461530663
-72.71,4.32,29.0937234400004,81.48165944,62.4746977834379,169.759999999999,0.299634271372283
-72.71,4.37,29.2363217200004,80.1800097200008,61.6970382881834,165.080000000001,0.281561337850404
-72.71,4.42,29.3674450400004,81.2369330400007,62.418070438475,168.080000000001,0.28272577108596
-72.71,4.47,29.4870024400004,82.8994904400007,63.5208092222945,173.080000000001,0.358303748503007
-72.71,4.52,29.5949201000004,84.192432100001,64.383810185068,176.920000000002,0.456888509290442
-72.71,4.57,29.6910139200004,86.0660619200007,65.6125289592278,182.680000000001,0.445907826941958
-72.71,4.62,29.7753014100004,87.3970934100009,66.4912270073541,186.720000000002,0.459161791456363
-72.71,4.67,29.8475971000004,89.7283411000004,68.0029002432654,194.04,0.449544800494731
-72.71,4.72,29.9078598900004,93.1955478900004,70.2340275287387,205.08,0.525097160509118
-72.71,4.77,29.95624661,96.37931061,72.2802388206595,215.24,0.666445117059467
-72.71,4.82,29.9927118200008,100.193039820006,74.7235320582537,227.480000000017,1.64019154773433
-72.71,4.87,30.0156452400008,119.176357240005,86.8277983226261,288.920000000013,2.69749716137988
-72.71,4.92,30.0272997800004,134.013155780004,96.2858595983624,336.96000000001,3.02334906187703
-72.71,4.97,30.0273698900004,148.813681890002,105.716605541957,384.920000000004,2.54393838774345
-72.71,5.02,30.01874749,142.201019490002,101.49996681921,363.520000000006,3.94412944292302
-72.71,5.07,29.9958585500008,160.249746550014,112.992098246511,422.080000000043,5.11203126106531
-72.71,5.12,29.9551146600008,230.125418660005,157.501269220132,648.640000000015,7.77664411960081
-72.71,5.17,29.9089502100004,258.865462210014,175.797336666674,741.920000000044,9.09994518843014
-72.71,5.22,29.8459386600004,334.039130659992,223.674249391696,985.719999999973,7.23631439013047
-72.71,5.27,29.78052593,352.403309930003,235.351955110042,1045.44000000001,6.68174529272339
-72.71,5.32,29.6989893500008,415.856341350063,275.75389519023,1251.3200000002,9.01011061003379
-72.71,5.37,29.6052358300008,498.047691830089,328.09123850657,1517.96000000029,14.3260864448425
-72.71,5.42,29.5028779300004,576.230981930062,377.871571296016,1771.6400000002,19.8604663041304
-72.71,5.47,29.3643265500004,842.537670550037,547.508781273941,2635.04000000012,28.3619492616645
-72.71,5.52,29.22708,1040.68209599997,673.714275270235,3277.55999999991,11.1121913371908
-72.71,5.57,29.1347006600008,881.51258866012,572.259827984079,2762.08000000039,23.3029843454343
-72.71,5.62,28.9919511000008,1014.19127910004,656.749331943205,3192.48000000013,20.92138900744
-72.71,5.67,28.8672840800004,979.071372080045,634.326111138184,3079.08000000015,17.3698321089816
-72.71,5.72,28.7223482000004,1037.4123082,671.44768243045,3268.60000000001,21.1444643732344
-72.71,5.77,28.57362291,1081.67729491,699.598850092307,3412.52000000001,8.15716324473452
-72.71,5.82,28.4147092300008,1157.84133323,748.072020381552,3659.84,7.39725811840561
-72.71,5.87,28.2591855800008,1178.69529757993,761.303494453591,3727.91999999977,5.72552316922428
-72.71,5.92,28.1070007000004,1147.99171269993,741.684318173969,3628.91999999978,19.9514317355071
-72.71,5.97,27.9799177900004,924.067909789968,598.956607354819,2903.7199999999,27.0183572150073
-72.71,6.02,27.8352129,794.595116900019,516.405571598641,2484.64000000006,1.98393258812512
-72.71,6.07,27.6471696200007,934.42506562004,605.435339811966,2938.36000000013,20.2011370052515
-72.71,6.12,27.4973303800007,803.490546380168,521.951046479511,2514.56000000054,25.4325088687612
-72.71,6.17,27.2947763200004,1010.96344832,654.076841230428,3187.51999999999,24.1899014771323
-72.71,6.22,27.1464357800004,847.713835780099,550.002295695244,2659.00000000032,23.6100360228998
-72.71,6.27,26.97156618,854.933022179997,554.538831286441,2682.95999999999,25.6784323004608
-72.71,6.32,26.8014430600007,827.556723060068,537.033254006982,2594.80000000022,25.3608888136771
-72.71,6.37,26.6161082600007,901.373668260007,584.001298374924,2834.60000000002,24.187257392873
-72.71,6.42,26.4662750800004,743.047819080007,483.063575176825,2322.04000000002,23.3269582496163
-72.71,6.47,26.3119217800004,621.74944978001,405.717685070395,1929.48000000003,17.8677103527314
-72.71,6.52,26.1607696800004,489.616249680029,321.469130124027,1501.80000000009,15.1934280381296
-72.66,2.72,20.39357854,84.92801054,61.5141567368644,209.12,0.441602588008912
-72.66,2.77,20.61952316,88.31401916,63.7536568309266,219.36,0.339375606270792
-72.66,2.82,20.8520626700001,90.1265906699998,64.9929740779576,224.479999999999,0.719187260861526
-72.66,2.87,21.08893682,83.52488882,60.87238833487,202.32,0.546809232026383
-72.66,2.92,21.33490974,92.2635337399994,66.5297915914118,229.839999999998,0.714092088543412
-72.66,2.97,21.58443628,95.61140428,68.7535463501216,239.88,0.212897659930879
-72.66,3.02,21.8370379300001,94.1235019300006,67.8971193991737,234.240000000002,0.685065895768547
-72.66,3.07,22.09257585,90.1573918500003,65.4626730530435,220.560000000001,0.471313077640706
-72.66,3.12,22.35156308,89.97199508,65.4385040445033,219.12,0.706941588094451
-72.66,3.17,22.6138513,97.3691152999994,70.2470229832841,242.239999999998,0.38909315270889
-72.66,3.22,22.87456975,88.97668975,64.994060232825,214.2,0.468177864937873
-72.66,3.27,23.1372989300001,88.9555069299989,65.0758840382015,213.279999999996,0.399605613808325
-72.66,3.32,23.3987767700001,81.7982407700006,60.6102257847987,189.240000000002,0.290888016422637
-72.66,3.37,23.6612315,86.8378235,63.9166100791033,204.72,0.504267142460887
-72.66,3.42,23.92122398,85.66591198,63.2642102349188,200.08,0.702732918092179
-72.66,3.47,24.17934951,87.20781351,64.3403426762566,204.24,0.582392374446585
-72.66,3.52,24.4351198,93.6108957999995,68.513107599393,224.159999999999,0.36761672802491
-72.66,3.57,24.68583653,86.1095805300002,63.8243210570845,199.04,0.608333381989744
-72.66,3.62,24.93296409,82.82632409,61.8219296109055,187.6,0.544558289048791
-72.66,3.67,25.1762656400001,89.4761616399997,66.1474002665237,208.359999999999,0.397673112234091
-72.66,3.72,25.41360167,88.86176167,65.8420201726555,205.6,0.29140022942854
-72.66,3.77,25.64518507,89.6364810699999,66.4196834197599,207.36,0.371669433262589
-72.66,3.82,25.87023424,88.0839942400001,65.5121076356001,201.6,0.51415302933393
-72.66,3.87,26.08828346,83.82117146,62.8749981169883,187.08,0.188594111182438
-72.66,3.92,26.2993919,88.8711279000008,66.1693633766466,202.760000000003,0.697983064521583
-72.66,3.97,26.50262785,95.62902785,70.5491538451111,224,0.350219134116208
-72.66,4.02,26.6972623700002,92.638910370001,68.7145019889085,213.680000000003,0.688985551334744
-72.66,4.07,26.88336395,95.79991595,70.7961772769116,223.32,0.29948075109678
-72.66,4.12,27.06035461,96.54473061,71.3349786861572,225.16,0.287778050545673
-72.66,4.17,27.2279484,93.6510124,69.5519406106594,215.24,0.562621405209085
-72.66,4.22,27.38590661,87.7480666099995,65.8479623450163,195.599999999998,0.818203658512023
-72.66,4.27,27.5340009700001,79.2553609700001,60.4902409556279,167.6,0.520746231752858
-72.66,4.32,27.67179592,78.59079592,60.1167815860417,165,0.381387118439051
-72.66,4.37,27.79909568,79.24888768,60.5822957420755,166.72,0.300942729535626
-72.66,4.42,27.9156898,81.0812978,61.7921875608828,172.28,0.309539210398893
-72.66,4.47,28.0215035199999,81.56977552,62.1418302640699,173.52,0.251828918709185
-72.66,4.52,28.1163782400002,81.9362182400003,62.4097449076225,174.4,0.341051643931665
-72.66,4.57,28.20016063,83.35315263,63.3429960132422,178.72,0.420796522704166
-72.66,4.62,28.27280831,85.20333631,64.5482686474022,184.48,0.424485419449078
-72.66,4.67,28.33427967,87.58547967,66.0884448086667,192,0.465545715671387
-72.66,4.72,28.38460295,90.01819495,67.6568001452839,199.72,0.555899016466158
-72.66,4.77,28.42381771,92.42745771,69.2061815108305,207.4,0.622288560156213
-72.66,4.82,28.4519711800001,95.0601951800003,70.8939451567179,215.840000000001,0.749235044067283
-72.66,4.87,28.4690488700001,99.2618888700021,73.5774107596375,229.400000000007,1.69808514489493
-72.66,4.92,28.47516499,104.97093299,77.2173652742327,247.88,2.54543240348474
-72.66,4.97,28.46993532,118.19847132,85.6438991518683,290.76,3.00969430204895
-72.66,5.02,28.45529738,118.82572138,86.0382646675372,292.84,5.11293257994447
-72.66,5.07,28.4230123899999,198.436924389985,136.753869984752,550.919999999952,3.19210686011393
-72.66,5.12,28.39182804,158.139612040014,111.065584242619,420.440000000046,3.34425588633964
-72.66,5.17,28.34516506,178.01616506,123.713759290486,485,4.6287886725188
-72.66,5.22,28.28512466,235.84948466,160.542684411392,672.6,16.6516703266259
-72.66,5.27,28.20274291,419.19894291,277.340905569847,1267,14.8091798272085
-72.66,5.32,28.1237179699999,480.407877969983,316.313845195145,1465.59999999995,3.91071164334143
-72.66,5.37,28.0420156300001,486.152543630001,319.944635760458,1484.48,17.4448462223252
-72.66,5.42,27.92060984,783.34872184,509.270484455859,2447.92,19.5234524702792
-72.66,5.47,27.81885822,825.40173022,536.029248241806,2584.52,6.61349742507065
-72.66,5.52,27.71764736,797.21791936,518.034136196292,2493.52,31.5681040123679
-72.66,5.57,27.62040567,673.631301670021,439.250921996468,2093.36000000007,16.5343565532073
-72.66,5.62,27.49231003,769.243270029991,500.127264859677,2403.59999999997,31.6741917807087
-72.66,5.67,27.36365213,816.61432413,530.264862679181,2557.52,23.6080299117762
-72.66,5.72,27.24721271,708.83351671,461.545959021795,2208.64,16.5156239388541
-72.66,5.77,27.08865036,926.17623436,599.976644534984,2913.44,26.9838163575525
-72.66,5.82,26.9318407800001,1087.19503277999,702.519029583225,3435.71999999998,17.259910530051
-72.66,5.87,26.7825315800001,1147.85226758,741.114932356782,3632.75999999999,8.8370462473378
-72.66,5.92,26.62976634,1207.72837434,779.211855672896,3827.28,2.59651049618358
-72.66,5.97,26.4931805,1102.9146685,712.376244754585,3488.08,22.2979640421123
-72.66,6.02,26.37001605,861.93537605,558.782399015905,2707.6,25.3914018668305
-72.66,6.07,26.23572971,699.563897710072,455.272489255639,2181.88000000023,12.1838411746824
-72.66,6.12,26.0867649200001,650.322844920044,423.842625558022,2022.80000000014,3.55274792316936
-72.66,6.17,25.9274949,680.3199669,442.898652503362,2120.52,18.0304647503396
-72.66,6.22,25.75917491,782.05136691,507.659631100797,2450.72,12.5027536228794
-72.66,6.27,25.62577515,587.91966315,383.912802315946,1822.08,16.5627453132648
-72.66,6.32,25.4791357599998,510.228015760021,334.35539930073,1570.80000000007,10.8898493508987
-72.66,6.37,25.3210108100001,536.73293081008,351.186648663167,1657.20000000026,4.13065587802588
-72.66,6.42,25.17545008,470.04086608,308.638441211752,1441.56,5.53982216408992
-72.66,6.47,25.02169066,486.52681866,319.08730983486,1495.48,6.67962045674716
-72.66,6.52,24.86006421,584.78390421,381.6369247704,1814.4,26.2918972964979
-72.61,2.72,19.74328762,83.35191962,60.2739569865728,206.12,0.694428044058917
-72.61,2.77,19.94241582,88.31583182,63.5091492998072,221.56,0.473399864883131
-72.61,2.82,20.1458866400001,82.5694946400008,59.9214727038,202.280000000003,0.729478824709488
-72.61,2.87,20.35773118,84.63293918,61.3131349043827,208.28,0.43146133519102
-72.61,2.92,20.57593592,89.6776479200002,64.6067310129701,223.92,0.776248449313461
-72.61,2.97,20.79944345,96.48050745,69.0225239635761,245.24,0.407388760536265
-72.61,3.02,21.02396295,88.9406509500012,64.2996747401974,220.080000000004,0.449129423442737
-72.61,3.07,21.2537912000001,89.0840712,64.4744448327028,219.8,0.261934141579712
-72.61,3.12,21.48581493,85.99555893,62.5906622247233,209.04,0.257901772143287
-72.61,3.17,21.7219526200001,92.712296620001,66.9561617267656,230.040000000003,0.376902921041993
-72.61,3.22,21.95777075,90.52869075,65.6503514469361,222.2,0.474656310368862
-72.61,3.27,22.19365962,84.2469476200003,61.733282151683,201.080000000001,0.660640259176043
-72.61,3.32,22.4303769099999,81.7556409099987,60.2317347550891,192.239999999996,0.432799279949019
-72.61,3.37,22.6669161,81.5848281,60.2087140597616,190.92,0.547060996046968
-72.61,3.42,22.90215504,81.0917710400014,59.9798913865998,188.560000000005,0.313359220550204
-72.61,3.47,23.13622934,85.70796534,63.0062008166461,202.76,0.532985213416835
-72.61,3.52,23.36765739,90.0993213899994,65.8882858774229,216.239999999998,0.632951440224078
-72.61,3.57,23.5951672000001,88.9689911999992,65.2505960696617,211.839999999997,0.514557701939133
-72.61,3.62,23.81815842,81.05728642,60.2902550341661,185.48,0.28686754995021
-72.61,3.67,24.0384796100001,87.2767916100002,64.3331854444562,204.92,0.445712473619729
-72.61,3.72,24.25307857,86.15823857,63.6983156888361,200.6,0.522157258520528
-72.61,3.77,24.46246909,87.2193650900002,64.4504223327045,203.360000000001,0.284224095002905
-72.61,3.82,24.6657149600001,86.0030509599999,63.7491413295905,198.759999999999,0.601806491956795
-72.61,3.87,24.86250668,84.18777068,62.66386452509,192.24,0.454577270261113
-72.61,3.92,25.0531800700001,93.6858200699993,68.7850880222884,222.399999999997,0.590642901184745
-72.61,3.97,25.23582204,93.78205404,68.912671834795,222.12,0.407566321036806
-72.61,4.02,25.4104665599999,88.9080025599998,65.8703468669376,205.759999999999,0.545906686318584
-72.61,4.07,25.57752104,94.88908104,69.7420288011694,224.6,0.729199793653256
-72.61,4.12,25.73580101,95.23252101,70.0182905372278,225.2,0.70019046569971
-72.61,4.17,25.88512123,90.54299323,67.08435393757,209.52,0.656907496265618
-72.61,4.22,26.0254269500003,87.1899469499999,64.9987370046028,198.199999999999,0.599386951221349
-72.61,4.27,26.1563590899999,80.9760630899996,61.0868272943369,177.639999999999,0.607535030940899
-72.61,4.32,26.27777428,76.46847828,58.2586983328789,162.64,0.404532922658059
-72.61,4.37,26.38944117,77.28375317,58.8186959339005,164.92,0.339969822193106
-72.61,4.42,26.4911074,78.0890274,59.3686928749222,167.2,0.409427825877169
-72.61,4.47,26.5826196200001,80.2913636199998,60.8051972279871,174.039999999999,0.371450522849159
-72.61,4.52,26.66389951,80.24920351,60.8078226072816,173.64,0.317966673323035
-72.61,4.57,26.73484061,81.25828861,61.4765379886439,176.68,0.401405604173998
-72.61,4.62,26.79538652,83.10871452,62.6775743038744,182.48,0.420825399413604
-72.61,4.67,26.84553567,84.98577567,63.8918102123166,188.4,0.470875948619193
-72.61,4.72,26.88531586,86.59324386,64.9305026882772,193.48,0.51361000905215
-72.61,4.77,26.91475511,88.57303511,66.202683207425,199.8,0.556427425516114
-72.61,4.82,26.93393041,90.87585041,67.6769669554778,207.2,0.607702846833202
-72.61,4.87,26.9429629500002,93.1685229500008,69.1411079435311,214.600000000002,0.76238202048152
-72.61,4.92,26.94197319,95.83383719,70.8390556147705,223.24,1.11490461641791
-72.61,4.97,26.93105577,100.20503977,73.6203733248177,237.44,1.6881299710053
-72.61,5.02,26.91043643,105.46765243,76.9661670430155,254.56,1.83256024474913
-72.61,5.07,26.8796826699996,122.829594669996,88.0178338414255,310.919999999987,6.82049813880907
-72.61,5.12,26.8374194699996,177.570003469982,122.882442492542,488.439999999944,7.25185873501129
-72.61,5.17,26.78558528,239.10238528,162.071343693555,688,3.48449536894646
-72.61,5.22,26.73309048,175.29313048,121.393794114136,481.4,2.0151136449376
-72.61,5.27,26.66179981,272.39380781,183.239334271549,796.28,18.2944097278812
-72.61,5.32,26.5797810900002,404.762909089991,267.553605538605,1225.47999999997,17.2041444244976
-72.61,5.37,26.4941246599999,475.963852659965,312.890929041046,1456.47999999989,12.4840984676949
-72.61,5.42,26.40061055,554.15598655,362.680105620532,1710.16,19.9742941160929
-72.61,5.47,26.2928477,730.3452317,474.906714960206,2281.44,20.4422825262135
-72.61,5.52,26.20788548,515.93139748,338.25392580215,1586.92,18.3033971627208
-72.61,5.57,26.0948557700004,597.696119770013,390.312433043154,1852.24000000004,12.4801602652317
-72.61,5.62,25.9912373299999,485.015221330019,318.47590083969,1487.44000000006,7.72336347837234
-72.61,5.67,25.86698004,575.58233204,376.13911256505,1781.32,16.9226652611592
-72.61,5.72,25.72948299,774.07213899,502.56458869136,2424.96,15.200989230593
-72.61,5.77,25.60098092,805.48255692,522.532314106629,2527.16,10.5638800746189
-72.61,5.82,25.4591292300002,957.085497230009,619.080452426974,3018.88000000003,23.4516022790668
-72.61,5.87,25.3159088099999,1084.82611680995,700.423305097894,3433.27999999985,19.718142545545
-72.61,5.92,25.17538129,1146.50434129,739.672956539266,3633.6,10.3618765332043
-72.61,5.97,25.04157774,1101.43837774,710.908911092444,3488,9.93103963069841
-72.61,6.02,24.91290339,976.41311139,631.197602810563,3083.28,19.6982150094656
-72.61,6.07,24.7750142500002,948.797478249962,613.551219587482,2994.23999999988,27.2957178243635
-72.61,6.12,24.64140009,863.650736090011,559.248243904597,2718.76000000003,28.1431991528485
-72.61,6.17,24.51201574,728.45330374,473.055093940571,2281.08,12.9348914514557
-72.61,6.22,24.37801255,652.92214855,424.878915611618,2036.76,4.70869639683632
-72.61,6.27,24.22894429,760.88183229,493.615467827544,2387.08,19.5288508902548
-72.61,6.32,24.1004966599997,647.188584660039,421.124870348457,2019.08000000013,17.3817219717367
-72.61,6.37,23.9462236600001,843.563135659948,546.196443842714,2655.91999999983,16.2501076747774
-72.61,6.42,23.82796204,662.56824204,430.825727685897,2069.8,22.9490741069766
-72.61,6.47,23.69783031,643.26787831,418.480550443324,2007.68,18.5308372342934
-72.61,6.52,23.54438921,903.26423721,584.091490655282,2850.68,32.3753929026881
-72.56,2.72,19.1269969,79.1064929,57.3452236518294,194.36,0.505665869617501
-72.56,2.77,19.29820393,80.87007593,58.5310738699311,199.52,0.698786783394926
-72.56,2.82,19.4755114400001,78.7267114400007,57.2296765786671,192.000000000002,0.332243655725748
-72.56,2.87,19.66167102,85.87488702,61.85195056246,214.56,0.528505761007369
-72.56,2.92,19.85204483,87.10215683,62.7030222623866,217.92,0.467163248642636
-72.56,2.97,20.04775344,89.43337744,64.2594539075927,224.84,0.510010722643161
-72.56,3.02,20.24784313,91.8430431299989,65.8674593392215,231.999999999997,0.226025130130575
-72.56,3.07,20.4500603,87.4162602999996,63.1201323577636,216.999999999999,0.433705124401251
-72.56,3.12,20.65661051,88.70908251,64.0188422619728,220.52,0.392458544280862
-72.56,3.17,20.8662967500001,93.9057447499995,67.4061707344769,236.679999999998,0.237137163412405
-72.56,3.22,21.07549874,88.94281074,64.3197487259144,219.92,0.666849599122375
-72.56,3.27,21.28543272,82.2894807200003,60.1564919106857,197.680000000001,0.746023337400783
-72.56,3.32,21.49581566,75.7600396600006,56.0723385661626,175.840000000002,0.456596463679846
-72.56,3.37,21.70762132,78.46533332,57.8729653424144,183.92,0.551340557444161
-72.56,3.42,21.91881889,83.5770988899993,61.2067469874245,199.799999999998,0.577729537166238
-72.56,3.47,22.1282155,87.9834555,64.0903969614139,213.4,0.135952687766614
-72.56,3.52,22.33409118,84.39972318,61.8815791627533,201.12,0.660159766106575
-72.56,3.57,22.5379076,85.5787156000001,62.7067662173273,204.28,0.45455822440411
-72.56,3.62,22.73728288,79.30983488,58.7846451363561,183.32,0.202635929039384
-72.56,3.67,22.93438144,85.1481414400002,62.5762548356001,201.600000000001,0.231202398991208
-72.56,3.72,23.12568588,81.10545388,60.0697095583994,187.88,0.528952803594798
-72.56,3.77,23.31306889,86.0329328899994,63.2774257794923,203.239999999998,0.405015710919807
-72.56,3.82,23.49363233,79.3749203300008,59.1005293264055,181.080000000002,0.570026247247416
-72.56,3.87,23.66951294,84.75996894,62.5956302881794,197.96,0.81482430426799
-72.56,3.92,23.8391823300002,93.36059033,68.137402759369,225.28,0.487791580390962
-72.56,3.97,24.00101148,91.64613148,67.1036833466444,219.2,0.6787430274886
-72.56,4.02,24.15522437,84.7025443700008,62.7352618710755,196.200000000003,0.291223023563166
-72.56,4.07,24.30253813,86.40520213,63.873622465965,201.24,0.778215810394016
-72.56,4.12,24.44179261,86.61852061,64.0600696523883,201.48,0.581568325705167
-72.56,4.17,24.57279844,86.89765444,64.285460895235,201.96,0.453406919261614
-72.56,4.22,24.6951518700002,84.7857438700002,62.9841676814646,194.72,0.382373934963278
-72.56,4.27,24.80866479,80.6405767899999,60.3840999821227,180.92,0.611213923682863
-72.56,4.32,24.91314046,74.10398046,56.2569629761639,159.4,0.424188927410543
-72.56,4.37,25.00875872,75.19946272,56.9896827728789,162.64,0.345061809790836
-72.56,4.42,25.0950259,76.2979379,57.7209169406644,165.92,0.34847025167708
-72.56,4.47,25.1718131499999,77.15239715,58.2932276081094,168.44,0.414350103287586
-72.56,4.52,25.2390388999999,78.1577668999999,58.9582276394715,171.48,0.359567232227663
-72.56,4.57,25.29663268,78.68443268,59.3147085601528,173,0.381477624053723
-72.56,4.62,25.34458615,80.62101815,60.5660760439478,179.12,0.422390048274274
-72.56,4.67,25.38287585,81.89370785,61.3909108510033,183.12,0.432555787130078
-72.56,4.72,25.4115425,83.5641265,62.4656824933872,188.44,0.457694002636729
-72.56,4.77,25.43064563,85.48420563,63.6960650882528,194.6,0.493018560245792
-72.56,4.82,25.4402793799999,87.2837193799997,64.8461892434831,200.399999999999,0.520543712502552
-72.56,4.87,25.4405712900001,88.7159152900002,65.7588734776679,205.04,0.592063800007967
-72.56,4.92,25.43169358,88.67000558,65.7263994144561,204.92,0.748427014005759
-72.56,4.97,25.41374827,92.25650827,68.0051658170583,216.6,0.927377331925441
-72.56,5.02,25.38693987,98.11778787,71.7301775777133,235.68,1.14384077664945
-72.56,5.07,25.35148962,106.10593762,76.8072705235745,261.68,1.78882884515715
-72.56,5.12,25.3077862299999,110.678890230003,79.705245833964,276.64000000001,4.66833644853633
-72.56,5.17,25.25593127,119.35424327,85.214264780845,304.92,10.3141154366304
-72.56,5.22,25.19338023,226.35120423,153.368770875773,651.84,5.45886494248803
-72.56,5.27,25.12728675,200.65896675,136.9740009733,568.8,4.98254850416811
-72.56,5.32,25.0512961099999,263.043616109995,176.697192750308,771.199999999984,15.7883319941455
-72.56,5.37,24.9682728199998,330.432896819993,219.606725011963,989.839999999978,19.4016200544257
-72.56,5.42,24.87310972,548.57965372,358.57273683939,1697.04,11.0467253845211
-72.56,5.47,24.78292104,474.46249704,311.313438089268,1457.16,21.8907177506927
-72.56,5.52,24.68308514,510.19729314,334.047006647091,1573.28,8.32058091240915
-72.56,5.57,24.58170007,461.016164070032,302.672588120582,1414.2400000001,8.08269961650211
-72.56,5.62,24.46625915,638.790107149971,415.90616257832,1990.67999999991,19.1312759746108
-72.56,5.67,24.34877376,760.50790176,493.420679254721,2385.48,11.6419322498536
-72.56,5.72,24.2292665,841.5501945,545.016512783624,2648.48,14.364918600488
-72.56,5.77,24.10715263,907.93755263,587.273449281777,2864,13.3780890990857
-72.56,5.82,23.9908798100001,791.874087810018,513.276994556061,2488.28000000006,14.3909356289695
-72.56,5.87,23.8636114599998,864.020939460014,559.201942224161,2722.48000000005,15.0091316359592
-72.56,5.92,23.72987707,1030.32135707,665.118084618452,3261.8,17.8650581067717
-72.56,5.97,23.59768788,1134.84159988,731.669189604622,3600.92,11.1083682473301
-72.56,6.02,23.46815346,1169.62089746,753.783150812154,3714.04,5.81822575914872
-72.56,6.07,23.34056107,1161.30923306998,748.440764362363,3687.51999999994,11.0002264577971
-72.56,6.12,23.2166758,1088.09652379998,701.7455433036,3450.67999999992,23.8168171907384
-72.56,6.17,23.10734255,760.78478255,493.1466985264,2390.4,13.7102804327021
-72.56,6.22,22.97649004,858.75169804,555.522585674105,2708.28,25.0874992319381
-72.56,6.27,22.84859933,928.33037533,599.810897159532,2934.16,24.9140843049091
-72.56,6.32,22.7339788599998,801.986010860052,519.264174042064,2525.12000000017,29.8965565948677
-72.56,6.37,22.61367905,819.850919050028,530.603836441848,2583.40000000009,8.83086413990922
-72.56,6.42,22.49760663,816.08102263,528.159590504946,2571.56,18.5832734006643
-72.56,6.47,22.39189725,702.37348125,455.668134922623,2203.44,1.95970576823563
-72.56,6.52,22.27633628,803.70091228,520.190850850449,2532.16,14.5247439864339
-72.51,2.72,18.54604951,76.08143351,55.2069169498594,186.44,0.393301667647225
-72.51,2.77,18.69005464,76.90435864,55.78352188874,188.64,0.394495594671891
-72.51,2.82,18.8420516400002,80.8089316399995,58.3266160141886,200.799999999998,0.35805415345182
-72.51,2.87,18.9998241,82.1146961,59.2158754237505,204.52,0.18107414308221
-72.51,2.92,19.1633916100002,83.3028156100009,60.0322753726073,207.840000000002,0.476432212219434
-72.51,2.97,19.33349836,89.97821036,64.3474748367894,228.92,0.189010496855172
-72.51,3.02,19.5054821700001,86.3112101700005,62.073303363847,216.480000000001,0.815846755189291
-72.51,3.07,19.6814371300001,83.0308451300004,60.0469320240914,205.280000000001,0.285918538602406
-72.51,3.12,19.86198293,85.71722293,61.8241643914139,213.4,0.505417262707731
-72.51,3.17,20.0452533500002,89.579005350001,64.3513392304401,225.320000000003,0.54233174067582
-72.51,3.22,20.23039043,93.82531843,67.1242097126522,238.48,0.33061741954292
-72.51,3.27,20.4137231600001,84.1581391599997,61.0309124883487,206.559999999999,1.03231829261561
-72.51,3.32,20.5979880000002,75.726292,55.7250924811012,178.639999999999,0.386315652353504
-72.51,3.37,20.78427567,77.45557967,56.8945615349205,183.64,0.470623060010849
-72.51,3.42,20.9699306900001,79.7520586900004,58.4252086879858,190.480000000001,0.620153934428978
-72.51,3.47,21.15471339,84.72631339,61.6617864033611,206,0.707635465260732
-72.51,3.52,21.3358224400001,80.0068544400005,58.7203113783509,190.120000000001,0.370890832920945
-72.51,3.57,21.5159427800001,83.9272067800001,61.283663392729,202.24,0.531522007258925
-72.51,3.62,21.69150728,78.75781928,58.0534875791783,184.92,0.219913138527016
-72.51,3.67,21.8652870600001,85.04187906,62.1206656391033,204.72,0.251795956337789
-72.51,3.72,22.03298266,78.30927866,57.8915740906628,182.36,0.458549356285102
-72.51,3.77,22.1975400700001,81.6462440700003,60.0775524257958,192.640000000001,0.7629265985968
-72.51,3.82,22.3559846400001,77.4842886400002,57.4830891211013,178.64,0.261652298640823
-72.51,3.87,22.510496,85.946312,62.931049051585,205.56,0.758459597980807
-72.51,3.92,22.6584508200003,90.3652908200007,65.8004499419978,219.400000000001,0.407486774380617
-72.51,3.97,22.79912021,86.96323221,63.6837348747477,207.92,0.500449699108305
-72.51,4.02,22.9337972400003,90.4554772399987,65.9578145959381,218.799999999995,0.247139330430154
-72.51,4.07,23.06027996,82.97805596,61.2391794564766,194.16,0.511808772459779
-72.51,4.12,23.18044681,86.61626281,63.600999861585,205.56,0.446136224739504
-72.51,4.17,23.29236991,84.33344991,62.1870254538972,197.8,0.403600406784858
-72.51,4.22,23.3966736100003,86.0795056099996,63.3374341462809,203.119999999998,0.188230776989627
-72.51,4.27,23.4922812200003,81.1511052199999,60.231803170565,186.839999999999,0.75816366492873
-72.51,4.32,23.57932834,72.90595234,55.00967081794,159.84,0.472057201852721
-72.51,4.37,23.65843629,73.30600429,55.2932804957744,160.88,0.316617171383891
-72.51,4.42,23.72885428,73.96893428,55.7412401371611,162.8,0.365398198281073
-72.51,4.47,23.7904750900001,74.9563550900002,56.392769777453,165.8,0.364451889300964
-72.51,4.52,23.8431978400001,75.8237818400002,56.9646122981096,168.44,0.374743014485193
-72.51,4.57,23.88698816,76.75634016,57.5747150951894,171.32,0.333192121301766
-72.51,4.62,23.92184854,78.17372854,58.4905059950916,175.8,0.3900016719319
-72.51,4.67,23.94777941,79.74265941,59.4996182489111,180.8,0.384643694143195
-72.51,4.72,23.96481881,81.17925881,60.421184522025,185.4,0.395438728648545
-72.51,4.77,23.97304862,82.54532862,61.2946139497861,189.8,0.445407607687712
-72.51,4.82,23.9725847200003,84.1248967200006,62.3009277868177,194.920000000001,0.465081968730177
-72.51,4.87,23.9635361500003,84.6836721500008,62.6536899660634,196.760000000002,0.487272052320785
-72.51,4.92,23.94609249,85.03654849,62.8722098381794,197.96,0.441808905731742
-72.51,4.97,23.92050551,88.84994551,65.2927781411222,210.4,0.638168265169745
-72.51,5.02,23.88692608,92.88988608,67.8547975644055,223.6,0.814882820336534
-72.51,5.07,23.8455889500003,96.1320529500021,69.9056704191747,234.240000000006,1.02202330092265
-72.51,5.12,23.7967784700001,99.3667464700007,71.9490699239416,244.880000000002,1.09047394507914
-72.51,5.17,23.74079878,103.86570278,74.7954416789761,259.64,2.09504374187143
-72.51,5.22,23.67804473,127.83671673,90.0467208633477,337.52,8.90573045615274
-72.51,5.27,23.60881068,195.74589068,133.292525858897,557.8,5.79017552937784
-72.51,5.32,23.5331163900001,164.921292390008,113.623992952148,458.160000000024,6.87594885442961
-72.51,5.37,23.45163331,297.587185309996,198.127570684895,888.319999999986,16.6172851215692
-72.51,5.42,23.36433624,428.70426424,281.642153043833,1313.48,18.8370726503628
-72.51,5.47,23.27261856,354.14119456,234.098169055171,1072.16,11.7414175984173
-72.51,5.52,23.17606088,373.90613288,246.657122147695,1136.52,10.920302613746
-72.51,5.57,23.0743565900001,542.127212589991,353.808708655785,1681.95999999997,15.7763928133475
-72.51,5.62,22.9692301700001,632.392510169997,411.286549523326,1974.79999999999,14.7838475400147
-72.51,5.67,22.86209565,583.56360765,380.134479627845,1816.92,21.0701595309098
-72.51,5.72,22.75194371,574.29420771,374.188162993492,1787.24,14.0825833625273
-72.51,5.77,22.63941316,580.39070916,378.031954331982,1807.36,12.0620301727748
-72.51,5.82,22.5235022500003,712.923422250014,462.438180626181,2237.20000000005,23.3987978883661
-72.51,5.87,22.40395952,979.52068751999,632.26743917766,3101.47999999997,16.2110840011628
-72.51,5.92,22.28703021,995.33986221,642.304807199753,3153.12,13.6867911791012
-72.51,5.97,22.17048822,969.17748022,625.592163450881,3068.72,24.8735812513206
-72.51,6.02,22.05167313,1075.53800913,693.320729295493,3413.76,14.6800309003389
-72.51,6.07,21.9343981700002,1123.08091817,723.571960918911,3568.20000000001,8.38542612554159
-72.51,6.12,21.8223953800002,971.989451380019,627.257626084955,3078.96000000006,18.8183796903324
-72.51,6.17,21.71286854,795.65698054,514.860919761692,2507.92,14.5152379984828
-72.51,6.22,21.59537036,1056.61508236,681.097711723942,3353.92,26.5427419904549
-72.51,6.27,21.48264644,1191.03961444,766.710539021927,3789.88,15.0583869821186
-72.51,6.32,21.3771702400001,1156.11171423998,744.416625351874,3677.03999999992,27.3819082137907
-72.51,6.37,21.27890738,997.689307380003,643.436087060946,3164.00000000001,16.9476933276363
-72.51,6.42,21.18095463,964.49709063,622.250859990785,3056.76,18.5102196115703
-72.51,6.47,21.09609507,676.38967907,438.641430601512,2123.44,15.4172682425088
-72.51,6.52,21.00373459,753.73123059,487.889044687107,2374.36,14.8500507197198
-72.46,2.72,18.0003816800002,73.1657176800008,53.1510825143133,178.760000000002,0.458228581507727
-72.46,2.77,18.1184173200002,76.7400733200002,55.4714444540685,189.96,0.612591412984108
-72.46,2.82,18.2442155200002,82.5564555199993,59.223215597594,208.399999999997,0.528164746497726
-72.46,2.87,18.3755505800002,84.9467425799994,60.7939282035057,215.719999999997,0.453769653581369
-72.46,2.92,18.5134168800002,89.8493928799978,63.9678586167392,231.159999999992,0.30913488172651
-72.46,2.97,18.6550798600002,89.4726078599995,63.7791726517769,229.479999999998,0.652876382835759
-72.46,3.02,18.7990526600002,80.2104526600026,57.9296717360156,199.000000000008,0.750419333038177
-72.46,3.07,18.9501677700002,83.3241277699997,59.9684951029471,208.599999999999,0.234727619333757
-72.46,3.12,19.1039282500002,83.9716482500009,60.4368736257701,210.200000000002,0.424612977762118
-72.46,3.17,19.2616877600002,90.3631277599995,64.5666859263997,230.399999999998,0.506937389875636
-72.46,3.22,19.4203399900002,92.3240039899998,65.873694012701,236.239999999998,0.296850712056315
-72.46,3.27,19.5782477800002,85.0137917799998,61.2730039050149,212.039999999998,0.810973020200421
-72.46,3.32,19.7371723200002,78.5193003199991,57.1924503179851,190.479999999996,0.721703928459576
-72.46,3.37,19.8964142700003,72.5065422700021,53.4189667327092,170.480000000006,0.0838544845830557
-72.46,3.42,20.0573948100003,76.8768268100005,56.2620660877676,184.120000000001,0.59635300487396
-72.46,3.47,20.2163724100003,76.8012684100024,56.2716001174283,183.360000000007,0.634708705912114
-72.46,3.52,20.3741713100003,79.10692331,57.7979875037034,190.319999999999,0.266457239683494
-72.46,3.57,20.5290322500003,77.5583122500018,56.8674161959679,184.800000000005,0.822368423335742
-72.46,3.62,20.6813374600003,76.8959134600009,56.5006016353107,182.160000000002,0.26817476024353
-72.46,3.67,20.8313818400003,81.98355784,59.7968264435323,198.159999999999,0.374971738695239
-72.46,3.72,20.9756187500003,75.0423387500013,55.4262944390343,175.200000000003,0.509894130561084
-72.46,3.77,21.1166541500003,74.0600701500026,54.8515737916146,171.560000000008,0.640170945296504
-72.46,3.82,21.2540323200003,79.8139683199993,58.5677321987152,189.759999999997,0.603963896004692
-72.46,3.87,21.3859910100003,84.0564790100005,61.318886095211,203.080000000001,0.664575374644744
-72.46,3.92,21.5122814700003,87.7131534700003,63.6946955613897,214.52,0.366296659172144
-72.46,3.97,21.6316730700003,84.314505070001,61.5724336062818,203.120000000002,0.52757515934494
-72.46,4.02,21.7452439100003,84.1318199100015,61.4972336205888,202.160000000004,0.750719900702852
-72.46,4.07,21.8517052000003,79.7203772000013,58.7249398187654,187.520000000003,0.414954468638021
-72.46,4.12,21.9519112800003,80.4377832800018,59.2184184522935,189.520000000005,0.461127756205768
-72.46,4.17,22.0449603100004,81.3455363100013,59.8305872529498,192.160000000003,0.425793352675321
-72.46,4.22,22.1311268700004,87.3938548699987,63.7157666800265,211.479999999995,0.178289847705814
-72.46,4.27,22.2082943800004,80.2621263800002,59.199510764823,188.119999999999,0.839690925868075
-72.46,4.32,22.2777044700004,72.8757604700004,54.5181884082076,163.96,0.52143781727381
-72.46,4.37,22.3397562700004,71.3454362700007,53.5655970201061,158.800000000001,0.321233465698248
-72.46,4.42,22.3939085600004,71.7328765600007,53.8321164890111,159.880000000001,0.320496763041953
-72.46,4.47,22.4399357400004,72.6800157400007,54.4523215971616,162.800000000001,0.362603691702567
-72.46,4.52,22.4777193400004,73.4954713400007,54.9856286146067,165.320000000001,0.352431531758846
-72.46,4.57,22.5072942000004,75.0063262000005,55.9590576030732,170.12,0.34594033173769
-72.46,4.62,22.5285833300004,76.1632633300006,56.7039682315644,173.800000000001,0.362499913521228
-72.46,4.67,22.5416637500004,77.5588717500006,57.5979791714666,178.280000000001,0.384503882096934
-72.46,4.72,22.5465811200004,78.9339731200006,58.4759616102983,182.720000000001,0.405092358512279
-72.46,4.77,22.54341144,79.98004344,59.141355271295,186.12,0.419340475352688
-72.46,4.82,22.5323064100007,81.1539624100015,59.8853335440695,189.960000000002,0.45995308051261
-72.46,4.87,22.5133908400007,81.9744388400015,60.4012686468673,192.680000000002,0.451652010342047
-72.46,4.92,22.4869201600004,83.8859761600003,61.6096737849437,198.96,0.401684907686778
-72.46,4.97,22.4530534700004,86.0740294700007,62.9915882876439,206.160000000001,0.505953966887556
-72.46,5.02,22.41198133,87.6500213300001,63.9808902378862,211.4,0.659340183733777
-72.46,5.07,22.3640825400008,91.2682905400025,66.2690304158429,223.280000000005,0.708846560090802
-72.46,5.12,22.3095503400008,95.0774303400021,68.6763844009266,235.800000000004,0.739545214634256
-72.46,5.17,22.2486575700004,98.2506655700018,70.6762398114118,246.280000000004,0.909317353686517
-72.46,5.22,22.1818408100004,103.516456810007,74.0072979138951,263.560000000021,2.03106452297447
-72.46,5.27,22.10936783,108.912375830006,77.4192197581506,281.28000000002,7.77764338217914
-72.46,5.32,22.0346491000008,201.874385099975,136.626405746908,582.759999999916,6.52559983663668
-72.46,5.37,21.9520606300008,213.407500630043,143.945206734344,620.400000000137,7.12199670644927
-72.46,5.42,21.8650706500004,228.29378265006,153.399008902939,668.920000000193,13.7716738703639
-72.46,5.47,21.7750950900004,279.912823090032,186.257407877478,836.480000000103,14.89081565565
-72.46,5.52,21.68561563,482.62291962999,315.389424055608,1493.63999999997,15.8675592636663
-72.46,5.57,21.5889143100008,555.750826309978,361.950578486136,1730.91999999993,14.5636269843174
-72.46,5.62,21.4831729200008,387.272924920141,254.560084493863,1185.32000000045,20.0538892718783
-72.46,5.67,21.3800153200004,401.204895320065,263.399944761036,1230.80000000021,12.1541092181756
-72.46,5.72,21.2792993700004,598.879747369989,389.319485863428,1871.67999999996,20.3424055173178
-72.46,5.77,21.17570124,752.249101239996,487.00704089365,2368.99999999999,16.3342026224225
-72.46,5.82,21.0702262200007,875.805818219907,565.697654698419,2769.7199999997,6.6568528889519
-72.46,5.87,20.9617084700007,867.241660470054,560.201302965182,2742.32000000017,18.4657426460929
-72.46,5.92,20.8522451500004,794.685261150057,513.929507312094,2507.56000000018,25.3235577928308
-72.46,5.97,20.7433742500004,712.278942250095,461.381674124724,2240.88000000031,11.6512130933353
-72.46,6.02,20.64055036,967.733950359986,624.117283748366,3068.99999999995,21.3615095555359
-72.46,6.07,20.5363911500007,1060.44432715003,683.153451137899,3369.76000000008,13.6701647734133
-72.46,6.12,20.4331830900007,1080.22730308994,695.721484752507,3434.1999999998,3.50751652416926
-72.46,6.17,20.3315350900004,999.753871089956,644.407884832132,3173.75999999986,18.2404528906407
-72.46,6.22,20.2341519600004,1099.06271995999,707.650979173335,3495.87999999996,10.5303727680445
-72.46,6.27,20.13953967,1171.68661167,753.891739139986,3731.52,8.66325103887063
-72.46,6.32,20.0482968300007,1237.79624082994,795.982910391338,3946.03999999981,7.30829205903741
-72.46,6.37,19.9612053500007,1044.93290134998,673.061069542495,3321.35999999992,23.6962833050578
-72.46,6.42,19.8795351600004,841.792431160052,543.592729241904,2663.36000000017,11.5889038868593
-72.46,6.47,19.8025820800004,869.427758079952,561.173713815238,2753.15999999984,18.6737421989095
-72.46,6.52,19.7297151500004,1011.73058714993,651.820959533009,3214.51999999976,31.6515278428458
-72.41,2.77,17.58133543,72.75901543,52.7399017153833,178.8,0.404557010400673
-72.41,2.82,17.68038292,77.6351909200005,55.8828787696886,194.280000000002,0.532777441699459
-72.41,2.87,17.78526618,80.17184218,57.5372558905878,202.16,0.567685642242119
-72.41,2.92,17.89712574,86.6655497399995,61.7155536540646,222.839999999998,0.660045770118987
-72.41,2.97,18.01184527,84.47194127,60.3594338338711,215.36,0.808576917170009
-72.41,3.02,18.1294333400001,75.5166893400005,54.6959153670131,185.960000000001,0.226555996321951
-72.41,3.07,18.25535192,82.7404079200001,59.3444683125823,208.960000000001,0.553524426466675
-72.41,3.12,18.38330101,84.95449301,60.8016786335061,215.72,0.349152132455495
-72.41,3.17,18.51424439,88.1961243900004,62.9147156832864,225.800000000001,0.56900827867527
-72.41,3.22,18.64809176,94.71181976,67.1150012567633,246.48,0.384488461499814
-72.41,3.27,18.7786653000001,81.3874333000003,58.672233129858,202.880000000001,0.916083008949714
-72.41,3.32,18.9128907500001,79.12692275,57.28056107217,195.12,0.169878946700792
-72.41,3.37,19.04782946,78.43481346,56.8885145604428,192.44,0.434257075261381
-72.41,3.42,19.1811335100001,71.4332855100011,52.4755878916623,169.320000000003,0.230706829865638
-72.41,3.47,19.31597423,75.02444623,54.8127549114172,180.52,0.447470483154816
-72.41,3.52,19.4489664300001,76.5523104300001,55.8345430823901,185.04,0.636650014198128
-72.41,3.57,19.5785749800001,70.904926980001,52.2831205313707,166.320000000003,0.5147013899888
-72.41,3.62,19.70853031,79.07082631,57.5334845083016,192.36,0.529489517184688
-72.41,3.67,19.83405831,79.9123063099998,58.1152086703938,194.679999999999,0.526535173981172
-72.41,3.72,19.95513562,75.19453562,55.1530291607361,179,0.423813765580992
-72.41,3.77,20.07282388,72.8927998800006,53.7290890109076,171.160000000002,0.367643685786158
-72.41,3.82,20.1881025000002,81.4637184999997,59.2322016142376,198.559999999999,0.407911422902938
-72.41,3.87,20.29670162,78.91835762,57.6497287540683,189.96,0.621732557719543
-72.41,3.92,20.4016551200001,85.3064071199999,61.7581968489811,210.32,0.534276782021413
-72.41,3.97,20.49920752,79.78743952,58.2769690118783,192.12,0.531842128950261
-72.41,4.02,20.5917999900001,79.5467439900004,58.1571943029736,191.040000000001,0.66498206662186
-72.41,4.07,20.67809473,78.07769473,57.2524422080833,186,0.404047202784613
-72.41,4.12,20.75850193,80.18251793,58.6227833836544,192.56,0.575065835788824
-72.41,4.17,20.83300388,87.99670788,63.6289231548928,217.64,0.295139493269499
-72.41,4.22,20.8990899300002,84.5694419300003,61.4690865519258,206.32,0.661491161511416
-72.41,4.27,20.9580287099999,80.2709487099996,58.7515211040191,192.199999999999,0.725955186338789
-72.41,4.32,21.00932858,72.31099258,53.6981432292289,166.24,0.630333924360343
-72.41,4.37,21.05391087,69.31895087,51.8078245558722,156.4,0.280968539928374
-72.41,4.42,21.09147195,70.08480795,52.309447249035,158.76,0.320736851778926
-72.41,4.47,21.1214408599999,70.4480648599999,52.5517833379399,159.84,0.353203216359907
-72.41,4.52,21.1439192999999,71.7172872999999,53.368672336066,163.88,0.332480322817796
-72.41,4.57,21.15879056,72.94187056,54.1543578009805,167.8,0.352592237888759
-72.41,4.62,21.16606344,73.99838344,54.8301940219778,171.2,0.368098076895119
-72.41,4.67,21.16582539,75.25723339,55.6322319811744,175.28,0.384207744420271
-72.41,4.72,21.15810465,76.17531265,56.2144200714661,178.28,0.405005266691803
-72.41,4.77,21.14305561,77.22184761,56.8757998235339,181.72,0.429171123608667
-72.41,4.82,21.12078211,78.0142781100001,57.3726460941906,184.36,0.40480468553255
-72.41,4.87,21.0914866600001,78.9601586600002,57.9647212787646,187.52,0.450678821552742
-72.41,4.92,21.05543963,81.01024763,59.2579354796883,194.28,0.503407921203037
-72.41,4.97,21.01272497,82.54756497,60.2219985567194,199.4,0.52181404962758
-72.41,5.02,20.96365081,84.32540281,61.3370111551616,205.32,0.549605439896892
-72.41,5.07,20.9086076099998,87.9365276099993,63.6180069231162,217.199999999998,0.628424075782734
-72.41,5.12,20.8476462200001,90.2209262200002,65.0514812365223,224.8,0.692609386100035
-72.41,5.17,20.781162,92.15417,66.2592000899522,231.28,0.746941032521488
-72.41,5.22,20.7096489,95.8969529,68.6181113707539,243.64,1.05976198039575
-72.41,5.27,20.63367508,104.57287508,74.1187423597778,272,1.61135317504448
-72.41,5.32,20.5538524900001,121.92278049001,85.1449366814085,328.480000000032,6.87301834732867
-72.41,5.37,20.4725706900001,178.512802689997,121.173940746321,512.119999999991,7.20276272143579
-72.41,5.42,20.38529814,200.76817014,135.323134634028,584.52,8.33885415428676
-72.41,5.47,20.29997904,304.98965104,201.700877080223,922.52,11.7928725673173
-72.41,5.52,20.21063579,393.30803579,257.943894397542,1209,16.7668348426532
-72.41,5.57,20.1084180799998,309.686314080006,204.624034744166,938.36000000002,13.1620477527012
-72.41,5.62,20.0102561399999,322.080280140014,212.485709287574,978.840000000045,16.9396493454878
-72.41,5.67,19.92555864,593.19326264,385.20497180767,1857.64,19.610880292152
-72.41,5.72,19.8257868,624.0152108,404.808154899412,1957.84,8.39164414842688
-72.41,5.77,19.72510514,647.23234514,419.565310311691,2033.4,16.1529454832462
-72.41,5.82,19.6259182,699.089054200022,452.571806927674,2201.76000000007,11.1616087954743
-72.41,5.87,19.5230486300001,671.125776630023,434.716614291431,2111.48000000007,16.2367698037145
-72.41,5.92,19.41838137,585.61297337,380.190891074242,1834.72,16.4946297089094
-72.41,5.97,19.33298541,865.05745741,558.218634606973,2740.52,21.0090206674667
-72.41,6.02,19.23939877,946.34786277,609.981966875145,3004.24,3.28007185618062
-72.41,6.07,19.1430720800001,915.552008080012,590.324263372681,2904.76000000004,14.3467360570741
-72.41,6.12,19.0536196500001,979.281035649989,630.899192977439,3111.55999999996,23.6166091234179
-72.41,6.17,18.96988919,1113.19142519,716.194933888326,3545.76,14.0974363239205
-72.41,6.22,18.88474099,1121.96926899,721.757179556985,3574.48,12.9119612530084
-72.41,6.27,18.8077119,1251.8498719,804.487619337794,3995.6,9.1399581357813
-72.41,6.32,18.7280188399998,1167.73222684001,750.859935389461,3723.28000000005,8.00663320942586
-72.41,6.37,18.6545606899999,1114.39440869002,716.847055870016,3550.68000000006,14.5462537840193
-72.41,6.42,18.58684414,1065.07413214,685.396189548488,3391.08,19.7596093793081
-72.41,6.47,18.52377384,954.17428584,614.70923408597,3031.92,21.4814302088751
-72.41,6.52,18.47457386,1225.56964586,787.621303147486,3911.52,36.3990815510721
-72.36,2.82,17.1539505100001,77.77533451,55.7811807174983,196.44,0.625613350456319
-72.36,2.87,17.2330014,81.8785294,58.4243686564994,209.48,0.132719857922272
-72.36,2.92,17.3162252700001,79.9620252700013,57.2333894530703,203.000000000004,0.65613377490068
-72.36,2.97,17.40571201,81.44638401,58.2116721640422,207.52,0.733879473354362
-72.36,3.02,17.4983430400001,77.3543990399998,55.6379152811238,193.959999999999,0.0988401679305327
-72.36,3.07,17.5977336400001,83.05796564,59.3082206671561,212.12,0.56889644135099
-72.36,3.12,17.70010485,87.12276085,61.9354016708044,224.96,0.477902475006178
-72.36,3.17,17.8052875300001,91.1409915299996,64.5339323401703,237.639999999998,0.323732252774892
-72.36,3.22,17.91200941,92.48211341,65.4271993272261,241.64,0.626485704544019
-72.36,3.27,18.01739952,81.8852555200001,58.7132433590545,206.96,0.68870412021739
-72.36,3.32,18.12621547,80.389351469999,57.7995506698815,201.759999999997,0.537236956451471
-72.36,3.37,18.23411952,72.89335152,53.06233686042,177.12,0.459760298441494
-72.36,3.42,18.3444261299999,75.5094901299999,54.7693300377427,185.24,0.315449618756623
-72.36,3.47,18.45272118,72.08740118,52.6281060815639,173.8,0.324624271772356
-72.36,3.52,18.5601792800001,69.8248112800012,51.225397576018,166.120000000004,0.253001338540427
-72.36,3.57,18.6665631499999,70.0916671500002,51.4340323099346,166.640000000001,0.423544709624442
-72.36,3.62,18.77218118,76.87538918,55.794859369105,188.28,0.708027936911038
-72.36,3.67,18.8732424900001,74.7545304900003,54.4801394864052,181.080000000001,0.706640893091833
-72.36,3.72,18.97141336,73.53189336,53.7367070918555,176.8,0.324905773753842
-72.36,3.77,19.06663636,75.219492359998,54.8465732799559,181.959999999994,0.425611166836983
-72.36,3.82,19.1579981199999,77.4710541199992,56.3143889773039,188.959999999998,0.649668429169022
-72.36,3.87,19.24415288,75.23653688,54.92183893604,181.44,0.337126533122847
-72.36,3.92,19.3268415099999,79.7383775099998,57.8203590492987,195.76,0.672150459261917
-72.36,3.97,19.40337211,78.27190811,56.9137082654794,190.76,0.33516434703632
-72.36,4.02,19.4740594099999,73.9975074100009,54.2157567886444,176.680000000003,0.425404429540364
-72.36,4.07,19.5398508,74.0632988,54.2815481786439,176.68,0.615762657854817
-72.36,4.12,19.6010221,82.1357261,59.4473972234344,202.64,0.732597126296554
-72.36,4.17,19.65517587,85.23884787,61.4443174078616,212.52,0.575710294196605
-72.36,4.22,19.7016853400002,80.1996293400006,58.2502610367932,196.040000000001,0.732911075625851
-72.36,4.27,19.7421810300002,78.3514930300001,57.0873427129979,189.92,0.449777037524591
-72.36,4.32,19.77588018,75.60779218,55.3513153721228,180.92,0.580056195325025
-72.36,4.37,19.80217149,68.42518749,50.7841832569183,157.56,0.458305473555766
-72.36,4.42,19.82254187,67.75429387,50.3640883769672,155.32,0.33035221083747
-72.36,4.47,19.83614301,68.2616550100002,50.6923075597895,156.920000000001,0.308370149590919
-72.36,4.52,19.8429200100002,69.7990880100002,51.6744004925385,161.88,0.345584381591823
-72.36,4.57,19.84267376,70.84808176,52.3427175835355,165.28,0.334485068110445
-72.36,4.62,19.83548834,71.74200834,52.9097100916861,168.2,0.33637121084476
-72.36,4.67,19.82147184,72.80191984,53.5799878348244,171.68,0.365112137524127
-72.36,4.72,19.80068492,73.74396492,54.1727060983278,174.8,0.352249922128906
-72.36,4.77,19.77322585,74.33370585,54.5385195818555,176.8,0.396911468127906
-72.36,4.82,19.7394087400002,75.9292967400002,55.5429420131691,182.08,0.351568057762123
-72.36,4.87,19.6991569100001,76.3334289100002,55.785846421709,183.52,0.387214479614581
-72.36,4.92,19.65290637,77.50923437,56.5182755376939,187.48,0.433973417222071
-72.36,4.97,19.60086357,79.24707157,57.6067231429244,193.28,0.432388737172251
-72.36,5.02,19.54326492,81.36201692,58.9334438813422,200.32,0.474582976746454
-72.36,5.07,19.4803739299997,83.6815179299991,60.3885849479587,208.039999999998,0.595051493300673
-72.36,5.12,19.4124160200001,85.4404720200002,61.4847137964018,213.960000000001,0.652003625553831
-72.36,5.17,19.33988606,88.20706206,63.2212375826294,223.16,0.690283679702221
-72.36,5.22,19.26308034,91.50016834,65.2917000048911,234.08,0.944750165020368
-72.36,5.27,19.1828324,99.9125924,70.6228824014333,261.6,1.35023587780705
-72.36,5.32,19.0991348900002,109.691750890001,76.823680296808,293.560000000003,1.83440249100549
-72.36,5.37,19.0120877600002,117.801119760011,81.959292677663,320.120000000034,5.51892024885172
-72.36,5.42,18.92548283,158.70893883,107.993850752971,452.96,7.51260092823385
-72.36,5.47,18.83748098,210.16948098,140.751972573611,620,5.54814098055972
-72.36,5.52,18.74101688,193.38392888,130.02141862622,565.92,15.7534560469412
-72.36,5.57,18.6584852000002,340.367813199962,223.647871000794,1042.47999999987,16.503613849525
-72.36,5.62,18.5729889499999,470.449796949929,306.503556289782,1464.27999999977,12.9773752445049
-72.36,5.67,18.48317677,562.02652877,364.822583759773,1761.32,12.2560148619193
-72.36,5.72,18.37654936,465.19231736,303.082281760899,1447.88,15.4520333884368
-72.36,5.77,18.28065556,483.73586356,314.863219077438,1508.28,14.3277607176693
-72.36,5.82,18.2011927200002,685.209232719973,443.210841317452,2161.39999999991,10.6169669957517
-72.36,5.87,18.0995842299999,610.858464229962,395.798544638053,1920.79999999988,16.5838872549335
-72.36,5.92,18.00405006,585.07506606,379.335006790252,1837.56,9.4325520301565
-72.36,5.97,17.9281761,775.1338241,500.410675670019,2453.68,22.9808859844322
-72.36,6.02,17.85249684,942.51684884,607.037705633175,2996.32,11.6273917741565
-72.36,6.07,17.7574838899999,815.229259890005,525.897084852174,2584.16000000002,15.2771891155117
-72.36,6.12,17.6691569400001,722.363428940035,466.692027655897,2283.52000000011,18.020615901214
-72.36,6.17,17.59765946,802.18229946,517.525729504511,2542.4,27.4294293787814
-72.36,6.22,17.5331897,924.1506137,595.219109028023,2937.84,26.7749227802496
-72.36,6.27,17.47141787,1021.27315387,657.082033476507,3252.76,23.3154360634002
-72.36,6.32,17.4230366500003,1262.01918064997,810.465006289813,4033.03999999989,16.968655166621
-72.36,6.37,17.3660468500001,1277.13296684999,820.07465585554,4082.19999999996,18.2183919383744
-72.36,6.42,17.30732422,1146.65988422,736.917442665127,3659.6,18.7648523847158
-72.36,6.47,17.26549039,1207.60975439,775.738802574742,3857.24,28.4679395892108
-72.36,6.52,17.23315507,1339.38665107,859.693753786134,4284.36,20.0018819780462
-72.31,2.87,16.71609963,80.39879563,57.2939617029961,206.36,0.587197773668704
-72.31,2.92,16.7725379500001,75.9249859500006,54.4637794801026,191.680000000002,0.733261681305496
-72.31,2.97,16.8346488,72.6542168,52.4022185410522,180.88,0.21671005884896
-72.31,3.02,16.9034251700001,76.2410331700002,54.7126484661607,192.28,0.618476701537298
-72.31,3.07,16.97711757,82.7953255700002,58.9157026782023,213.280000000001,0.629838759783248
-72.31,3.12,17.05367555,87.11821955,61.6979758264733,227.04,0.33449515002502
-72.31,3.17,17.13212285,87.6657388500002,62.0753102671545,228.56,0.529033264533428
-72.31,3.22,17.21329301,89.58616501,63.3284326366672,234.52,0.373695362398881
-72.31,3.27,17.29400389,82.95173989,59.130338134285,212.76,0.723377642443455
-72.31,3.32,17.37618415,77.0347361500006,55.3899091739953,193.320000000002,0.579455688275461
-72.31,3.37,17.45954563,72.92113763,52.7990172900061,179.72,0.0549129400522606
-72.31,3.42,17.54530075,77.7963647500004,55.9365674253819,195.240000000001,0.365676956843129
-72.31,3.47,17.62874482,74.97896882,54.1716304938011,185.84,0.455449929481291
-72.31,3.52,17.7116380400001,73.5682380399994,53.3028041342635,180.999999999998,0.427374843129749
-72.31,3.57,17.7926786500001,70.20530265,51.1893838955789,169.84,0.277213172577867
-72.31,3.62,17.87230607,68.79130607,50.3172917360416,165,0.304261121938461
-72.31,3.67,17.94999246,69.1529044600009,50.575883500665,165.920000000003,0.367134350487265
-72.31,3.72,18.02513876,70.68464276,51.57915302699,170.64,0.342338464511388
-72.31,3.77,18.09611534,67.8300913400012,49.7860177032691,161.160000000004,0.309253073299718
-72.31,3.82,18.16484617,71.3427981700003,52.0492093819535,172.320000000001,0.810307463718802
-72.31,3.87,18.22953736,74.74036936,54.2375723610033,183.12,0.665688560689317
-72.31,3.92,18.2892878,75.2691918,54.5962099416844,184.64,0.58401056624519
-72.31,3.97,18.34512342,79.58370742,57.3656261810261,198.44,0.250492112378928
-72.31,4.02,18.39418958,74.67048558,54.2527810106627,182.36,0.404923832906375
-72.31,4.07,18.43858711,72.48061911,52.8735318968922,175.12,0.141807280075929
-72.31,4.12,18.47849464,75.47074264,54.793282232755,184.68,0.874960826833667
-72.31,4.17,18.51288911,79.50459311,57.376082849615,197.64,0.818067122314055
-72.31,4.22,18.53990615,75.1741781500008,54.6265956617094,183.520000000003,0.407249680377092
-72.31,4.27,18.56170741,75.2823874099997,54.7034550792025,183.799999999999,0.570475339882683
-72.31,4.32,18.57742122,75.73014122,54.9944596766722,185.2,0.40829169205378
-72.31,4.37,18.58571893,69.17143093,50.8183374171366,163.92,0.573342271753492
-72.31,4.42,18.58827106,65.77938306,48.6578905027339,152.92,0.284420154786728
-72.31,4.47,18.5852367699999,66.9490287699999,49.4020740644366,156.72,0.282545333125596
-72.31,4.52,18.57579129,67.76663129,49.9196138061639,159.4,0.32694134142724
-72.31,4.57,18.56007401,68.94828201,50.6668452800078,163.28,0.333409435588188
-72.31,4.62,18.53805892,69.98785092,51.3212589820755,166.72,0.302585104791455
-72.31,4.67,18.50981044,70.74961844,51.7963993705911,169.28,0.303999160604881
-72.31,4.72,18.47552422,71.77691622,52.4385419426589,172.72,0.35441107623091
-72.31,4.77,18.43521464,72.21802264,52.7049849544105,174.28,0.334719944590897
-72.31,4.82,18.3893032399999,73.7891752399998,53.6894476446531,179.519999999999,0.374619179196397
-72.31,4.87,18.337621,73.9843730000002,53.7950744260645,180.320000000001,0.296836678411605
-72.31,4.92,18.28079653,75.61867653,54.8158167527305,185.8,0.350618589667007
-72.31,4.97,18.21892601,77.65528601,56.091072914725,192.6,0.362642956506884
-72.31,5.02,18.15212006,78.93397606,56.8816011314155,196.96,0.389803126854378
-72.31,5.07,18.0807567599999,80.0229487599998,57.5495902320476,200.72,0.49501169639179
-72.31,5.12,18.0052251,81.4286971,58.4179127005144,205.52,0.559727491236498
-72.31,5.17,17.92589631,83.38612831,59.6363833371561,212.12,0.597957913345165
-72.31,5.22,17.84313286,85.92029286,61.2210955141139,220.6,0.799502329837222
-72.31,5.27,17.75760753,91.25378353,64.5885032040877,238.16,1.21821012152765
-72.31,5.32,17.6694117900001,97.1277397900006,68.2993203311665,257.480000000002,1.50982059301796
-72.31,5.37,17.57819906,97.7277910600012,68.648572861118,259.720000000004,2.05877854159415
-72.31,5.42,17.48660831,110.00488831,76.4381640838139,299.8,8.07122475210627
-72.31,5.47,17.40562537,216.73653737,144.416929257331,645.92,6.97964124040766
-72.31,5.52,17.30196858,154.29568058,104.592744561025,443.92,1.06611619821434
-72.31,5.57,17.2158894799999,234.95170547999,155.954580913523,705.559999999967,14.6194746414293
-72.31,5.62,17.1250403899998,279.410352389985,184.250144737155,849.919999999953,18.5493523896493
-72.31,5.67,17.04160654,382.22650254,249.733111011315,1183.36,19.545686415868
-72.31,5.72,16.94478646,369.15613846,241.369701856162,1141.32,11.7856697820071
-72.31,5.77,16.87019465,531.44217865,344.749387977179,1667.44,12.2268778930724
-72.31,5.82,16.7820729499999,566.843056949985,367.274438105016,1782.43999999995,17.5137133551863
-72.31,5.87,16.6731374199998,402.867521420001,262.751639613401,1251.44,14.2200044324895
-72.31,5.92,16.60772851,592.08500851,383.2950574193,1864.8,17.3304088251783
-72.31,5.97,16.53427382,687.18379382,443.864230483283,2173.2,13.7717256252442
-72.31,6.02,16.46062997,750.13861397,483.95157979954,2377.44,15.5473480032415
-72.31,6.07,16.3861428599999,768.456686859971,495.596614784649,2437.03999999991,16.4012962160623
-72.31,6.12,16.3039083700001,668.412740369993,431.819957525304,2113.11999999998,15.2659463851339
-72.31,6.17,16.2388634,683.2962794,441.279973801751,2161.56,8.53458294883595
-72.31,6.22,16.18072261,713.34515461,460.405668172836,2259.12,23.3463269884001
-72.31,6.27,16.15517956,1028.93100356,661.483978094801,3281.84,35.4323287311939
-72.31,6.32,16.1307522100001,1316.59584020997,844.771753395147,4214.07999999989,24.0283412059535
-72.31,6.37,16.0942264300001,1410.32433842997,904.48119394709,4517.91999999991,5.47059810510327
-72.31,6.42,16.05427765,1384.67058965,888.120434195705,4434.92,9.97052591869702
-72.31,6.47,16.02567199,1410.74954399,904.727257549931,4519.52,9.17179554585743
-72.31,6.52,16.0055778,1453.9334498,932.236242106875,4659.52,4.95861549280096
-72.26,2.92,16.2648964900001,70.3933364900013,50.754899434387,175.400000000004,0.39528432911508
-72.26,2.97,16.30448648,78.33308648,55.8283781095416,201,0.663282952699156
-72.26,3.02,16.3473326600001,81.3878686599988,57.7903943507565,210.759999999996,0.527293127573668
-72.26,3.07,16.3940060800001,83.4219260799999,59.1034053931166,217.2,0.232470260472736
-72.26,3.12,16.44404739,84.79277539,59.9950499676661,221.48,0.325721099918874
-72.26,3.17,16.4962218900002,83.0674138900011,58.9145995135069,215.720000000003,0.381024285384814
-72.26,3.22,16.55286671,88.69120271,62.5185627663266,233.76,0.298689790383244
-72.26,3.27,16.6087162300001,84.5377482299997,59.8922934712671,220.119999999999,0.574810515312941
-72.26,3.32,16.6656998800001,79.4719718799997,56.6851149269865,203.519999999999,0.647892107335499
-72.26,3.37,16.72325306,73.33283706,52.7942116695678,183.44,0.200451180998158
-72.26,3.42,16.7850756800001,82.3687476799996,58.5742172178614,212.519999999998,0.375014616690731
-72.26,3.47,16.84363714,79.74866114,56.9259757955511,203.84,0.903361037795953
-72.26,3.52,16.9013590400002,76.5352230399992,54.8993531618534,193.239999999997,0.748715707396418
-72.26,3.57,16.9576457400002,72.2217337399995,52.171270182877,179.079999999998,0.448060901576447
-72.26,3.62,17.01347824,72.68491824,52.4866625682055,180.4,0.591983788374814
-72.26,3.67,17.0663984900001,69.7259024899999,50.62041275699,170.64,0.480956722513612
-72.26,3.72,17.11730274,68.77694274,50.034215470275,167.4,0.12894387949806
-72.26,3.77,17.1660323800001,70.9858723799996,51.459399047622,174.399999999998,0.238807505261786
-72.26,3.82,17.2099039300002,66.3637119300012,48.530130092953,159.280000000003,0.31064257100646
-72.26,3.87,17.25101401,65.52839801,48.0127931469428,156.44,0.557773923168144
-72.26,3.92,17.2897681200001,72.0230641200003,52.1651781668436,177.360000000001,0.826915827924531
-72.26,3.97,17.32346995,75.14276595,54.1652427644822,187.36,0.705949625309976
-72.26,4.02,17.3519747900002,75.3317427899999,54.2959984683994,187.879999999999,0.315772652516142
-72.26,4.07,17.37514622,72.98486622,52.8090032928528,180.2,0.312261730264538
-72.26,4.12,17.39316521,69.94157321,50.876390417355,170.28,0.282658430439337
-72.26,4.17,17.40708276,72.32553876,52.4004745729016,177.96,0.877903291149668
-72.26,4.22,17.4158181900001,75.8029381899997,54.6194017537276,189.199999999999,0.356149024680319
-72.26,4.27,17.4171495700001,69.7927415700005,50.7902584623676,169.720000000001,0.333362038657433
-72.26,4.32,17.4147305,73.3083625,53.0294929474755,181.12,0.636551843032543
-72.26,4.37,17.40541306,70.66977306,51.3448344294472,172.6,0.495576249888972
-72.26,4.42,17.38973518,64.72897518,47.5537400355805,153.4,0.383030348050314
-72.26,4.47,17.3695037700001,65.1778157700002,47.8323957662618,154.92,0.297331201969714
-72.26,4.52,17.3435631400001,65.9048591400002,48.2862476515657,157.36,0.298440888561995
-72.26,4.57,17.31195821,66.93483821,48.9310715136333,160.8,0.32034767653889
-72.26,4.62,17.2747567,68.2554767,49.7590696213944,165.2,0.33999935168161
-72.26,4.67,17.23195705,69.29894905,50.4084296656033,168.72,0.313824223120128
-72.26,4.72,17.18354712,69.25053912,50.3600197356033,168.72,0.336659053572726
-72.26,4.77,17.13008334,70.36975534,51.0537738073061,172.52,0.323049717031446
-72.26,4.82,17.0714893100001,71.1752413100002,51.5457613522451,175.32,0.35276674431264
-72.26,4.87,17.0082107600001,73.02528276,52.7016277181811,181.52,0.353641689129549
-72.26,4.92,16.94017923,74.14227523,53.3886794909544,185.36,0.363934675470966
-72.26,4.97,16.86780839,75.40305639,54.1657773665744,189.68,0.450439678403874
-72.26,5.02,16.79134342,76.56099142,54.87585750363,193.68,0.441246637255834
-72.26,5.07,16.71099407,77.01143407,55.1337225496639,195.4,0.42930888852974
-72.26,5.12,16.62728055,77.87820855,55.6556487620966,198.48,0.489917625105984
-72.26,5.17,16.54075778,80.39626978,57.2287361679839,206.92,0.499930854041887
-72.26,5.22,16.45130667,81.59059467,57.9572919693216,211.08,0.584034413405581
-72.26,5.27,16.3596553,83.5110153,59.1477091238222,217.6,0.847799440689817
-72.26,5.32,16.2661654000003,85.8863254000023,60.6273094379349,225.600000000007,1.10651440627873
-72.26,5.37,16.17082711,86.03786711,60.6892801693444,226.4,1.13356804231675
-72.26,5.42,16.07435612,85.66982812,60.4197692557922,225.52,1.89812318695454
-72.26,5.47,15.97946421,98.96817621,68.858891757345,268.92,9.74200567813076
-72.26,5.52,15.89682833,190.92240433,127.421059059407,567.16,3.46966436432227
-72.26,5.57,15.78893489,121.009190890001,82.8340398154163,340.960000000004,3.39672476452924
-72.26,5.62,15.70294735,185.556387349999,123.931554080844,550.399999999996,10.6358712651401
-72.26,5.67,15.61596342,236.46246742,156.336748523309,715.64,14.4670887214764
-72.26,5.72,15.53652259,326.29672259,213.549253291236,1007,12.8640471851922
-72.26,5.77,15.45754953,406.33030953,264.517057679142,1266.6,18.9695561926255
-72.26,5.82,15.3698894900002,411.291345490022,267.646367127013,1282.96000000007,18.859355584103
-72.26,5.87,15.27816596,366.983413960002,239.38059786227,1139.68000000001,7.40936651097863
-72.26,5.92,15.2139142,485.6314102,314.958389047801,1524.36,17.0467450218566
-72.26,5.97,15.15219989,596.91257589,385.843043394213,1885.16,18.2954582392549
-72.26,6.02,15.09154,686.716236,443.042867297857,2176.36,15.3647484567874
-72.26,6.07,15.0036940700001,544.116910070018,352.148388758305,1714.56000000006,23.5704150278563
-72.26,6.12,14.9315978900003,473.005093890044,306.810621667274,1484.36000000014,12.0341487403132
-72.26,6.17,14.90028579,662.52824579,427.561176206697,2098.6,13.9371965755955
-72.26,6.22,14.8561371,712.3168251,459.26985348853,2260.08,13.3257751664824
-72.26,6.27,14.83465168,893.61635568,574.78397884392,2847.64,23.6250249781882
-72.26,6.32,14.8207725000003,1091.95821250004,701.160032916706,3490.40000000014,28.9707120055807
-72.26,6.37,14.8187137000003,1345.03284170001,862.415451965211,4310.48000000002,22.225507049764
-72.26,6.42,14.79205005,1321.10819405,847.161275042612,4233.04,10.611897112602
-72.26,6.47,14.77933978,1352.44924378,867.126810491823,4334.64,6.34275219643498
-72.26,6.52,14.77033192,1340.58999592,859.566969604089,4296.24,14.3842448967336
-72.21,3.02,15.8276813600002,84.4356333599984,59.5438584101468,222.319999999994,0.291619023122025
-72.21,3.07,15.8473748700002,81.3446388700008,57.5814582503683,212.240000000002,0.438263283758763
-72.21,3.12,15.8717889400002,82.1467249400008,58.1013957378133,214.760000000002,0.154231443007057
-72.21,3.17,15.8992726200002,83.0629766200001,58.6951918948929,217.64,0.276177795159339
-72.21,3.22,15.9296432700002,85.364643270001,60.1728055418757,225.000000000003,0.483819161085747
-72.21,3.27,15.9619907500002,87.7423507499984,61.6995887252796,232.599999999994,0.396911895798267
-72.21,3.32,15.9928706000002,79.6015026000002,56.5235399665729,206.12,0.9263611949598
-72.21,3.37,16.0258541200002,75.5733101199999,53.96879008436,192.959999999999,0.342021000873718
-72.21,3.42,16.0614120800002,79.4108200800014,56.4269069740921,205.280000000004,0.88360082420773
-72.21,3.47,16.0987967600002,90.4343647599958,63.4645431068829,240.879999999986,0.340051837654405
-72.21,3.52,16.1312890300002,85.1219050299974,60.0912950633334,223.559999999991,0.870802025003785
-72.21,3.57,16.1623406700002,77.931716669999,55.5210578270594,200.159999999996,0.600331906169114
-72.21,3.62,16.1943106400002,79.7288786399977,56.677787300148,205.879999999992,0.453224102002576
-72.21,3.67,16.2234143400002,77.5484063399974,55.2989752585184,198.719999999991,0.952595884730526
-72.21,3.72,16.2489147300002,69.8835947300004,50.4242996315642,173.8,0.398528472159749
-72.21,3.77,16.2743095000003,72.2790374999995,51.9598610071103,181.479999999997,0.327362886974216
-72.21,3.82,16.2961398000003,72.362587799998,52.0210185624621,181.679999999993,0.531618276011397
-72.21,3.87,16.3135826600003,67.9979106599994,49.2462262924158,167.479999999997,0.446984803657723
-72.21,3.92,16.3279206900003,65.7409526900022,47.8133213254354,160.120000000006,0.246842429520383
-72.21,3.97,16.3396313800003,68.9374153800017,49.8543183916384,170.440000000004,0.643342477510038
-72.21,4.02,16.3468400600003,70.7838800600014,51.0334792811509,176.400000000003,0.796141441463713
-72.21,4.07,16.3496744000003,72.7987863999998,52.3183821456505,182.919999999999,0.46905609364341
-72.21,4.12,16.3472198100003,71.8211558099992,51.6945569210762,179.759999999996,0.352941783717398
-72.21,4.17,16.3390649200003,66.6778969200023,48.4143743857271,163.120000000006,0.218528117195183
-72.21,4.22,16.3280446600003,70.7897726600012,51.030414783292,176.480000000003,0.500151237247053
-72.21,4.27,16.3111873700003,71.3407393699991,51.3753682425362,178.319999999996,0.412783927477662
-72.21,4.32,16.2879344000003,66.0219104000027,47.9778367632702,161.160000000008,0.658255275844668
-72.21,4.37,16.2614343000003,69.7109542999995,50.3188374355054,173.199999999997,0.45645529925979
-72.21,4.42,16.2275878200003,63.3816678200008,46.2736109095229,152.800000000002,0.377460443094096
-72.21,4.47,16.1898515800003,63.2822115800006,46.1965474141699,152.600000000001,0.264227888419145
-72.21,4.52,16.1471532900003,64.2640652900005,46.806681563026,155.92,0.313597566677193
-72.21,4.57,16.0993341700003,65.2901741700004,47.4431566861643,159.4,0.314054362962215
-72.21,4.62,16.0464052700003,65.9778852700007,47.8621548503977,161.800000000001,0.343265885274371
-72.21,4.67,15.9885862600004,66.8211782600007,48.3785137685483,164.720000000001,0.324675922675636
-72.21,4.72,15.9259531700004,67.4744971700005,48.7720768406404,167.040000000001,0.315254123155398
-72.21,4.77,15.85877216,68.39483616,49.3341319162844,170.24,0.333376170543353
-72.21,4.82,15.7872703800007,69.7182063800007,50.1514261072579,174.76,0.31107473460047
-72.21,4.87,15.7114001900007,70.0620321900016,50.3429812536573,176.120000000003,0.362609238182042
-72.21,4.92,15.6317751200004,71.2414951200008,51.0656321928534,180.200000000001,0.398190712048183
-72.21,4.97,15.5483675500004,71.7135675500011,51.3361699210286,182.000000000002,0.39405980354651
-72.21,5.02,15.46177,72.960122,52.0990410866478,186.32,0.478391635309301
-72.21,5.07,15.3721553700007,74.2160033700014,52.8667606233395,190.680000000002,0.42419610089314
-72.21,5.12,15.2798017700007,75.1358577700015,53.419374011125,193.960000000003,0.415333290018146
-72.21,5.17,15.1853331500004,77.0534611500008,54.6069739156251,200.480000000001,0.522502012571934
-72.21,5.22,15.0887154800004,77.8085794800011,55.0530723694936,203.240000000002,0.517570577004927
-72.21,5.27,14.99060667,78.72267867,55.5999305472783,206.52,0.586421527626202
-72.21,5.32,14.8913985100007,79.6603665100031,56.1614202772072,209.880000000008,0.664490935314458
-72.21,5.37,14.7913375800007,79.6467135800034,56.1164175047013,210.160000000009,0.626022834961032
-72.21,5.42,14.6913578500004,81.2378618500015,57.0940045713661,215.640000000004,0.590741163768402
-72.21,5.47,14.5921497500004,85.6812457500045,59.8892824653324,230.360000000013,1.47995152432649
-72.21,5.52,14.49545855,99.7924985500045,68.8457254475417,276.400000000014,7.97762672150065
-72.21,5.57,14.4118885600007,177.858792559962,118.558326185202,529.639999999875,2.33263713913504
-72.21,5.62,14.3076114500007,136.624307450031,92.2463661081548,396.360000000097,0.968627654467011
-72.21,5.67,14.2203940900004,175.556474090019,117.021839582173,522.800000000059,6.07200424222859
-72.21,5.72,14.1376522200004,225.133644220025,148.581807369022,683.720000000079,9.89473181330317
-72.21,5.77,14.04701266,214.933268660003,142.049363382223,650.960000000009,8.90451685704883
-72.21,5.82,13.9670065400007,243.553062540087,160.256531001319,743.960000000281,7.79467244112889
-72.21,5.87,13.8958219100007,299.301445910036,195.752916112338,924.840000000116,9.59101848482539
-72.21,5.92,13.8379966400004,406.488292640016,264.030129743312,1272.36000000005,10.6171485435791
-72.21,5.97,13.7723783600004,442.454810360045,286.923763138282,1389.12000000014,10.4803800162892
-72.21,6.02,13.71409702,490.340625019992,317.414893756286,1544.47999999997,21.457596613463
-72.21,6.07,13.6417999500007,420.882703950073,273.130896218745,1319.64000000023,13.8702802615473
-72.21,6.12,13.6004093400007,497.620993339991,322.012611267548,1568.43999999997,13.6843934138406
-72.21,6.17,13.5765928000004,644.342648799998,415.493277054317,2043.95999999999,15.0488320575453
-72.21,6.22,13.5435757100004,693.475783710013,446.788351578349,2203.28000000004,13.6934157278596
-72.21,6.27,13.53757907,872.457787070001,560.831395461397,2783.28,25.0348334404748
-72.21,6.32,13.5440936300007,1093.63174962998,701.763196852529,3499.95999999994,25.0313623945769
-72.21,6.37,13.5264202100007,1100.97110021013,706.433332270675,3523.80000000042,26.7820651923256
-72.21,6.42,13.5301053000004,1202.10917730003,770.878657981675,3851.52000000011,18.7647485833985
-72.21,6.47,13.5416767200004,1303.82296472,835.693680771961,4181.08,6.17541211091726
-72.21,6.52,13.5360677500004,1206.85523575004,773.904953642771,3866.88000000012,11.6422930324891
-72.16,3.07,15.3371540300001,76.7608980300008,54.4756385570849,199.040000000002,0.281528264058437
-72.16,3.12,15.33807655,83.39054855,58.7003083019727,220.52,0.204355516594189
-72.16,3.17,15.33918053,80.1945565300007,56.6642604546993,210.160000000002,0.103255939936092
-72.16,3.22,15.34440007,82.42169607,58.0852611873989,217.36,0.607534063077634
-72.16,3.27,15.35291056,89.1083105599989,62.3489807065687,238.999999999996,0.609165954607358
-72.16,3.32,15.36150077,90.8080287699985,63.4351377132346,244.479999999995,0.642543700647827
-72.16,3.37,15.36761345,80.03782945,56.5747116086405,209.56,0.853480166106199
-72.16,3.42,15.3771353700001,79.35608737,56.1437682686894,207.32,0.124715837803899
-72.16,3.47,15.38765371,81.98353371,57.8217622356472,215.8,0.719745049582065
-72.16,3.52,15.39816279,85.9934987899994,60.3806774625068,228.759999999998,0.365464744144717
-72.16,3.57,15.4056926900001,82.0509486899994,57.8712630199291,215.959999999998,0.383250345702993
-72.16,3.62,15.41290896,81.45330896,57.4930721874722,214,0.149668149569455
-72.16,3.67,15.4193283100001,83.9902483099994,59.1119090069357,222.199999999998,0.415791708984684
-72.16,3.72,15.42051217,74.27670417,52.9229828744089,190.72,0.625787470868091
-72.16,3.77,15.42262596,77.0809059599998,54.7105540574248,199.799999999999,0.323357218937849
-72.16,3.82,15.4209100800001,75.5732220799996,53.749253146817,194.919999999998,0.580098012254451
-72.16,3.87,15.41531965,70.67940765,50.6289440928772,179.08,0.613265263515078
-72.16,3.92,15.40723338,68.9184733799998,49.5039637708582,173.399999999999,0.348800851978671
-72.16,3.97,15.39536226,66.27733026,47.81675157283,164.88,0.410082950665369
-72.16,4.02,15.37958125,63.1878932500016,45.8424732462627,154.920000000005,0.300949112040689
-72.16,4.07,15.36125317,66.05806117,47.6646607167716,164.28,0.818250671459862
-72.16,4.12,15.33935422,71.59096222,51.1822147485216,182.28,0.687336742232007
-72.16,4.17,15.31132496,69.87180496,50.0766186918555,176.8,0.361804074972707
-72.16,4.22,15.27918079,69.6791887899992,49.9422236579378,176.279999999997,0.517594774003954
-72.16,4.27,15.24155271,65.6914807100009,47.3876512353611,163.480000000003,0.499242078489868
-72.16,4.32,15.19965346,63.26718946,45.8277199287433,155.76,0.071717407079642
-72.16,4.37,15.1539233,64.4928913,46.5921312290105,159.88,0.264152979058894
-72.16,4.42,15.10329046,64.87429846,46.81678917648,161.28,0.297359990164908
-72.16,4.47,15.04721911,61.9914511099999,44.9595295313227,152.12,0.296057658388066
-72.16,4.52,14.9872235800001,62.1659915800002,45.0489775716635,152.88,0.303410939158476
-72.16,4.57,14.92284511,63.10147711,45.6217006383783,156.12,0.322705923692844
-72.16,4.62,14.85397448,63.85965448,46.0798152301055,158.8,0.330331502857799
-72.16,4.67,14.78092959,65.24320159,46.9348935664311,163.52,0.355330087103478
-72.16,4.72,14.70345394,65.40026194,47.0068614867716,164.28,0.318763736368668
-72.16,4.77,14.62221356,66.42998156,47.6335117031217,167.88,0.319889453391984
-72.16,4.82,14.5372271399999,67.4559551399998,48.2564158794715,171.48,0.352017244880384
-72.16,4.87,14.4487103900001,68.35495839,48.7971352151161,174.68,0.299758142727624
-72.16,4.92,14.35687676,68.88032476,49.0985741386439,176.68,0.341345769743081
-72.16,4.97,14.26228876,70.24232876,49.9321093649694,181.4,0.35496227058898
-72.16,5.02,14.16474212,70.10775012,49.8109663717578,181.28,0.372813859663097
-72.16,5.07,14.0652365599998,71.4524925599996,50.6317185870125,185.959999999999,0.418831895397823
-72.16,5.12,13.9637842400001,72.72122424,51.4033313358445,190.4,0.40920466521428
-72.16,5.17,13.86061047,73.22290647,51.6855646683016,192.36,0.483572419649165
-72.16,5.22,13.75640423,74.27903623,52.3207108289339,196.12,0.477809143309345
-72.16,5.27,13.65138777,75.02575577,52.7584104928022,198.88,0.49841215647153
-72.16,5.32,13.5460935799999,75.9326695799998,53.2980832905876,202.16,0.491341498746382
-72.16,5.37,13.4409264,76.8273664000001,53.8300176473028,205.4,0.404256076556071
-72.16,5.42,13.33659049,78.84619849,55.0785393214383,212.28,0.507610273217813
-72.16,5.47,13.23368238,82.59461838,57.4296519454516,224.76,0.711041704538307
-72.16,5.52,13.13284047,88.83859247,61.3716518857172,245.32,1.68268099789392
-72.16,5.57,13.03621248,105.282924480007,71.8147283302663,298.920000000024,7.11934400410304
-72.16,5.62,12.9525670100001,170.486695009987,113.331453572422,510.479999999959,4.54865234048137
-72.16,5.67,12.85987173,180.24451173,119.515388246733,542.4,3.06191182831612
-72.16,5.72,12.76437825,160.69487425,107.023943879538,479.36,6.60822689851047
-72.16,5.77,12.69689082,254.46647482,166.749615487901,783.44,9.22858676453936
-72.16,5.82,12.6248512,306.831747199984,200.090012015611,953.359999999947,9.1959971922971
-72.16,5.87,12.5670942900001,405.390206289965,262.869343708267,1272.91999999989,5.2890499286936
-72.16,5.92,12.48702088,370.51239688,240.616563730393,1160.16,10.769497934253
-72.16,5.97,12.43347109,436.89425509,282.894871602123,1375.44,8.76977026635293
-72.16,6.02,12.3485282,316.5540642,206.184704382771,985.76,12.4328366271824
-72.16,6.07,12.2925222,305.079858200006,198.853156142511,948.760000000019,9.40729765290534
-72.16,6.12,12.2630532300001,391.964493230003,254.20432816029,1230.40000000001,15.9709165393349
-72.16,6.17,12.24288002,490.51116002,316.989781748675,1549.8,23.6010493330886
-72.16,6.22,12.2403543,644.5494103,415.140219938138,2048.96,21.261217501377
-72.16,6.27,12.23116156,722.73945756,464.958659730107,2302.36,15.8055305189057
-72.16,6.32,12.2163405499998,723.551684549976,465.470823941819,2305.03999999992,32.613123989076
-72.16,6.37,12.2399587500001,894.502670750029,574.407343115836,2858.92000000009,21.5953229380419
-72.16,6.42,12.27146211,1067.27611011,684.507968757171,3418.68,21.7598111822145
-72.16,6.47,12.31174597,1246.79815397,798.911911183049,4000.28,17.9446816983297
-72.16,6.52,12.33785022,1283.14030622,822.078172482623,4117.96,6.70301722768941
-72.11,3.12,14.84082382,81.80702382,57.5108958777639,217,0.315689505236099
-72.11,3.17,14.8180588300001,82.1669228299994,57.7319598709508,218.239999999998,0.112532892543928
-72.11,3.22,14.79721077,80.34385077,56.56275595465,212.4,0.320662007815246
-72.11,3.27,14.77943448,81.9554824800014,57.5832192059642,217.680000000004,0.605600591672153
-72.11,3.32,14.7641821300001,86.8407981300005,60.6905509309742,233.560000000001,0.472447873164414
-72.11,3.37,14.74830176,85.75098976,59.9903763178355,230.08,0.482987354785173
-72.11,3.42,14.7320563200001,81.1057443199998,57.0245867263771,215.079999999999,0.598475879507475
-72.11,3.47,14.71721247,80.63417247,56.7187211867666,213.6,0.149714142510499
-72.11,3.52,14.70197621,79.5943842100002,56.0506524879107,210.280000000001,0.75274274940492
-72.11,3.57,14.6875199,83.6534478999986,58.631795031193,223.479999999995,0.419726657575815
-72.11,3.62,14.66954006,78.87068406,55.5777510779594,208.04,0.39695310821921
-72.11,3.67,14.6510775900001,77.4573495900009,54.6704926369872,203.520000000003,0.46638355257027
-72.11,3.72,14.63169426,79.20315826,55.7758688100761,209.24,0.156935670091499
-72.11,3.77,14.60955827,78.6872622699995,55.4391147772536,207.639999999998,0.12858400058208
-72.11,3.82,14.5857726300001,81.1199326299992,56.9805539002939,215.599999999997,0.0806264003362374
-72.11,3.87,14.55756486,77.31446086,54.5455181027044,203.36,0.760410262292503
-72.11,3.92,14.5256731800001,70.9254091800004,50.4629191213686,182.760000000001,0.611281489916804
-72.11,3.97,14.49311048,74.21338248,52.5461627593478,193.52,0.630291531727869
-72.11,4.02,14.45421129,66.644643290001,47.7093384163095,169.120000000003,0.912267754223235
-72.11,4.07,14.41254746,62.41836346,45.0012866733905,155.56,0.807788187168516
-72.11,4.12,14.36796458,61.63314058,44.4847767291572,153.16,0.119415830573166
-72.11,4.17,14.31968273,61.85642673,44.6095348027094,154.04,0.168653718306104
-72.11,4.22,14.2678317200001,64.0264957200017,45.9734649854105,161.240000000005,0.31995249842263
-72.11,4.27,14.21196581,66.7356858099986,47.6794601152129,170.199999999995,0.387749590990915
-72.11,4.32,14.15134271,67.26757471,47.9963786666005,172.12,0.301079965062806
-72.11,4.37,14.08620663,66.63461463,47.569431837355,170.28,0.529349525355129
-72.11,4.42,14.0153874,60.1572594,43.4164435017367,149.52,0.547729241253324
-72.11,4.47,13.94206002,60.2320600200001,43.4375015345834,150,0.24497924861366
-72.11,4.52,13.8646536199999,60.40153362,43.5174041559944,150.8,0.254289175063472
-72.11,4.57,13.78340952,61.24608952,44.0260688862861,153.8,0.3001285841124
-72.11,4.62,13.69825067,61.96329067,44.4521643558722,156.4,0.239689243568332
-72.11,4.67,13.6092378,62.1828778,44.5597877626361,157.4,0.387920217197684
-72.11,4.72,13.51693031,63.42372231,45.3169489882561,161.72,0.333801233089479
-72.11,4.77,13.42126124,64.58714124,46.0235559274528,165.8,0.320569204805514
-72.11,4.82,13.3223694400001,65.2906094400001,46.435918447039,168.4,0.336367336526363
-72.11,4.87,13.2207414300001,66.44806943,47.1365664462355,172.48,0.35502094901173
-72.11,4.92,13.11640354,67.02265154,47.4648283651161,174.68,0.290394046343094
-72.11,4.97,13.00968504,67.10109304,47.4760916311744,175.28,0.403140549384185
-72.11,5.02,12.90125311,68.04190111,48.0362230421716,178.68,0.377426255373432
-72.11,5.07,12.7912144199997,68.8576624199994,48.5160931824628,181.679999999999,0.393274697110822
-72.11,5.12,12.6799808600001,69.7092608600001,49.0183648059667,184.8,0.45721679474024
-72.11,5.17,12.56786398,70.27606398,49.3388477348472,187,0.439802471550203
-72.11,5.22,12.45542877,71.18818077,49.8792449637033,190.32,0.429019021707316
-72.11,5.27,12.34291981,71.71755981,50.1757394593722,192.4,0.423330202043125
-72.11,5.32,12.2310126900003,72.8153646900009,50.8346465442873,196.320000000002,0.423832007131035
-72.11,5.37,12.1202215399997,74.7289895399993,52.0137893698572,202.879999999999,0.410514867275816
-72.11,5.42,12.01064753,75.98959953,52.7772804286894,207.32,0.494361634296303
-72.11,5.47,11.9035493,79.7708613,55.1477992859144,219.92,0.625126713199643
-72.11,5.52,11.7985795,82.7148595,56.9855959003416,229.8,0.805305480783704
-72.11,5.57,11.6966049899997,86.3531169899985,59.2668530647189,241.919999999996,2.28739119939785
-72.11,5.62,11.60342822,112.379844220006,75.8169707600192,326.560000000019,5.30320447250269
-72.11,5.67,11.51072801,124.89036801,83.7548960930527,367.4,4.72520005568246
-72.11,5.72,11.42269813,138.97325013,92.6964040420505,413.32,3.12360246559072
-72.11,5.77,11.33863387,149.69018587,99.4946094687866,448.32,6.74941468542169
-72.11,5.82,11.26730039,191.551420390047,126.142213275494,584.200000000154,4.95934155489907
-72.11,5.87,11.2018551500001,234.455439150024,153.456403212083,723.440000000076,9.63636677228164
-72.11,5.92,11.12991308,223.79234508,146.635904123531,689.12,12.4287416680514
-72.11,5.97,11.08536862,301.65078462,196.230221369807,941.56,14.2028915294201
-72.11,6.02,11.03412409,320.78211609,208.40188780345,1003.72,3.29989597832227
-72.11,6.07,10.9762265899999,277.458498590004,180.775584301156,863.520000000013,2.47185624007741
-72.11,6.12,10.9397832799999,292.568143279993,190.390049454721,912.599999999979,11.0271522881488
-72.11,6.17,10.91510103,322.78626103,209.635722327586,1010.6,13.5444090010311
-72.11,6.22,10.91096392,407.63477992,263.698695876585,1285.56,24.7311913055446
-72.11,6.27,10.9404726,611.2045046,393.421627258975,1945.12,22.0685893627313
-72.11,6.32,10.9242335300002,555.701985530066,358.05018562687,1765.32000000021,21.2354851720935
-72.11,6.37,11.00878265,950.485934649949,609.632532727809,3044.31999999983,32.7262303342976
-72.11,6.42,11.04458209,1064.61732609,682.368696412987,3414.04,12.884527497252
-72.11,6.47,11.07106373,1080.12318373,692.258453695463,3464.2,27.5444096989807
-72.11,6.52,11.14480702,1299.20417502,831.88102987926,4173.88,27.1187152857498
-72.06,3.22,14.28742248,77.46401448,54.5428010591033,204.72,0.231342940377602
-72.06,3.27,14.24578043,81.4465164300001,57.0652960581045,217.76,0.401178887304085
-72.06,3.32,14.2053819100001,84.1835179100004,58.7946240289797,226.760000000001,0.350516384280342
-72.06,3.37,14.16611757,86.83524557,60.4700280223605,235.48,0.40048670950887
-72.06,3.42,14.12745913,89.1049151299987,61.9022089325536,242.959999999996,0.472418178441874
-72.06,3.47,14.08596266,80.62012266,56.4807439302944,215.6,0.922952760440146
-72.06,3.52,14.04492495,74.0491089500011,52.2788826039712,194.440000000004,0.318821010820847
-72.06,3.57,14.0057337,75.6022937000004,53.2543345420725,199.600000000001,0.879218827265126
-72.06,3.62,13.96625084,79.26601084,55.5744870032389,211.6,0.362050545654581
-72.06,3.67,13.9237408800001,76.7547008800001,53.9588868291279,203.6,0.380222980030783
-72.06,3.72,13.87920796,72.71071196,51.3659477622678,190.64,0.362827616963733
-72.06,3.77,13.8350714900001,76.7894714900002,53.9488719498334,204,0.604369941871791
-72.06,3.82,13.7875037500001,76.5690877500007,53.791187894846,203.440000000002,0.475046739849774
-72.06,3.87,13.73848145,80.01341745,55.9680882478127,214.76,0.23365681141529
-72.06,3.92,13.6857635200001,80.0347635199987,55.9625630242353,214.999999999995,0.201901665290037
-72.06,3.97,13.62933426,77.33671826,54.2229272351372,206.44,0.34370538297685
-72.06,4.02,13.5697947700001,74.7713467699993,52.566701177814,198.319999999998,0.457760028534019
-72.06,4.07,13.50914112,80.19142912,55.9983078031411,216.08,1.39347521912102
-72.06,4.12,13.44090495,70.69237695,49.9208670152366,185.52,1.45346594180528
-72.06,4.17,13.37129907,69.20321107,48.9467342621228,180.92,1.14779743931999
-72.06,4.22,13.2981077900001,68.0190597899994,48.1656523857724,177.319999999998,0.80088451914776
-72.06,4.27,13.2195683400001,60.9044403400005,43.6038058255565,154.520000000001,0.591323413471577
-72.06,4.32,13.13875609,59.21890809,42.5004849363839,149.32,0.317693297573029
-72.06,4.37,13.05483756,59.93734956,42.92782072597,151.92,0.29611147394046
-72.06,4.42,12.96676719,59.12098319,42.3756887428072,149.56,0.278986871140574
-72.06,4.47,12.87520337,58.9800433700001,42.252663118525,149.4,0.171811152471952
-72.06,4.52,12.78012073,59.10715273,42.299158597795,150.12,0.206868574189628
-72.06,4.57,12.68160004,59.37895204,42.4366014399116,151.32,0.269769680796611
-72.06,4.62,12.580132,61.079708,43.4834892562128,157.16,0.305325858124206
-72.06,4.67,12.47473582,59.96210382,42.7331260884272,153.88,0.319402775718061
-72.06,4.72,12.36706862,61.40978062,43.6165057233172,158.92,0.364264766729782
-72.06,4.77,12.25656176,62.49664176,44.2689476171611,162.8,0.356307331005481
-72.06,4.82,12.1434723,63.2476322999999,44.7064397320999,165.6,0.351470300075032
-72.06,4.87,12.0281091200001,63.7865011200002,45.0079454588396,167.72,0.361966079701407
-72.06,4.92,11.91108419,65.26185219,45.9055637169411,172.88,0.34371897357228
-72.06,4.97,11.79191427,64.71064227,45.5111030094716,171.48,0.352442223325553
-72.06,5.02,11.67177414,65.18301414,45.7685045308583,173.4,0.369453547973081
-72.06,5.07,11.5509096099998,66.2348296099997,46.3948578525608,177.199999999999,0.364613384308009
-72.06,5.12,11.42928868,66.3354006800002,46.4148150418312,177.920000000001,0.387263618321661
-72.06,5.17,11.3077744,67.1643744,46.8989404942639,181,0.415784717153082
-72.06,5.22,11.18670441,68.41348841,47.6509355730955,185.44,0.39376878371474
-72.06,5.27,11.066303,69.305295,48.1755011508811,188.72,0.372389878802523
-72.06,5.32,10.94724145,70.6428254499999,48.9845628272066,193.44,0.376392255727304
-72.06,5.37,10.8298314499999,71.8709114499997,49.7244869938969,197.799999999999,0.453532526851431
-72.06,5.42,10.7146326,73.2987126,50.5924695277166,202.8,0.492835595143852
-72.06,5.47,10.602278,75.469998,51.9352233757694,210.2,0.643608216312099
-72.06,5.52,10.49313715,77.94075315,53.4699617995155,218.56,0.741429201153749
-72.06,5.57,10.3875619599999,80.1805379599994,54.8588223129207,226.159999999998,0.970863964651803
-72.06,5.62,10.2877277999999,88.326495799999,60.0131094680515,252.879999999997,2.39099857922937
-72.06,5.67,10.19460005,104.13244005,70.0506826969278,304.4,2.8332561334065
-72.06,5.72,10.1049512,113.9179912,76.2533947033722,336.4,3.58665451674017
-72.06,5.77,10.0283238,151.1943078,99.9776222428733,457.44,10.2060380264831
-72.06,5.82,9.98519745999997,291.490117459981,189.356809124007,912.199999999939,5.25643349162808
-72.06,5.87,9.89812420000007,242.792372200003,158.295589548173,754.680000000008,7.34010144376848
-72.06,5.92,9.81112709,166.99962309,109.969781022454,509.36,3.68410398619361
-72.06,5.97,9.76354052,211.67434852,138.418723681077,654.28,5.73825831786773
-72.06,6.02,9.72630253,266.13587053,173.10745216758,830.88,4.01704495374423
-72.06,6.07,9.68538750999991,274.217307510009,178.242003952011,857.200000000028,4.60778838308102
-72.06,6.12,9.63442176999998,207.508741770011,135.717602431013,641.200000000036,3.36959481773955
-72.06,6.17,9.62970409,286.82656809,186.256273330395,898.24,9.34897871275092
-72.06,6.22,9.62460648,327.35916648,212.0813170361,1029.6,10.3021405647135
-72.06,6.27,9.63000328,370.84013128,239.788832506597,1170.48,24.2431034053217
-72.06,6.32,9.6840461999999,578.544942199961,372.155493335457,1843.35999999988,19.7664746566715
-72.06,6.37,9.71327134000001,640.54104734003,411.66928284969,2044.1600000001,28.9476156328577
-72.06,6.42,9.79363763,886.22998163,568.248529090515,2840.04,26.0714535504317
-72.06,6.47,9.81750238,831.34773438,533.286867478683,2662.12,24.439393519824
-72.06,6.52,9.92306309,1109.24267109,710.396539080466,3562.28,37.641069849297
-72.01,3.32,13.6854240000001,84.5152959999999,58.8173822428477,229.519999999999,0.213450999914844
-72.01,3.37,13.62024602,81.42583802,56.8251687505616,219.72,0.408698924072202
-72.01,3.42,13.5584555600001,87.0916635600005,60.4129475872998,238.280000000001,0.4903748208827
-72.01,3.47,13.49526485,86.80628085,60.2081787580294,237.56,0.542491534541554
-72.01,3.52,13.4295457200001,78.0503857199995,54.605182074358,209.399999999998,0.967200500273636
-72.01,3.57,13.3636625400002,70.0473105400013,49.481813855992,183.680000000004,0.493617423564353
-72.01,3.62,13.30040128,73.46505728,51.6366097978878,194.96,0.739833117840418
-72.01,3.67,13.2365788000002,78.7214987999995,54.962796729297,212.199999999998,0.242139330087853
-72.01,3.72,13.16832786,73.74033586,51.7640962632161,196.28,0.65153321702328
-72.01,3.77,13.0986629800002,69.7699669800017,49.2089488449217,183.640000000005,0.250306314685027
-72.01,3.82,13.0295204600002,74.3915444600005,52.1286777317321,198.840000000001,0.663359373526131
-72.01,3.87,12.95725047,76.01040247,53.1339745383978,204.32,0.545156465733153
-72.01,3.92,12.8814645900002,74.0583285900014,51.8626400956743,198.240000000004,0.535575462271857
-72.01,3.97,12.80310519,72.46165719,50.816830213995,193.32,0.602740403426354
-72.01,4.02,12.7231111900002,75.0726551899999,52.4515045473761,202.039999999999,0.877869043208405
-72.01,4.07,12.64287772,87.25001372,60.1816639904378,241.76,0.585901632153871
-72.01,4.12,12.55543275,85.34800075,58.9379977130661,235.88,0.536454053722971
-72.01,4.17,12.4645292,82.6401692,57.1796185361083,227.4,0.785433052258842
-72.01,4.22,12.3692568900002,76.2124248899979,53.049369826912,206.879999999992,0.655217982931249
-72.01,4.27,12.2715847000002,73.0164086999971,50.9774694182021,196.83999999999,0.638732073888362
-72.01,4.32,12.17171859,73.80531059,51.4439157852839,199.72,0.787407709741979
-72.01,4.37,12.06507155,62.65078355,44.2976900371366,163.92,1.00753154078701
-72.01,4.42,11.95661737,56.60486537,40.4059538921994,144.68,0.399067637934275
-72.01,4.47,11.8472392900001,58.44583929,41.5393170813473,151,0.246069626702815
-72.01,4.52,11.7341077700002,58.0364517700003,41.2374147356541,150.04,0.229517729181538
-72.01,4.57,11.61816739,58.17973539,41.2866488281355,150.88,0.230514836280974
-72.01,4.62,11.49930655,57.93743455,41.08913347743,150.48,0.346412083990854
-72.01,4.67,11.37788926,57.91476926,41.0306397959944,150.8,0.283931641904938
-72.01,4.72,11.25435111,58.86515911,41.5913958891328,154.28,0.348925816727754
-72.01,4.77,11.12868974,59.94920974,42.2365487240472,158.2,0.355191996706811
-72.01,4.82,11.00101332,60.62389332,42.6201266236333,160.8,0.348734965013133
-72.01,4.87,10.8718780200002,61.7908780200003,43.3168636860419,165,0.31775184694209
-72.01,4.92,10.74130952,62.46266952,43.6975495056278,167.6,0.370526146314564
-72.01,4.97,10.60956138,62.35560938,43.5815322677689,167.68,0.263667964891824
-72.01,5.02,10.47749322,63.16168522,44.0472383891311,170.72,0.334327670758853
-72.01,5.07,10.3452274900001,64.0045954900001,44.5363432937051,173.88,0.337129151648793
-72.01,5.12,10.2130319900001,64.4402239900001,44.7659585429506,175.72,0.311865010842324
-72.01,5.17,10.08140491,64.74063691,44.90962225042,177.12,0.317240638648871
-72.01,5.22,9.95113114,66.07929914,45.7153371578161,181.88,0.37034650421263
-72.01,5.27,9.8222369,67.0366769,46.278602612025,185.4,0.354349044396559
-72.01,5.32,9.69535865000009,68.1935746500002,46.9697312733629,189.56,0.420045955326008
-72.01,5.37,9.57072338000018,68.7231713800004,47.2619649101025,191.680000000001,0.43816778431564
-72.01,5.42,9.44911634,69.62611634,47.7931903089583,195,0.51362122706244
-72.01,5.47,9.3310652,71.0140332,48.6347241995661,199.88,0.539511949924995
-72.01,5.52,9.21685194,72.15890794,49.3227869487628,203.96,0.642248659206161
-72.01,5.57,9.10739766000028,74.4441896600012,50.7392301764514,211.720000000003,0.767072558044645
-72.01,5.62,9.00380231000019,79.846018310001,54.143626003919,229.560000000003,1.11795768145946
-72.01,5.67,8.90534767,84.27781167,56.9317919068122,244.24,1.98013397973994
-72.01,5.72,8.81603024,99.43333424,66.5563065489483,293.64,3.78909885343223
-72.01,5.77,8.74140059,142.45160859,93.9399665862577,433.28,6.11496111904341
-72.01,5.82,8.67615801000028,194.16944601002,126.870291247251,601.080000000063,11.2964429959625
-72.01,5.87,8.62356577000027,264.354213769993,171.572115598695,828.679999999977,5.68099007734403
-72.01,5.92,8.5305953,169.4099473,111.04101910255,521.32,2.86580840207999
-72.01,5.97,8.50873454,290.28522254,188.053386127572,913.08,11.0449585570774
-72.01,6.02,8.47859607,353.54277207,228.34941529631,1118.16,4.32543626866825
-72.01,6.07,8.43385402000009,333.439030019996,215.523315256655,1053.15999999999,7.67528995691268
-72.01,6.12,8.37753066000018,236.914346659999,153.998491780265,740.559999999997,7.22984169452967
-72.01,6.17,8.35245789,214.44788189,139.674028963996,667.84,7.80728683157744
-72.01,6.22,8.35429384,251.13608584,163.051985495687,786.72,9.12860659251482
-72.01,6.27,8.36320859,274.58625659,177.997391828672,862.68,10.3986614397614
-72.01,6.32,8.39534844000009,344.090428440015,222.296290303768,1087.80000000005,25.0603579448156
-72.01,6.37,8.47447732,554.091621319993,356.135280089621,1768.03999999998,26.5271366113961
-72.01,6.42,8.53575561,655.55885961,420.81123892424,2096.64,29.3282260551056
-72.01,6.47,8.59895306,720.37868106,462.136592690374,2306.48,20.1586405292055
-72.01,6.52,8.71355355,954.54786555,611.388010929178,3064.92,36.6756666228303
-71.96,3.42,13.0270719400002,83.0669279400011,57.6556413143329,226.960000000003,0.51964562662488
-71.96,3.47,12.9403452600002,83.7455292600002,58.0565726007068,229.44,0.524711781860046
-71.96,3.52,12.8509086000002,75.2498286000009,52.610763761659,202.200000000002,0.954659040125447
-71.96,3.57,12.7618805100002,69.1122405100007,48.6676646470866,182.600000000002,0.301537061107529
-71.96,3.62,12.6744632400002,70.444383240001,49.4847742502007,187.200000000003,0.528759192955356
-71.96,3.67,12.5865489400002,73.3190289400019,51.2845682071346,196.800000000005,0.744380542815347
-71.96,3.72,12.4986215500002,80.3412455499971,55.7271406337715,219.83999999999,0.30058865748108
-71.96,3.77,12.4049155500002,73.2978675499991,51.20518568105,197.319999999996,0.842330490068129
-71.96,3.82,12.3098385000002,67.6726785000025,47.5863865514433,179.400000000008,0.227104937016292
-71.96,3.87,12.2155574200002,71.4297254200011,49.9461262054557,191.880000000003,0.632630556420358
-71.96,3.92,12.1181871600002,72.3692511600001,50.5094538353818,195.24,0.566634640282891
-71.96,3.97,12.0167426400002,67.8363106400019,47.5843123810535,180.880000000005,0.349195671107268
-71.96,4.02,11.9151956000002,71.5243716000015,49.8974588197138,193.160000000004,0.86797247577042
-71.96,4.07,11.8125280200002,80.4822000200012,55.5680323255014,222.520000000003,0.931120080826426
-71.96,4.12,11.7041105500002,79.7195505500017,55.0427459487623,220.400000000005,0.603079258445827
-71.96,4.17,11.5931946200002,80.2628666200003,55.3486989255008,222.52,0.554550079664581
-71.96,4.22,11.4775739700003,74.9874539700005,51.9453197280087,205.800000000001,0.504197842726692
-71.96,4.27,11.3599113700003,72.75896737,50.4826649949434,198.959999999999,0.357410533647021
-71.96,4.32,11.2388597000003,69.1075317000012,48.1120943187653,187.520000000003,0.752007658706956
-71.96,4.37,11.1143848100003,63.8109208099994,44.6919954302014,170.759999999997,0.90083116281185
-71.96,4.42,10.9859244600003,54.8318124600013,38.9240066626142,142.080000000003,0.614805978549862
-71.96,4.47,10.8578247200003,56.0615527200006,39.6611065403749,146.480000000001,0.348951481320029
-71.96,4.52,10.7267922900003,56.3131842900005,39.7739030935621,147.720000000001,0.265548746350698
-71.96,4.57,10.5932806800003,56.5746806800004,39.8920859178198,149,0.315782178859048
-71.96,4.62,10.4572968500003,56.2905688500005,39.6617166749732,148.520000000001,0.279849099848594
-71.96,4.67,10.3193138100003,56.3254018100005,39.633849949961,149.080000000001,0.260429482230451
-71.96,4.72,10.1796347400003,56.9016747400006,39.9503670420533,151.400000000001,0.291368720399784
-71.96,4.77,10.03845467,57.80973467,40.47775031305,154.8,0.31306871418736
-71.96,4.82,9.89595423000057,58.716474230001,41.003813214048,158.200000000001,0.304715664000522
-71.96,4.87,9.75250813000058,59.8321161300009,41.6626431232447,162.280000000001,0.317231595244825
-71.96,4.92,9.60813270000032,60.1568127000007,41.8171548339256,163.800000000001,0.300925066278825
-71.96,4.97,9.46375181000032,61.4937118100001,42.6166280723918,168.599999999999,0.275120712727289
-71.96,5.02,9.31881212,60.9167321200001,42.1963975949223,167.2,0.274775362240101
-71.96,5.07,9.1747963500006,61.8466443500011,42.7366760680614,170.680000000002,0.364886889027682
-71.96,5.12,9.03149404000061,62.3205420400011,42.9866463115892,172.680000000002,0.306271846502663
-71.96,5.17,8.88962562000034,63.2402576200004,43.5212066836565,176.12,0.294724070636123
-71.96,5.22,8.74936118000034,63.7418811800007,43.7899456993255,178.200000000001,0.317535959258676
-71.96,5.27,8.61150146,64.8754534599999,44.4622274395921,182.32,0.358123596156502
-71.96,5.32,8.47596642000063,64.9250784200017,44.4446741656519,182.920000000004,0.399193911136353
-71.96,5.37,8.34385832000063,65.7928343200014,44.9496676023667,186.160000000003,0.394544845800201
-71.96,5.42,8.21521660000035,66.0715446000011,45.0805857676947,187.480000000003,0.43009491055492
-71.96,5.47,8.09122462000035,67.8485286200008,46.1678732525601,193.640000000002,0.457537998344039
-71.96,5.52,7.97161266,68.7287806600001,46.6853628292745,196.88,0.464673425035598
-71.96,5.57,7.85752681000064,70.651454810002,47.8690764059176,203.480000000004,0.512030297541817
-71.96,5.62,7.74927025000064,72.9626222500036,49.3024482557475,211.32000000001,0.79855345365196
-71.96,5.67,7.64786976000036,77.2309977600022,51.9854174447232,225.480000000006,1.01863997081332
-71.96,5.72,7.55406927000036,84.1732772700051,56.3749240649417,248.280000000015,2.13412108632245
-71.96,5.77,7.47169178,104.051147780001,69.0109809560272,312.960000000003,4.84423577834492
-71.96,5.82,7.40189346000065,139.062997460026,91.2947945785624,426.640000000083,6.73210535455685
-71.96,5.87,7.33215080000066,148.831422800057,97.4938164218147,458.520000000182,9.33376305696466
-71.96,5.92,7.26069565000036,125.923567650017,82.8712767912612,384.520000000052,4.00197805557538
-71.96,5.97,7.21585729000037,157.676873290039,103.087840389027,487.560000000126,10.2511896394805
-71.96,6.02,7.18575204,206.035248039997,133.890303335577,644.359999999989,11.6588899094092
-71.96,6.07,7.15193106000066,210.71683506006,136.86108466457,659.640000000191,9.64751699181284
-71.96,6.12,7.11407562000065,168.104523620038,109.69528848221,521.68000000012,5.28046784268703
-71.96,6.17,7.09601584000036,153.532887840021,100.403861890014,474.520000000066,4.65603851797353
-71.96,6.22,7.10245341000036,182.16506141002,118.650280492632,567.280000000065,6.7844727052551
-71.96,6.27,7.12237042,217.427098419999,141.126060309055,681.479999999998,8.16884700270476
-71.96,6.32,7.15213407000064,246.082598070051,159.395804991706,774.240000000164,11.3497791019369
-71.96,6.37,7.20183785000065,302.11234185013,195.115329376726,955.64000000042,19.7381770748644
-71.96,6.42,7.27709056000036,406.494394560082,261.653643632889,1293.64000000026,28.2538921480545
-71.96,6.47,7.40151394000034,649.610457940007,416.609471336728,2081.04000000002,24.2420228150866
-71.96,6.52,7.47909099000035,678.091578990079,434.785451300122,2173.08000000025,25.4332755029761
-71.91,3.57,12.20017124,72.5746752399994,50.6700924260868,195.639999999998,1.19000329862052
-71.91,3.62,12.08699372,65.94386572,46.4039567408339,174.52,0.41690683375756
-71.91,3.67,11.9765468600001,70.9808668600003,49.5734029772558,191.200000000001,0.803155901378736
-71.91,3.72,11.86610984,79.69638984,55.0867634727027,219.8,0.618244957889034
-71.91,3.77,11.75099695,77.7173329499991,53.7839674710483,213.759999999997,0.46975462038657
-71.91,3.82,11.63303131,71.7729993099995,49.9535089257464,194.879999999998,0.723215857830587
-71.91,3.87,11.5135365,66.8516885,46.7743536493005,179.32,0.352765307236226
-71.91,3.92,11.3932074400001,65.7932154400009,46.0562503079389,176.280000000003,0.203709492876293
-71.91,3.97,11.27150005,67.35029205,47.0042442635339,181.72,0.168269253055971
-71.91,4.02,11.14704091,67.5467769100001,47.0842868513684,182.76,0.680841721008063
-71.91,4.07,11.02215058,74.16171058,51.2539328058916,204.6,0.978315055791029
-71.91,4.12,10.89319545,75.83497945,52.2733335321928,210.44,0.491335540373764
-71.91,4.17,10.76096495,75.29539695,51.8815431468644,209.12,0.28907927065484
-71.91,4.22,10.62553271,72.8886687100001,50.2988679098823,201.760000000001,0.257002594572733
-71.91,4.27,10.4881057700001,72.4426417699996,49.9648046931181,200.759999999999,0.545312621930819
-71.91,4.32,10.34600965,65.44962565,45.45738322896,178.56,0.426928791550824
-71.91,4.37,10.20501563,69.86356763,48.218740653995,193.32,0.182284958158096
-71.91,4.42,10.05857744,64.89062544,44.9969110954078,177.68,1.09548774872921
-71.91,4.47,9.90777236000008,53.6425643600003,37.7750655029785,141.720000000001,0.663115319815787
-71.91,4.52,9.75869110000013,54.5674111000002,38.3102784861168,145.2,0.288222553962651
-71.91,4.57,9.60705892,53.84795492,37.7968355568711,143.36,0.36721279710617
-71.91,4.62,9.45397421,54.26269421,38.0055615961166,145.2,0.269613582708266
-71.91,4.67,9.29926876,54.60174876,38.1654741889389,146.8,0.239615923547236
-71.91,4.72,9.14329889,55.18641889,38.4814313831722,149.2,0.234350103619466
-71.91,4.77,8.98633393,55.99228593,38.9379716066755,152.32,0.268717717369417
-71.91,4.82,8.82863917999986,56.9085191799998,39.4645710998137,155.8,0.256736097728449
-71.91,4.87,8.67045769000001,57.68848169,39.9041638911761,158.84,0.321617436043542
-71.91,4.92,8.51227015,58.72766215,40.50892510502,162.72,0.289920615078316
-71.91,4.97,8.35406792,58.90274792,40.563090053925,163.8,0.303159171756691
-71.91,5.02,8.19674157,59.69590957,41.0114034363578,166.88,0.281478813955
-71.91,5.07,8.04002169999993,59.1071497,40.5793927788883,165.48,0.33186285889899
-71.91,5.12,7.88551662999985,60.5943966299997,41.470992701272,170.8,0.294056512556063
-71.91,5.17,7.73263534,61.12043534,41.7507112201528,173,0.30156038534644
-71.91,5.22,7.58233012,62.11812212,42.3318929497144,176.72,0.319607675478444
-71.91,5.27,7.43461968,62.26666768,42.3729533354078,177.68,0.356987373714772
-71.91,5.32,7.29037521999998,62.6779032199999,42.5826541735827,179.48,0.3503502825314
-71.91,5.37,7.15008725999998,63.3276312599999,42.9457550820982,182.04,0.385465339212458
-71.91,5.42,7.01411685,63.79651685,43.1951917745555,184,0.372389144315824
-71.91,5.47,6.88325488,64.87536688,43.83514400947,187.92,0.423562521390273
-71.91,5.52,6.75780561,65.94728561,44.4726434933139,191.8,0.341878412134824
-71.91,5.57,6.63862596000006,67.96361796,45.71418687852,198.72,0.502320564553079
-71.91,5.62,6.52556055999989,68.9862005599996,46.3247429770108,202.399999999999,0.548117784782619
-71.91,5.67,6.4201477,71.9050677,48.1463656292972,212.2,0.692796712501098
-71.91,5.72,6.32234517,75.11545717,50.1565039862061,222.92,0.993164603997222
-71.91,5.77,6.23314426,79.97620026,53.2213489554989,238.96,2.01816826665162
-71.91,5.82,6.15344203999992,87.6114980400018,58.0575536545972,263.960000000006,3.97187495132761
-71.91,5.87,6.08592955999989,104.368857559997,68.7106509837613,318.47999999999,4.24738461232137
-71.91,5.92,6.02128032,101.94650432,67.1437005892872,310.84,3.129228878858
-71.91,5.97,5.97805277,132.73858877,86.7483698135349,410.76,5.06448226658871
-71.91,6.02,5.94385247,159.68837247,103.908045553769,498.2,5.96217039334332
-71.91,6.07,5.91542552999989,171.794097529996,111.611357016123,537.519999999989,4.42977496994448
-71.91,6.12,5.89250021999983,166.599036220001,108.292807707563,520.760000000004,2.05455772013499
-71.91,6.17,5.87306654,136.28742654,88.9715571004194,422.6,2.11406921469745
-71.91,6.22,5.88159736,153.52818136,99.960257614915,478.44,1.89390406086272
-71.91,6.27,5.89562525,149.36993725,97.3157630430672,464.92,5.35556469548453
-71.91,6.32,5.92970004999997,167.562036050004,108.919916367857,523.760000000014,7.89546746904675
-71.91,6.37,5.99767832,252.618454319993,163.141525258625,799.159999999977,11.0337596844767
-71.91,6.42,6.06967494,310.00364294,199.732811199219,984.88,15.9573792461944
-71.91,6.47,6.16435458,399.82685858,257.001454671087,1275.64,26.953966727033
-71.91,6.52,6.28002818,518.27211618,332.515342233433,1659.08,24.9392222843262
-71.86,3.77,11.13432161,75.4342176100008,52.1054562365244,208.360000000002,0.106556753256357
-71.86,3.82,10.99532843,74.5298964299989,51.4788050901487,205.879999999996,0.177088526039593
-71.86,3.87,10.85439602,72.77190002,50.3074985899066,200.64,0.331006855522337
-71.86,3.92,10.7111899900001,69.6537899899994,48.2687188519024,190.999999999998,0.398497902485573
-71.86,3.97,10.56589572,66.22499172,46.031214597135,180.36,0.418830326780734
-71.86,4.02,10.4184325600001,62.608864560001,43.6735596863095,169.120000000003,0.16996908317619
-71.86,4.07,10.27117559,66.44871959,46.0668434120983,182.04,0.889650519822127
-71.86,4.12,10.12227868,72.15087868,49.6461703095417,201,0.693440593850572
-71.86,4.17,9.97090488,77.23336088,52.8297477634572,217.96,0.29371198749887
-71.86,4.22,9.81407378000015,72.6326897799999,49.8413542780572,203.559999999999,0.556876048234957
-71.86,4.27,9.65495106000011,68.0544150600005,46.8664000747987,189.240000000001,0.579862925502225
-71.86,4.32,9.49348914,63.21457714,43.7239321990578,174.08,0.188484023207787
-71.86,4.37,9.33302352,67.90530352,46.6545888497861,189.8,0.371085328369196
-71.86,4.42,9.16817274,65.59259674,45.1211495835094,182.84,0.391449572603134
-71.86,4.47,9.00093017999994,61.9196581799984,42.7201189194706,171.479999999995,0.857554558908849
-71.86,4.52,8.82992333000007,52.3918993300005,36.5871001579909,141.160000000002,0.620054901879589
-71.86,4.57,8.66018617,51.32105017,35.84318506984,138.24,0.230469107938431
-71.86,4.62,8.48994769,52.76787569,36.7033206800828,143.48,0.251482460166282
-71.86,4.67,8.31830594,53.37390594,37.0272023475278,146,0.203265088685837
-71.86,4.72,8.14588455,54.17666055,37.4761515921016,149.16,0.244410320984253
-71.86,4.77,7.97277144,54.58371544,37.6727146824178,151.04,0.247678159975029
-71.86,4.82,7.79967775000027,55.7190857500002,38.3333588058969,155.28,0.266274662389678
-71.86,4.87,7.62628616000014,55.7061661600004,38.2622180798142,155.800000000001,0.268313381857217
-71.86,4.92,7.45363543,56.45931543,38.6794761801055,158.8,0.323563978843537
-71.86,4.97,7.2819576,57.5343816,39.3022089082316,162.84,0.291021408678515
-71.86,5.02,7.11107015,57.28943015,39.0841287518083,162.6,0.287475397203067
-71.86,5.07,6.9419989999999,57.4042709999999,39.095962976431,163.52,0.252495676349545
-71.86,5.12,6.7755405499999,58.8425325499998,39.9520131656031,168.72,0.326297837172857
-71.86,5.17,6.61138556,59.48073756,40.2991124951894,171.32,0.305857623162139
-71.86,5.22,6.45010453,59.59102453,40.3108713887416,172.2,0.352241114172176
-71.86,5.27,6.29249308,60.01358108,40.5229361390578,174.08,0.344626613765984
-71.86,5.32,6.13886536000006,60.2426173600001,40.6131374022451,175.32,0.35858153546651
-71.86,5.37,5.98981807000014,60.5132660700004,40.7315154486441,176.680000000001,0.381041081277089
-71.86,5.42,5.84597594,61.11006394,41.0596003828772,179.08,0.363825989050924
-71.86,5.47,5.70790209,62.13232609,41.6608789335094,182.84,0.350607990073752
-71.86,5.52,5.57663587,64.93893187,43.4015900683017,192.36,0.36786488100525
-71.86,5.57,5.45056432000015,63.8006523200006,42.6305515305165,189.080000000002,0.478306063478125
-71.86,5.62,5.33280627000006,65.6209022700002,43.7476692985934,195.36,0.481639168847565
-71.86,5.67,5.22306665,68.18981065,45.3447325609039,204.04,0.530509229931824
-71.86,5.72,5.12140623,70.26069423,46.6273915293217,211.08,0.664282953480399
-71.86,5.77,5.02866367,72.67378367,48.1313355366444,219.2,0.871484118231582
-71.86,5.82,4.94554416000032,75.9358881600036,50.1797532667674,230.040000000011,1.09159944969091
-71.86,5.87,4.87175726000006,77.911205260003,51.4116312444791,236.68000000001,2.03087292470227
-71.86,5.92,4.80866569,80.92176969,53.3070369910455,246.64,1.90439310388779
-71.86,5.97,4.75956672,92.61181472,60.7379819891439,284.68,3.69672670351561
-71.86,6.02,4.72434675,111.56166675,72.7998257656583,346.2,5.32696189117513
-71.86,6.07,4.70257770000015,135.548977700002,88.0763590478905,424.000000000008,6.20931961166022
-71.86,6.12,4.69788819999989,173.650216199992,112.352317002689,547.479999999974,3.8558077352237
-71.86,6.17,4.67300407,120.62019607,78.5531859757283,375.72,2.00707243378114
-71.86,6.22,4.69173292,153.37521292,99.4310910648416,481.8,0.949606240250828
-71.86,6.27,4.70287781,126.93316581,82.5865743106411,396.08,1.31584246592321
-71.86,6.32,4.74737758999989,157.047649589992,101.791312898509,493.519999999975,3.92755429655226
-71.86,6.37,4.80145560000015,175.074591600025,113.297487667259,551.760000000081,5.09445830219648
-71.86,6.42,4.86293383,173.07462183,112.045435568461,545.08,10.5557622958358
-71.86,6.47,4.95877196,231.90321196,149.565089892164,735.4,16.6611284850575
-71.86,6.52,5.07682118,316.83688518,203.726653417951,1010.24,23.1178171606162
-71.81,3.82,10.39492263,71.23849863,49.1637309567683,197.16,0.611936228670844
-71.81,3.87,10.23203243,70.37200043,48.5525100457466,194.88,0.364493646722749
-71.81,3.92,10.06708252,68.30607452,47.1762806708811,188.72,0.212183815656296
-71.81,3.97,9.90130627,69.21422627,47.6947986640194,192.2,0.349433015351293
-71.81,4.02,9.73208979,65.4035297899999,45.2052741182055,180.4,0.474401418417935
-71.81,4.07,9.56126217,62.70218217,43.4220290287416,172.2,0.568696989656968
-71.81,4.12,9.39206779,70.95159579,48.6170722788605,199.48,0.5057626116891
-71.81,4.17,9.218159,71.086287,48.6397997656244,200.48,0.813940632060522
-71.81,4.22,9.0439581,76.3187580999999,51.9106664345277,218,0.379009643867392
-71.81,4.27,8.86395829,70.2506702899999,47.9788464638727,198.92,0.79438689983781
-71.81,4.32,8.68166189,63.14338989,43.3840320132911,176.48,0.331977411853135
-71.81,4.37,8.50053199,64.77682799,44.3591234206628,182.36,0.415680692961917
-71.81,4.42,8.315756695,63.005848695,43.1636376630964,177.22,0.414495517332305
-71.81,4.47,8.1309814,61.2348693999999,41.9681519055299,172.08,0.441097923372439
-71.81,4.52,7.94280387,55.9115878699999,38.5079467301788,155.44,0.697999834551443
-71.81,4.57,7.75355495,50.90817895,35.2511718926622,139.84,0.292513740075452
-71.81,4.62,7.56531985,51.38651985,35.4876711504722,142,0.231487969994416
-71.81,4.67,7.37661084,52.38283484,36.0540454432455,145.84,0.179139455709075
-71.81,4.72,7.18709443,52.18097443,35.856663582175,145.8,0.294034836994266
-71.81,4.77,6.99789999,53.04101999,36.3360324831722,149.2,0.250405120754679
-71.81,4.82,6.80884346,53.53088346,36.5795757620528,151.4,0.32213332531416
-71.81,4.87,6.62049658,54.23130458,36.9575413591328,154.28,0.240341786467491
-71.81,4.92,6.43301616,54.53758416,37.084678981955,155.88,0.29086097869813
-71.81,4.97,6.2470436,55.0922516,37.3706334861883,158.28,0.355945557787612
-71.81,5.02,6.06301748,55.93277748,37.8394398050444,161.6,0.230615622786294
-71.81,5.07,5.88104214,56.17049814,37.9248898014433,162.96,0.212825493895279
-71.81,5.12,5.70183737,56.49739737,38.0681685253361,164.6,0.343296127697728
-71.81,5.17,5.52594996,57.09918196,38.3878045327811,167.12,0.347370580782736
-71.81,5.22,5.35360242,57.28481042,38.4435550738272,168.28,0.338179982483094
-71.81,5.27,5.1855012,57.5857812,38.5743409945083,169.8,0.352835592094134
-71.81,5.32,5.02206334,57.75563134,38.6232703134133,170.88,0.36030168871244
-71.81,5.37,4.86391282,58.05420882,38.7561414830239,172.36,0.362182954930319
-71.81,5.42,4.7117708,58.9636508,39.2804282550916,175.8,0.368140158850741
-71.81,5.47,4.56651336,61.33656936,40.739722833485,183.96,0.200687929397176
-71.81,5.52,4.42705679,61.07367279,40.5216117527794,183.56,0.521647905908304
-71.81,5.57,4.29506611,61.01574611,40.4368137792028,183.8,0.411653261980552
-71.81,5.62,4.17186728,63.12681128,41.7372615929733,191.04,0.432295021924259
-71.81,5.67,4.05713191,65.22165191,43.0304419646028,198.2,0.443326219964473
-71.81,5.72,3.95079534,65.79423534,43.3567052034833,200.4,0.601880272704091
-71.81,5.77,3.85435348,67.26548148,44.2591756294439,205.48,0.753474152295491
-71.81,5.82,3.76876553,70.7349655299999,46.4388375877638,217,0.705453609077792
-71.81,5.87,3.69240836,70.83142436,46.4725967327516,217.56,0.908149692529375
-71.81,5.92,3.62820661,73.65571861,48.2489105332616,226.92,0.994031088216507
-71.81,5.97,3.57602816,77.66471616,50.7844654854744,240.08,1.82687394076834
-71.81,6.02,3.53486741,79.10483541,51.6871588639411,244.88,3.84143114519722
-71.81,6.07,3.5079032,84.9412711999999,55.3962839124549,263.88,6.06466045054051
-71.81,6.12,3.49844433,102.73186033,66.7288054861959,321.559999999999,8.36983558544725
-71.81,6.17,3.49790933,109.27364533,70.8969595535905,342.76,2.53292706193259
-71.81,6.22,3.520059,139.649691,90.2602534060866,441.12,1.98325785562098
-71.81,6.27,3.54040799,128.17777599,82.9578674493994,403.88,1.09714837724187
-71.81,6.32,3.57670239,120.54844639,78.1097167345845,379.04,4.83116784470417
-71.81,6.37,3.64747191,167.020311909999,107.746716828802,529.399999999997,1.38870404988551
-71.81,6.42,3.70544847,137.18112047,88.7545708959171,432.52,4.32215130646276
-71.81,6.47,3.79407305,150.11984905,97.0311300403655,474.16,9.56434238854201
-71.81,6.52,3.89557203,155.99834003,100.813660121386,492.88,18.6274761452498
