lon,lat,estacion_gnss_retenida,tipo_relacion_gravedad_gnss,dist_gnss_km,clase_distancia,gravity_anomaly_base_mgal,aire_libre_mgal,bouguer_mgal,gradiente_mgal_km,usar_grilla_regional,usar_resumen_contextual_100km,usar_contexto_regional_150km
-76.46,6.52,MEDE,contextual_por_proximidad_no_asociacion_directa,103.6896,regional_100_150km,61.1407132,202.2326332,151.04281893645,5.10060852978917,1,0,1
-76.41,6.52,MEDE,contextual_por_proximidad_no_asociacion_directa,98.5192,contextual_50_100km,61.64636937,242.69581737,177.008940221838,5.15903219539068,1,1,1
-76.36,6.52,MEDE,contextual_por_proximidad_no_asociacion_directa,93.3895,contextual_50_100km,62.15378558,264.23740958,190.919085056065,8.96219576599433,1,1,1
-76.31,6.52,MEDE,contextual_por_proximidad_no_asociacion_directa,88.3076,contextual_50_100km,62.54677786,395.97056186,275.000476726776,14.7080596407821,1,1,1
-76.26,6.52,MEDE,contextual_por_proximidad_no_asociacion_directa,83.2822,contextual_50_100km,62.93041033,516.64647433,352.03292987934,19.6718278753776,1,1,1
-76.21,6.52,MEDE,contextual_por_proximidad_no_asociacion_directa,78.3242,contextual_50_100km,63.21617419,722.11420619,483.058221434114,14.1345916202366,1,1,1
-76.16,6.52,MEDE,contextual_por_proximidad_no_asociacion_directa,73.4472,contextual_50_100km,63.63593739,758.44266539,506.35858179836,8.04589731037135,1,1,1
-76.11,6.52,MEDE,contextual_por_proximidad_no_asociacion_directa,68.6685,contextual_50_100km,63.97460013,859.68118413,570.989441589081,39.344718208603,1,1,1
-76.06,6.52,MEDE,contextual_por_proximidad_no_asociacion_directa,64.0102,contextual_50_100km,64.29310027,958.44308427,634.034914016762,2.79343674679318,1,1,1
-76.01,6.52,MEDE,contextual_por_proximidad_no_asociacion_directa,59.5005,contextual_50_100km,64.79639902,840.24647902,558.9040352723,15.9748695243955,1,1,1
-75.96,6.52,MEDE,contextual_por_proximidad_no_asociacion_directa,55.1759,contextual_50_100km,65.31811605,683.25875605,459.062596642011,21.9915202246276,1,1,1
-75.91,6.52,MEDE,contextual_por_proximidad_no_asociacion_directa,51.0834,contextual_50_100km,65.79150532,555.37923332,377.751025680374,21.3855655808774,1,1,1
-75.86,6.52,MEDE,contextual_por_proximidad_no_asociacion_directa,47.2833,local_0_50km,66.31337406,357.71818206,251.993077482605,20.5396652037442,1,1,1
-75.81,6.52,MEDE,contextual_por_proximidad_no_asociacion_directa,43.8516,local_0_50km,66.76225942,211.40925142,158.92961506477,7.11369952347062,1,1,1
-75.76,6.52,MEDE,contextual_por_proximidad_no_asociacion_directa,40.8813,local_0_50km,66.98216245,265.65884245,193.576597430592,17.3136955666308,1,1,1
-75.71,6.52,MEDE,contextual_por_proximidad_no_asociacion_directa,38.4794,local_0_50km,66.97849594,510.11575194,349.340323921874,33.9057011304354,1,1,1
-75.66,6.52,MEDE,contextual_por_proximidad_no_asociacion_directa,36.7574,local_0_50km,66.87935755,818.11050955,545.55497880187,21.0044124226474,1,1,1
-75.61,6.52,MEDE,contextual_por_proximidad_no_asociacion_directa,35.8136,local_0_50km,67.02618507,857.20265707,570.517304449472,4.3485677623911,1,1,1
-75.56,6.52,MEDE,contextual_por_proximidad_no_asociacion_directa,35.7098,local_0_50km,67.18050504,860.49235304,572.669448991394,4.11753037303083,1,1,1
-75.51,6.52,MEDE,contextual_por_proximidad_no_asociacion_directa,36.453,local_0_50km,67.36868077,802.65138477,535.882139238712,5.21055696005147,1,1,1
-75.46,6.52,MEDE,contextual_por_proximidad_no_asociacion_directa,37.9936,local_0_50km,67.49277797,777.37152997,519.819138135509,3.80120247634971,1,1,1
-75.41,6.52,MEDE,contextual_por_proximidad_no_asociacion_directa,40.2402,local_0_50km,67.58868811,749.45890411,502.068339796418,6.85355340092841,1,1,1
-75.36,6.52,MEDE,contextual_por_proximidad_no_asociacion_directa,43.0824,local_0_50km,67.6295202,743.8091522,498.483198942892,2.56272556177059,1,1,1
-75.31,6.52,MEDE,contextual_por_proximidad_no_asociacion_directa,46.411,local_0_50km,67.65211862,724.90839862,486.44806087173,26.0508476059009,1,1,1
-75.26,6.52,MEDE,contextual_por_proximidad_no_asociacion_directa,50.1291,contextual_50_100km,67.90492503,458.76534103,316.956567728071,15.268849833237,1,1,1
-75.21,6.52,MEDE,contextual_por_proximidad_no_asociacion_directa,54.1566,contextual_50_100km,67.74082709,553.42785109,377.214864912079,19.1172160601996,1,1,1
-75.16,6.52,MEDE,contextual_por_proximidad_no_asociacion_directa,58.4296,contextual_50_100km,67.55862237,633.56805437,428.213150308184,5.14131402106204,1,1,1
-75.11,6.52,MEDE,contextual_por_proximidad_no_asociacion_directa,62.8979,contextual_50_100km,67.53653666,531.09076866,362.907820712573,12.7472908300967,1,1,1
-75.06,6.52,MEDE,contextual_por_proximidad_no_asociacion_directa,67.5229,contextual_50_100km,67.39902368,504.78397568,346.095551462995,9.51067416446727,1,1,1
-75.01,6.52,BER1,contextual_por_proximidad_no_asociacion_directa,66.3227,contextual_50_100km,67.25673775,450.21699375,311.274491762915,10.5100820980318,1,1,1
-74.96,6.52,BER1,contextual_por_proximidad_no_asociacion_directa,60.805,contextual_50_100km,67.08810605,387.32849805,271.141503173423,10.1535373604624,1,1,1
-74.91,6.52,BER1,contextual_por_proximidad_no_asociacion_directa,55.2887,contextual_50_100km,66.86577456,341.69259056,241.982177194849,6.75034129681448,1,1,1
-74.86,6.52,BER1,contextual_por_proximidad_no_asociacion_directa,49.774,local_0_50km,66.54171574,359.02045174,252.905713405743,3.8956570207536,1,1,1
-74.81,6.52,BER1,contextual_por_proximidad_no_asociacion_directa,44.2617,local_0_50km,66.18752299,371.66449099,260.833840633038,4.64952942992424,1,1,1
-74.76,6.52,BER1,contextual_por_proximidad_no_asociacion_directa,38.7526,local_0_50km,65.85156196,332.88931396,236.004864969328,3.56757778720302,1,1,1
-74.71,6.52,BER1,contextual_por_proximidad_no_asociacion_directa,33.2485,local_0_50km,65.45787594,315.47325194,224.764721923032,3.46242941572059,1,1,1
-74.66,6.52,BER1,contextual_por_proximidad_no_asociacion_directa,27.7522,local_0_50km,65.03841725,288.63763325,207.513197942043,6.22485405390438,1,1,1
-74.61,6.52,BER1,contextual_por_proximidad_no_asociacion_directa,22.2697,local_0_50km,64.60681293,238.76830893,175.580462084468,3.4931014385728,1,1,1
-74.56,6.52,BER1,contextual_por_proximidad_no_asociacion_directa,16.8143,local_0_50km,64.09795617,230.29757217,169.99838938396,7.82375951996915,1,1,1
-74.51,6.52,BER1,contextual_por_proximidad_no_asociacion_directa,11.4248,local_0_50km,63.62373527,151.82161527,119.822383169119,7.28213354846747,1,1,1
-74.46,6.52,BER1,contextual_por_proximidad_no_asociacion_directa,6.274,local_0_50km,63.08277361,104.62033361,89.5500164624194,3.35342560036258,1,1,1
-74.41,6.52,BER1,contextual_por_proximidad_no_asociacion_directa,3.0375,local_0_50km,62.47055854,94.68839854,82.99938583415,0.545213537050491,1,1,1
-74.36,6.52,BER1,contextual_por_proximidad_no_asociacion_directa,6.3339,local_0_50km,61.81242199,97.36314199,84.4649210732,0.238098354228822,1,1,1
-74.31,6.52,BER1,contextual_por_proximidad_no_asociacion_directa,11.4908,local_0_50km,61.12348779,97.57531979,84.3501648013506,0.787722697374952,1,1,1
-74.26,6.52,BER1,contextual_por_proximidad_no_asociacion_directa,16.8815,local_0_50km,60.40557967,93.75906767,81.6580284626411,0.45803184028447,1,1,1
-74.21,6.52,BER1,contextual_por_proximidad_no_asociacion_directa,22.3374,local_0_50km,59.65245736,93.16641736,81.0071570165583,0.537029825418481,1,1,1
-74.16,6.52,BER1,contextual_por_proximidad_no_asociacion_directa,27.8202,local_0_50km,58.86610423,94.39213623,81.5028724110589,0.80933194955526,1,1,1
-74.11,6.52,BER1,contextual_por_proximidad_no_asociacion_directa,33.3165,local_0_50km,58.05324276,90.54265076,78.7551099777022,0.644921379667504,1,1,1
-74.06,6.52,BER1,contextual_por_proximidad_no_asociacion_directa,38.8207,local_0_50km,57.20556431,91.80579631,79.2524236607672,0.733475596085435,1,1,1
-74.01,6.52,BER1,contextual_por_proximidad_no_asociacion_directa,44.3299,local_0_50km,56.32567278,96.24616878,81.7625415421766,0.443380104715249,1,1,1
-73.96,6.52,BER1,contextual_por_proximidad_no_asociacion_directa,49.8422,local_0_50km,55.41757146,100.09050746,83.8826388843405,0.676159762801029,1,1,1
-73.91,6.52,BER1,contextual_por_proximidad_no_asociacion_directa,55.3569,contextual_50_100km,54.48489202,99.70096402,83.296039291445,0.990874243014799,1,1,1
-73.86,6.52,BER1,contextual_por_proximidad_no_asociacion_directa,60.8733,contextual_50_100km,53.51215235,115.88638435,93.2562766095172,0.562882752294988,1,1,1
-73.81,6.52,BER1,contextual_por_proximidad_no_asociacion_directa,66.3909,contextual_50_100km,52.52980339,110.55894739,89.5052888726816,3.02755678339018,1,1,1
-73.76,6.52,BER1,contextual_por_proximidad_no_asociacion_directa,71.9095,contextual_50_100km,51.50713637,125.28722437,98.5189374187105,6.26681165427006,1,1,1
-73.71,6.52,BER1,contextual_por_proximidad_no_asociacion_directa,77.4289,contextual_50_100km,50.43981479,169.57175879,126.349283071932,6.64200396880841,1,1,1
-73.66,6.52,BER1,contextual_por_proximidad_no_asociacion_directa,82.9489,contextual_50_100km,49.34025477,229.71078277,164.270225812958,8.0041139160606,1,1,1
-73.61,6.52,BER1,contextual_por_proximidad_no_asociacion_directa,88.4693,contextual_50_100km,48.26698185,219.34247785,157.274268236829,13.9792045656376,1,1,1
-73.56,6.52,BER1,contextual_por_proximidad_no_asociacion_directa,93.9902,contextual_50_100km,47.00676979,472.33163379,318.018751877062,26.922323676001,1,1,1
-73.51,6.52,BER1,contextual_por_proximidad_no_asociacion_directa,99.5114,contextual_50_100km,45.86952754,507.65856754,340.116052089483,21.4401355104394,1,1,1
-76.46,6.47,MEDE,contextual_por_proximidad_no_asociacion_directa,101.9165,regional_100_150km,61.82525747,184.52461747,140.007841111322,10.5597455236361,1,0,1
-76.41,6.47,MEDE,contextual_por_proximidad_no_asociacion_directa,96.6508,contextual_50_100km,62.3229012,274.4298532,197.474946945356,6.23242176580806,1,1,1
-76.36,6.47,MEDE,contextual_por_proximidad_no_asociacion_directa,91.4158,contextual_50_100km,62.88308981,275.43442581,198.318291793896,7.19556347914478,1,1,1
-76.31,6.47,MEDE,contextual_por_proximidad_no_asociacion_directa,86.2171,contextual_50_100km,63.33428556,378.09394156,263.895422408096,16.9777749650734,1,1,1
-76.26,6.47,MEDE,contextual_por_proximidad_no_asociacion_directa,81.0616,contextual_50_100km,63.68647795,566.16134195,383.857529228034,18.7455737738493,1,1,1
-76.21,6.47,MEDE,contextual_por_proximidad_no_asociacion_directa,75.9583,contextual_50_100km,64.06435729,702.19978129,470.67671583344,13.6591015181827,1,1,1
-76.16,6.47,MEDE,contextual_por_proximidad_no_asociacion_directa,70.9183,contextual_50_100km,64.48541226,768.59951626,513.138606775559,27.9775670261054,1,1,1
-76.11,6.47,MEDE,contextual_por_proximidad_no_asociacion_directa,65.9562,contextual_50_100km,64.54807438,1186.82752238,779.651289361699,18.7040556144184,1,1,1
-76.06,6.47,MEDE,contextual_por_proximidad_no_asociacion_directa,61.091,contextual_50_100km,65.18351209,980.31829609,648.296592656706,21.1380658042191,1,1,1
-76.01,6.47,MEDE,contextual_por_proximidad_no_asociacion_directa,56.3476,contextual_50_100km,65.75627117,820.66593517,546.775796840895,10.4065163423034,1,1,1
-75.96,6.47,MEDE,contextual_por_proximidad_no_asociacion_directa,51.7598,contextual_50_100km,66.16053546,810.50373546,540.4472350145,10.3360193561902,1,1,1
-75.91,6.47,MEDE,contextual_por_proximidad_no_asociacion_directa,47.3726,local_0_50km,66.69737888,644.76689888,435.036452514116,28.8616992394237,1,1,1
-75.86,6.47,MEDE,contextual_por_proximidad_no_asociacion_directa,43.2472,local_0_50km,67.38708545,309.24307745,221.494868275395,22.6040214832637,1,1,1
-75.81,6.47,MEDE,contextual_por_proximidad_no_asociacion_directa,39.4657,local_0_50km,67.76857885,252.31137885,185.357072354805,5.99781964205953,1,1,1
-75.76,6.47,MEDE,contextual_por_proximidad_no_asociacion_directa,36.1364,local_0_50km,68.06658385,249.44931985,183.641521880743,10.7397014883026,1,1,1
-75.71,6.47,MEDE,contextual_por_proximidad_no_asociacion_directa,33.3946,local_0_50km,68.16555609,407.81071609,284.583442296336,29.9108762299723,1,1,1
-75.66,6.47,MEDE,contextual_por_proximidad_no_asociacion_directa,31.3948,local_0_50km,68.02656062,761.67295262,510.009852627728,27.6665261985122,1,1,1
-75.61,6.47,MEDE,contextual_por_proximidad_no_asociacion_directa,30.2842,local_0_50km,68.09556635,887.86060635,590.440171945594,4.33660593594671,1,1,1
-75.56,6.47,MEDE,contextual_por_proximidad_no_asociacion_directa,30.1613,local_0_50km,68.32132627,836.57485427,557.843404548166,3.960272785975,1,1,1
-75.51,6.47,MEDE,contextual_por_proximidad_no_asociacion_directa,31.0378,local_0_50km,68.47906782,820.08053982,547.390652603986,3.32232923912136,1,1,1
-75.46,6.47,MEDE,contextual_por_proximidad_no_asociacion_directa,32.8337,local_0_50km,68.61266475,796.39021675,532.343928967814,2.21207480809622,1,1,1
-75.41,6.47,MEDE,contextual_por_proximidad_no_asociacion_directa,35.4094,local_0_50km,68.67768994,806.09590594,538.551871443918,11.9244994951776,1,1,1
-75.36,6.47,MEDE,contextual_por_proximidad_no_asociacion_directa,38.6092,local_0_50km,68.80837635,724.52165635,486.621137217911,19.5157918917373,1,1,1
-75.31,6.47,MEDE,contextual_por_proximidad_no_asociacion_directa,42.2917,local_0_50km,69.00939028,548.03065428,374.236084523979,10.6710995171985,1,1,1
-75.26,6.47,MEDE,contextual_por_proximidad_no_asociacion_directa,46.3419,local_0_50km,68.97140597,559.52196597,381.544431513878,18.0572816722515,1,1,1
-75.21,6.47,MEDE,contextual_por_proximidad_no_asociacion_directa,50.6717,contextual_50_100km,68.76380187,694.37006587,467.392727576826,11.8409418429075,1,1,1
-75.16,6.47,MEDE,contextual_por_proximidad_no_asociacion_directa,55.2154,contextual_50_100km,68.68804949,676.24738549,455.817685731674,4.57666914502921,1,1,1
-75.11,6.47,MEDE,contextual_por_proximidad_no_asociacion_directa,59.9244,contextual_50_100km,68.61765269,620.67836469,420.384220918456,7.39085115700297,1,1,1
-75.06,6.47,MEDE,contextual_por_proximidad_no_asociacion_directa,64.7625,contextual_50_100km,68.49917668,576.29430468,392.060237369444,6.47833553872009,1,1,1
-75.01,6.47,BER1,contextual_por_proximidad_no_asociacion_directa,66.3044,contextual_50_100km,68.35797296,519.51882896,355.832344137735,7.12245046563091,1,1,1
-74.96,6.47,BER1,contextual_por_proximidad_no_asociacion_directa,60.7845,contextual_50_100km,68.18724702,456.25791902,315.461297776125,7.45316607172769,1,1,1
-74.91,6.47,BER1,contextual_por_proximidad_no_asociacion_directa,55.2655,contextual_50_100km,67.97416398,398.05272398,278.296325606655,4.66155273122641,1,1,1
-74.86,6.47,BER1,contextual_por_proximidad_no_asociacion_directa,49.7477,local_0_50km,67.67113842,388.87436242,272.338040726926,3.78250938181137,1,1,1
-74.81,6.47,BER1,contextual_por_proximidad_no_asociacion_directa,44.2315,local_0_50km,67.3817439,332.7530559,236.473211014803,2.93011496789976,1,1,1
-74.76,6.47,BER1,contextual_por_proximidad_no_asociacion_directa,38.7176,local_0_50km,66.98238855,344.82114055,244.017961246064,2.61757356463052,1,1,1
-74.71,6.47,BER1,contextual_por_proximidad_no_asociacion_directa,33.207,local_0_50km,66.61248216,294.68022616,211.934556139584,5.71889630397492,1,1,1
-74.66,6.47,BER1,contextual_por_proximidad_no_asociacion_directa,27.702,local_0_50km,66.19956128,250.06344128,183.355454975925,3.29719356262873,1,1,1
-74.61,6.47,BER1,contextual_por_proximidad_no_asociacion_directa,22.2064,local_0_50km,65.70806693,245.37498693,180.189707261936,4.39501241743463,1,1,1
-74.56,6.47,BER1,contextual_por_proximidad_no_asociacion_directa,16.7297,local_0_50km,65.24542808,177.56348408,136.813167370985,7.02005719797357,1,1,1
-74.51,6.47,BER1,contextual_por_proximidad_no_asociacion_directa,11.2994,local_0_50km,64.70603095,148.55882295,118.136040072284,5.02140350943203,1,1,1
-74.46,6.47,BER1,contextual_por_proximidad_no_asociacion_directa,6.0418,local_0_50km,64.14957593,100.58906393,87.36838749028,3.03250360263944,1,1,1
-74.41,6.47,BER1,contextual_por_proximidad_no_asociacion_directa,2.5226,local_0_50km,63.51307535,96.64437135,84.6239460233711,0.479658930925203,1,1,1
-74.36,6.47,BER1,contextual_por_proximidad_no_asociacion_directa,6.1039,local_0_50km,62.83608744,98.55962344,85.5987028381878,0.356334101110929,1,1,1
-74.31,6.47,BER1,contextual_por_proximidad_no_asociacion_directa,11.366,local_0_50km,62.1220976,103.4991856,88.4870895885022,0.351772391551354,1,1,1
-74.26,6.47,BER1,contextual_por_proximidad_no_asociacion_directa,16.7973,local_0_50km,61.38624479,96.19632479,83.5668168089667,0.655845828188098,1,1,1
-74.21,6.47,BER1,contextual_por_proximidad_no_asociacion_directa,22.2743,local_0_50km,60.60931547,97.29568347,83.9854360516911,0.498328766321867,1,1,1
-74.16,6.47,BER1,contextual_por_proximidad_no_asociacion_directa,27.77,local_0_50km,59.79794778,100.68127578,85.84832172568,1.2603544920412,1,1,1
-74.11,6.47,BER1,contextual_por_proximidad_no_asociacion_directa,33.2752,local_0_50km,58.96276443,95.35287643,82.1501141859978,0.765025718450075,1,1,1
-74.06,6.47,BER1,contextual_por_proximidad_no_asociacion_directa,38.7858,local_0_50km,58.09008006,97.23290406,83.0314254047316,0.370686034615952,1,1,1
-74.01,6.47,BER1,contextual_por_proximidad_no_asociacion_directa,44.2997,local_0_50km,57.18900768,97.02309568,82.5708182846828,0.92468726517824,1,1,1
-73.96,6.47,BER1,contextual_por_proximidad_no_asociacion_directa,49.816,local_0_50km,56.26094592,93.84842592,80.2112444298417,0.403627215725302,1,1,1
-73.91,6.47,BER1,contextual_por_proximidad_no_asociacion_directa,55.3338,contextual_50_100km,55.29357726,103.70674526,86.1418763587189,1.17736313704204,1,1,1
-73.86,6.47,BER1,contextual_por_proximidad_no_asociacion_directa,60.8528,contextual_50_100km,54.29769936,115.10424336,93.0429113335566,1.86795366928987,1,1,1
-73.81,6.47,BER1,contextual_por_proximidad_no_asociacion_directa,66.3727,contextual_50_100km,53.26813442,136.17043842,106.092503809851,8.63429568084319,1,1,1
-73.76,6.47,BER1,contextual_por_proximidad_no_asociacion_directa,71.8932,contextual_50_100km,52.20343564,171.10084364,127.963460351591,13.795198871484,1,1,1
-73.71,6.47,BER1,contextual_por_proximidad_no_asociacion_directa,77.4142,contextual_50_100km,51.12349363,194.94343763,142.763864053043,4.53075286659042,1,1,1
-73.66,6.47,BER1,contextual_por_proximidad_no_asociacion_directa,82.9357,contextual_50_100km,50.05873022,164.00619422,122.664709052298,3.21275768123999,1,1,1
-73.61,6.47,BER1,contextual_por_proximidad_no_asociacion_directa,88.4575,contextual_50_100km,48.90407607,231.49652407,165.249828305658,8.59051653584112,1,1,1
-73.56,6.47,BER1,contextual_por_proximidad_no_asociacion_directa,93.9796,contextual_50_100km,47.73888974,286.94092174,200.155600585225,13.9887547230268,1,1,1
-73.51,6.47,BER1,contextual_por_proximidad_no_asociacion_directa,99.502,contextual_50_100km,46.50473705,426.26789705,288.485339235642,33.7267738552825,1,1,1
-76.46,6.42,MEDE,contextual_por_proximidad_no_asociacion_directa,100.4203,regional_100_150km,62.47490885,169.09003685,130.408809746388,15.1312579698915,1,0,1
-76.41,6.42,MEDE,contextual_por_proximidad_no_asociacion_directa,95.0712,contextual_50_100km,62.97105705,299.77835305,213.861870387538,9.64081303754899,1,1,1
-76.36,6.42,MEDE,contextual_por_proximidad_no_asociacion_directa,89.7436,contextual_50_100km,63.53703111,332.42638311,234.870151779912,5.66859628479771,1,1,1
-76.31,6.42,MEDE,contextual_por_proximidad_no_asociacion_directa,84.4414,contextual_50_100km,64.09886539,350.12168939,246.349232145843,9.60634583204662,1,1,1
-76.26,6.42,MEDE,contextual_por_proximidad_no_asociacion_directa,79.1699,contextual_50_100km,64.52337304,493.34158904,337.761277780029,14.4928581283253,1,1,1
-76.21,6.42,MEDE,contextual_por_proximidad_no_asociacion_directa,73.9356,contextual_50_100km,64.96117508,598.16025508,404.709334072647,18.3868390655439,1,1,1
-76.16,6.42,MEDE,contextual_por_proximidad_no_asociacion_directa,68.747,contextual_50_100km,65.29964006,781.42445606,521.60591846721,30.0506579075582,1,1,1
-76.11,6.42,MEDE,contextual_por_proximidad_no_asociacion_directa,63.6152,contextual_50_100km,65.47479561,1105.34569961,728.06825924467,26.9653290455722,1,1,1
-76.06,6.42,MEDE,contextual_por_proximidad_no_asociacion_directa,58.5553,contextual_50_100km,66.0544314,988.7684314,653.996898924027,20.7889184418995,1,1,1
-76.01,6.42,MEDE,contextual_por_proximidad_no_asociacion_directa,53.5874,contextual_50_100km,66.7104077,775.9966477,518.659226214122,19.8238024659478,1,1,1
-75.96,6.42,MEDE,contextual_por_proximidad_no_asociacion_directa,48.74,local_0_50km,67.2647616,644.3714496,434.990330050613,13.8976382929623,1,1,1
-75.91,6.42,MEDE,contextual_por_proximidad_no_asociacion_directa,44.0526,local_0_50km,67.77062516,537.78076916,367.255540122473,17.6407593690873,1,1,1
-75.86,6.42,MEDE,contextual_por_proximidad_no_asociacion_directa,39.5822,local_0_50km,68.34912365,338.84319565,240.704752959084,13.9532494744425,1,1,1
-75.81,6.42,MEDE,contextual_por_proximidad_no_asociacion_directa,35.4111,local_0_50km,68.73813337,296.04054937,213.57254938321,10.6994729532943,1,1,1
-75.76,6.42,MEDE,contextual_por_proximidad_no_asociacion_directa,31.6578,local_0_50km,68.97634794,367.25676394,259.037107608904,13.3136976967114,1,1,1
-75.71,6.42,MEDE,contextual_por_proximidad_no_asociacion_directa,28.4879,local_0_50km,69.19819395,424.59429795,295.652395722365,26.5211567340672,1,1,1
-75.66,6.42,MEDE,contextual_por_proximidad_no_asociacion_directa,26.1148,local_0_50km,69.03505305,807.99626905,539.892415937737,26.6694827904214,1,1,1
-75.61,6.42,MEDE,contextual_por_proximidad_no_asociacion_directa,24.7684,local_0_50km,69.20638391,850.70502391,567.168091186872,4.97052763725235,1,1,1
-75.56,6.42,MEDE,contextual_por_proximidad_no_asociacion_directa,24.618,local_0_50km,69.36848726,871.86427126,580.709326807887,6.14303135865392,1,1,1
-75.51,6.42,MEDE,contextual_por_proximidad_no_asociacion_directa,25.6844,local_0_50km,69.552302,843.05203,562.417196983152,14.3059605526823,1,1,1
-75.46,6.42,MEDE,contextual_por_proximidad_no_asociacion_directa,27.8282,local_0_50km,69.78474713,740.15035513,496.93379841866,22.425587731397,1,1,1
-75.41,6.42,MEDE,contextual_por_proximidad_no_asociacion_directa,30.8253,local_0_50km,70.07766955,553.28354955,377.970751706897,13.6362820341663,1,1,1
-75.36,6.42,MEDE,contextual_por_proximidad_no_asociacion_directa,34.4539,local_0_50km,70.16340484,522.08958884,358.125433984109,5.17304592950795,1,1,1
-75.31,6.42,MEDE,contextual_por_proximidad_no_asociacion_directa,38.5358,local_0_50km,70.04784549,639.01983749,432.590081685117,18.8535091667565,1,1,1
-75.26,6.42,MEDE,contextual_por_proximidad_no_asociacion_directa,42.9421,local_0_50km,69.91884998,735.72952198,494.165549823625,11.1977569995222,1,1,1
-75.21,6.42,MEDE,contextual_por_proximidad_no_asociacion_directa,47.5828,local_0_50km,69.87701359,722.01053359,485.40879364745,7.70059152070687,1,1,1
-75.16,6.42,MEDE,contextual_por_proximidad_no_asociacion_directa,52.3955,contextual_50_100km,69.91683511,602.72090711,409.413299668389,7.50683770361192,1,1,1
-75.11,6.42,MEDE,contextual_por_proximidad_no_asociacion_directa,57.337,contextual_50_100km,69.77749412,610.32125412,414.205596499628,3.2435253147593,1,1,1
-75.06,6.42,MEDE,contextual_por_proximidad_no_asociacion_directa,62.3766,contextual_50_100km,69.67422432,552.38634432,377.252688434075,9.28543099623937,1,1,1
-75.01,6.42,BER1,contextual_por_proximidad_no_asociacion_directa,66.7507,contextual_50_100km,69.55193214,477.71863614,329.63093723899,7.73467239192647,1,1,1
-74.96,6.42,BER1,contextual_por_proximidad_no_asociacion_directa,61.2705,contextual_50_100km,69.36143705,430.00374105,299.158455527351,5.39702778308758,1,1,1
-74.91,6.42,BER1,contextual_por_proximidad_no_asociacion_directa,55.7991,contextual_50_100km,69.12983151,384.86466351,270.31233899267,4.43679031582684,1,1,1
-74.86,6.42,BER1,contextual_por_proximidad_no_asociacion_directa,50.3392,contextual_50_100km,68.83976536,357.84983736,252.993571274917,3.95692503659045,1,1,1
-74.81,6.42,BER1,contextual_por_proximidad_no_asociacion_directa,44.8952,local_0_50km,68.49519094,345.56861494,245.04310566969,2.92972382841203,1,1,1
-74.76,6.42,BER1,contextual_por_proximidad_no_asociacion_directa,39.4735,local_0_50km,68.140811,307.416907,220.604714551649,4.45125927015727,1,1,1
-74.71,6.42,BER1,contextual_por_proximidad_no_asociacion_directa,34.0848,local_0_50km,67.72977576,286.07044776,206.853874295987,3.10101583871902,1,1,1
-74.66,6.42,BER1,contextual_por_proximidad_no_asociacion_directa,28.7477,local_0_50km,67.28672408,259.12482808,189.523699167504,4.1113925696391,1,1,1
-74.61,6.42,BER1,contextual_por_proximidad_no_asociacion_directa,23.4975,local_0_50km,66.82348431,215.49462031,161.554977003771,6.51488766156794,1,1,1
-74.56,6.42,BER1,contextual_por_proximidad_no_asociacion_directa,18.4084,local_0_50km,66.3393112,155.5864312,123.206522440117,6.38289286212167,1,1,1
-74.51,6.42,BER1,contextual_por_proximidad_no_asociacion_directa,13.6619,local_0_50km,65.80104606,110.80727006,94.4784806632455,3.89230342668951,1,1,1
-74.46,6.42,BER1,contextual_por_proximidad_no_asociacion_directa,9.7706,local_0_50km,65.18829745,101.67716145,88.4385708145622,0.599155369346881,1,1,1
-74.41,6.42,BER1,contextual_por_proximidad_no_asociacion_directa,8.0822,local_0_50km,64.53016603,101.38935003,88.0164029266789,0.707254879318697,1,1,1
-74.36,6.42,BER1,contextual_por_proximidad_no_asociacion_directa,9.8092,local_0_50km,63.84006873,97.42809273,85.2419610929817,0.242736000777533,1,1,1
-74.31,6.42,BER1,contextual_por_proximidad_no_asociacion_directa,13.717,local_0_50km,63.10665924,101.66931524,87.6783283844156,0.273884223491384,1,1,1
-74.26,6.42,BER1,contextual_por_proximidad_no_asociacion_directa,18.4698,local_0_50km,62.34305495,101.60931895,87.3630548054372,0.764741447455754,1,1,1
-74.21,6.42,BER1,contextual_por_proximidad_no_asociacion_directa,23.5617,local_0_50km,61.54707049,99.98628649,86.04008512371,0.904940199512014,1,1,1
-74.16,6.42,BER1,contextual_por_proximidad_no_asociacion_directa,28.8133,local_0_50km,60.70223567,115.10224367,95.3652785379383,0.553716666791035,1,1,1
-74.11,6.42,BER1,contextual_por_proximidad_no_asociacion_directa,34.1512,local_0_50km,59.85122814,102.08005214,86.7589362523705,1.19631584657688,1,1,1
-74.06,6.42,BER1,contextual_por_proximidad_no_asociacion_directa,39.5404,local_0_50km,58.96073331,97.22713331,83.3436316287222,0.642843353864183,1,1,1
-74.01,6.42,BER1,contextual_por_proximidad_no_asociacion_directa,44.9624,local_0_50km,58.02314292,110.75671092,91.6243498934133,0.718271045758428,1,1,1
-73.96,6.42,BER1,contextual_por_proximidad_no_asociacion_directa,50.4067,contextual_50_100km,57.08108955,94.92779355,81.1965625323233,0.844067324509125,1,1,1
-73.91,6.42,BER1,contextual_por_proximidad_no_asociacion_directa,55.8667,contextual_50_100km,56.09005805,102.24427405,85.4989796028072,1.70992443418629,1,1,1
-73.86,6.42,BER1,contextual_por_proximidad_no_asociacion_directa,61.3383,contextual_50_100km,55.06002893,123.42110093,98.6188969587366,9.70930847706194,1,1,1
-73.81,6.42,BER1,contextual_por_proximidad_no_asociacion_directa,66.8186,contextual_50_100km,53.92189628,249.69773628,178.667950259011,17.4192231962693,1,1,1
-73.76,6.42,BER1,contextual_por_proximidad_no_asociacion_directa,72.3056,contextual_50_100km,52.77769279,357.73621279,247.093661488075,3.91749939180474,1,1,1
-73.71,6.42,BER1,contextual_por_proximidad_no_asociacion_directa,77.7979,contextual_50_100km,51.7729261,247.2648541,176.338074704388,12.0815096845291,1,1,1
-73.66,6.42,BER1,contextual_por_proximidad_no_asociacion_directa,83.2945,contextual_50_100km,50.70432207,185.62424207,136.673702271172,3.99186896157716,1,1,1
-73.61,6.42,BER1,contextual_por_proximidad_no_asociacion_directa,88.7945,contextual_50_100km,49.48676393,305.15569193,212.395986503347,12.18062004198,1,1,1
-73.56,6.42,BER1,contextual_por_proximidad_no_asociacion_directa,94.2974,contextual_50_100km,48.31902943,324.38024543,224.221977171904,19.772126246313,1,1,1
-73.51,6.42,BER1,contextual_por_proximidad_no_asociacion_directa,99.8027,contextual_50_100km,47.01492042,531.44285642,355.686682232882,33.7553589194243,1,1,1
-76.46,6.37,MEDE,contextual_por_proximidad_no_asociacion_directa,99.2135,contextual_50_100km,63.04817313,202.04161313,151.613152184456,12.176454146312,1,1,1
-76.41,6.37,MEDE,contextual_por_proximidad_no_asociacion_directa,93.7951,contextual_50_100km,63.6016846,307.1488046,218.787034222061,9.47766621237577,1,1,1
-76.36,6.37,MEDE,contextual_por_proximidad_no_asociacion_directa,88.39,contextual_50_100km,64.18432067,359.10716867,252.105677647713,7.31219492040986,1,1,1
-76.31,6.37,MEDE,contextual_por_proximidad_no_asociacion_directa,83.0009,contextual_50_100km,64.73987877,418.82751877,290.360342728886,15.8739159615857,1,1,1
-76.26,6.37,MEDE,contextual_por_proximidad_no_asociacion_directa,77.6311,contextual_50_100km,65.1540499,603.9449619,408.465258227609,14.2028083793198,1,1,1
-76.21,6.37,MEDE,contextual_por_proximidad_no_asociacion_directa,72.2849,contextual_50_100km,65.76054037,564.54454837,383.579821777938,2.7273286244436,1,1,1
-76.16,6.37,MEDE,contextual_por_proximidad_no_asociacion_directa,66.968,contextual_50_100km,66.22582809,647.23322009,436.436879078909,12.1996637980999,1,1,1
-76.11,6.37,MEDE,contextual_por_proximidad_no_asociacion_directa,61.6879,contextual_50_100km,66.63081606,764.91855206,511.571517670257,25.1677368838012,1,1,1
-76.06,6.37,MEDE,contextual_por_proximidad_no_asociacion_directa,56.4549,contextual_50_100km,67.0619027,829.9704787,553.178240664615,10.7362328836464,1,1,1
-76.01,6.37,MEDE,contextual_por_proximidad_no_asociacion_directa,51.2835,contextual_50_100km,67.52886463,833.84438463,555.816067090089,7.9462940741981,1,1,1
-75.96,6.37,MEDE,contextual_por_proximidad_no_asociacion_directa,46.1943,local_0_50km,68.04193636,768.05783236,514.083801120135,12.9067009600884,1,1,1
-75.91,6.37,MEDE,contextual_por_proximidad_no_asociacion_directa,41.218,local_0_50km,68.6200892,616.4344652,417.680942260185,27.6998000149576,1,1,1
-75.86,6.37,MEDE,contextual_por_proximidad_no_asociacion_directa,36.4006,local_0_50km,69.3654136,286.7432536,207.876006952483,11.0203047547373,1,1,1
-75.81,6.37,MEDE,contextual_por_proximidad_no_asociacion_directa,31.8146,local_0_50km,69.56960394,435.34701194,302.638650062702,10.128617240098,1,1,1
-75.76,6.37,MEDE,contextual_por_proximidad_no_asociacion_directa,27.5756,local_0_50km,69.89695478,440.85884278,306.269490352335,8.83851088187106,1,1,1
-75.71,6.37,MEDE,contextual_por_proximidad_no_asociacion_directa,23.8693,local_0_50km,70.08986388,539.53218388,369.212968093228,31.8861191837385,1,1,1
-75.66,6.37,MEDE,contextual_por_proximidad_no_asociacion_directa,20.9797,local_0_50km,69.91350419,941.78256819,625.458178754409,16.840652107604,1,1,1
-75.61,6.37,MEDE,contextual_por_proximidad_no_asociacion_directa,19.2779,local_0_50km,70.27124693,828.66191893,553.508829802792,12.265710935385,1,1,1
-75.56,6.37,MEDE,contextual_por_proximidad_no_asociacion_directa,19.0842,local_0_50km,70.58271349,728.57963349,489.850582805964,22.7133043803589,1,1,1
-75.51,6.37,MEDE,contextual_por_proximidad_no_asociacion_directa,20.4415,local_0_50km,70.88513648,607.40475248,412.749101810626,14.9471951715126,1,1,1
-75.46,6.37,MEDE,contextual_por_proximidad_no_asociacion_directa,23.0778,local_0_50km,71.09970362,533.98735962,366.046253314763,6.49282010524707,1,1,1
-75.41,6.37,MEDE,contextual_por_proximidad_no_asociacion_directa,26.6157,local_0_50km,70.99213083,712.06542683,479.476466728232,18.9974469241361,1,1,1
-75.36,6.37,MEDE,contextual_por_proximidad_no_asociacion_directa,30.7455,local_0_50km,71.00715701,750.01356501,503.662024048049,15.684729405259,1,1,1
-75.31,6.37,MEDE,contextual_por_proximidad_no_asociacion_directa,35.2598,local_0_50km,70.97633005,795.66788205,532.741231500175,7.41006395419264,1,1,1
-75.26,6.37,MEDE,contextual_por_proximidad_no_asociacion_directa,40.0289,local_0_50km,71.03006028,734.70522028,493.916037088419,6.6529541357367,1,1,1
-75.21,6.37,MEDE,contextual_por_proximidad_no_asociacion_directa,44.9716,local_0_50km,71.03889736,680.20295336,459.191042240846,7.788656547663,1,1,1
-75.16,6.37,MEDE,contextual_por_proximidad_no_asociacion_directa,50.0365,contextual_50_100km,71.03036098,607.73513698,413.012308076685,5.57160123337577,1,1,1
-75.11,6.37,MEDE,contextual_por_proximidad_no_asociacion_directa,55.1901,contextual_50_100km,70.91543012,594.37509412,404.457748217979,7.36107714500836,1,1,1
-75.06,6.37,MEDE,contextual_por_proximidad_no_asociacion_directa,60.4096,contextual_50_100km,70.87394095,483.27463695,333.65079576619,8.37937294285093,1,1,1
-75.01,6.37,MEDE,contextual_por_proximidad_no_asociacion_directa,65.6794,contextual_50_100km,70.68854483,463.28946483,320.849216129019,3.56924098403764,1,1,1
-74.96,6.37,BER1,contextual_por_proximidad_no_asociacion_directa,62.2513,contextual_50_100km,70.46222776,444.70761976,308.926973317103,5.76808678770745,1,1,1
-74.91,6.37,BER1,contextual_por_proximidad_no_asociacion_directa,56.8737,contextual_50_100km,70.25973629,370.61394429,261.641891738758,6.75396588360357,1,1,1
-74.86,6.37,BER1,contextual_por_proximidad_no_asociacion_directa,51.5273,contextual_50_100km,69.97769702,331.31252102,236.497161634732,2.28134774639581,1,1,1
-74.81,6.37,BER1,contextual_por_proximidad_no_asociacion_directa,46.2228,local_0_50km,69.61026565,332.38933765,237.049988039987,5.26617322928124,1,1,1
-74.76,6.37,BER1,contextual_por_proximidad_no_asociacion_directa,40.9766,local_0_50km,69.24711901,294.63621501,212.862390107274,3.65874479166149,1,1,1
-74.71,6.37,BER1,contextual_por_proximidad_no_asociacion_directa,35.8143,local_0_50km,68.82896597,270.61633397,197.405494620372,3.19411519732497,1,1,1
-74.66,6.37,BER1,contextual_por_proximidad_no_asociacion_directa,30.778,local_0_50km,68.37562518,242.80868918,179.52231425802,4.82173067885154,1,1,1
-74.61,6.37,BER1,contextual_por_proximidad_no_asociacion_directa,25.9414,local_0_50km,67.89962089,199.83229289,151.965561932098,6.39343318476331,1,1,1
-74.56,6.37,BER1,contextual_por_proximidad_no_asociacion_directa,21.44,local_0_50km,67.40060838,141.77320838,114.789951080097,5.84048237192425,1,1,1
-74.51,6.37,BER1,contextual_por_proximidad_no_asociacion_directa,17.5339,local_0_50km,66.83680672,107.39919072,92.6826789378455,2.35446044337102,1,1,1
-74.46,6.37,BER1,contextual_por_proximidad_no_asociacion_directa,14.7054,local_0_50km,66.20412774,101.71781574,88.8330304699883,0.182693619461522,1,1,1
-74.41,6.37,BER1,contextual_por_proximidad_no_asociacion_directa,13.6419,local_0_50km,65.5229696,106.7395856,91.785710724585,0.410043547609315,1,1,1
-74.36,6.37,BER1,contextual_por_proximidad_no_asociacion_directa,14.731,local_0_50km,64.81574332,101.62555132,88.2705184123967,0.383508331303288,1,1,1
-74.31,6.37,BER1,contextual_por_proximidad_no_asociacion_directa,17.577,local_0_50km,64.06295035,105.79801435,90.6560404195483,0.384375007846009,1,1,1
-74.26,6.37,BER1,contextual_por_proximidad_no_asociacion_directa,21.4928,local_0_50km,63.276689,108.184161,91.8911999946811,1.54919012267698,1,1,1
-74.21,6.37,BER1,contextual_por_proximidad_no_asociacion_directa,25.9996,local_0_50km,62.46056115,105.70159315,90.0132362501561,1.29314324832377,1,1,1
-74.16,6.37,BER1,contextual_por_proximidad_no_asociacion_directa,30.8393,local_0_50km,61.60465744,109.22780944,91.9495676702033,0.213834706794374,1,1,1
-74.11,6.37,BER1,contextual_por_proximidad_no_asociacion_directa,35.8775,local_0_50km,60.72479424,103.04002624,87.6875605098644,0.602239989020636,1,1,1
-74.06,6.37,BER1,contextual_por_proximidad_no_asociacion_directa,41.0411,local_0_50km,59.80543254,104.41664854,88.2311727089878,0.942619944171025,1,1,1
-74.01,6.37,BER1,contextual_por_proximidad_no_asociacion_directa,46.2881,local_0_50km,58.85258945,108.11749345,90.2436046725872,0.285139180087809,1,1,1
-73.96,6.37,BER1,contextual_por_proximidad_no_asociacion_directa,51.5932,contextual_50_100km,57.87612719,104.01799919,87.2771832917366,1.06940557268728,1,1,1
-73.91,6.37,BER1,contextual_por_proximidad_no_asociacion_directa,56.9401,contextual_50_100km,56.85765045,114.38069045,93.5106524387889,6.0689895703651,1,1,1
-73.86,6.37,BER1,contextual_por_proximidad_no_asociacion_directa,62.318,contextual_50_100km,55.75074812,198.27457212,146.565246180634,23.0003623342478,1,1,1
-73.81,6.37,BER1,contextual_por_proximidad_no_asociacion_directa,67.7195,contextual_50_100km,54.5836471,328.6327911,229.204526317404,13.2097730263035,1,1,1
-73.76,6.37,BER1,contextual_por_proximidad_no_asociacion_directa,73.1395,contextual_50_100km,53.56613127,238.44221927,171.366991953711,1.09859117434847,1,1,1
-73.71,6.37,BER1,contextual_por_proximidad_no_asociacion_directa,78.5741,contextual_50_100km,52.39658899,312.62045299,218.208163008382,2.09622207451675,1,1,1
-73.66,6.37,BER1,contextual_por_proximidad_no_asociacion_directa,84.0204,contextual_50_100km,51.33816935,203.36687335,148.209064734962,5.75178700075788,1,1,1
-73.61,6.37,BER1,contextual_por_proximidad_no_asociacion_directa,89.4763,contextual_50_100km,50.04539233,392.02356833,267.949848788671,19.7478028512979,1,1,1
-73.56,6.37,BER1,contextual_por_proximidad_no_asociacion_directa,94.9402,contextual_50_100km,48.76405237,546.38772437,365.843981377306,18.8879305577008,1,1,1
-73.51,6.37,TUNA,contextual_por_proximidad_no_asociacion_directa,94.6457,contextual_50_100km,47.46594185,708.65995785,468.770962993238,12.2444061926519,1,1,1
-76.46,6.32,MEDE,contextual_por_proximidad_no_asociacion_directa,98.3067,contextual_50_100km,63.63520807,182.27339207,139.230058309109,19.1436843626925,1,1,1
-76.41,6.32,MEDE,contextual_por_proximidad_no_asociacion_directa,92.8348,contextual_50_100km,64.16990652,345.89701852,243.683096303289,12.5310993917916,1,1,1
-76.36,6.32,MEDE,contextual_por_proximidad_no_asociacion_directa,87.3699,contextual_50_100km,64.79286763,390.93369163,272.605950365148,7.63867493240032,1,1,1
-76.31,6.32,MEDE,contextual_por_proximidad_no_asociacion_directa,81.9131,contextual_50_100km,65.35784575,474.98114175,326.364974075315,17.5438324836708,1,1,1
-76.26,6.32,MEDE,contextual_por_proximidad_no_asociacion_directa,76.4664,contextual_50_100km,65.77074488,691.66092088,464.580575961449,10.4430027512637,1,1,1
-76.21,6.32,MEDE,contextual_por_proximidad_no_asociacion_directa,71.0321,contextual_50_100km,66.44483476,615.06157076,416.016942139771,11.5565317601523,1,1,1
-76.16,6.32,MEDE,contextual_por_proximidad_no_asociacion_directa,65.6132,contextual_50_100km,66.92283622,713.42749222,478.867970589276,7.19764336342162,1,1,1
-76.11,6.32,MEDE,contextual_por_proximidad_no_asociacion_directa,60.2138,contextual_50_100km,67.48115475,706.38190675,474.581171259814,7.61877758831847,1,1,1
-76.06,6.32,MEDE,contextual_por_proximidad_no_asociacion_directa,54.8398,contextual_50_100km,67.89563786,814.23856586,543.45654048793,11.5303619630156,1,1,1
-76.01,6.32,MEDE,contextual_por_proximidad_no_asociacion_directa,49.4994,local_0_50km,68.3048831,899.0067071,597.618278344106,7.39287171421715,1,1,1
-75.96,6.32,MEDE,contextual_por_proximidad_no_asociacion_directa,44.2049,local_0_50km,68.9853824,699.8378464,470.957124811812,20.6961166131208,1,1,1
-75.91,6.32,MEDE,contextual_por_proximidad_no_asociacion_directa,38.9748,local_0_50km,69.59345738,546.97296938,373.774046631595,26.3105635962853,1,1,1
-75.86,6.32,MEDE,contextual_por_proximidad_no_asociacion_directa,33.839,local_0_50km,70.30755875,274.47731875,200.402119456989,9.81575317229177,1,1,1
-75.81,6.32,MEDE,contextual_por_proximidad_no_asociacion_directa,28.8481,local_0_50km,70.57877608,379.22815208,267.246514648171,12.1202547387057,1,1,1
-75.76,6.32,MEDE,contextual_por_proximidad_no_asociacion_directa,24.0923,local_0_50km,70.82148762,478.87709562,330.829703659355,18.4494194826806,1,1,1
-75.71,6.32,MEDE,contextual_por_proximidad_no_asociacion_directa,19.7419,local_0_50km,70.93844255,659.41395455,445.908091436595,27.7202750757528,1,1,1
-75.66,6.32,MEDE,contextual_por_proximidad_no_asociacion_directa,16.1288,local_0_50km,71.00907963,848.77983163,566.595420683564,14.3065680652024,1,1,1
-75.61,6.32,MEDE,contextual_por_proximidad_no_asociacion_directa,13.8427,local_0_50km,71.26027665,846.42644465,565.187007527677,22.4275230158211,1,1,1
-75.56,6.32,MEDE,contextual_por_proximidad_no_asociacion_directa,13.5716,local_0_50km,71.82202893,542.91844493,371.999103586682,14.3357063194321,1,1,1
-75.51,6.32,MEDE,contextual_por_proximidad_no_asociacion_directa,15.4221,local_0_50km,71.85535331,669.31729731,452.551050575959,19.0028042382646,1,1,1
-75.46,6.32,MEDE,contextual_por_proximidad_no_asociacion_directa,18.7772,local_0_50km,71.86823497,780.67305897,523.51030089237,16.6452674088274,1,1,1
-75.41,6.32,MEDE,contextual_por_proximidad_no_asociacion_directa,22.9872,local_0_50km,71.94738333,802.14435933,537.220275957643,5.06388700296077,1,1,1
-75.36,6.32,MEDE,contextual_por_proximidad_no_asociacion_directa,27.6645,local_0_50km,72.03832641,780.94190241,523.743315940935,2.08636154296641,1,1,1
-75.31,6.32,MEDE,contextual_por_proximidad_no_asociacion_directa,32.6086,local_0_50km,72.08380965,765.97708165,514.224410679139,4.54597614131361,1,1,1
-75.26,6.32,MEDE,contextual_por_proximidad_no_asociacion_directa,37.7149,local_0_50km,72.11236811,732.42996011,492.858942227228,5.39731044309451,1,1,1
-75.21,6.32,MEDE,contextual_por_proximidad_no_asociacion_directa,42.9253,local_0_50km,72.13077571,674.24640771,455.791748029559,5.08164865766583,1,1,1
-75.16,6.32,MEDE,contextual_por_proximidad_no_asociacion_directa,48.2063,local_0_50km,72.07447394,646.02109794,437.786486916551,6.05604261604197,1,1,1
-75.11,6.32,MEDE,contextual_por_proximidad_no_asociacion_directa,53.5368,contextual_50_100km,72.02198244,580.59478244,396.078566546889,10.1531919940908,1,1,1
-75.06,6.32,MEDE,contextual_por_proximidad_no_asociacion_directa,58.9035,contextual_50_100km,71.96089768,488.21292168,337.191773230204,8.80245901442657,1,1,1
-75.01,6.32,MEDE,contextual_por_proximidad_no_asociacion_directa,64.2973,contextual_50_100km,71.82128773,427.98271973,298.763147468739,5.6115259321493,1,1,1
-74.96,6.32,BER1,contextual_por_proximidad_no_asociacion_directa,63.7039,contextual_50_100km,71.61299517,391.38431517,275.367505152742,0.939113927140438,1,1,1
-74.91,6.32,BER1,contextual_por_proximidad_no_asociacion_directa,58.4595,contextual_50_100km,71.29659033,412.27490233,288.563945251956,2.5714949478475,1,1,1
-74.86,6.32,BER1,contextual_por_proximidad_no_asociacion_directa,53.272,contextual_50_100km,71.03889244,347.75434044,247.358709088644,8.99162663390399,1,1,1
-74.81,6.32,BER1,contextual_por_proximidad_no_asociacion_directa,48.1595,local_0_50km,70.76609405,260.46868605,191.642346102298,3.21943788075851,1,1,1
-74.76,6.32,BER1,contextual_por_proximidad_no_asociacion_directa,43.1489,local_0_50km,70.31327047,293.49279047,212.520625825644,4.09632431101196,1,1,1
-74.71,6.32,BER1,contextual_por_proximidad_no_asociacion_directa,38.2802,local_0_50km,69.88898838,266.49187638,195.162027580738,6.82202550325177,1,1,1
-74.66,6.32,BER1,contextual_por_proximidad_no_asociacion_directa,33.6149,local_0_50km,69.45285023,213.97640223,161.541551364064,6.40531638690588,1,1,1
-74.61,6.32,BER1,contextual_por_proximidad_no_asociacion_directa,29.2508,local_0_50km,68.96670227,169.53327027,133.046532141816,6.69657607542209,1,1,1
-74.56,6.32,BER1,contextual_por_proximidad_no_asociacion_directa,25.3437,local_0_50km,68.45220599,114.05094199,97.5071822446322,4.08604654479675,1,1,1
-74.51,6.32,BER1,contextual_por_proximidad_no_asociacion_directa,22.1371,local_0_50km,67.84462935,106.50603735,92.47922210298,0.656016953514732,1,1,1
-74.46,6.32,BER1,contextual_por_proximidad_no_asociacion_directa,19.9713,local_0_50km,67.19334265,103.38595065,90.2548451888689,0.348821652275001,1,1,1
-74.41,6.32,BER1,contextual_por_proximidad_no_asociacion_directa,19.2017,local_0_50km,66.49622893,107.35486893,92.5308719735389,0.140967808576765,1,1,1
-74.36,6.32,BER1,contextual_por_proximidad_no_asociacion_directa,19.9902,local_0_50km,65.77062936,102.76559736,89.343386218455,0.410145237018275,1,1,1
-74.31,6.32,BER1,contextual_por_proximidad_no_asociacion_directa,22.1712,local_0_50km,65.00182271,104.09527071,89.9117062504494,1.39353728979834,1,1,1
-74.26,6.32,BER1,contextual_por_proximidad_no_asociacion_directa,25.3884,local_0_50km,64.17442854,127.52383654,104.539923434091,1.36807486159241,1,1,1
-74.21,6.32,BER1,contextual_por_proximidad_no_asociacion_directa,29.3024,local_0_50km,63.34170927,121.48194927,100.387983812317,2.17610043312668,1,1,1
-74.16,6.32,BER1,contextual_por_proximidad_no_asociacion_directa,33.6711,local_0_50km,62.47471369,114.76389769,95.7927644248733,1.25665228665461,1,1,1
-74.11,6.32,BER1,contextual_por_proximidad_no_asociacion_directa,38.3393,local_0_50km,61.57190664,109.79991464,92.3022239726605,1.03584929546111,1,1,1
-74.06,6.32,BER1,contextual_por_proximidad_no_asociacion_directa,43.2102,local_0_50km,60.62905235,112.18994035,93.4830414717105,2.02112011922073,1,1,1
-74.01,6.32,BER1,contextual_por_proximidad_no_asociacion_directa,48.2222,local_0_50km,59.65426332,114.56037532,94.6397896818311,1.10632530186515,1,1,1
-73.96,6.32,BER1,contextual_por_proximidad_no_asociacion_directa,53.3358,contextual_50_100km,58.65292423,111.92962823,92.6002110505178,2.68254347656756,1,1,1
-73.91,6.32,BER1,contextual_por_proximidad_no_asociacion_directa,58.5241,contextual_50_100km,57.5855481,150.8938441,117.040492742329,20.1163799752737,1,1,1
-73.86,6.32,BER1,contextual_por_proximidad_no_asociacion_directa,63.7691,contextual_50_100km,56.26477832,461.46892232,314.456075162057,18.6578031450048,1,1,1
-73.81,6.32,BER1,contextual_por_proximidad_no_asociacion_directa,69.0577,contextual_50_100km,55.1713525,475.6697125,323.107943218475,9.64371141800417,1,1,1
-73.76,6.32,BER1,contextual_por_proximidad_no_asociacion_directa,74.3807,contextual_50_100km,54.1494412,365.0824572,252.272288216224,13.7035054167779,1,1,1
-73.71,6.32,BER1,contextual_por_proximidad_no_asociacion_directa,79.7312,contextual_50_100km,53.10362169,244.99110169,175.372058581786,6.9227782266593,1,1,1
-73.66,6.32,BER1,contextual_por_proximidad_no_asociacion_directa,85.1041,contextual_50_100km,51.9376871,247.3308631,176.439912095824,8.68418147502168,1,1,1
-73.61,6.32,BER1,contextual_por_proximidad_no_asociacion_directa,90.4952,contextual_50_100km,50.72973738,276.61259338,194.659626520096,9.81416190890434,1,1,1
-73.56,6.32,TUNA,contextual_por_proximidad_no_asociacion_directa,90.3388,contextual_50_100km,49.42871909,414.03344709,281.750547360999,23.0253522804755,1,1,1
-73.51,6.32,TUNA,contextual_por_proximidad_no_asociacion_directa,89.1728,contextual_50_100km,48.03441083,677.34387483,449.022971857992,9.97170093825567,1,1,1
-73.46,6.32,TUNA,contextual_por_proximidad_no_asociacion_directa,88.3381,contextual_50_100km,46.8529187,586.2980627,390.580995934348,20.5967170532415,1,1,1
-76.46,6.27,MEDE,contextual_por_proximidad_no_asociacion_directa,97.7084,contextual_50_100km,64.20310147,147.67322947,117.389281609097,11.6379439106257,1,1,1
-76.41,6.27,MEDE,contextual_por_proximidad_no_asociacion_directa,92.2004,contextual_50_100km,64.83263129,247.33867129,181.123325368164,16.7143798014858,1,1,1
-76.36,6.27,MEDE,contextual_por_proximidad_no_asociacion_directa,86.6949,contextual_50_100km,65.40296204,385.56929004,269.409166456999,14.627879167309,1,1,1
-76.31,6.27,MEDE,contextual_por_proximidad_no_asociacion_directa,81.1923,contextual_50_100km,66.00840608,461.94220608,318.292749168069,19.9932465794875,1,1,1
-76.26,6.27,MEDE,contextual_por_proximidad_no_asociacion_directa,75.6932,contextual_50_100km,66.41262097,717.83018897,481.488204865358,17.4756561960363,1,1,1
-76.21,6.27,MEDE,contextual_por_proximidad_no_asociacion_directa,70.1985,contextual_50_100km,66.99608631,763.81488631,511.000799242861,12.542598486826,1,1,1
-76.16,6.27,MEDE,contextual_por_proximidad_no_asociacion_directa,64.7093,contextual_50_100km,67.63403844,731.29685444,490.512149797349,4.86782439476443,1,1,1
-76.11,6.27,MEDE,contextual_por_proximidad_no_asociacion_directa,59.227,contextual_50_100km,68.26860577,678.81518977,457.301681170748,8.74132589204136,1,1,1
-76.06,6.27,MEDE,contextual_por_proximidad_no_asociacion_directa,53.7539,contextual_50_100km,68.60981727,881.69675327,586.699213836424,5.57323340924317,1,1,1
-76.01,6.27,MEDE,contextual_por_proximidad_no_asociacion_directa,48.293,local_0_50km,69.24883592,773.39997192,517.925626788771,18.5619434778666,1,1,1
-75.96,6.27,MEDE,contextual_por_proximidad_no_asociacion_directa,42.8491,local_0_50km,69.83319554,692.16829954,466.377776713129,19.3187302609679,1,1,1
-75.91,6.27,MEDE,contextual_por_proximidad_no_asociacion_directa,37.4295,local_0_50km,70.57067008,446.93923008,310.388273221239,21.8068877240021,1,1,1
-75.86,6.27,MEDE,contextual_por_proximidad_no_asociacion_directa,32.0465,local_0_50km,71.15407957,318.42908757,228.714795415369,3.06994811239248,1,1,1
-75.81,6.27,MEDE,contextual_por_proximidad_no_asociacion_directa,26.7223,local_0_50km,71.37698081,482.81484481,333.540330442687,15.95725916276,1,1,1
-75.76,6.27,MEDE,contextual_por_proximidad_no_asociacion_directa,21.5007,local_0_50km,71.62262064,594.93415664,405.070553325132,21.0259428034074,1,1,1
-75.71,6.27,MEDE,contextual_por_proximidad_no_asociacion_directa,16.4793,local_0_50km,71.67171054,847.07241454,565.747884988017,11.588496519891,1,1,1
-75.66,6.27,MEDE,contextual_por_proximidad_no_asociacion_directa,11.9143,local_0_50km,72.05262143,776.93205343,521.193473911934,16.6116549694103,1,1,1
-75.61,6.27,MEDE,contextual_por_proximidad_no_asociacion_directa,8.5688,local_0_50km,72.54073542,585.29815142,399.263707439807,20.015643502338,1,1,1
-75.56,6.27,MEDE,contextual_por_proximidad_no_asociacion_directa,8.1235,local_0_50km,72.81005115,551.67084315,377.934494530061,14.6878815021132,1,1,1
-75.51,6.27,MEDE,contextual_por_proximidad_no_asociacion_directa,10.9385,local_0_50km,72.66751417,835.65015417,558.831044841039,16.3609380592102,1,1,1
-75.46,6.27,MEDE,contextual_por_proximidad_no_asociacion_directa,15.3102,local_0_50km,72.87346554,790.33143354,530.02921266283,2.15975685767624,1,1,1
-75.41,6.27,MEDE,contextual_por_proximidad_no_asociacion_directa,20.2545,local_0_50km,72.97697292,799.11277292,535.66213214543,4.75720854923385,1,1,1
-75.36,6.27,MEDE,contextual_por_proximidad_no_asociacion_directa,25.4398,local_0_50km,73.11502859,745.92474859,501.82143919063,4.73717683651083,1,1,1
-75.31,6.27,MEDE,contextual_por_proximidad_no_asociacion_directa,30.7443,local_0_50km,73.1667426,731.9660226,492.94586623555,2.47338896373364,1,1,1
-75.26,6.27,MEDE,contextual_por_proximidad_no_asociacion_directa,36.1156,local_0_50km,73.18258979,714.37932579,481.745580198937,4.52133240146447,1,1,1
-75.21,6.27,MEDE,contextual_por_proximidad_no_asociacion_directa,41.5277,local_0_50km,73.20028221,661.42891421,448.012622075184,3.51932466220747,1,1,1
-75.16,6.27,MEDE,contextual_por_proximidad_no_asociacion_directa,46.9665,local_0_50km,73.12195515,654.26513115,443.419526100685,8.52780854316842,1,1,1
-75.11,6.27,MEDE,contextual_por_proximidad_no_asociacion_directa,52.4238,contextual_50_100km,73.16165386,514.60778186,354.445915045208,13.5188471075462,1,1,1
-75.06,6.27,MEDE,contextual_por_proximidad_no_asociacion_directa,57.8942,contextual_50_100km,73.02761098,484.58891498,335.269615123393,11.2980749040216,1,1,1
-75.01,6.27,MEDE,contextual_por_proximidad_no_asociacion_directa,63.3745,contextual_50_100km,72.83261482,470.33410282,326.11587019403,8.33078169608987,1,1,1
-74.96,6.27,BER1,contextual_por_proximidad_no_asociacion_directa,65.597,contextual_50_100km,72.60693635,446.55607235,310.88291108141,5.65658606288517,1,1,1
-74.91,6.27,BER1,contextual_por_proximidad_no_asociacion_directa,60.5164,contextual_50_100km,72.39350758,377.10514758,266.552167256664,5.53947236004086,1,1,1
-74.86,6.27,BER1,contextual_por_proximidad_no_asociacion_directa,55.5209,contextual_50_100km,72.06918998,365.00465398,258.724209335354,3.35974260243457,1,1,1
-74.81,6.27,BER1,contextual_por_proximidad_no_asociacion_directa,50.6355,contextual_50_100km,71.74200313,319.65889913,229.711722431038,8.70901673532583,1,1,1
-74.76,6.27,BER1,contextual_por_proximidad_no_asociacion_directa,45.8955,local_0_50km,71.43341756,222.27709756,167.549229642189,9.09531587466629,1,1,1
-74.71,6.27,BER1,contextual_por_proximidad_no_asociacion_directa,41.3509,local_0_50km,71.01515064,181.81489464,141.615439449307,3.63328062133239,1,1,1
-74.66,6.27,BER1,contextual_por_proximidad_no_asociacion_directa,37.0737,local_0_50km,70.50068949,188.01556949,145.379783681689,3.21294945390195,1,1,1
-74.61,6.27,BER1,contextual_por_proximidad_no_asociacion_directa,33.1674,local_0_50km,70.0072147,140.0841027,114.659380427544,5.51514133363173,1,1,1
-74.56,6.27,BER1,contextual_por_proximidad_no_asociacion_directa,29.7784,local_0_50km,69.4524657,109.2865537,94.8342763046828,2.01125485693645,1,1,1
-74.51,6.27,BER1,contextual_por_proximidad_no_asociacion_directa,27.1014,local_0_50km,68.825765,106.055269,92.5479654287955,0.320051535735393,1,1,1
-74.46,6.27,BER1,contextual_por_proximidad_no_asociacion_directa,25.3629,local_0_50km,68.15494706,106.68057106,92.7030198512039,0.839244815270155,1,1,1
-74.41,6.27,BER1,contextual_por_proximidad_no_asociacion_directa,24.7614,local_0_50km,67.44460863,107.63667263,93.0545173157289,0.130540252434813,1,1,1
-74.36,6.27,BER1,contextual_por_proximidad_no_asociacion_directa,25.3778,local_0_50km,66.69812879,106.38408879,91.9855539818361,0.393527642406061,1,1,1
-74.31,6.27,BER1,contextual_por_proximidad_no_asociacion_directa,27.1293,local_0_50km,65.90994265,108.75596665,93.2109233158983,1.1154294280479,1,1,1
-74.26,6.27,BER1,contextual_por_proximidad_no_asociacion_directa,29.8164,local_0_50km,65.07107752,124.34696552,102.840973560808,1.83817823803329,1,1,1
-74.21,6.27,BER1,contextual_por_proximidad_no_asociacion_directa,33.213,local_0_50km,64.19645716,140.01330516,112.506057635352,1.49545327725919,1,1,1
-74.16,6.27,BER1,contextual_por_proximidad_no_asociacion_directa,37.1246,local_0_50km,63.31647555,126.04868355,103.288697890563,1.27772811611149,1,1,1
-74.11,6.27,BER1,contextual_por_proximidad_no_asociacion_directa,41.4057,local_0_50km,62.39390464,119.75647264,98.9446557648716,0.687405632441055,1,1,1
-74.06,6.27,BER1,contextual_por_proximidad_no_asociacion_directa,45.9531,local_0_50km,61.41366862,138.50194862,110.533410555619,0.887406253255403,1,1,1
-74.01,6.27,BER1,contextual_por_proximidad_no_asociacion_directa,50.6951,contextual_50_100km,60.43021561,126.43358361,102.486782484261,1.50149614076975,1,1,1
-73.96,6.27,BER1,contextual_por_proximidad_no_asociacion_directa,55.5821,contextual_50_100km,59.39708147,133.76968147,106.786424170097,2.66695768277632,1,1,1
-73.91,6.27,BER1,contextual_por_proximidad_no_asociacion_directa,60.5788,contextual_50_100km,58.33595374,138.62132974,109.492847502893,6.03993650472855,1,1,1
-73.86,6.27,BER1,contextual_por_proximidad_no_asociacion_directa,65.6603,contextual_50_100km,57.18655976,212.85674376,156.377763210776,20.9899160062727,1,1,1
-73.81,6.27,BER1,contextual_por_proximidad_no_asociacion_directa,70.8083,contextual_50_100km,55.86717487,464.31779087,316.127085343613,10.2402209562655,1,1,1
-73.76,6.27,BER1,contextual_por_proximidad_no_asociacion_directa,76.0093,contextual_50_100km,54.87235531,290.69213131,205.133932561893,9.85581499506417,1,1,1
-73.71,6.27,BER1,contextual_por_proximidad_no_asociacion_directa,81.2532,contextual_50_100km,53.70534249,295.46258249,207.75020170683,6.67752845418349,1,1,1
-73.66,6.27,BER1,contextual_por_proximidad_no_asociacion_directa,86.532,contextual_50_100km,52.47648186,350.85564986,242.600165137469,5.98956421985158,1,1,1
-73.61,6.27,TUNA,contextual_por_proximidad_no_asociacion_directa,86.5299,contextual_50_100km,51.26746018,350.10335618,241.682165147079,20.1575940341876,1,1,1
-73.56,6.27,TUNA,contextual_por_proximidad_no_asociacion_directa,84.9524,contextual_50_100km,49.89081786,562.70995386,376.65311713516,26.212983059313,1,1,1
-73.51,6.27,TUNA,contextual_por_proximidad_no_asociacion_directa,83.7113,contextual_50_100km,48.53207307,735.89536907,486.511850482815,3.20851285398556,1,1,1
-73.46,6.27,TUNA,contextual_por_proximidad_no_asociacion_directa,82.8216,contextual_50_100km,47.40832609,516.08531809,346.043772336853,17.6422928720631,1,1,1
-73.41,6.27,TUNA,contextual_por_proximidad_no_asociacion_directa,82.2946,contextual_50_100km,46.14694541,476.63160141,320.446686044554,9.61626431399366,1,1,1
-76.46,6.22,MEDE,contextual_por_proximidad_no_asociacion_directa,97.4241,contextual_50_100km,64.70069728,153.91078528,121.544312166905,12.7665229706834,1,1,1
-76.41,6.22,MEDE,contextual_por_proximidad_no_asociacion_directa,91.8986,contextual_50_100km,65.43536027,179.66673627,138.222244476921,6.17712448274486,1,1,1
-76.36,6.22,MEDE,contextual_por_proximidad_no_asociacion_directa,86.3733,contextual_50_100km,66.10107832,255.22350232,186.607654171982,11.840477049537,1,1,1
-76.31,6.22,MEDE,contextual_por_proximidad_no_asociacion_directa,80.8482,contextual_50_100km,66.698173,375.964749,263.759184121699,26.5657915869524,1,1,1
-76.26,6.22,MEDE,contextual_por_proximidad_no_asociacion_directa,75.3235,contextual_50_100km,67.05158691,713.24764291,478.800085002513,27.6457629103383,1,1,1
-76.21,6.22,MEDE,contextual_por_proximidad_no_asociacion_directa,69.7991,contextual_50_100km,67.5917556,832.3519316,554.887911225199,0.387679613921434,1,1,1
-76.16,6.22,MEDE,contextual_por_proximidad_no_asociacion_directa,64.2752,contextual_50_100km,68.34357468,718.37861468,482.538228055455,8.51054711494066,1,1,1
-76.11,6.22,MEDE,contextual_por_proximidad_no_asociacion_directa,58.752,contextual_50_100km,68.98246595,690.60161795,465.070850961036,4.8278305710886,1,1,1
-76.06,6.22,MEDE,contextual_por_proximidad_no_asociacion_directa,53.2295,contextual_50_100km,69.45218558,795.94596158,532.365442886476,10.0583562351729,1,1,1
-76.01,6.22,MEDE,contextual_por_proximidad_no_asociacion_directa,47.708,local_0_50km,70.17757541,636.08825541,430.769179739619,10.5853107089101,1,1,1
-75.96,6.22,MEDE,contextual_por_proximidad_no_asociacion_directa,42.1881,local_0_50km,70.72024889,619.22588889,420.221567210136,12.8649910314191,1,1,1
-75.91,6.22,MEDE,contextual_por_proximidad_no_asociacion_directa,36.6704,local_0_50km,71.36707699,481.90382899,332.956248694536,18.2843239835481,1,1,1
-75.86,6.22,MEDE,contextual_por_proximidad_no_asociacion_directa,31.156,local_0_50km,72.02217616,312.59439216,225.311952074057,6.54651970790082,1,1,1
-75.81,6.22,MEDE,contextual_por_proximidad_no_asociacion_directa,25.647,local_0_50km,72.38704328,369.64290728,261.794970510048,10.9803302843757,1,1,1
-75.76,6.22,MEDE,contextual_por_proximidad_no_asociacion_directa,20.148,local_0_50km,72.63539306,495.68896106,342.20013215008,21.7083603002391,1,1,1
-75.71,6.22,MEDE,contextual_por_proximidad_no_asociacion_directa,14.6701,local_0_50km,72.7029148,743.7104108,500.260969544329,17.0259228150851,1,1,1
-75.66,6.22,MEDE,contextual_por_proximidad_no_asociacion_directa,9.2511,local_0_50km,73.0428453,725.4355893,488.739799829931,10.2166762427492,1,1,1
-75.61,6.22,MEDE,contextual_por_proximidad_no_asociacion_directa,4.1293,local_0_50km,73.49761376,579.49051776,395.910318593143,7.88909545653361,1,1,1
-75.56,6.22,MEDE,contextual_por_proximidad_no_asociacion_directa,3.1011,local_0_50km,73.73001547,589.42530347,402.324964844599,15.4089524350856,1,1,1
-75.51,6.22,MEDE,contextual_por_proximidad_no_asociacion_directa,7.955,local_0_50km,73.65467398,822.54046598,550.835859528464,11.6358254008471,1,1,1
-75.46,6.22,MEDE,contextual_por_proximidad_no_asociacion_directa,13.3433,local_0_50km,73.85950382,788.65116782,529.31631351159,5.26948465510517,1,1,1
-75.41,6.22,MEDE,contextual_por_proximidad_no_asociacion_directa,18.8124,local_0_50km,74.05341,731.025778,492.668446877107,5.04741556461193,1,1,1
-75.36,6.22,MEDE,contextual_por_proximidad_no_asociacion_directa,24.3077,local_0_50km,74.13568813,732.00916813,493.324902935258,1.28382491346656,1,1,1
-75.31,6.22,MEDE,contextual_por_proximidad_no_asociacion_directa,29.8148,local_0_50km,74.17353592,735.54036792,495.588673378225,2.03705616245831,1,1,1
-75.26,6.22,MEDE,contextual_por_proximidad_no_asociacion_directa,35.3281,local_0_50km,74.22148738,696.71706338,470.868319417046,6.04850856892641,1,1,1
-75.21,6.22,MEDE,contextual_por_proximidad_no_asociacion_directa,40.8452,local_0_50km,74.22184854,662.45048054,449.034188405184,7.3138383473595,1,1,1
-75.16,6.22,MEDE,contextual_por_proximidad_no_asociacion_directa,46.3647,local_0_50km,74.13672557,663.22943757,449.499647010123,7.36906928831422,1,1,1
-75.11,6.22,MEDE,contextual_por_proximidad_no_asociacion_directa,51.8858,contextual_50_100km,73.91324998,742.01990598,499.622923722749,11.2234416291404,1,1,1
-75.06,6.22,MEDE,contextual_por_proximidad_no_asociacion_directa,57.408,contextual_50_100km,73.82087249,678.76328049,459.283033104716,11.9468901127603,1,1,1
-75.01,6.22,MEDE,contextual_por_proximidad_no_asociacion_directa,62.9311,contextual_50_100km,73.74479756,566.77650156,387.898778769059,15.1121180258516,1,1,1
-74.96,6.22,BER1,contextual_por_proximidad_no_asociacion_directa,67.8938,contextual_50_100km,73.66720735,420.26203935,294.513342509059,11.9148552037562,1,1,1
-74.91,6.22,BER1,contextual_por_proximidad_no_asociacion_directa,62.9982,contextual_50_100km,73.43947118,360.48684718,256.342670374699,5.07911527949641,1,1,1
-74.86,6.22,BER1,contextual_por_proximidad_no_asociacion_directa,58.2156,contextual_50_100km,73.12116502,339.04795702,242.566577432978,3.04529221091448,1,1,1
-74.81,6.22,BER1,contextual_por_proximidad_no_asociacion_directa,53.576,contextual_50_100km,72.77073087,308.12143487,222.733420981212,8.58182388170179,1,1,1
-74.76,6.22,BER1,contextual_por_proximidad_no_asociacion_directa,49.1201,local_0_50km,72.45023825,215.88751825,163.846779689855,5.53474983200791,1,1,1
-74.71,6.22,BER1,contextual_por_proximidad_no_asociacion_directa,44.9027,local_0_50km,71.97936211,212.54049011,161.543253450416,3.59548301214959,1,1,1
-74.66,6.22,BER1,contextual_por_proximidad_no_asociacion_directa,40.9973,local_0_50km,71.50452853,176.36680853,138.321535374369,6.11235115759081,1,1,1
-74.61,6.22,BER1,contextual_por_proximidad_no_asociacion_directa,37.5016,local_0_50km,71.01650229,114.64019829,98.8130063733433,4.20131982077793,1,1,1
-74.56,6.22,BER1,contextual_por_proximidad_no_asociacion_directa,34.5402,local_0_50km,70.41999012,109.19249412,95.125371932615,0.346802797671712,1,1,1
-74.51,6.22,BER1,contextual_por_proximidad_no_asociacion_directa,32.2606,local_0_50km,69.77498116,109.85594916,95.3141007860939,0.661469149890912,1,1,1
-74.46,6.22,BER1,contextual_por_proximidad_no_asociacion_directa,30.8144,local_0_50km,69.08201011,116.90266611,99.5527675573322,0.44263324976366,1,1,1
-74.41,6.22,BER1,contextual_por_proximidad_no_asociacion_directa,30.3211,local_0_50km,68.3665276,108.2623356,93.7876654600355,0.612970193419919,1,1,1
-74.36,6.22,BER1,contextual_por_proximidad_no_asociacion_directa,30.8266,local_0_50km,67.60150233,108.57123833,93.7069344331739,0.578190414770725,1,1,1
-74.31,6.22,BER1,contextual_por_proximidad_no_asociacion_directa,32.284,local_0_50km,66.79409403,112.29407803,95.7861466760678,1.78471708989083,1,1,1
-74.26,6.22,BER1,contextual_por_proximidad_no_asociacion_directa,34.573,local_0_50km,65.92721457,136.58427057,110.94905649786,2.4022054510706,1,1,1
-74.21,6.22,BER1,contextual_por_proximidad_no_asociacion_directa,37.5419,local_0_50km,65.0390676,146.5464996,116.974641018878,1.18071938608438,1,1,1
-74.16,6.22,BER1,contextual_por_proximidad_no_asociacion_directa,41.0433,local_0_50km,64.15210993,120.04574193,99.7668723774755,2.12804069598896,1,1,1
-74.11,6.22,BER1,contextual_por_proximidad_no_asociacion_directa,44.9531,local_0_50km,63.21001853,112.48726653,94.6088992036578,0.334606935159394,1,1,1
-74.06,6.22,BER1,contextual_por_proximidad_no_asociacion_directa,49.1739,local_0_50km,62.21324663,125.69843863,102.665261485867,1.77356751751302,1,1,1
-74.01,6.22,BER1,contextual_por_proximidad_no_asociacion_directa,53.6324,contextual_50_100km,61.18367157,139.16071957,110.869725982699,2.01854386498359,1,1,1
-73.96,6.22,BER1,contextual_por_proximidad_no_asociacion_directa,58.2739,contextual_50_100km,60.1193636,156.2050596,121.344034733204,6.64118752744258,1,1,1
-73.91,6.22,BER1,contextual_por_proximidad_no_asociacion_directa,63.0582,contextual_50_100km,58.98274352,220.54101552,161.925767131431,11.4155215949027,1,1,1
-73.86,6.22,BER1,contextual_por_proximidad_no_asociacion_directa,67.955,contextual_50_100km,57.81171053,294.17462253,208.419367628998,6.36066508862332,1,1,1
-73.81,6.22,BER1,contextual_por_proximidad_no_asociacion_directa,72.9417,contextual_50_100km,56.66127262,313.88554462,220.561542028237,6.2323516472727,1,1,1
-73.76,6.22,BER1,contextual_por_proximidad_no_asociacion_directa,78.001,contextual_50_100km,55.47428901,346.36064901,240.823643487642,4.00795460935266,1,1,1
-73.71,6.22,BER1,contextual_por_proximidad_no_asociacion_directa,83.1198,contextual_50_100km,54.28993057,344.50971457,239.214550689832,8.91869213961102,1,1,1
-73.66,6.22,TUNA,contextual_por_proximidad_no_asociacion_directa,83.2874,contextual_50_100km,53.08557159,336.24458759,233.511153697474,14.1532481234648,1,1,1
-73.61,6.22,TUNA,contextual_por_proximidad_no_asociacion_directa,81.2717,contextual_50_100km,51.69219564,556.48773164,373.341951719299,25.2013312131588,1,1,1
-73.56,6.22,TUNA,contextual_por_proximidad_no_asociacion_directa,79.5899,contextual_50_100km,50.37238398,657.79593598,437.415500259898,8.4577812315578,1,1,1
-73.51,6.22,TUNA,contextual_por_proximidad_no_asociacion_directa,78.2637,contextual_50_100km,49.11109018,648.48635418,431.025932361895,17.2290621917067,1,1,1
-73.46,6.22,TUNA,contextual_por_proximidad_no_asociacion_directa,77.3112,contextual_50_100km,47.96561281,424.48230081,287.877601364085,8.32553647379512,1,1,1
-73.41,6.22,TUNA,contextual_por_proximidad_no_asociacion_directa,76.7464,contextual_50_100km,46.59781639,517.80532839,346.845680106317,9.58654184884903,1,1,1
-73.36,6.22,TUNA,contextual_por_proximidad_no_asociacion_directa,76.5779,contextual_50_100km,45.26956033,523.04408033,349.701844015853,6.54526816869073,1,1,1
-76.46,6.17,MEDE,contextual_por_proximidad_no_asociacion_directa,97.4567,contextual_50_100km,64.97533096,363.24340296,255.028225177834,10.198770978933,1,1,1
-76.41,6.17,MEDE,contextual_por_proximidad_no_asociacion_directa,91.9326,contextual_50_100km,65.84598937,279.48359737,201.973351048105,2.18875270137101,1,1,1
-76.36,6.17,MEDE,contextual_por_proximidad_no_asociacion_directa,86.4089,contextual_50_100km,66.5719762,326.3884882,232.123990333053,7.92756678879177,1,1,1
-76.31,6.17,MEDE,contextual_por_proximidad_no_asociacion_directa,80.8857,contextual_50_100km,67.23350425,413.85302425,288.0953703112,14.412998561497,1,1,1
-76.26,6.17,MEDE,contextual_por_proximidad_no_asociacion_directa,75.3632,contextual_50_100km,67.79804575,570.28525375,387.976962479105,24.2087407091901,1,1,1
-76.21,6.17,MEDE,contextual_por_proximidad_no_asociacion_directa,69.8414,contextual_50_100km,68.29109753,766.38132953,513.105951923128,11.1918014140143,1,1,1
-76.16,6.17,MEDE,contextual_por_proximidad_no_asociacion_directa,64.3206,contextual_50_100km,69.04065186,686.29002786,462.34466719206,3.4090366457994,1,1,1
-76.11,6.17,MEDE,contextual_por_proximidad_no_asociacion_directa,58.8011,contextual_50_100km,69.65664132,708.18707332,476.520694297697,6.12723236434795,1,1,1
-76.06,6.17,MEDE,contextual_por_proximidad_no_asociacion_directa,53.2831,contextual_50_100km,70.26025945,714.14798745,480.537918192319,1.32560965592929,1,1,1
-76.01,6.17,MEDE,contextual_por_proximidad_no_asociacion_directa,47.7673,local_0_50km,70.83388638,719.73327838,484.304918256964,12.7666536305086,1,1,1
-75.96,6.17,MEDE,contextual_por_proximidad_no_asociacion_directa,42.2546,local_0_50km,71.59680861,528.50996861,362.736479986614,11.1546731941303,1,1,1
-75.91,6.17,MEDE,contextual_por_proximidad_no_asociacion_directa,36.7463,local_0_50km,72.11296716,530.61850316,364.267281724715,15.9436184976314,1,1,1
-75.86,6.17,MEDE,contextual_por_proximidad_no_asociacion_directa,31.2447,local_0_50km,72.82016185,338.35194585,242.01387982872,5.89395506477991,1,1,1
-75.81,6.17,MEDE,contextual_por_proximidad_no_asociacion_directa,25.7542,local_0_50km,73.16465454,430.10375854,300.602037696184,12.6560612612362,1,1,1
-75.76,6.17,MEDE,contextual_por_proximidad_no_asociacion_directa,20.2836,local_0_50km,73.43643973,550.82829573,377.624894432665,13.3493071600342,1,1,1
-75.71,6.17,MEDE,contextual_por_proximidad_no_asociacion_directa,14.8553,local_0_50km,73.68247948,659.81263148,447.157692663189,10.5973885129974,1,1,1
-75.66,6.17,MEDE,contextual_por_proximidad_no_asociacion_directa,9.5413,local_0_50km,73.96165868,707.70261868,477.773916642322,6.48869451888793,1,1,1
-75.61,6.17,MEDE,contextual_por_proximidad_no_asociacion_directa,4.7433,local_0_50km,74.43136892,565.48803292,387.32687795777,7.15361368013535,1,1,1
-75.56,6.17,MEDE,contextual_por_proximidad_no_asociacion_directa,3.8812,local_0_50km,74.57209401,662.31931001,449.077681283432,22.0556857507936,1,1,1
-75.51,6.17,MEDE,contextual_por_proximidad_no_asociacion_directa,8.2906,local_0_50km,74.53897661,867.08549661,579.540262595019,7.72313043049236,1,1,1
-75.46,6.17,MEDE,contextual_por_proximidad_no_asociacion_directa,13.5465,local_0_50km,74.80340324,794.53266724,533.406393359812,7.90465436262394,1,1,1
-75.41,6.17,MEDE,contextual_por_proximidad_no_asociacion_directa,18.9574,local_0_50km,75.01637414,730.77903014,492.860596812193,4.11764643241717,1,1,1
-75.36,6.17,MEDE,contextual_por_proximidad_no_asociacion_directa,24.4206,local_0_50km,75.11834634,722.90677834,487.881487620614,0.183413580410169,1,1,1
-75.31,6.17,MEDE,contextual_por_proximidad_no_asociacion_directa,29.9074,local_0_50km,75.15450864,733.57112464,494.689803292363,3.80424271731353,1,1,1
-75.26,6.17,MEDE,contextual_por_proximidad_no_asociacion_directa,35.4068,local_0_50km,75.09167642,788.90816442,529.927115477016,4.0439616329288,1,1,1
-75.21,6.17,MEDE,contextual_por_proximidad_no_asociacion_directa,40.9137,local_0_50km,75.06140386,783.19965186,526.27873542456,5.79180775790808,1,1,1
-75.16,6.17,MEDE,contextual_por_proximidad_no_asociacion_directa,46.4256,local_0_50km,75.01695825,753.77648625,507.514516266638,4.31898768630536,1,1,1
-75.11,6.17,MEDE,contextual_por_proximidad_no_asociacion_directa,51.9407,contextual_50_100km,74.94834926,708.41774126,478.58756729877,11.2433001027719,1,1,1
-75.06,6.17,MEDE,contextual_por_proximidad_no_asociacion_directa,57.4582,contextual_50_100km,74.92105894,594.50470694,405.993625401824,18.9914680094285,1,1,1
-75.01,6.17,MEDE,contextual_por_proximidad_no_asociacion_directa,62.9774,contextual_50_100km,74.91809684,425.40128884,298.241849086284,7.99342754067924,1,1,1
-74.96,6.17,MEDE,contextual_por_proximidad_no_asociacion_directa,68.4979,contextual_50_100km,74.61963714,456.44424514,317.913769654424,1.39029699967667,1,1,1
-74.91,6.17,BER1,contextual_por_proximidad_no_asociacion_directa,65.8569,contextual_50_100km,74.37358262,409.58724662,287.967771892007,5.60682421635281,1,1,1
-74.86,6.17,BER1,contextual_por_proximidad_no_asociacion_directa,61.2973,contextual_50_100km,74.0849687,360.6262407,256.665684400806,10.0799469048988,1,1,1
-74.81,6.17,BER1,contextual_por_proximidad_no_asociacion_directa,56.9091,contextual_50_100km,73.84561261,235.02122061,176.544807238244,9.66966498415411,1,1,1
-74.76,6.17,BER1,contextual_por_proximidad_no_asociacion_directa,52.7352,contextual_50_100km,73.42125934,222.66021934,168.514562783017,1.61445374849433,1,1,1
-74.71,6.17,BER1,contextual_por_proximidad_no_asociacion_directa,48.8306,local_0_50km,72.93014825,228.72377225,172.200006211482,4.51106024118168,1,1,1
-74.66,6.17,BER1,contextual_por_proximidad_no_asociacion_directa,45.265,local_0_50km,72.50073505,147.26834305,120.141772184355,7.2942377018651,1,1,1
-74.61,6.17,BER1,contextual_por_proximidad_no_asociacion_directa,42.1246,local_0_50km,71.97090949,112.05187749,97.5100291160939,2.14676152485424,1,1,1
-74.56,6.17,BER1,contextual_por_proximidad_no_asociacion_directa,39.511,local_0_50km,71.35728632,110.67292632,96.4087479797194,0.5283635003167,1,1,1
-74.51,6.17,BER1,contextual_por_proximidad_no_asociacion_directa,37.5343,local_0_50km,70.6955401,114.1587641,98.3897933194261,0.372450120986287,1,1,1
-74.46,6.17,BER1,contextual_por_proximidad_no_asociacion_directa,36.2987,local_0_50km,69.99749403,112.95461403,97.3692637555333,0.171753621829724,1,1,1
-74.41,6.17,BER1,contextual_por_proximidad_no_asociacion_directa,35.8809,local_0_50km,69.25800333,112.00527533,96.4960603873339,0.439462809415068,1,1,1
-74.36,6.17,BER1,contextual_por_proximidad_no_asociacion_directa,36.3091,local_0_50km,68.47377685,114.93659285,98.0793346795711,0.837200952104647,1,1,1
-74.31,6.17,BER1,contextual_por_proximidad_no_asociacion_directa,37.5544,local_0_50km,67.64458451,122.88398451,102.842478050736,2.02314173106058,1,1,1
-74.26,6.17,BER1,contextual_por_proximidad_no_asociacion_directa,39.5397,local_0_50km,66.7578791,148.6109431,118.913685148854,1.02857329500828,1,1,1
-74.21,6.17,BER1,contextual_por_proximidad_no_asociacion_directa,42.1605,local_0_50km,65.88275825,128.44215025,105.744864275576,1.30287215978392,1,1,1
-74.16,6.17,BER1,contextual_por_proximidad_no_asociacion_directa,45.3067,local_0_50km,64.94065338,136.63460538,110.623193197787,1.27983535611042,1,1,1
-74.11,6.17,BER1,contextual_por_proximidad_no_asociacion_directa,48.877,local_0_50km,63.98559934,122.47147134,101.252106512292,1.21810906623346,1,1,1
-74.06,6.17,BER1,contextual_por_proximidad_no_asociacion_directa,52.7853,contextual_50_100km,62.98320125,120.34576925,99.5339523748716,1.32401970153349,1,1,1
-74.01,6.17,BER1,contextual_por_proximidad_no_asociacion_directa,56.9621,contextual_50_100km,61.92140881,144.82371281,114.745778199851,10.6229546622271,1,1,1
-73.96,6.17,BER1,contextual_por_proximidad_no_asociacion_directa,61.3527,contextual_50_100km,60.78456044,216.09676844,159.74766580973,11.0275595668076,1,1,1
-73.91,6.17,BER1,contextual_por_proximidad_no_asociacion_directa,65.9143,contextual_50_100km,59.62517092,281.79248292,201.187559287859,3.25157081398098,1,1,1
-73.86,6.17,BER1,contextual_por_proximidad_no_asociacion_directa,70.6138,contextual_50_100km,58.50446373,273.26537573,195.347581455525,11.176004086498,1,1,1
-73.81,6.17,BER1,contextual_por_proximidad_no_asociacion_directa,75.4253,contextual_50_100km,57.26674831,367.74303631,255.098573636613,21.5524508017576,1,1,1
-73.76,6.17,BER1,contextual_por_proximidad_no_asociacion_directa,80.3289,contextual_50_100km,56.09640826,353.30289626,245.472873685766,18.0763324234122,1,1,1
-73.71,6.17,TUNA,contextual_por_proximidad_no_asociacion_directa,80.6797,contextual_50_100km,54.81110347,449.70800747,306.434748668143,16.8735882429147,1,1,1
-73.66,6.17,TUNA,contextual_por_proximidad_no_asociacion_directa,78.2068,contextual_50_100km,53.55921973,477.20529973,323.501500471466,23.7445347428941,1,1,1
-73.61,6.17,TUNA,contextual_por_proximidad_no_asociacion_directa,76.0564,contextual_50_100km,52.18018969,648.67930169,432.262381772456,11.9998838526912,1,1,1
-73.56,6.17,TUNA,contextual_por_proximidad_no_asociacion_directa,74.2564,contextual_50_100km,50.88916138,678.06311338,450.516999372786,8.26057249183382,1,1,1
-73.51,6.17,TUNA,contextual_por_proximidad_no_asociacion_directa,72.833,contextual_50_100km,49.68529385,549.37041385,368.078753186089,17.6119494251282,1,1,1
-73.46,6.17,TUNA,contextual_por_proximidad_no_asociacion_directa,71.8084,contextual_50_100km,48.43131662,456.83255662,308.65976528933,5.3723912049404,1,1,1
-73.41,6.17,TUNA,contextual_por_proximidad_no_asociacion_directa,71.1999,contextual_50_100km,47.00301653,611.74101653,406.847403007916,6.79632364064372,1,1,1
-73.36,6.17,TUNA,contextual_por_proximidad_no_asociacion_directa,71.0182,contextual_50_100km,45.69466468,547.51529668,365.448847051295,4.07087637712151,1,1,1
-76.46,6.12,MEDE,contextual_por_proximidad_no_asociacion_directa,97.8057,contextual_50_100km,65.55280586,213.54502186,159.85169874489,11.5254723725151,1,1,1
-76.41,6.12,MEDE,contextual_por_proximidad_no_asociacion_directa,92.302,contextual_50_100km,66.40391371,191.42394571,146.065202152587,0.939080960642899,1,1,1
-76.36,6.12,MEDE,contextual_por_proximidad_no_asociacion_directa,86.8013,contextual_50_100km,67.17550459,228.90659259,170.228644516419,9.47843301260538,1,1,1
-76.31,6.12,MEDE,contextual_por_proximidad_no_asociacion_directa,81.3043,contextual_50_100km,67.86522612,322.90461012,230.373310688748,16.3907190091559,1,1,1
-76.26,6.12,MEDE,contextual_por_proximidad_no_asociacion_directa,75.8117,contextual_50_100km,68.45726836,484.11678036,333.310602258817,21.8476786163963,1,1,1
-76.21,6.12,MEDE,contextual_por_proximidad_no_asociacion_directa,70.3246,contextual_50_100km,68.9852409,675.7915929,455.63508462637,15.0453661186701,1,1,1
-76.16,6.12,MEDE,contextual_por_proximidad_no_asociacion_directa,64.8444,contextual_50_100km,69.62289326,731.94021326,491.643670450658,9.41835788305701,1,1,1
-76.11,6.12,MEDE,contextual_por_proximidad_no_asociacion_directa,59.373,contextual_50_100km,70.22475384,792.66969784,530.558143195334,8.16605700153408,1,1,1
-76.06,6.12,MEDE,contextual_por_proximidad_no_asociacion_directa,53.9131,contextual_50_100km,70.87998192,775.57425392,519.902852635875,8.69626642093468,1,1,1
-76.01,6.12,MEDE,contextual_por_proximidad_no_asociacion_directa,48.4686,local_0_50km,71.50521189,757.81926789,508.816425961818,7.51571562038288,1,1,1
-75.96,6.12,MEDE,contextual_por_proximidad_no_asociacion_directa,43.0452,local_0_50km,72.18607436,663.01929036,448.658024401071,5.02481161968943,1,1,1
-75.91,6.12,MEDE,contextual_por_proximidad_no_asociacion_directa,37.6522,local_0_50km,72.70311096,683.45954296,461.869899028947,19.1823579365921,1,1,1
-75.86,6.12,MEDE,contextual_por_proximidad_no_asociacion_directa,32.3047,local_0_50km,73.61928334,333.60861134,239.281413788041,14.9791664247633,1,1,1
-75.81,6.12,MEDE,contextual_por_proximidad_no_asociacion_directa,27.0297,local_0_50km,73.9864511,423.1118031,296.445003728523,13.2331614877393,1,1,1
-75.76,6.12,MEDE,contextual_por_proximidad_no_asociacion_directa,21.88,local_0_50km,74.36854239,467.05587039,324.584271846513,13.0635802576735,1,1,1
-75.71,6.12,MEDE,contextual_por_proximidad_no_asociacion_directa,16.9696,local_0_50km,74.54609784,646.86331384,439.219871275238,19.2058053294177,1,1,1
-75.66,6.12,MEDE,contextual_por_proximidad_no_asociacion_directa,12.5822,local_0_50km,74.72943894,786.83011094,528.471580298209,3.1796619973764,1,1,1
-75.61,6.12,MEDE,contextual_por_proximidad_no_asociacion_directa,9.4746,local_0_50km,75.15539105,694.62668705,469.87518757476,10.2121914349582,1,1,1
-75.56,6.12,MEDE,contextual_por_proximidad_no_asociacion_directa,9.0737,local_0_50km,75.26632236,824.91744236,552.935165874839,14.6789073843091,1,1,1
-75.51,6.12,MEDE,contextual_por_proximidad_no_asociacion_directa,11.6622,local_0_50km,75.52651222,800.29212822,537.338606376599,5.9029918022779,1,1,1
-75.46,6.12,MEDE,contextual_por_proximidad_no_asociacion_directa,15.8364,local_0_50km,75.7519059,769.9167459,518.065546852691,4.09811265669216,1,1,1
-75.41,6.12,MEDE,contextual_por_proximidad_no_asociacion_directa,20.6564,local_0_50km,75.94794228,729.00726228,492.069631167741,2.67458256141708,1,1,1
-75.36,6.12,MEDE,contextual_por_proximidad_no_asociacion_directa,25.7622,local_0_50km,76.04478134,732.30119734,494.203622055015,1.48239944381193,1,1,1
-75.31,6.12,MEDE,contextual_por_proximidad_no_asociacion_directa,31.0129,local_0_50km,76.09641859,736.37697859,496.819396354016,2.82430095781203,1,1,1
-75.26,6.12,MEDE,contextual_por_proximidad_no_asociacion_directa,36.3459,local_0_50km,76.0970188,745.4874508,502.624699454086,1.67887246031277,1,1,1
-75.21,6.12,MEDE,contextual_por_proximidad_no_asociacion_directa,41.7296,local_0_50km,76.05099148,755.88444748,509.232843739776,8.8206353177834,1,1,1
-75.16,6.12,MEDE,contextual_por_proximidad_no_asociacion_directa,47.1466,local_0_50km,76.08753572,666.00729572,451.97744238185,15.6289207814623,1,1,1
-75.11,6.12,MEDE,contextual_por_proximidad_no_asociacion_directa,52.5866,contextual_50_100km,76.0126664,627.8264984,427.621925607045,14.5578525010919,1,1,1
-75.06,6.12,MEDE,contextual_por_proximidad_no_asociacion_directa,58.0432,contextual_50_100km,75.9960377,508.1224457,351.341883326938,9.31915040889299,1,1,1
-75.01,6.12,MEDE,contextual_por_proximidad_no_asociacion_directa,63.5121,contextual_50_100km,75.69245696,577.19214496,395.24213760346,4.87581206239966,1,1,1
-74.96,6.12,MEDE,contextual_por_proximidad_no_asociacion_directa,68.9904,contextual_50_100km,75.60897999,437.16473999,305.988041846572,12.9213219368381,1,1,1
-74.91,6.12,BER1,contextual_por_proximidad_no_asociacion_directa,69.0458,contextual_50_100km,75.38043983,374.48790383,265.968184720632,7.42418200752407,1,1,1
-74.86,6.12,BER1,contextual_por_proximidad_no_asociacion_directa,64.7107,contextual_50_100km,75.06703292,342.08009692,245.204605027187,11.184048755037,1,1,1
-74.81,6.12,BER1,contextual_por_proximidad_no_asociacion_directa,60.5699,contextual_50_100km,74.83049207,211.66373207,162.019017187108,5.82525310066802,1,1,1
-74.76,6.12,BER1,contextual_por_proximidad_no_asociacion_directa,56.6659,contextual_50_100km,74.34545181,242.07572381,181.221200956709,1.1486257595556,1,1,1
-74.71,6.12,BER1,contextual_por_proximidad_no_asociacion_directa,53.0511,contextual_50_100km,73.9149588,192.2815748,149.336769115557,7.51251002597298,1,1,1
-74.66,6.12,BER1,contextual_por_proximidad_no_asociacion_directa,49.7883,local_0_50km,73.45707374,127.32628974,107.781902211904,4.81162741192707,1,1,1
-74.61,6.12,BER1,contextual_por_proximidad_no_asociacion_directa,46.9512,local_0_50km,72.89164391,112.91089191,98.3914362807411,0.792024045403913,1,1,1
-74.56,6.12,BER1,contextual_por_proximidad_no_asociacion_directa,44.621,local_0_50km,72.25925048,117.24078648,100.920954181104,0.358163964088171,1,1,1
-74.51,6.12,BER1,contextual_por_proximidad_no_asociacion_directa,42.8803,local_0_50km,71.59118432,115.12847232,99.3326302458494,0.127966604936271,1,1,1
-74.46,6.12,BER1,contextual_por_proximidad_no_asociacion_directa,41.8029,local_0_50km,70.87665682,116.10507282,99.6956695425155,0.326375517341555,1,1,1
-74.41,6.12,BER1,contextual_por_proximidad_no_asociacion_directa,41.4406,local_0_50km,70.1227003,114.8326683,98.6113640775522,0.397662954559472,1,1,1
-74.36,6.12,BER1,contextual_por_proximidad_no_asociacion_directa,41.812,local_0_50km,69.32216088,118.20440088,100.4693471194,0.711935828301504,1,1,1
-74.31,6.12,BER1,contextual_por_proximidad_no_asociacion_directa,42.8979,local_0_50km,68.47844361,124.16222761,103.959493389276,1.94804048354287,1,1,1
-74.26,6.12,BER1,contextual_por_proximidad_no_asociacion_directa,44.6464,local_0_50km,67.57046839,152.96626039,121.983658896103,2.51661511276914,1,1,1
-74.21,6.12,BER1,contextual_por_proximidad_no_asociacion_directa,46.9834,local_0_50km,66.64401634,164.18630434,128.79681069953,3.3791130290789,1,1,1
-74.16,6.12,BER1,contextual_por_proximidad_no_asociacion_directa,49.8263,local_0_50km,65.71736925,140.28747325,113.232559167226,3.2442862002765,1,1,1
-74.11,6.12,BER1,contextual_por_proximidad_no_asociacion_directa,53.0938,contextual_50_100km,64.74568907,123.65125707,102.279621578691,0.672174991536878,1,1,1
-74.06,6.12,BER1,contextual_por_proximidad_no_asociacion_directa,56.7126,contextual_50_100km,63.71098164,133.78786964,108.363147367544,13.2485577838265,1,1,1
-74.01,6.12,BER1,contextual_por_proximidad_no_asociacion_directa,60.6198,contextual_50_100km,62.49307884,297.23892684,212.070361848755,12.5908374831454,1,1,1
-73.96,6.12,BER1,contextual_por_proximidad_no_asociacion_directa,64.7633,contextual_50_100km,61.41168972,290.89899372,207.638290572698,4.14452849707428,1,1,1
-73.91,6.12,BER1,contextual_por_proximidad_no_asociacion_directa,69.1005,contextual_50_100km,60.35067383,227.67359383,166.966863091381,12.2310075511201,1,1,1
-73.86,6.12,BER1,contextual_por_proximidad_no_asociacion_directa,73.5972,contextual_50_100km,58.98424487,468.61988487,319.999238646386,40.1456968436458,1,1,1
-73.81,6.12,BER1,contextual_por_proximidad_no_asociacion_directa,78.2259,contextual_50_100km,57.6283913,680.2350633,454.346012396681,29.4038989770437,1,1,1
-73.76,6.12,TUNA,contextual_por_proximidad_no_asociacion_directa,78.77,contextual_50_100km,56.45791469,650.00681069,434.660263966593,24.3469472995759,1,1,1
-73.71,6.12,TUNA,contextual_por_proximidad_no_asociacion_directa,75.8326,contextual_50_100km,55.26664895,610.84540095,409.274870733564,19.8027463921605,1,1,1
-73.66,6.12,TUNA,contextual_por_proximidad_no_asociacion_directa,73.1959,contextual_50_100km,53.95029239,698.64038039,464.739205451905,15.0412865636907,1,1,1
-73.61,6.12,TUNA,contextual_por_proximidad_no_asociacion_directa,70.8934,contextual_50_100km,52.74182603,616.30714603,411.838994656214,9.32788361410044,1,1,1
-73.56,6.12,TUNA,contextual_por_proximidad_no_asociacion_directa,68.9587,contextual_50_100km,51.49157303,554.81817303,372.205340431903,14.8783798742528,1,1,1
-73.51,6.12,TUNA,contextual_por_proximidad_no_asociacion_directa,67.4233,contextual_50_100km,50.25484618,437.73300618,297.151355284739,6.39105597434266,1,1,1
-73.46,6.12,TUNA,contextual_por_proximidad_no_asociacion_directa,66.3151,contextual_50_100km,48.87837987,494.84241187,333.041396147031,9.88018489437099,1,1,1
-73.41,6.12,TUNA,contextual_por_proximidad_no_asociacion_directa,65.6557,contextual_50_100km,47.4615032,594.8191512,396.231334570574,5.28102008985827,1,1,1
-73.36,6.12,TUNA,contextual_por_proximidad_no_asociacion_directa,65.4586,contextual_50_100km,46.13412162,525.03194562,351.282161353273,4.39448073341318,1,1,1
-73.31,6.12,TUNA,contextual_por_proximidad_no_asociacion_directa,65.728,contextual_50_100km,44.72549985,567.74077985,377.984661709439,6.08710360114857,1,1,1
-76.46,6.07,MEDE,contextual_por_proximidad_no_asociacion_directa,98.468,contextual_50_100km,66.00277418,166.71747018,130.176989464663,13.032914588835,1,1,1
-76.41,6.07,MEDE,contextual_por_proximidad_no_asociacion_directa,93.0029,contextual_50_100km,66.7602183,278.3857543,201.605511453604,3.61362297080983,1,1,1
-76.36,6.07,MEDE,contextual_por_proximidad_no_asociacion_directa,87.5457,contextual_50_100km,67.65220336,227.72919536,169.651372842964,0.729410770004442,1,1,1
-76.31,6.07,MEDE,contextual_por_proximidad_no_asociacion_directa,82.098,contextual_50_100km,68.40841948,288.68709948,208.767393834064,12.0127989449577,1,1,1
-76.26,6.07,MEDE,contextual_por_proximidad_no_asociacion_directa,76.6618,contextual_50_100km,69.05032382,432.16142782,300.420432511462,23.1427776699078,1,1,1
-76.21,6.07,MEDE,contextual_por_proximidad_no_asociacion_directa,71.2397,contextual_50_100km,69.54319762,685.28660562,461.887627921452,21.2679287022115,1,1,1
-76.16,6.07,MEDE,contextual_por_proximidad_no_asociacion_directa,65.8352,contextual_50_100km,70.14744237,799.56674637,534.924811580198,13.0956427937966,1,1,1
-76.11,6.07,MEDE,contextual_por_proximidad_no_asociacion_directa,60.453,contextual_50_100km,70.79545006,842.59170606,562.574912795415,15.9427758276726,1,1,1
-76.06,6.07,MEDE,contextual_por_proximidad_no_asociacion_directa,55.0997,contextual_50_100km,71.43806521,860.98499321,574.528046584874,5.11991835380993,1,1,1
-76.01,6.07,MEDE,contextual_por_proximidad_no_asociacion_directa,49.7846,local_0_50km,72.15288766,786.35203966,527.232155700203,17.6161952850852,1,1,1
-75.96,6.07,MEDE,contextual_por_proximidad_no_asociacion_directa,44.5213,local_0_50km,72.99531307,574.50734507,392.552859164531,12.3593901216684,1,1,1
-75.91,6.07,MEDE,contextual_por_proximidad_no_asociacion_directa,39.3307,local_0_50km,73.55137023,583.14872223,398.260786775745,14.8164556387376,1,1,1
-75.86,6.07,MEDE,contextual_por_proximidad_no_asociacion_directa,34.2457,local_0_50km,74.38962385,324.65187985,233.853778854443,2.96102566235818,1,1,1
-75.81,6.07,MEDE,contextual_por_proximidad_no_asociacion_directa,29.3216,local_0_50km,74.53244506,616.54514106,419.896536117024,11.0259552423647,1,1,1
-75.76,6.07,MEDE,contextual_por_proximidad_no_asociacion_directa,24.6548,local_0_50km,75.10843233,515.39422433,355.653341114575,4.91147821312412,1,1,1
-75.71,6.07,MEDE,contextual_por_proximidad_no_asociacion_directa,20.4225,local_0_50km,75.46090794,565.28317194,387.569871870715,9.64238866555142,1,1,1
-75.66,6.07,MEDE,contextual_por_proximidad_no_asociacion_directa,16.9532,local_0_50km,75.69126176,679.60911776,460.50058993586,11.8195105104357,1,1,1
-75.61,6.07,MEDE,contextual_por_proximidad_no_asociacion_directa,14.7939,local_0_50km,75.94742423,738.22771223,497.944605067446,12.8106374974909,1,1,1
-75.56,6.07,MEDE,contextual_por_proximidad_no_asociacion_directa,14.5404,local_0_50km,76.03791797,893.96370197,597.210571356081,5.26580116836693,1,1,1
-75.51,6.07,MEDE,contextual_por_proximidad_no_asociacion_directa,16.282,local_0_50km,76.42539912,779.11994312,524.174066762445,5.98255995193444,1,1,1
-75.46,6.07,MEDE,contextual_por_proximidad_no_asociacion_directa,19.491,local_0_50km,76.61021185,790.36497985,531.406323651663,1.71882540675126,1,1,1
-75.41,6.07,MEDE,contextual_por_proximidad_no_asociacion_directa,23.5756,local_0_50km,76.80727073,757.27027073,510.390260994375,2.84181713246909,1,1,1
-75.36,6.07,MEDE,contextual_por_proximidad_no_asociacion_directa,28.1573,local_0_50km,76.93080571,746.58046171,503.623660836568,6.92947694957661,1,1,1
-75.31,6.07,MEDE,contextual_por_proximidad_no_asociacion_directa,33.0299,local_0_50km,76.95200459,779.90577259,524.865846704927,8.4020821295145,1,1,1
-75.26,6.07,MEDE,contextual_por_proximidad_no_asociacion_directa,38.0819,local_0_50km,76.98804935,766.09184935,516.076855363764,8.11425775253443,1,1,1
-75.21,6.07,MEDE,contextual_por_proximidad_no_asociacion_directa,43.2505,local_0_50km,77.10959279,650.77230479,442.640700391928,14.8990567640013,1,1,1
-75.16,6.07,MEDE,contextual_por_proximidad_no_asociacion_directa,48.4984,local_0_50km,77.21477197,512.63702797,354.660693032777,14.1663907194947,1,1,1
-75.11,6.07,MEDE,contextual_por_proximidad_no_asociacion_directa,53.8024,contextual_50_100km,77.09730231,509.34715031,352.521802447644,14.1912780176582,1,1,1
-75.06,6.07,MEDE,contextual_por_proximidad_no_asociacion_directa,59.1474,contextual_50_100km,77.0195701,439.2542501,307.831231765453,8.6767999139254,1,1,1
-75.01,6.07,MEDE,contextual_por_proximidad_no_asociacion_directa,64.5233,contextual_50_100km,76.76272069,470.25240869,327.489704466099,5.89742251595961,1,1,1
-74.96,6.07,MEDE,contextual_por_proximidad_no_asociacion_directa,69.9228,contextual_50_100km,76.6424566,359.4928726,256.87140243071,10.5041563720855,1,1,1
-74.91,6.07,BER1,contextual_por_proximidad_no_asociacion_directa,72.5212,contextual_50_100km,76.37975406,321.55628206,232.603343223374,7.41439094935564,1,1,1
-74.86,6.07,BER1,contextual_por_proximidad_no_asociacion_directa,68.4063,contextual_50_100km,76.10746152,253.98450152,189.448611446705,5.85134046718026,1,1,1
-74.81,6.07,BER1,contextual_por_proximidad_no_asociacion_directa,64.5028,contextual_50_100km,75.7411536,222.2891216,169.119788709635,1.96405674201349,1,1,1
-74.76,6.07,BER1,contextual_por_proximidad_no_asociacion_directa,60.8513,contextual_50_100km,75.28936822,220.52887222,167.834265516157,3.99962822088322,1,1,1
-74.71,6.07,BER1,contextual_por_proximidad_no_asociacion_directa,57.4998,contextual_50_100km,74.85693761,166.49879361,133.250046357804,6.36006608245945,1,1,1
-74.66,6.07,BER1,contextual_por_proximidad_no_asociacion_directa,54.5038,contextual_50_100km,74.36521991,122.06243591,104.757322846627,2.75531057606293,1,1,1
-74.61,6.07,BER1,contextual_por_proximidad_no_asociacion_directa,51.9247,contextual_50_100km,73.77479586,119.59572386,102.971350233902,0.704519141894471,1,1,1
-74.56,6.07,BER1,contextual_por_proximidad_no_asociacion_directa,49.8274,local_0_50km,73.14093761,115.71539361,100.268878352346,0.3508704260202,1,1,1
-74.51,6.07,BER1,contextual_por_proximidad_no_asociacion_directa,48.2746,local_0_50km,72.45957,114.268698,99.0998527759717,0.361291729858048,1,1,1
-74.46,6.07,BER1,contextual_por_proximidad_no_asociacion_directa,47.3202,local_0_50km,71.72879467,117.53737867,100.917483592832,0.198685103905599,1,1,1
-74.41,6.07,BER1,contextual_por_proximidad_no_asociacion_directa,47.0004,local_0_50km,70.95862394,117.85347994,100.839472557041,0.464057422950054,1,1,1
-74.36,6.07,BER1,contextual_por_proximidad_no_asociacion_directa,47.3281,local_0_50km,70.14065706,123.08407306,103.875576701613,0.463170336779431,1,1,1
-74.31,6.07,BER1,contextual_por_proximidad_no_asociacion_directa,48.2903,local_0_50km,69.28700988,123.58826588,103.887129139374,1.26492239306469,1,1,1
-74.26,6.07,BER1,contextual_por_proximidad_no_asociacion_directa,49.8501,local_0_50km,68.38882827,127.92394027,106.323898783289,3.63955394128928,1,1,1
-74.21,6.07,BER1,contextual_por_proximidad_no_asociacion_directa,51.9538,contextual_50_100km,67.39432798,184.78576798,142.194767660983,2.88235904016769,1,1,1
-74.16,6.07,BER1,contextual_por_proximidad_no_asociacion_directa,54.5384,contextual_50_100km,66.43653022,173.82933022,134.865954533833,3.29410231330094,1,1,1
-74.11,6.07,BER1,contextual_por_proximidad_no_asociacion_directa,57.5392,contextual_50_100km,65.47492798,130.46608798,106.886527866475,6.30269317890995,1,1,1
-74.06,6.07,BER1,contextual_por_proximidad_no_asociacion_directa,60.8947,contextual_50_100km,64.28690587,272.33268187,196.851218213143,19.64999140643,1,1,1
-74.01,6.07,BER1,contextual_por_proximidad_no_asociacion_directa,64.5496,contextual_50_100km,63.18677524,297.80918324,212.685403738049,4.05976817205377,1,1,1
-73.96,6.07,BER1,contextual_por_proximidad_no_asociacion_directa,68.456,contextual_50_100km,62.14624098,228.08663298,167.881499721478,6.07777632997019,1,1,1
-73.91,6.07,BER1,contextual_por_proximidad_no_asociacion_directa,72.5732,contextual_50_100km,60.84425711,399.62533711,276.711561741397,42.2588392673306,1,1,1
-73.86,6.07,BER1,contextual_por_proximidad_no_asociacion_directa,76.8675,contextual_50_100km,59.31090414,805.59211214,534.832479512577,27.5807429806336,1,1,1
-73.81,6.07,TUNA,contextual_por_proximidad_no_asociacion_directa,77.61,contextual_50_100km,58.0899818,846.3901658,560.385552616748,14.9836379916503,1,1,1
-73.76,6.07,TUNA,contextual_por_proximidad_no_asociacion_directa,74.2155,contextual_50_100km,56.9413796,770.7948996,511.800415010227,5.78566655339687,1,1,1
-73.71,6.07,TUNA,contextual_por_proximidad_no_asociacion_directa,71.0899,contextual_50_100km,55.68463314,790.76983314,524.072244391583,11.647821075086,1,1,1
-73.66,6.07,TUNA,contextual_por_proximidad_no_asociacion_directa,68.27,contextual_50_100km,54.46048281,738.57730681,490.371646591259,12.491489978726,1,1,1
-73.61,6.07,TUNA,contextual_por_proximidad_no_asociacion_directa,65.7952,contextual_50_100km,53.29244105,576.30772105,386.551602909439,15.0276439702925,1,1,1
-73.56,6.07,TUNA,contextual_por_proximidad_no_asociacion_directa,63.7056,contextual_50_100km,52.03650746,491.66806746,332.164547337836,7.51051830523579,1,1,1
-73.51,6.07,TUNA,contextual_por_proximidad_no_asociacion_directa,62.0402,contextual_50_100km,50.72074603,456.14708203,309.053620991327,6.83693405874052,1,1,1
-73.46,6.07,TUNA,contextual_por_proximidad_no_asociacion_directa,60.8339,contextual_50_100km,49.31242218,528.80275818,354.83800356466,6.69173233046102,1,1,1
-73.41,6.07,TUNA,contextual_por_proximidad_no_asociacion_directa,60.1143,contextual_50_100km,47.93979772,523.85037372,351.184398294199,5.10747618285317,1,1,1
-73.36,6.07,TUNA,contextual_por_proximidad_no_asociacion_directa,59.899,contextual_50_100km,46.49229673,617.98246473,410.63908494351,8.06179896159707,1,1,1
-73.31,6.07,TUNA,contextual_por_proximidad_no_asociacion_directa,60.1933,contextual_50_100km,45.08601181,623.57522781,413.692510780515,5.46267427214097,1,1,1
-73.26,6.07,TUNA,contextual_por_proximidad_no_asociacion_directa,60.9899,contextual_50_100km,43.6624708,638.3099828,422.564845221873,6.99413912252537,1,1,1
-76.46,6.02,MEDE,contextual_por_proximidad_no_asociacion_directa,99.4371,contextual_50_100km,66.36085457,183.28322257,140.862407110302,2.40318850459454,1,1,1
-76.41,6.02,MEDE,contextual_por_proximidad_no_asociacion_directa,94.0279,contextual_50_100km,67.2451441,200.6837841,152.270670172706,3.7922110140693,1,1,1
-76.36,6.02,MEDE,contextual_por_proximidad_no_asociacion_directa,88.6333,contextual_50_100km,68.08896804,234.22686404,173.950073998607,9.20775639308745,1,1,1
-76.31,6.02,MEDE,contextual_por_proximidad_no_asociacion_directa,83.2563,contextual_50_100km,68.81209678,359.03188078,253.736716899832,18.2595296652839,1,1,1
-76.26,6.02,MEDE,contextual_por_proximidad_no_asociacion_directa,77.9004,contextual_50_100km,69.44126452,542.68553652,370.986927662959,16.8928649781798,1,1,1
-76.21,6.02,MEDE,contextual_por_proximidad_no_asociacion_directa,72.5704,contextual_50_100km,70.1189002,647.5218442,438.033239476306,20.4327313905753,1,1,1
-76.16,6.02,MEDE,contextual_por_proximidad_no_asociacion_directa,67.2724,contextual_50_100km,70.60725553,895.26051953,596.066579749534,24.1653130090852,1,1,1
-76.11,6.02,MEDE,contextual_por_proximidad_no_asociacion_directa,62.0145,contextual_50_100km,71.14413094,1062.66358694,702.928622731304,3.70841496142429,1,1,1
-76.06,6.02,MEDE,contextual_por_proximidad_no_asociacion_directa,56.8081,contextual_50_100km,72.07563413,844.53846613,564.279831223225,24.1951690654197,1,1,1
-76.01,6.02,MEDE,contextual_por_proximidad_no_asociacion_directa,51.6684,contextual_50_100km,72.95893199,647.59681999,439.111410226502,17.8058433781591,1,1,1
-75.96,6.02,MEDE,contextual_por_proximidad_no_asociacion_directa,46.6178,local_0_50km,73.65065636,591.02472836,403.315307080195,3.11184446495741,1,1,1
-75.91,6.02,MEDE,contextual_por_proximidad_no_asociacion_directa,41.6886,local_0_50km,74.20775985,618.56581585,421.066286610429,14.6071194007292,1,1,1
-75.86,6.02,MEDE,contextual_por_proximidad_no_asociacion_directa,36.9293,local_0_50km,75.05840432,371.48722032,263.939346328321,10.8354139692132,1,1,1
-75.81,6.02,MEDE,contextual_por_proximidad_no_asociacion_directa,32.415,local_0_50km,75.50234089,430.56515689,301.74417548346,14.5919191924552,1,1,1
-75.76,6.02,MEDE,contextual_por_proximidad_no_asociacion_directa,28.2632,local_0_50km,76.01888628,397.39492628,280.795904901914,10.8374430151141,1,1,1
-75.71,6.02,MEDE,contextual_por_proximidad_no_asociacion_directa,24.6578,local_0_50km,76.17976243,615.47677843,419.813454251501,16.457070105973,1,1,1
-75.66,6.02,MEDE,contextual_por_proximidad_no_asociacion_directa,21.8707,local_0_50km,76.49309777,675.62148177,458.250630930484,9.79131305938858,1,1,1
-75.61,6.02,MEDE,contextual_por_proximidad_no_asociacion_directa,20.2428,local_0_50km,76.74133684,752.10626484,507.075895812235,13.8575932970975,1,1,1
-75.56,6.02,MEDE,contextual_por_proximidad_no_asociacion_directa,20.0583,local_0_50km,76.84561243,905.88099643,605.097171779581,9.70942511524876,1,1,1
-75.51,6.02,MEDE,contextual_por_proximidad_no_asociacion_directa,21.3546,local_0_50km,77.25139657,788.68549257,530.568803570399,8.47940260467276,1,1,1
-75.46,6.02,MEDE,contextual_por_proximidad_no_asociacion_directa,23.8919,local_0_50km,77.46107456,789.54940256,531.195350467138,2.56534727720294,1,1,1
-75.41,6.02,MEDE,contextual_por_proximidad_no_asociacion_directa,27.3268,local_0_50km,77.67609929,751.14005129,506.79937879737,6.28388519908028,1,1,1
-75.36,6.02,MEDE,contextual_por_proximidad_no_asociacion_directa,31.3656,local_0_50km,77.66567591,849.86928391,569.704698530744,9.32883189131982,1,1,1
-75.31,6.02,MEDE,contextual_por_proximidad_no_asociacion_directa,35.8046,local_0_50km,77.69698696,880.45199496,589.203000980369,5.58312240574479,1,1,1
-75.26,6.02,MEDE,contextual_por_proximidad_no_asociacion_directa,40.5125,local_0_50km,77.82540135,801.03567335,538.646448671709,10.7178926149666,1,1,1
-75.21,6.02,MEDE,contextual_por_proximidad_no_asociacion_directa,45.4056,local_0_50km,77.93135148,702.96979148,476.19846643758,21.2578045909444,1,1,1
-75.16,6.02,MEDE,contextual_por_proximidad_no_asociacion_directa,50.4302,contextual_50_100km,78.17786525,463.05144125,323.414764178852,18.1361712099021,1,1,1
-75.11,6.02,MEDE,contextual_por_proximidad_no_asociacion_directa,55.5505,contextual_50_100km,78.154255,390.753711,277.338937910749,8.28297930314887,1,1,1
-75.06,6.02,MEDE,contextual_por_proximidad_no_asociacion_directa,60.7424,contextual_50_100km,78.02516271,361.11011471,258.40355211105,9.43633833730328,1,1,1
-75.01,6.02,MEDE,contextual_por_proximidad_no_asociacion_directa,65.9889,contextual_50_100km,77.60823697,512.03062897,354.417056496061,3.56906813965835,1,1,1
-74.96,6.02,MEDE,contextual_por_proximidad_no_asociacion_directa,71.278,contextual_50_100km,77.58206393,330.55999993,238.776618169965,12.3551826961182,1,1,1
-74.91,6.02,BER1,contextual_por_proximidad_no_asociacion_directa,76.2439,contextual_50_100km,77.30738261,299.94376661,219.16865811854,0.894814820028591,1,1,1
-74.86,6.02,BER1,contextual_por_proximidad_no_asociacion_directa,72.3408,contextual_50_100km,76.91564273,321.37621873,232.683035731282,5.31417803765091,1,1,1
-74.81,6.02,BER1,contextual_por_proximidad_no_asociacion_directa,68.661,contextual_50_100km,76.64361012,213.94592212,164.131022377789,7.09570382287769,1,1,1
-74.76,6.02,BER1,contextual_por_proximidad_no_asociacion_directa,65.2423,contextual_50_100km,76.20047623,200.28236423,155.263990391224,4.47905312263764,1,1,1
-74.71,6.02,BER1,contextual_por_proximidad_no_asociacion_directa,62.1278,contextual_50_100km,75.7663023,142.2634303,118.137487217083,4.74939392924815,1,1,1
-74.66,6.02,BER1,contextual_por_proximidad_no_asociacion_directa,59.3655,contextual_50_100km,75.2368057,121.0083577,104.40189826962,1.33959330158068,1,1,1
-74.61,6.02,BER1,contextual_por_proximidad_no_asociacion_directa,57.0066,contextual_50_100km,74.63208964,121.94664164,104.780363593439,0.323615895190839,1,1,1
-74.56,6.02,BER1,contextual_por_proximidad_no_asociacion_directa,55.1028,contextual_50_100km,73.98903386,116.64989786,101.17203275984,0.242703531419486,1,1,1
-74.51,6.02,BER1,contextual_por_proximidad_no_asociacion_directa,53.7027,contextual_50_100km,73.28930699,120.36932299,103.288137373099,0.385852045072409,1,1,1
-74.46,6.02,BER1,contextual_por_proximidad_no_asociacion_directa,52.8463,contextual_50_100km,72.55328402,117.26325202,101.041947797552,0.49345422993677,1,1,1
-74.41,6.02,BER1,contextual_por_proximidad_no_asociacion_directa,52.5601,contextual_50_100km,71.76572261,120.49983461,102.818523436553,0.78330254338237,1,1,1
-74.36,6.02,BER1,contextual_por_proximidad_no_asociacion_directa,52.8535,contextual_50_100km,70.93526309,123.76758309,104.599393671978,1.59979205693604,1,1,1
-74.31,6.02,BER1,contextual_por_proximidad_no_asociacion_directa,53.7168,contextual_50_100km,70.04225529,144.95799129,117.777677837202,4.8085481791107,1,1,1
-74.26,6.02,BER1,contextual_por_proximidad_no_asociacion_directa,55.1234,contextual_50_100km,69.10307892,171.50890292,134.354861001329,5.63593095592687,1,1,1
-74.21,6.02,BER1,contextual_por_proximidad_no_asociacion_directa,57.0331,contextual_50_100km,68.13885806,185.66608206,143.025817702759,2.20723794322816,1,1,1
-74.16,6.02,BER1,contextual_por_proximidad_no_asociacion_directa,59.3973,contextual_50_100km,67.18659048,153.53287048,122.205420718536,1.32099263080971,1,1,1
-74.11,6.02,BER1,contextual_por_proximidad_no_asociacion_directa,62.1643,contextual_50_100km,66.14045285,173.01480485,134.23952821887,20.043116701296,1,1,1
-74.06,6.02,BER1,contextual_por_proximidad_no_asociacion_directa,65.2828,contextual_50_100km,64.81225222,432.02156422,298.793690666887,10.390971590772,1,1,1
-74.01,6.02,BER1,contextual_por_proximidad_no_asociacion_directa,68.705,contextual_50_100km,63.80395661,350.49335661,246.479057723653,6.58395677657286,1,1,1
-73.96,6.02,BER1,contextual_por_proximidad_no_asociacion_directa,72.3878,contextual_50_100km,62.70560544,322.31226944,228.123906904854,24.3375999508601,1,1,1
-73.91,6.02,BER1,contextual_por_proximidad_no_asociacion_directa,76.2935,contextual_50_100km,61.20623035,682.73897435,457.239557203543,31.1715370411778,1,1,1
-73.86,6.02,TUNA,contextual_por_proximidad_no_asociacion_directa,77.2335,contextual_50_100km,60.06140291,644.29057891,432.325336628324,15.5297244195207,1,1,1
-73.81,6.02,TUNA,contextual_por_proximidad_no_asociacion_directa,73.4058,contextual_50_100km,58.59219573,938.06516373,618.981988153871,7.83208308224146,1,1,1
-73.76,6.02,TUNA,contextual_por_proximidad_no_asociacion_directa,69.8069,contextual_50_100km,57.53734646,732.33445046,487.51009468299,9.87556578408297,1,1,1
-73.71,6.02,TUNA,contextual_por_proximidad_no_asociacion_directa,66.474,contextual_50_100km,56.21091569,810.30587569,536.711321590239,8.21178754950362,1,1,1
-73.66,6.02,TUNA,contextual_por_proximidad_no_asociacion_directa,63.449,contextual_50_100km,55.03066513,677.81015313,451.858402541669,16.836506846741,1,1,1
-73.61,6.02,TUNA,contextual_por_proximidad_no_asociacion_directa,60.7779,contextual_50_100km,53.82620693,535.69893493,360.869820371277,9.91303689575689,1,1,1
-73.56,6.02,TUNA,contextual_por_proximidad_no_asociacion_directa,58.5092,contextual_50_100km,52.50770898,507.24832498,342.263060968196,6.57891398516193,1,1,1
-73.51,6.02,TUNA,contextual_por_proximidad_no_asociacion_directa,56.6912,contextual_50_100km,51.11651552,550.81397952,369.517840307159,11.890722160621,1,1,1
-73.46,6.02,TUNA,contextual_por_proximidad_no_asociacion_directa,55.3684,contextual_50_100km,49.71203068,590.15703868,394.077209451063,5.58120006929999,1,1,1
-73.41,6.02,TUNA,contextual_por_proximidad_no_asociacion_directa,54.5767,contextual_50_100km,48.30633845,608.02033045,404.9494863422,11.7462533271028,1,1,1
-73.36,6.02,TUNA,contextual_por_proximidad_no_asociacion_directa,54.3394,contextual_50_100km,46.8867784,624.6847304,415.052812110564,3.3355069907134,1,1,1
-73.31,6.02,TUNA,contextual_por_proximidad_no_asociacion_directa,54.6637,contextual_50_100km,45.44334541,660.58189741,437.402368608995,6.07369626251971,1,1,1
-73.26,6.02,TUNA,contextual_por_proximidad_no_asociacion_directa,55.5397,contextual_50_100km,43.97970221,715.60439821,471.931029507857,9.51488921302188,1,1,1
-76.46,5.97,MEDE,contextual_por_proximidad_no_asociacion_directa,100.7043,regional_100_150km,66.69913007,187.76908207,143.843474170009,5.88382632199257,1,0,1
-76.41,5.97,MEDE,contextual_por_proximidad_no_asociacion_directa,95.3664,contextual_50_100km,67.5863827,237.3534147,175.759931273351,3.23878608791816,1,1,1
-76.36,5.97,MEDE,contextual_por_proximidad_no_asociacion_directa,90.0516,contextual_50_100km,68.49410515,240.42133715,178.044107660698,7.21449216094612,1,1,1
-76.31,5.97,MEDE,contextual_por_proximidad_no_asociacion_directa,84.7641,contextual_50_100km,69.25713498,357.53891098,252.946879281754,14.153512902534,1,1,1
-76.26,5.97,MEDE,contextual_por_proximidad_no_asociacion_directa,79.5093,contextual_50_100km,69.981963,479.481819,330.91043681461,17.903364079617,1,1,1
-76.21,5.97,MEDE,contextual_por_proximidad_no_asociacion_directa,74.2943,contextual_50_100km,70.61540382,653.93112382,442.297294159103,25.6545061771792,1,1,1
-76.16,5.97,MEDE,contextual_por_proximidad_no_asociacion_directa,69.1281,contextual_50_100km,71.1826662,854.0761782,570.033169447845,15.1973986339473,1,1,1
-76.11,5.97,MEDE,contextual_por_proximidad_no_asociacion_directa,64.0223,contextual_50_100km,71.90149839,882.75417039,588.567248312653,16.8987141443474,1,1,1
-76.06,5.97,MEDE,contextual_por_proximidad_no_asociacion_directa,58.9928,contextual_50_100km,72.72385553,790.34229553,529.981853516747,16.3793110204186,1,1,1
-76.01,5.97,MEDE,contextual_por_proximidad_no_asociacion_directa,54.0608,contextual_50_100km,73.62144815,606.98100015,413.471858006564,15.5414171244123,1,1,1
-75.96,5.97,MEDE,contextual_por_proximidad_no_asociacion_directa,49.2556,local_0_50km,74.36696814,527.58927214,363.154869646518,8.89386270611287,1,1,1
-75.91,5.97,MEDE,contextual_por_proximidad_no_asociacion_directa,44.6183,local_0_50km,75.07106891,453.76030091,316.367376852503,16.4051134767356,1,1,1
-75.86,5.97,MEDE,contextual_por_proximidad_no_asociacion_directa,40.2069,local_0_50km,75.82869716,306.87134516,223.046344847588,6.52426081755472,1,1,1
-75.81,5.97,MEDE,contextual_por_proximidad_no_asociacion_directa,36.1043,local_0_50km,76.29782103,362.83909303,258.878536730806,12.1427863475078,1,1,1
-75.76,5.97,MEDE,contextual_por_proximidad_no_asociacion_directa,32.428,local_0_50km,76.6435878,482.2921158,335.118040880597,10.0362340379234,1,1,1
-75.71,5.97,MEDE,contextual_por_proximidad_no_asociacion_directa,29.3387,local_0_50km,77.07170991,500.95232591,347.163434221807,5.77523173292167,1,1,1
-75.66,5.97,MEDE,contextual_por_proximidad_no_asociacion_directa,27.0383,local_0_50km,77.38107998,577.73277598,396.199273673899,18.5927692371347,1,1,1
-75.61,5.97,MEDE,contextual_por_proximidad_no_asociacion_directa,25.7392,local_0_50km,77.44844093,806.26288893,541.840403037741,12.9196750901324,1,1,1
-75.56,5.97,MEDE,contextual_por_proximidad_no_asociacion_directa,25.5943,local_0_50km,77.86497914,727.94939514,492.091094319738,20.5987355546082,1,1,1
-75.51,5.97,MEDE,contextual_por_proximidad_no_asociacion_directa,26.6225,local_0_50km,78.18797674,687.25328074,466.277198012281,6.19794849146586,1,1,1
-75.46,5.97,MEDE,contextual_por_proximidad_no_asociacion_directa,28.698,local_0_50km,78.24450094,813.81111694,546.938864783335,13.6738423325073,1,1,1
-75.41,5.97,MEDE,contextual_por_proximidad_no_asociacion_directa,31.6151,local_0_50km,78.37511596,847.45569196,568.424179459893,3.24627188873161,1,1,1
-75.36,5.97,MEDE,contextual_por_proximidad_no_asociacion_directa,35.1651,local_0_50km,78.50768216,843.39129816,565.882492295904,1.56952070613747,1,1,1
-75.31,5.97,MEDE,contextual_por_proximidad_no_asociacion_directa,39.1763,local_0_50km,78.56056405,863.00942005,578.402114132735,2.57436768705939,1,1,1
-75.26,5.97,MEDE,contextual_por_proximidad_no_asociacion_directa,43.5213,local_0_50km,78.64651587,821.36030787,551.894975883186,21.3400950395782,1,1,1
-75.21,5.97,MEDE,contextual_por_proximidad_no_asociacion_directa,48.1099,local_0_50km,79.05832953,500.90218553,347.852254415165,15.9323067221735,1,1,1
-75.16,5.97,MEDE,contextual_por_proximidad_no_asociacion_directa,52.8785,contextual_50_100km,78.92144921,552.36322521,380.592959570088,6.64540809410331,1,1,1
-75.11,5.97,MEDE,contextual_por_proximidad_no_asociacion_directa,57.7827,contextual_50_100km,79.0006031,406.6720831,287.789001767897,12.9962126000891,1,1,1
-75.06,5.97,MEDE,contextual_por_proximidad_no_asociacion_directa,62.7907,contextual_50_100km,78.94015993,327.41253593,237.263824529213,2.84825342655338,1,1,1
-75.01,5.97,MEDE,contextual_por_proximidad_no_asociacion_directa,67.8795,contextual_50_100km,78.60410948,415.28670948,293.134287429403,12.5997389024005,1,1,1
-74.96,5.97,MEDE,contextual_por_proximidad_no_asociacion_directa,73.0323,contextual_50_100km,78.45358067,328.14801267,237.555924925198,5.93346610430385,1,1,1
-74.91,5.97,MEDE,contextual_por_proximidad_no_asociacion_directa,78.2363,contextual_50_100km,78.1295343,332.8356303,240.425251689843,4.22780559144918,1,1,1
-74.86,5.97,BER1,contextual_por_proximidad_no_asociacion_directa,76.4773,contextual_50_100km,77.82511535,285.41416335,210.098406003533,8.8028484661354,1,1,1
-74.81,5.97,BER1,contextual_por_proximidad_no_asociacion_directa,73.0059,contextual_50_100km,77.51915055,201.24306255,156.354566630178,5.48951301121522,1,1,1
-74.76,5.97,BER1,contextual_por_proximidad_no_asociacion_directa,69.8,contextual_50_100km,77.06584278,190.59361078,149.404396275899,3.38206088936816,1,1,1
-74.71,5.97,BER1,contextual_por_proximidad_no_asociacion_directa,66.8978,contextual_50_100km,76.60917572,144.92087172,120.136581944454,3.45785487870775,1,1,1
-74.66,5.97,BER1,contextual_por_proximidad_no_asociacion_directa,64.3404,contextual_50_100km,76.06184436,131.17780436,111.181083390031,1.49697866991627,1,1,1
-74.61,5.97,BER1,contextual_por_proximidad_no_asociacion_directa,62.1703,contextual_50_100km,75.46174159,121.06047759,104.516717844632,0.794945554994902,1,1,1
-74.56,5.97,BER1,contextual_por_proximidad_no_asociacion_directa,60.4293,contextual_50_100km,74.80494923,118.28051723,102.507067900497,0.51833468655015,1,1,1
-74.51,5.97,BER1,contextual_por_proximidad_no_asociacion_directa,59.1553,contextual_50_100km,74.09599353,120.05270553,103.379067865678,0.46441703530231,1,1,1
-74.46,5.97,BER1,contextual_por_proximidad_no_asociacion_directa,58.3788,contextual_50_100km,73.33737234,125.18217234,106.372266836333,0.860095826434893,1,1,1
-74.41,5.97,BER1,contextual_por_proximidad_no_asociacion_directa,58.1199,contextual_50_100km,72.53532206,129.39178606,108.763589690979,0.971824130293999,1,1,1
-74.36,5.97,BER1,contextual_por_proximidad_no_asociacion_directa,58.3853,contextual_50_100km,71.68550581,137.07167381,113.348800130733,3.66973504329403,1,1,1
-74.31,5.97,BER1,contextual_por_proximidad_no_asociacion_directa,59.1681,contextual_50_100km,70.73782356,192.15340756,148.102400289984,7.62236612257997,1,1,1
-74.26,5.97,BER1,contextual_por_proximidad_no_asociacion_directa,60.4481,contextual_50_100km,69.78567246,216.85208846,163.494656514599,10.4469133322715,1,1,1
-74.21,5.97,BER1,contextual_por_proximidad_no_asociacion_directa,62.1946,contextual_50_100km,68.8212703,217.3072463,163.434781227713,6.20725386579098,1,1,1
-74.16,5.97,BER1,contextual_por_proximidad_no_asociacion_directa,64.3698,contextual_50_100km,67.8868271,154.6281151,123.157351772794,9.18570534104025,1,1,1
-74.11,5.97,BER1,contextual_por_proximidad_no_asociacion_directa,66.9317,contextual_50_100km,66.64432451,340.68112451,241.257338276333,11.474954204944,1,1,1
-74.06,5.97,BER1,contextual_por_proximidad_no_asociacion_directa,69.8379,contextual_50_100km,65.60084129,310.24657729,221.48621605734,3.987479138166,1,1,1
-74.01,5.97,BER1,contextual_por_proximidad_no_asociacion_directa,73.0473,contextual_50_100km,64.47462587,324.59973787,230.223276279817,10.3497258592297,1,1,1
-73.96,5.97,BER1,contextual_por_proximidad_no_asociacion_directa,76.5217,contextual_50_100km,63.16483012,491.00787012,335.781364225455,35.1984303876329,1,1,1
-73.91,5.97,TUNA,contextual_por_proximidad_no_asociacion_directa,77.652,contextual_50_100km,61.66186223,836.43302223,555.336898673419,25.3988735106197,1,1,1
-73.86,5.97,TUNA,contextual_por_proximidad_no_asociacion_directa,73.4301,contextual_50_100km,60.41242872,895.76794072,592.691099017706,18.1634792604379,1,1,1
-73.81,5.97,TUNA,contextual_por_proximidad_no_asociacion_directa,69.3926,contextual_50_100km,59.14073152,950.89597952,627.356647759074,15.1410085020678,1,1,1
-73.76,5.97,TUNA,contextual_por_proximidad_no_asociacion_directa,65.5734,contextual_50_100km,58.14499184,657.03883984,439.753081430144,17.9986422691028,1,1,1
-73.71,5.97,TUNA,contextual_por_proximidad_no_asociacion_directa,62.0131,contextual_50_100km,56.85904406,658.59201206,440.276187396371,11.1548332499301,1,1,1
-73.66,5.97,TUNA,contextual_por_proximidad_no_asociacion_directa,58.7586,contextual_50_100km,55.56281227,641.69296427,429.038025453189,5.54691719570113,1,1,1
-73.61,5.97,TUNA,contextual_por_proximidad_no_asociacion_directa,55.8634,contextual_50_100km,54.27762893,578.41621293,388.252546836859,2.5383379646664,1,1,1
-73.56,5.97,TUNA,contextual_por_proximidad_no_asociacion_directa,53.386,contextual_50_100km,52.89996621,604.92364621,404.642938085244,9.221266692842,1,1,1
-73.51,5.97,TUNA,contextual_por_proximidad_no_asociacion_directa,51.387,contextual_50_100km,51.49331449,646.00504249,430.309168950096,2.31241201882567,1,1,1
-73.46,5.97,TUNA,contextual_por_proximidad_no_asociacion_directa,49.9236,local_0_50km,50.12370788,607.91203588,405.539845405194,12.2657918959732,1,1,1
-73.41,5.97,TUNA,contextual_por_proximidad_no_asociacion_directa,49.0441,local_0_50km,48.63525478,725.30864678,479.803551565714,10.3956076578651,1,1,1
-73.36,5.97,TUNA,contextual_por_proximidad_no_asociacion_directa,48.7798,local_0_50km,47.29159569,589.93383569,393.056824751622,3.42178675029774,1,1,1
-73.31,5.97,TUNA,contextual_por_proximidad_no_asociacion_directa,49.1408,local_0_50km,45.79688,679.402056,449.522618000546,10.8715522174192,1,1,1
-73.26,5.97,TUNA,contextual_por_proximidad_no_asociacion_directa,50.1136,contextual_50_100km,44.30013107,761.40012307,501.227780111784,6.14230800671161,1,1,1
-73.21,5.97,TUNA,contextual_por_proximidad_no_asociacion_directa,51.6636,contextual_50_100km,42.82628166,787.57683366,517.372541099828,9.95057241634061,1,1,1
-76.46,5.92,MEDE,contextual_por_proximidad_no_asociacion_directa,102.2584,regional_100_150km,66.99650296,202.70643896,153.469272029688,4.17341308528944,1,0,1
-76.41,5.92,MEDE,contextual_por_proximidad_no_asociacion_directa,97.0056,contextual_50_100km,67.98626151,183.53844551,141.614748981471,0.91675161661615,1,1,1
-76.36,5.92,MEDE,contextual_por_proximidad_no_asociacion_directa,91.7852,contextual_50_100km,68.9133632,202.0434032,153.742252995942,13.4336066844745,1,1,1
-76.31,5.92,MEDE,contextual_por_proximidad_no_asociacion_directa,86.6031,contextual_50_100km,69.61272858,411.34402458,287.35987601726,24.9428212565323,1,1,1
-76.26,5.92,MEDE,contextual_por_proximidad_no_asociacion_directa,81.4666,contextual_50_100km,70.26044189,633.14684189,428.925010707333,28.8474901075588,1,1,1
-76.21,5.92,MEDE,contextual_por_proximidad_no_asociacion_directa,76.3849,contextual_50_100km,70.83300706,887.42563906,591.156191730461,8.51174742333483,1,1,1
-76.16,5.92,MEDE,contextual_por_proximidad_no_asociacion_directa,71.3696,contextual_50_100km,71.78074927,764.32852527,513.064016132449,13.4860945583043,1,1,1
-76.11,5.92,MEDE,contextual_por_proximidad_no_asociacion_directa,66.4359,contextual_50_100km,72.5503168,774.4425008,519.787730122859,11.2518106329632,1,1,1
-76.06,5.92,MEDE,contextual_por_proximidad_no_asociacion_directa,61.6033,contextual_50_100km,73.30048844,770.97102444,517.847917496729,12.1318816962049,1,1,1
-76.01,5.92,MEDE,contextual_por_proximidad_no_asociacion_directa,56.8976,contextual_50_100km,74.08020933,711.85765733,480.464469792394,9.59072589837571,1,1,1
-75.96,5.92,MEDE,contextual_por_proximidad_no_asociacion_directa,52.353,contextual_50_100km,74.87044762,614.79700762,418.9052774461,15.958646213917,1,1,1
-75.91,5.92,MEDE,contextual_por_proximidad_no_asociacion_directa,48.0153,local_0_50km,75.72548703,436.26903903,305.459581898787,18.3272868272096,1,1,1
-75.86,5.92,MEDE,contextual_por_proximidad_no_asociacion_directa,43.9459,local_0_50km,76.49235529,302.04192329,220.209877251191,12.3248573995115,1,1,1
-75.81,5.92,MEDE,contextual_por_proximidad_no_asociacion_directa,40.2261,local_0_50km,77.03841779,313.25320179,227.551689476151,12.4857254415471,1,1,1
-75.76,5.92,MEDE,contextual_por_proximidad_no_asociacion_directa,36.9617,local_0_50km,77.31357783,502.53968983,348.262636308498,22.5886435773592,1,1,1
-75.71,5.92,MEDE,contextual_por_proximidad_no_asociacion_directa,34.2831,local_0_50km,77.60151977,643.99361577,438.499876691371,8.76358260336784,1,1,1
-75.66,5.92,MEDE,contextual_por_proximidad_no_asociacion_directa,32.3362,local_0_50km,78.12002583,570.65796983,391.959388996237,5.07261356138804,1,1,1
-75.61,5.92,MEDE,contextual_por_proximidad_no_asociacion_directa,31.258,local_0_50km,78.48039149,584.36219949,400.822307263508,21.6180850167905,1,1,1
-75.56,5.92,MEDE,contextual_por_proximidad_no_asociacion_directa,31.1388,local_0_50km,78.83574145,566.37436545,389.489596932662,13.5366167883121,1,1,1
-75.51,5.92,MEDE,contextual_por_proximidad_no_asociacion_directa,31.9893,local_0_50km,78.9113058,723.0335698,489.338408112659,14.7250383598316,1,1,1
-75.46,5.92,MEDE,contextual_por_proximidad_no_asociacion_directa,33.7364,local_0_50km,79.29348102,612.96163302,419.340527153328,6.81780457983419,1,1,1
-75.41,5.92,MEDE,contextual_por_proximidad_no_asociacion_directa,36.2506,local_0_50km,79.23093406,798.26893406,537.393458919861,12.3133393358662,1,1,1
-75.36,5.92,MEDE,contextual_por_proximidad_no_asociacion_directa,39.3852,local_0_50km,79.32919632,826.56089232,555.45641142501,2.54735774788438,1,1,1
-75.31,5.92,MEDE,contextual_por_proximidad_no_asociacion_directa,43.0049,local_0_50km,79.39712427,840.44175627,564.325779122961,6.48965846942162,1,1,1
-75.26,5.92,MEDE,contextual_por_proximidad_no_asociacion_directa,46.9976,local_0_50km,79.59603594,720.92855594,488.245546310714,11.9478503641979,1,1,1
-75.21,5.92,MEDE,contextual_por_proximidad_no_asociacion_directa,51.2764,contextual_50_100km,79.69676179,637.23820979,434.955590293783,20.4875301265494,1,1,1
-75.16,5.92,MEDE,contextual_por_proximidad_no_asociacion_directa,55.7753,contextual_50_100km,79.96386137,395.37774937,280.941867124835,15.3107372124244,1,1,1
-75.11,5.92,MEDE,contextual_por_proximidad_no_asociacion_directa,60.4454,contextual_50_100km,79.87882376,373.54258376,266.997904728517,4.85582742457501,1,1,1
-75.06,5.92,MEDE,contextual_por_proximidad_no_asociacion_directa,65.2497,contextual_50_100km,79.7979237,311.2232357,227.259400370775,4.73731456940035,1,1,1
-75.01,5.92,MEDE,contextual_por_proximidad_no_asociacion_directa,70.1609,contextual_50_100km,79.60700641,291.49176641,214.617474036086,2.54821025512935,1,1,1
-74.96,5.92,MEDE,contextual_por_proximidad_no_asociacion_directa,75.1578,contextual_50_100km,79.36966288,268.02301488,199.5773515913,3.86457100728249,1,1,1
-74.91,5.92,MEDE,contextual_por_proximidad_no_asociacion_directa,80.2246,contextual_50_100km,78.92594443,358.60395243,257.133469335577,1.46531961114091,1,1,1
-74.86,5.92,BER1,contextual_por_proximidad_no_asociacion_directa,80.7848,contextual_50_100km,78.71087188,243.10826388,183.462949237659,9.43158101491172,1,1,1
-74.81,5.92,BER1,contextual_por_proximidad_no_asociacion_directa,77.5063,contextual_50_100km,78.3301049,211.9539049,163.473612738764,3.41981616946474,1,1,1
-74.76,5.92,BER1,contextual_por_proximidad_no_asociacion_directa,74.494,contextual_50_100km,77.89326959,184.65652559,145.921555899235,4.30733002796543,1,1,1
-74.71,5.92,BER1,contextual_por_proximidad_no_asociacion_directa,71.7816,contextual_50_100km,77.4290396,139.9267116,117.251818370223,3.28206263878468,1,1,1
-74.66,5.92,BER1,contextual_por_proximidad_no_asociacion_directa,69.4041,contextual_50_100km,76.8703796,128.7028356,109.897408645263,1.01588042029419,1,1,1
-74.61,5.92,BER1,contextual_por_proximidad_no_asociacion_directa,67.3971,contextual_50_100km,76.25511652,123.26106852,106.206754196676,0.37114106283808,1,1,1
-74.56,5.92,BER1,contextual_por_proximidad_no_asociacion_directa,65.7944,contextual_50_100km,75.5829101,124.5885901,106.808750850106,0.276338111906359,1,1,1
-74.51,5.92,BER1,contextual_por_proximidad_no_asociacion_directa,64.6261,contextual_50_100km,74.86483748,124.79631748,106.680587060397,0.748288808225101,1,1,1
-74.46,5.92,BER1,contextual_por_proximidad_no_asociacion_directa,63.9161,contextual_50_100km,74.09563901,128.73018301,108.908125448279,0.718701776834819,1,1,1
-74.41,5.92,BER1,contextual_por_proximidad_no_asociacion_directa,63.6796,contextual_50_100km,73.28120723,132.50771923,111.019641466526,1.38655504623459,1,1,1
-74.36,5.92,BER1,contextual_por_proximidad_no_asociacion_directa,63.922,contextual_50_100km,72.41955494,138.58339494,114.578372678178,6.7879017094763,1,1,1
-74.31,5.92,BER1,contextual_por_proximidad_no_asociacion_directa,64.6378,contextual_50_100km,71.38881193,250.87057193,185.752470495878,13.6744085095876,1,1,1
-74.26,5.92,BER1,contextual_por_proximidad_no_asociacion_directa,65.8116,contextual_50_100km,70.33496615,351.11159015,249.242516200857,7.74758175345724,1,1,1
-74.21,5.92,BER1,contextual_por_proximidad_no_asociacion_directa,67.4195,contextual_50_100km,69.44784761,272.37086361,198.747997758863,6.45804161612172,1,1,1
-74.16,5.92,BER1,contextual_por_proximidad_no_asociacion_directa,69.4314,contextual_50_100km,68.44818577,255.59556977,187.696289450693,6.01769583682784,1,1,1
-74.11,5.92,BER1,contextual_por_proximidad_no_asociacion_directa,71.8132,contextual_50_100km,67.34402881,298.60886881,214.703254616858,8.37650150941863,1,1,1
-74.06,5.92,BER1,contextual_por_proximidad_no_asociacion_directa,74.5295,contextual_50_100km,66.18109765,364.01712965,255.958701080364,4.94244369877054,1,1,1
-74.01,5.92,BER1,contextual_por_proximidad_no_asociacion_directa,77.5453,contextual_50_100km,65.05856744,358.74701544,252.193379310658,19.0995338277969,1,1,1
-73.96,5.92,TUNA,contextual_por_proximidad_no_asociacion_directa,78.853,contextual_50_100km,63.59639234,658.72532034,442.805519353624,32.7432403151831,1,1,1
-73.91,5.92,TUNA,contextual_por_proximidad_no_asociacion_directa,74.2879,contextual_50_100km,62.21445612,860.79719212,571.061947678521,16.0877636341254,1,1,1
-73.86,5.92,TUNA,contextual_por_proximidad_no_asociacion_directa,69.8625,contextual_50_100km,60.92893319,939.04406119,620.45352599611,1.91589424406605,1,1,1
-73.81,5.92,TUNA,contextual_por_proximidad_no_asociacion_directa,65.6054,contextual_50_100km,59.78706189,830.13906989,550.64626685016,24.3381138508798,1,1,1
-73.76,5.92,TUNA,contextual_por_proximidad_no_asociacion_directa,61.5514,contextual_50_100km,58.69489932,624.79073932,419.404485415678,12.7199045027977,1,1,1
-73.71,5.92,TUNA,contextual_por_proximidad_no_asociacion_directa,57.7432,contextual_50_100km,57.39734976,616.12382176,413.411261566556,4.14707773472629,1,1,1
-73.66,5.92,TUNA,contextual_por_proximidad_no_asociacion_directa,54.2328,contextual_50_100km,56.05883387,626.06772187,419.261767955044,5.10878815305393,1,1,1
-73.61,5.92,TUNA,contextual_por_proximidad_no_asociacion_directa,51.0814,contextual_50_100km,54.75889057,557.02390657,374.796229179835,5.22100641470314,1,1,1
-73.56,5.92,TUNA,contextual_por_proximidad_no_asociacion_directa,48.3594,local_0_50km,53.30904604,653.06697404,435.467717205083,1.84280495475507,1,1,1
-73.51,5.92,TUNA,contextual_por_proximidad_no_asociacion_directa,46.1429,local_0_50km,51.95823085,590.57632685,395.159322862621,8.11220970254432,1,1,1
-73.46,5.92,TUNA,contextual_por_proximidad_no_asociacion_directa,44.5073,local_0_50km,50.40786159,788.61609359,520.785431962434,15.4957087007816,1,1,1
-73.41,5.92,TUNA,contextual_por_proximidad_no_asociacion_directa,43.5184,local_0_50km,48.98205549,787.58529549,519.611320296691,7.62967365830142,1,1,1
-73.36,5.92,TUNA,contextual_por_proximidad_no_asociacion_directa,43.2203,local_0_50km,47.61778656,659.99128256,437.81494871919,8.86743128418981,1,1,1
-73.31,5.92,TUNA,contextual_por_proximidad_no_asociacion_directa,43.6274,local_0_50km,46.11038667,742.76871467,490.012848738944,10.1894637173098,1,1,1
-73.26,5.92,TUNA,contextual_por_proximidad_no_asociacion_directa,44.7204,local_0_50km,44.65869561,710.51874361,468.936857257907,9.52264734775195,1,1,1
-73.21,5.92,TUNA,contextual_por_proximidad_no_asociacion_directa,46.4508,local_0_50km,43.09252966,881.28716166,577.180253703934,13.2377162081781,1,1,1
-73.16,5.92,TUNA,contextual_por_proximidad_no_asociacion_directa,48.7509,local_0_50km,41.59877922,904.28390722,591.291558187916,5.5991826710431,1,1,1
-76.46,5.87,MEDE,contextual_por_proximidad_no_asociacion_directa,104.0866,regional_100_150km,67.35374599,125.04960199,104.116864293777,12.1494834459385,1,0,1
-76.41,5.87,MEDE,contextual_por_proximidad_no_asociacion_directa,98.9305,contextual_50_100km,68.26474871,221.00940471,165.591840257054,9.77471019787207,1,1,1
-76.36,5.87,MEDE,contextual_por_proximidad_no_asociacion_directa,93.8168,contextual_50_100km,69.17716822,285.16013622,206.798965601511,10.5768640080081,1,1,1
-76.31,5.87,MEDE,contextual_por_proximidad_no_asociacion_directa,88.7529,contextual_50_100km,70.01971164,385.97673564,271.34379724194,20.3106387031007,1,1,1
-76.26,5.87,MEDE,contextual_por_proximidad_no_asociacion_directa,83.7479,contextual_50_100km,70.67127098,632.16279898,428.44704382636,15.6398109007441,1,1,1
-76.21,5.87,MEDE,contextual_por_proximidad_no_asociacion_directa,78.8129,contextual_50_100km,71.59996656,586.96196656,399.982548755694,20.8529950145353,1,1,1
-76.16,5.87,MEDE,contextual_por_proximidad_no_asociacion_directa,73.962,contextual_50_100km,72.37965995,647.20270795,438.65011995256,9.72589684972204,1,1,1
-76.11,5.87,MEDE,contextual_por_proximidad_no_asociacion_directa,69.2129,contextual_50_100km,73.14648265,686.26061865,463.815571873424,4.62415515439374,1,1,1
-76.06,5.87,MEDE,contextual_por_proximidad_no_asociacion_directa,64.5879,contextual_50_100km,74.0367749,587.6212389,401.286732141534,8.2854090489259,1,1,1
-76.01,5.87,MEDE,contextual_por_proximidad_no_asociacion_directa,60.1159,contextual_50_100km,74.82591362,546.20624162,375.183893651305,12.0346727222169,1,1,1
-75.96,5.87,MEDE,contextual_por_proximidad_no_asociacion_directa,55.8335,contextual_50_100km,75.59433793,491.34025793,340.502729986311,15.0561056603935,1,1,1
-75.91,5.87,MEDE,contextual_por_proximidad_no_asociacion_directa,51.7877,contextual_50_100km,76.38196939,390.31457739,276.416121016369,2.30211530819799,1,1,1
-75.86,5.87,MEDE,contextual_por_proximidad_no_asociacion_directa,48.0386,local_0_50km,76.88886125,482.35222925,335.245332564538,14.4250791788853,1,1,1
-75.81,5.87,MEDE,contextual_por_proximidad_no_asociacion_directa,44.6606,local_0_50km,77.51653297,443.39269297,310.648502701267,21.0486414792903,1,1,1
-75.76,5.87,MEDE,contextual_por_proximidad_no_asociacion_directa,41.7443,local_0_50km,78.27459368,270.76692968,200.928437674243,5.45446179505208,1,1,1
-75.71,5.87,MEDE,contextual_por_proximidad_no_asociacion_directa,39.392,local_0_50km,78.64438607,363.85250607,260.375633055186,24.3984636197988,1,1,1
-75.66,5.87,MEDE,contextual_por_proximidad_no_asociacion_directa,37.7096,local_0_50km,78.89329837,511.43940237,354.506569333337,16.8588047395534,1,1,1
-75.61,5.87,MEDE,contextual_por_proximidad_no_asociacion_directa,36.7891,local_0_50km,79.39836034,428.73356034,301.990625636722,15.7601494109567,1,1,1
-75.56,5.87,MEDE,contextual_por_proximidad_no_asociacion_directa,36.6879,local_0_50km,79.60050604,536.88398604,370.97614094873,8.0800771284743,1,1,1
-75.51,5.87,MEDE,contextual_por_proximidad_no_asociacion_directa,37.4125,local_0_50km,80.03727436,434.13725836,305.665603769957,15.4436428438848,1,1,1
-75.46,5.87,MEDE,contextual_por_proximidad_no_asociacion_directa,38.917,local_0_50km,79.8951183,721.4004543,488.654744985702,24.8818976059724,1,1,1
-75.41,5.87,MEDE,contextual_por_proximidad_no_asociacion_directa,41.1158,local_0_50km,79.91458488,851.27880088,571.418756827946,6.25688555716438,1,1,1
-75.36,5.87,MEDE,contextual_por_proximidad_no_asociacion_directa,43.9047,local_0_50km,80.08933836,829.50592236,557.608738304498,4.8181312591992,1,1,1
-75.31,5.87,MEDE,contextual_por_proximidad_no_asociacion_directa,47.1792,local_0_50km,80.19324345,822.49968345,553.182143577858,3.60996617415629,1,1,1
-75.26,5.87,MEDE,contextual_por_proximidad_no_asociacion_directa,50.8455,contextual_50_100km,80.29715076,778.28863076,525.049081544564,14.2234649486611,1,1,1
-75.21,5.87,MEDE,contextual_por_proximidad_no_asociacion_directa,54.8251,contextual_50_100km,80.47430239,643.92852639,439.500681956579,11.4145970695391,1,1,1
-75.16,5.87,MEDE,contextual_por_proximidad_no_asociacion_directa,59.0547,contextual_50_100km,80.49597403,584.85947003,401.870439321829,14.5863377370465,1,1,1
-75.11,5.87,MEDE,contextual_por_proximidad_no_asociacion_directa,63.4844,contextual_50_100km,80.63436162,404.24466562,286.835026885684,15.0610266219917,1,1,1
-75.06,5.87,MEDE,contextual_por_proximidad_no_asociacion_directa,68.075,contextual_50_100km,80.5776247,326.3590087,237.186620965832,5.54284754774498,1,1,1
-75.01,5.87,MEDE,contextual_por_proximidad_no_asociacion_directa,72.7962,contextual_50_100km,80.24920721,406.08143121,287.865653668384,7.5415595304947,1,1,1
-74.96,5.87,MEDE,contextual_por_proximidad_no_asociacion_directa,77.6241,contextual_50_100km,80.07887127,333.95791927,241.847603438116,7.00795585993447,1,1,1
-74.91,5.87,MEDE,contextual_por_proximidad_no_asociacion_directa,82.5401,contextual_50_100km,79.75534943,334.56019743,242.113990428408,8.67741575394706,1,1,1
-74.86,5.87,BER1,contextual_por_proximidad_no_asociacion_directa,85.2373,contextual_50_100km,79.54833102,212.20929902,164.078333675261,8.20027410337496,1,1,1
-74.81,5.87,BER1,contextual_por_proximidad_no_asociacion_directa,82.1365,contextual_50_100km,79.14668546,193.19290146,151.815587900863,2.3769857634573,1,1,1
-74.76,5.87,BER1,contextual_por_proximidad_no_asociacion_directa,79.3,contextual_50_100km,78.69671432,171.58531432,137.884233625931,3.75711806539712,1,1,1
-74.71,5.87,BER1,contextual_por_proximidad_no_asociacion_directa,76.7574,contextual_50_100km,78.21258039,137.10580439,115.738647447621,2.63269698457927,1,1,1
-74.66,5.87,BER1,contextual_por_proximidad_no_asociacion_directa,74.5386,contextual_50_100km,77.64464799,127.05767999,109.130048625434,0.776119535541982,1,1,1
-74.61,5.87,BER1,contextual_por_proximidad_no_asociacion_directa,72.6733,contextual_50_100km,77.01688106,124.43018506,107.228078622004,0.360678958721283,1,1,1
-74.56,5.87,BER1,contextual_por_proximidad_no_asociacion_directa,71.1893,contextual_50_100km,76.33951937,122.16044737,105.536073743902,0.945225468225547,1,1,1
-74.51,5.87,BER1,contextual_por_proximidad_no_asociacion_directa,70.1109,contextual_50_100km,75.59856027,131.80079227,111.409958994239,0.893162891763627,1,1,1
-74.46,5.87,BER1,contextual_por_proximidad_no_asociacion_directa,69.4569,contextual_50_100km,74.81897421,134.82315821,113.052931863971,1.53537662249497,1,1,1
-74.41,5.87,BER1,contextual_por_proximidad_no_asociacion_directa,69.2394,contextual_50_100km,73.97674024,151.00330024,123.057154920267,1.16095209071676,1,1,1
-74.36,5.87,BER1,contextual_por_proximidad_no_asociacion_directa,69.4624,contextual_50_100km,73.11429795,147.17829795,120.307004373333,8.58265777079114,1,1,1
-74.31,5.87,BER1,contextual_por_proximidad_no_asociacion_directa,70.1217,contextual_50_100km,72.01984905,299.69258505,217.090228595327,11.590738408931,1,1,1
-74.26,5.87,BER1,contextual_por_proximidad_no_asociacion_directa,71.2053,contextual_50_100km,71.01028494,349.50326894,248.462726542804,4.52827712796998,1,1,1
-74.21,5.87,BER1,contextual_por_proximidad_no_asociacion_directa,72.6941,contextual_50_100km,70.10593572,273.59677572,199.767896618108,5.91846912947144,1,1,1
-74.16,5.87,BER1,contextual_por_proximidad_no_asociacion_directa,74.5639,contextual_50_100km,69.09210754,255.67166754,187.978400471447,1.9455336648824,1,1,1
-74.11,5.87,BER1,contextual_por_proximidad_no_asociacion_directa,76.7869,contextual_50_100km,68.03420061,241.30692861,178.441537287388,2.3988801685396,1,1,1
-74.06,5.87,BER1,contextual_por_proximidad_no_asociacion_directa,79.3334,contextual_50_100km,66.9162162,246.8793922,181.586627357629,15.7645273114442,1,1,1
-74.01,5.87,TUNA,contextual_por_proximidad_no_asociacion_directa,80.8018,contextual_50_100km,65.52578434,479.00040834,328.986933399329,31.027002226884,1,1,1
-73.96,5.87,TUNA,contextual_por_proximidad_no_asociacion_directa,75.9509,contextual_50_100km,64.06525439,760.51373439,507.834003790744,21.3023613535556,1,1,1
-73.91,5.87,TUNA,contextual_por_proximidad_no_asociacion_directa,71.1994,contextual_50_100km,62.77605091,850.17512291,564.497443798597,9.80205018625227,1,1,1
-73.86,5.87,TUNA,contextual_por_proximidad_no_asociacion_directa,66.5687,contextual_50_100km,61.51127769,886.23860569,587.017794615957,14.6382176123804,1,1,1
-73.81,5.87,TUNA,contextual_por_proximidad_no_asociacion_directa,62.0857,contextual_50_100km,60.45078777,668.44216377,447.855714799143,18.9278734180741,1,1,1
-73.76,5.87,TUNA,contextual_por_proximidad_no_asociacion_directa,57.7848,contextual_50_100km,59.2094275,607.9619475,408.868054841547,7.35951834546831,1,1,1
-73.71,5.87,TUNA,contextual_por_proximidad_no_asociacion_directa,53.7099,contextual_50_100km,57.90452861,585.78334461,394.262678191237,3.95834855273644,1,1,1
-73.66,5.87,TUNA,contextual_por_proximidad_no_asociacion_directa,49.9163,local_0_50km,56.56246332,576.19548732,387.666491586106,6.02464513142837,1,1,1
-73.61,5.87,TUNA,contextual_por_proximidad_no_asociacion_directa,46.4728,local_0_50km,55.1183569,665.1958689,443.852545160067,7.69850526254889,1,1,1
-73.56,5.87,TUNA,contextual_por_proximidad_no_asociacion_directa,43.4629,local_0_50km,53.77199996,603.28984796,403.918285267921,2.31000046256347,1,1,1
-73.51,5.87,TUNA,contextual_por_proximidad_no_asociacion_directa,40.9821,local_0_50km,52.29478658,689.14643458,458.089138212102,17.1894608786121,1,1,1
-73.46,5.87,TUNA,contextual_por_proximidad_no_asociacion_directa,39.1313,local_0_50km,50.7927211,792.9880651,523.710832168223,4.10983171126991,1,1,1
-73.41,5.87,TUNA,contextual_por_proximidad_no_asociacion_directa,38.0026,local_0_50km,49.3769313,748.9114113,495.112043468383,4.34560519714826,1,1,1
-73.36,5.87,TUNA,contextual_por_proximidad_no_asociacion_directa,37.6609,local_0_50km,47.92334379,736.78026379,486.854840782353,20.4239491127718,1,1,1
-73.31,5.87,TUNA,contextual_por_proximidad_no_asociacion_directa,38.1274,local_0_50km,46.38335966,849.59509566,558.180395369979,12.8874074555762,1,1,1
-73.26,5.87,TUNA,contextual_por_proximidad_no_asociacion_directa,39.3735,local_0_50km,44.89840364,854.07229164,560.494452217057,17.0979726736757,1,1,1
-73.21,5.87,TUNA,contextual_por_proximidad_no_asociacion_directa,41.3286,local_0_50km,43.37593654,913.77606454,597.984622427013,5.96112577616093,1,1,1
-73.16,5.87,TUNA,contextual_por_proximidad_no_asociacion_directa,43.8981,local_0_50km,41.88203612,904.17215612,591.323120653658,8.85118731585582,1,1,1
-73.11,5.87,TUNA,contextual_por_proximidad_no_asociacion_directa,46.9814,local_0_50km,40.31698993,1042.31650193,678.779249680206,6.11410439447773,1,1,1
-76.46,5.82,MEDE,contextual_por_proximidad_no_asociacion_directa,106.1748,regional_100_150km,67.61388439,117.11332439,99.1543431829278,13.8071634442257,1,0,1
-76.41,5.82,MEDE,contextual_por_proximidad_no_asociacion_directa,101.1247,regional_100_150km,68.53521792,236.33955392,175.458159773132,9.50689692942046,1,0,1
-76.36,5.82,MEDE,contextual_por_proximidad_no_asociacion_directa,96.1273,contextual_50_100km,69.50061017,280.34847417,203.850379906159,7.54930518803613,1,1,1
-76.31,5.82,MEDE,contextual_por_proximidad_no_asociacion_directa,91.1914,contextual_50_100km,70.40338329,353.98209529,251.096390733873,11.9339403614957,1,1,1
-76.26,5.82,MEDE,contextual_por_proximidad_no_asociacion_directa,86.3274,contextual_50_100km,71.24675873,450.57787873,312.952070128172,18.9406315276528,1,1,1
-76.21,5.82,MEDE,contextual_por_proximidad_no_asociacion_directa,81.5482,contextual_50_100km,72.07871322,523.95552122,360.009280559827,13.1855942834499,1,1,1
-76.16,5.82,MEDE,contextual_por_proximidad_no_asociacion_directa,76.8697,contextual_50_100km,72.83902306,627.43025506,426.21800875792,19.8088856558512,1,1,1
-76.11,5.82,MEDE,contextual_por_proximidad_no_asociacion_directa,72.3114,contextual_50_100km,73.445973,828.898773,554.811578518,8.97152168385993,1,1,1
-76.06,5.82,MEDE,contextual_por_proximidad_no_asociacion_directa,67.8974,contextual_50_100km,74.35566811,733.87090011,494.590987907642,29.0135082485784,1,1,1
-76.01,5.82,MEDE,contextual_por_proximidad_no_asociacion_directa,63.6579,contextual_50_100km,75.369178,524.703122,361.679462419293,19.2819016923448,1,1,1
-75.96,5.82,MEDE,contextual_por_proximidad_no_asociacion_directa,59.63,contextual_50_100km,76.24529974,402.96629174,284.428058675464,8.01985740311241,1,1,1
-75.91,5.82,MEDE,contextual_por_proximidad_no_asociacion_directa,55.8596,contextual_50_100km,76.94090386,396.35424786,280.467315761695,8.5504949944382,1,1,1
-75.86,5.82,MEDE,contextual_por_proximidad_no_asociacion_directa,52.4022,contextual_50_100km,77.39411046,546.86111846,376.532945575369,14.5900822534288,1,1,1
-75.81,5.82,MEDE,contextual_por_proximidad_no_asociacion_directa,49.3237,local_0_50km,77.90764558,612.08190158,418.277175207221,16.919085760715,1,1,1
-75.76,5.82,MEDE,contextual_por_proximidad_no_asociacion_directa,46.6992,local_0_50km,78.67093366,449.29953366,314.83110205343,29.2959626343301,1,1,1
-75.71,5.82,MEDE,contextual_por_proximidad_no_asociacion_directa,44.6088,local_0_50km,79.38438184,293.68856584,215.936477875915,18.8117864774254,1,1,1
-75.66,5.82,MEDE,contextual_por_proximidad_no_asociacion_directa,43.1303,local_0_50km,79.85993932,283.51125132,209.624151082025,10.9812225628417,1,1,1
-75.61,5.82,MEDE,contextual_por_proximidad_no_asociacion_directa,42.3277,local_0_50km,80.23706073,310.15640473,226.738952370168,10.8378583507306,1,1,1
-75.56,5.82,MEDE,contextual_por_proximidad_no_asociacion_directa,42.2398,local_0_50km,80.44362753,424.87825953,299.913308751712,16.2111179989065,1,1,1
-75.51,5.82,MEDE,contextual_por_proximidad_no_asociacion_directa,42.8708,local_0_50km,80.61472349,527.19595549,365.171012320559,21.0487575328017,1,1,1
-75.46,5.82,MEDE,contextual_por_proximidad_no_asociacion_directa,44.1899,local_0_50km,80.60287498,724.30544298,490.76255195626,15.281764224233,1,1,1
-75.41,5.82,MEDE,contextual_por_proximidad_no_asociacion_directa,46.1383,local_0_50km,80.72064554,788.57498154,531.757071729937,12.2863085551211,1,1,1
-75.36,5.82,MEDE,contextual_por_proximidad_no_asociacion_directa,48.6403,local_0_50km,80.7143536,904.6022896,605.68601985316,6.04480744439944,1,1,1
-75.31,5.82,MEDE,contextual_por_proximidad_no_asociacion_directa,51.6155,contextual_50_100km,80.95666943,803.19176543,541.156346117135,2.187755825543,1,1,1
-75.26,5.82,MEDE,contextual_por_proximidad_no_asociacion_directa,54.9871,contextual_50_100km,80.88339078,891.34105478,597.297446268395,12.611616134853,1,1,1
-75.21,5.82,MEDE,contextual_por_proximidad_no_asociacion_directa,58.6868,contextual_50_100km,81.29695111,593.01747111,407.35922523988,24.3404279952222,1,1,1
-75.16,5.82,MEDE,contextual_por_proximidad_no_asociacion_directa,62.6566,contextual_50_100km,81.40458587,476.46196187,333.13048193206,10.6484717178656,1,1,1
-75.11,5.82,MEDE,contextual_por_proximidad_no_asociacion_directa,66.8484,contextual_50_100km,81.38609756,411.62512956,291.810510050573,13.042900428066,1,1,1
-75.06,5.82,MEDE,contextual_por_proximidad_no_asociacion_directa,71.2229,contextual_50_100km,81.22908207,406.91317807,288.751143115538,14.9233035726923,1,1,1
-75.01,5.82,MEDE,contextual_por_proximidad_no_asociacion_directa,75.7486,contextual_50_100km,80.99075112,421.82093512,298.163720629109,3.24998174583973,1,1,1
-74.96,5.82,MEDE,contextual_por_proximidad_no_asociacion_directa,80.3998,contextual_50_100km,80.79837799,365.69789799,262.332988698422,8.92240532112401,1,1,1
-74.91,5.82,MEDE,contextual_por_proximidad_no_asociacion_directa,85.1561,contextual_50_100km,80.60848976,269.15074576,200.745389411665,7.99725188221962,1,1,1
-74.86,5.82,BER1,contextual_por_proximidad_no_asociacion_directa,89.8134,contextual_50_100km,80.2853367,229.2897607,175.229196572676,4.75754438207175,1,1,1
-74.81,5.82,BER1,contextual_por_proximidad_no_asociacion_directa,86.8757,contextual_50_100km,79.8833522,207.6807842,161.314367133462,4.59862385684773,1,1,1
-74.76,5.82,BER1,contextual_por_proximidad_no_asociacion_directa,84.1989,contextual_50_100km,79.4761475,151.3182275,125.253072730633,4.63389352255049,1,1,1
-74.71,5.82,BER1,contextual_por_proximidad_no_asociacion_directa,81.8084,contextual_50_100km,78.9653467,131.9087627,112.700266341613,1.52643945617758,1,1,1
-74.66,5.82,BER1,contextual_por_proximidad_no_asociacion_directa,79.7301,contextual_50_100km,78.3842526,126.1061566,108.792086438768,0.431826883779962,1,1,1
-74.61,5.82,BER1,contextual_por_proximidad_no_asociacion_directa,77.9889,contextual_50_100km,77.74579788,125.13441388,107.941264539863,0.798521492296167,1,1,1
-74.56,5.82,BER1,contextual_por_proximidad_no_asociacion_directa,76.6079,contextual_50_100km,77.03799722,138.84440522,116.420310730272,0.665110336589069,1,1,1
-74.51,5.82,BER1,contextual_por_proximidad_no_asociacion_directa,75.6067,contextual_50_100km,76.30560086,134.06317686,113.108046419129,0.443724324988528,1,1,1
-74.46,5.82,BER1,contextual_por_proximidad_no_asociacion_directa,75.0005,contextual_50_100km,75.50166913,147.38078113,121.302190713845,0.783709608458599,1,1,1
-74.41,5.82,BER1,contextual_por_proximidad_no_asociacion_directa,74.7991,contextual_50_100km,74.66660357,148.39731557,121.646942814428,0.607167142853725,1,1,1
-74.36,5.82,BER1,contextual_por_proximidad_no_asociacion_directa,75.0056,contextual_50_100km,73.77490389,157.94863989,127.409414740118,7.30426858499036,1,1,1
-74.31,5.82,BER1,contextual_por_proximidad_no_asociacion_directa,75.6167,contextual_50_100km,72.73996382,248.70368382,184.861968830769,15.3978940963878,1,1,1
-74.26,5.82,BER1,contextual_por_proximidad_no_asociacion_directa,76.6227,contextual_50_100km,71.56493097,424.39348297,296.383118919689,4.0685218158272,1,1,1
-74.21,5.82,BER1,contextual_por_proximidad_no_asociacion_directa,78.0083,contextual_50_100km,70.69242588,311.00541788,223.817027321575,9.62484736620472,1,1,1
-74.16,5.82,BER1,contextual_por_proximidad_no_asociacion_directa,79.7538,contextual_50_100km,69.70313566,259.31931966,190.524329554804,3.6648020288629,1,1,1
-74.11,5.82,BER1,contextual_por_proximidad_no_asociacion_directa,81.8361,contextual_50_100km,68.61606709,257.34348309,188.870948507724,3.01108690635671,1,1,1
-74.06,5.82,TUNA,contextual_por_proximidad_no_asociacion_directa,83.4459,contextual_50_100km,67.5236735,224.8849855,167.792443747442,21.8447683948214,1,1,1
-74.01,5.82,TUNA,contextual_por_proximidad_no_asociacion_directa,78.368,contextual_50_100km,66.04130658,525.27513858,358.659682757878,24.9143501475722,1,1,1
-73.96,5.82,TUNA,contextual_por_proximidad_no_asociacion_directa,73.3559,contextual_50_100km,64.71967131,652.19531931,439.05221865988,22.1785835866878,1,1,1
-73.91,5.82,TUNA,contextual_por_proximidad_no_asociacion_directa,68.424,contextual_50_100km,63.40744281,743.57418681,496.801662248681,14.4826463351197,1,1,1
-73.86,5.82,TUNA,contextual_por_proximidad_no_asociacion_directa,63.591,contextual_50_100km,62.13907406,761.63652206,507.850589875171,5.23909544408709,1,1,1
-73.81,5.82,TUNA,contextual_por_proximidad_no_asociacion_directa,58.8814,contextual_50_100km,60.95559292,656.50421692,440.432145270023,9.82499236253215,1,1,1
-73.76,5.82,TUNA,contextual_por_proximidad_no_asociacion_directa,54.327,contextual_50_100km,59.5853145,720.7176105,480.851008387885,17.9245715549914,1,1,1
-73.71,5.82,TUNA,contextual_por_proximidad_no_asociacion_directa,49.9705,local_0_50km,58.28607835,675.91811835,451.833922665247,14.9888861596224,1,1,1
-73.66,5.82,TUNA,contextual_por_proximidad_no_asociacion_directa,45.8682,local_0_50km,56.90507505,695.63301105,463.894975244826,16.8349267015098,1,1,1
-73.61,5.82,TUNA,contextual_por_proximidad_no_asociacion_directa,42.0946,local_0_50km,55.52331633,688.17800433,458.643414598113,7.33436234377893,1,1,1
-73.56,5.82,TUNA,contextual_por_proximidad_no_asociacion_directa,38.7458,local_0_50km,54.11508803,686.00444803,456.747528331739,11.1992649728627,1,1,1
-73.51,5.82,TUNA,contextual_por_proximidad_no_asociacion_directa,35.9406,local_0_50km,52.58596477,822.60468477,543.232802551255,13.5666854488067,1,1,1
-73.46,5.82,TUNA,contextual_por_proximidad_no_asociacion_directa,33.8148,local_0_50km,51.13725063,829.69801863,547.22698055208,5.56345826518043,1,1,1
-73.41,5.82,TUNA,contextual_por_proximidad_no_asociacion_directa,32.5018,local_0_50km,49.73655077,738.60581477,488.675913213423,16.3544383951042,1,1,1
-73.36,5.82,TUNA,contextual_por_proximidad_no_asociacion_directa,32.1016,local_0_50km,48.09619734,1001.21346934,655.411270850806,23.209587718533,1,1,1
-73.31,5.82,TUNA,contextual_por_proximidad_no_asociacion_directa,32.6477,local_0_50km,46.65272786,934.58133586,612.430354267202,14.0631424335946,1,1,1
-73.26,5.82,TUNA,contextual_por_proximidad_no_asociacion_directa,34.0947,local_0_50km,45.12059493,1001.31152293,654.394165757374,3.94869208595927,1,1,1
-73.21,5.82,TUNA,contextual_por_proximidad_no_asociacion_directa,36.3352,local_0_50km,43.63209278,972.72794078,635.640998507505,2.89520458163642,1,1,1
-73.16,5.82,TUNA,contextual_por_proximidad_no_asociacion_directa,39.2334,local_0_50km,42.11160853,990.97020053,646.713101421464,3.60686402391742,1,1,1
-73.11,5.82,TUNA,contextual_por_proximidad_no_asociacion_directa,42.6554,local_0_50km,40.62063731,930.48725331,607.633139535279,15.5037596690501,1,1,1
-76.46,5.77,MEDE,contextual_por_proximidad_no_asociacion_directa,108.5079,regional_100_150km,67.83638865,118.13818865,99.8881017625139,10.2034844516785,1,0,1
-76.41,5.77,MEDE,contextual_por_proximidad_no_asociacion_directa,103.5712,regional_100_150km,68.82246623,205.87789823,156.152569466378,7.72837184631648,1,0,1
-76.36,5.77,MEDE,contextual_por_proximidad_no_asociacion_directa,98.6973,contextual_50_100km,69.84248449,229.17883649,171.369726908731,6.24399182740828,1,1,1
-76.31,5.77,MEDE,contextual_por_proximidad_no_asociacion_directa,93.8961,contextual_50_100km,70.81419346,268.63913746,196.865912316723,9.44099183210637,1,1,1
-76.26,5.77,MEDE,contextual_por_proximidad_no_asociacion_directa,89.1793,contextual_50_100km,71.70642173,349.86611773,248.946496153899,12.4964690192952,1,1,1
-76.21,5.77,MEDE,contextual_por_proximidad_no_asociacion_directa,84.5611,contextual_50_100km,72.5489424,441.8567344,307.867507528881,12.2797907003253,1,1,1
-76.16,5.77,MEDE,contextual_por_proximidad_no_asociacion_directa,80.0584,contextual_50_100km,73.40313292,488.93920492,338.177812308112,22.2323756121255,1,1,1
-76.11,5.77,MEDE,contextual_por_proximidad_no_asociacion_directa,75.6919,contextual_50_100km,73.9118263,799.0107303,535.936287635504,30.0167526469688,1,1,1
-76.06,5.77,MEDE,contextual_por_proximidad_no_asociacion_directa,71.4866,contextual_50_100km,74.50930201,990.75504601,658.330273173056,19.4880572284529,1,1,1
-76.01,5.77,MEDE,contextual_por_proximidad_no_asociacion_directa,67.4726,contextual_50_100km,75.75992835,602.14512035,411.1663583517,26.9397017788028,1,1,1
-75.96,5.77,MEDE,contextual_por_proximidad_no_asociacion_directa,63.6861,contextual_50_100km,76.57681402,546.85852602,376.234768906025,13.8317800349749,1,1,1
-75.91,5.77,MEDE,contextual_por_proximidad_no_asociacion_directa,60.17,contextual_50_100km,77.43979898,423.30633498,297.821872525896,7.34405749191453,1,1,1
-75.86,5.77,MEDE,contextual_por_proximidad_no_asociacion_directa,56.9745,contextual_50_100km,77.8609519,613.8744639,419.402433736734,17.3447455840277,1,1,1
-75.81,5.77,MEDE,contextual_por_proximidad_no_asociacion_directa,54.1563,contextual_50_100km,78.33837038,721.05341838,487.868811270616,7.04682740331039,1,1,1
-75.76,5.77,MEDE,contextual_por_proximidad_no_asociacion_directa,51.7771,contextual_50_100km,78.97505931,668.73434731,454.762715107933,17.3905835032461,1,1,1
-75.71,5.77,MEDE,contextual_por_proximidad_no_asociacion_directa,49.8997,local_0_50km,79.52679605,645.93123605,440.433018422441,26.2406604729729,1,1,1
-75.66,5.77,MEDE,contextual_por_proximidad_no_asociacion_directa,48.5824,local_0_50km,80.44029747,320.09905747,233.148030004836,19.7143831162691,1,1,1
-75.61,5.77,MEDE,contextual_por_proximidad_no_asociacion_directa,47.8713,local_0_50km,80.89073292,303.79868492,222.925048352092,2.19962290650729,1,1,1
-75.56,5.77,MEDE,contextual_por_proximidad_no_asociacion_directa,47.7935,local_0_50km,81.19501754,356.65137754,256.712558179447,20.6410376683671,1,1,1
-75.51,5.77,MEDE,contextual_por_proximidad_no_asociacion_directa,48.3521,local_0_50km,81.12213502,643.29258302,439.330507675241,23.5498394584337,1,1,1
-75.46,5.77,MEDE,contextual_por_proximidad_no_asociacion_directa,49.5256,local_0_50km,81.2224549,765.1911509,517.039233268413,11.9536877937565,1,1,1
-75.41,5.77,MEDE,contextual_por_proximidad_no_asociacion_directa,51.2717,contextual_50_100km,81.47904272,736.30355472,498.725491110831,15.5535960826664,1,1,1
-75.36,5.77,MEDE,contextual_por_proximidad_no_asociacion_directa,53.5346,contextual_50_100km,81.6591671,724.3989031,491.205338892757,4.96406242432167,1,1,1
-75.31,5.77,MEDE,contextual_por_proximidad_no_asociacion_directa,56.2517,contextual_50_100km,81.68242037,785.91996437,530.414269396265,7.751892019969,1,1,1
-75.26,5.77,MEDE,contextual_por_proximidad_no_asociacion_directa,59.3608,contextual_50_100km,81.66278764,839.38688364,564.475636154982,4.85025593323641,1,1,1
-75.21,5.77,MEDE,contextual_por_proximidad_no_asociacion_directa,62.8038,contextual_50_100km,81.82729373,724.19670973,491.13750199064,18.8702489423367,1,1,1
-75.16,5.77,MEDE,contextual_por_proximidad_no_asociacion_directa,66.5287,contextual_50_100km,82.0244847,548.3808047,379.181226145589,11.0624558784316,1,1,1
-75.11,5.77,MEDE,contextual_por_proximidad_no_asociacion_directa,70.4909,contextual_50_100km,81.81600407,619.66877207,424.529438116246,4.17603837494872,1,1,1
-75.06,5.77,MEDE,contextual_por_proximidad_no_asociacion_directa,74.6527,contextual_50_100km,81.70288362,585.38745962,402.644749102949,12.5020112918917,1,1,1
-75.01,5.77,MEDE,contextual_por_proximidad_no_asociacion_directa,78.9824,contextual_50_100km,81.68747716,443.62590116,312.310367999759,16.0076597119018,1,1,1
-74.96,5.77,MEDE,contextual_por_proximidad_no_asociacion_directa,83.454,contextual_50_100km,81.60733323,308.56411723,226.221516613234,10.3735695973079,1,1,1
-74.91,5.77,MEDE,contextual_por_proximidad_no_asociacion_directa,88.0459,contextual_50_100km,81.27867935,309.70439935,226.82885141063,2.46814307169355,1,1,1
-74.86,5.77,MEDE,contextual_por_proximidad_no_asociacion_directa,92.7401,contextual_50_100km,80.9584588,266.2418988,199.018879369039,6.24361438024964,1,1,1
-74.81,5.77,BER1,contextual_por_proximidad_no_asociacion_directa,91.7072,contextual_50_100km,80.60548862,207.11914462,161.218496642124,7.03885754665483,1,1,1
-74.76,5.77,BER1,contextual_por_proximidad_no_asociacion_directa,89.1753,contextual_50_100km,80.20170152,145.24223752,121.644763210757,4.45277676614541,1,1,1
-74.71,5.77,BER1,contextual_por_proximidad_no_asociacion_directa,86.9215,contextual_50_100km,79.67861395,130.40010995,111.997752398913,1.20532570949326,1,1,1
-74.66,5.77,BER1,contextual_por_proximidad_no_asociacion_directa,84.9682,contextual_50_100km,79.0889688,125.6258488,108.741719335994,0.102709483262006,1,1,1
-74.61,5.77,BER1,contextual_por_proximidad_no_asociacion_directa,83.3364,contextual_50_100km,78.43429983,130.62473183,111.689426956309,0.253380265542748,1,1,1
-74.56,5.77,BER1,contextual_por_proximidad_no_asociacion_directa,82.0453,contextual_50_100km,77.73695987,129.60644787,110.787585268474,0.365225071338809,1,1,1
-74.51,5.77,BER1,contextual_por_proximidad_no_asociacion_directa,81.1112,contextual_50_100km,76.98542227,131.78043827,111.900159572196,1.50643782950185,1,1,1
-74.46,5.77,BER1,contextual_por_proximidad_no_asociacion_directa,80.5464,contextual_50_100km,76.18184299,136.37118699,114.533782410029,0.756664828336482,1,1,1
-74.41,5.77,BER1,contextual_por_proximidad_no_asociacion_directa,80.3588,contextual_50_100km,75.32427183,145.84554383,120.259593796084,5.51417640823309,1,1,1
-74.36,5.77,BER1,contextual_por_proximidad_no_asociacion_directa,80.5511,contextual_50_100km,74.33214577,225.64489777,170.74684499287,9.57832345696436,1,1,1
-74.31,5.77,BER1,contextual_por_proximidad_no_asociacion_directa,81.1205,contextual_50_100km,73.3464862,266.1103902,196.173370117795,10.0421618927908,1,1,1
-74.26,5.77,BER1,contextual_por_proximidad_no_asociacion_directa,82.0591,contextual_50_100km,72.22512775,384.24441575,271.040134460433,1.83885032098299,1,1,1
-74.21,5.77,BER1,contextual_por_proximidad_no_asociacion_directa,83.3545,contextual_50_100km,71.31662588,290.12636988,210.739611556668,5.6819339547518,1,1,1
-74.16,5.77,BER1,contextual_por_proximidad_no_asociacion_directa,84.9905,contextual_50_100km,70.25660673,287.31350273,208.562698354649,1.72734965113881,1,1,1
-74.11,5.77,TUNA,contextual_por_proximidad_no_asociacion_directa,86.7219,contextual_50_100km,69.16246096,278.97342896,202.851532806233,13.8906764474627,1,1,1
-74.06,5.77,TUNA,contextual_por_proximidad_no_asociacion_directa,81.4722,contextual_50_100km,67.75941698,516.94523298,353.975315986446,17.7779754932181,1,1,1
-74.01,5.77,TUNA,contextual_por_proximidad_no_asociacion_directa,76.2625,contextual_50_100km,66.54710537,554.04869737,377.17736449945,13.869035572262,1,1,1
-73.96,5.77,TUNA,contextual_por_proximidad_no_asociacion_directa,71.1017,contextual_50_100km,65.45707103,440.62826303,304.511725417395,18.6012225076129,1,1,1
-73.91,5.77,TUNA,contextual_por_proximidad_no_asociacion_directa,66.0011,contextual_50_100km,64.03090507,621.73282507,419.3919844377,26.4061492204571,1,1,1
-73.86,5.77,TUNA,contextual_por_proximidad_no_asociacion_directa,60.976,contextual_50_100km,62.52484416,864.63796416,573.6218547247,13.3971855075588,1,1,1
-73.81,5.77,TUNA,contextual_por_proximidad_no_asociacion_directa,56.0466,contextual_50_100km,61.2595482,833.6976922,553.448014391084,22.9126357101764,1,1,1
-73.76,5.77,TUNA,contextual_por_proximidad_no_asociacion_directa,51.2404,contextual_50_100km,59.85878699,919.19869099,607.420028717795,10.1087454250451,1,1,1
-73.71,5.77,TUNA,contextual_por_proximidad_no_asociacion_directa,46.5958,local_0_50km,58.57494383,845.03587183,559.698562437235,15.5392909245473,1,1,1
-73.66,5.77,TUNA,contextual_por_proximidad_no_asociacion_directa,42.1661,local_0_50km,57.17930003,868.79730003,574.332707919027,21.2733903771661,1,1,1
-73.61,5.77,TUNA,contextual_por_proximidad_no_asociacion_directa,38.0264,local_0_50km,55.84207435,792.00120235,524.913979844721,10.8489754365324,1,1,1
-73.56,5.77,TUNA,contextual_por_proximidad_no_asociacion_directa,34.2821,local_0_50km,54.45473611,745.32372811,494.668301626853,6.17451923450763,1,1,1
-73.51,5.77,TUNA,contextual_por_proximidad_no_asociacion_directa,31.0764,local_0_50km,52.91369996,877.22133196,578.152791549559,5.40175306129969,1,1,1
-73.46,5.77,TUNA,contextual_por_proximidad_no_asociacion_directa,28.5909,local_0_50km,51.48297383,837.35138983,552.229050785849,7.67502384177292,1,1,1
-73.41,5.77,TUNA,contextual_por_proximidad_no_asociacion_directa,27.0251,local_0_50km,49.91508661,976.80135861,640.516076595875,23.3448236381833,1,1,1
-73.36,5.77,TUNA,contextual_por_proximidad_no_asociacion_directa,26.5424,local_0_50km,48.35871234,1090.58732034,712.454477129146,6.91708101477787,1,1,1
-73.31,5.77,TUNA,contextual_por_proximidad_no_asociacion_directa,27.2005,local_0_50km,46.86201979,1094.20104379,714.214081322356,10.3970593960941,1,1,1
-73.26,5.77,TUNA,contextual_por_proximidad_no_asociacion_directa,28.9215,local_0_50km,45.45629676,911.99275276,597.603096461929,15.1365672158963,1,1,1
-73.21,5.77,TUNA,contextual_por_proximidad_no_asociacion_directa,31.5319,local_0_50km,43.95928281,864.50199481,566.799411823039,8.33499367403682,1,1,1
-73.16,5.77,TUNA,contextual_por_proximidad_no_asociacion_directa,34.8323,local_0_50km,42.43130478,859.14737678,562.833143961167,7.79247264800269,1,1,1
-73.11,5.77,TUNA,contextual_por_proximidad_no_asociacion_directa,38.6464,local_0_50km,40.9150959,813.1433919,532.969849422885,5.41181528533227,1,1,1
-73.06,5.77,TUNA,contextual_por_proximidad_no_asociacion_directa,42.8371,local_0_50km,39.37442907,809.81284507,530.288692187654,2.18036449470391,1,1,1
-76.46,5.72,MEDE,contextual_por_proximidad_no_asociacion_directa,111.0705,regional_100_150km,68.04550458,104.11467258,91.0283526081633,6.77550007542222,1,0,1
-76.41,5.72,MEDE,contextual_por_proximidad_no_asociacion_directa,106.2525,regional_100_150km,69.0945913,162.2794473,128.470881431624,6.61863365936953,1,0,1
-76.36,5.72,MEDE,contextual_por_proximidad_no_asociacion_directa,101.507,regional_100_150km,70.1408989,192.1736829,147.898748183512,5.90368934442014,1,0,1
-76.31,5.72,MEDE,contextual_por_proximidad_no_asociacion_directa,96.8448,contextual_50_100km,71.13169841,243.56503441,181.00418441459,9.70988258660323,1,1,1
-76.26,5.72,MEDE,contextual_por_proximidad_no_asociacion_directa,92.2784,contextual_50_100km,72.05884758,320.53122358,230.382512179213,6.90549619729375,1,1,1
-76.21,5.72,MEDE,contextual_por_proximidad_no_asociacion_directa,87.8229,contextual_50_100km,72.98712664,362.26876664,257.313972478469,9.52687315361924,1,1,1
-76.16,5.72,MEDE,contextual_por_proximidad_no_asociacion_directa,83.4959,contextual_50_100km,73.78662747,482.43474747,334.172385160742,23.7243033552769,1,1,1
-76.11,5.72,MEDE,contextual_por_proximidad_no_asociacion_directa,79.3184,contextual_50_100km,74.43913678,690.52817678,467.003799711428,32.5047081494739,1,1,1
-76.06,5.72,MEDE,contextual_por_proximidad_no_asociacion_directa,75.3155,contextual_50_100km,74.91008651,1010.22731051,670.883179577065,2.45028712093563,1,1,1
-76.01,5.72,MEDE,contextual_por_proximidad_no_asociacion_directa,71.5164,contextual_50_100km,76.12276686,674.91786286,457.667932841579,28.4291424686759,1,1,1
-75.96,5.72,MEDE,contextual_por_proximidad_no_asociacion_directa,67.9552,contextual_50_100km,77.03097157,564.22396357,387.464594422687,12.0039600262839,1,1,1
-75.91,5.72,MEDE,contextual_por_proximidad_no_asociacion_directa,64.6714,contextual_50_100km,77.83623564,504.16096364,349.485319263777,8.29320195065772,1,1,1
-75.86,5.72,MEDE,contextual_por_proximidad_no_asociacion_directa,61.7092,contextual_50_100km,78.41429429,586.80193429,402.35289663083,13.3404315940556,1,1,1
-75.81,5.72,MEDE,contextual_por_proximidad_no_asociacion_directa,59.1169,contextual_50_100km,78.87550186,720.87459786,487.949746588524,10.3218417447709,1,1,1
-75.76,5.72,MEDE,contextual_por_proximidad_no_asociacion_directa,56.9451,contextual_50_100km,79.43364349,742.33113149,501.824096880974,11.1593854935574,1,1,1
-75.71,5.72,MEDE,contextual_por_proximidad_no_asociacion_directa,55.2435,contextual_50_100km,80.17835332,588.15864132,403.857395775502,25.7013195613385,1,1,1
-75.66,5.72,MEDE,contextual_por_proximidad_no_asociacion_directa,54.0564,contextual_50_100km,81.05494412,305.45652012,224.040979131629,15.4944021032599,1,1,1
-75.61,5.72,MEDE,contextual_por_proximidad_no_asociacion_directa,53.4181,contextual_50_100km,81.47964669,318.92883069,232.779463483207,0.763243743138295,1,1,1
-75.56,5.72,MEDE,contextual_por_proximidad_no_asociacion_directa,53.3485,contextual_50_100km,81.88330505,309.87698505,227.158186323161,12.5097654418191,1,1,1
-75.51,5.72,MEDE,contextual_por_proximidad_no_asociacion_directa,53.8495,contextual_50_100km,81.90408789,535.54608789,370.959414732916,20.6102977981398,1,1,1
-75.46,5.72,MEDE,contextual_por_proximidad_no_asociacion_directa,54.9057,contextual_50_100km,82.18350807,537.45491607,372.27707445423,20.6367578988471,1,1,1
-75.41,5.72,MEDE,contextual_por_proximidad_no_asociacion_directa,56.486,contextual_50_100km,82.43660283,519.83389883,361.140996064065,20.4520235478395,1,1,1
-75.36,5.72,MEDE,contextual_por_proximidad_no_asociacion_directa,58.5478,contextual_50_100km,82.16436012,833.19800812,560.714134154741,24.641417664441,1,1,1
-75.31,5.72,MEDE,contextual_por_proximidad_no_asociacion_directa,61.0424,contextual_50_100km,82.22525888,872.51282688,585.787167319107,9.28296424545657,1,1,1
-75.26,5.72,MEDE,contextual_por_proximidad_no_asociacion_directa,63.9192,contextual_50_100km,82.1792991,948.1108991,633.940691699472,10.0302871941801,1,1,1
-75.21,5.72,MEDE,contextual_por_proximidad_no_asociacion_directa,67.129,contextual_50_100km,82.47808705,743.40053505,503.610068269685,17.9146234716467,1,1,1
-75.16,5.72,MEDE,contextual_por_proximidad_no_asociacion_directa,70.6265,contextual_50_100km,82.5815575,637.3579495,436.078524963978,15.695554520157,1,1,1
-75.11,5.72,MEDE,contextual_por_proximidad_no_asociacion_directa,74.3711,contextual_50_100km,82.71301084,473.49936284,331.717460831648,15.1981475066277,1,1,1
-75.06,5.72,MEDE,contextual_por_proximidad_no_asociacion_directa,78.3273,contextual_50_100km,82.4663396,533.3309396,369.751939952041,16.1144117126682,1,1,1
-75.01,5.72,MEDE,contextual_por_proximidad_no_asociacion_directa,82.4647,contextual_50_100km,82.44369086,398.57353086,283.877892776928,17.1627654155682,1,1,1
-74.96,5.72,MEDE,contextual_por_proximidad_no_asociacion_directa,86.7573,contextual_50_100km,82.39265799,244.34593799,185.587376035689,7.78218103220584,1,1,1
-74.91,5.72,MEDE,contextual_por_proximidad_no_asociacion_directa,91.1834,contextual_50_100km,82.03388687,264.89790287,198.55267902921,1.17093945187716,1,1,1
-74.86,5.72,MEDE,contextual_por_proximidad_no_asociacion_directa,95.7243,contextual_50_100km,81.65289011,262.33201811,196.779497429722,4.55896653006996,1,1,1
-74.81,5.72,BER1,contextual_por_proximidad_no_asociacion_directa,96.617,contextual_50_100km,81.3104659,193.6408659,152.886070642056,6.7557464815446,1,1,1
-74.76,5.72,BER1,contextual_por_proximidad_no_asociacion_directa,94.2169,contextual_50_100km,80.87875151,148.69668751,124.091539691632,3.33747275201684,1,1,1
-74.71,5.72,BER1,contextual_por_proximidad_no_asociacion_directa,92.0865,contextual_50_100km,80.34645581,136.37587181,116.047738219252,1.37778214485201,1,1,1
-74.66,5.72,BER1,contextual_por_proximidad_no_asociacion_directa,90.2448,contextual_50_100km,79.75634846,127.04621246,109.888891511298,0.666767148471623,1,1,1
-74.61,5.72,BER1,contextual_por_proximidad_no_asociacion_directa,88.71,contextual_50_100km,79.10018019,127.37756419,109.861959326943,0.230581847780292,1,1,1
-74.56,5.72,BER1,contextual_por_proximidad_no_asociacion_directa,87.4981,contextual_50_100km,78.38687803,131.72530203,112.373492105871,1.81414339455741,1,1,1
-74.51,5.72,BER1,contextual_por_proximidad_no_asociacion_directa,86.6227,contextual_50_100km,77.59258234,158.89016634,129.394443090679,3.63871603129487,1,1,1
-74.46,5.72,BER1,contextual_por_proximidad_no_asociacion_directa,86.0941,contextual_50_100km,76.80197168,146.10118768,120.958613990099,2.92097984841477,1,1,1
-74.41,5.72,BER1,contextual_por_proximidad_no_asociacion_directa,85.9186,contextual_50_100km,75.8956498,184.8808258,145.339717301935,10.5684178880447,1,1,1
-74.36,5.72,BER1,contextual_por_proximidad_no_asociacion_directa,86.0985,contextual_50_100km,74.88034463,273.61874463,201.514106865944,12.5135281145869,1,1,1
-74.31,5.72,BER1,contextual_por_proximidad_no_asociacion_directa,86.6314,contextual_50_100km,73.87180591,323.09716591,232.675263024517,9.46658954942575,1,1,1
-74.26,5.72,BER1,contextual_por_proximidad_no_asociacion_directa,87.511,contextual_50_100km,72.78593983,401.35853183,282.148516426048,4.02383311281029,1,1,1
-74.21,5.72,BER1,contextual_por_proximidad_no_asociacion_directa,88.727,contextual_50_100km,71.84955255,320.74162455,230.440642485612,10.984077659825,1,1,1
-74.16,5.72,BER1,contextual_por_proximidad_no_asociacion_directa,90.2658,contextual_50_100km,70.81353035,286.08054635,207.979131569418,4.49059210278486,1,1,1
-74.11,5.72,TUNA,contextual_por_proximidad_no_asociacion_directa,85.1886,contextual_50_100km,69.64037352,334.62902152,238.488011651616,12.0577325672147,1,1,1
-74.06,5.72,TUNA,contextual_por_proximidad_no_asociacion_directa,79.8376,contextual_50_100km,68.44834692,367.40768292,258.941706397785,12.3242392215055,1,1,1
-74.01,5.72,TUNA,contextual_por_proximidad_no_asociacion_directa,74.5133,contextual_50_100km,67.33309513,295.94397513,213.001248956689,15.4726882360903,1,1,1
-73.96,5.72,TUNA,contextual_por_proximidad_no_asociacion_directa,69.2217,contextual_50_100km,66.06233583,334.42089583,237.057242103878,15.4004599582988,1,1,1
-73.91,5.72,TUNA,contextual_por_proximidad_no_asociacion_directa,63.9709,contextual_50_100km,64.56538572,564.54676172,383.147615881782,30.3155479409655,1,1,1
-73.86,5.72,TUNA,contextual_por_proximidad_no_asociacion_directa,58.772,contextual_50_100km,62.98763325,860.41003325,571.095772407889,27.995232221486,1,1,1
-73.81,5.72,TUNA,contextual_por_proximidad_no_asociacion_directa,53.6399,contextual_50_100km,61.49806469,1051.61030469,692.385895059261,5.70803717071407,1,1,1
-73.76,5.72,TUNA,contextual_por_proximidad_no_asociacion_directa,48.5959,local_0_50km,60.3062996,896.0568196,592.836664331964,7.30666925385078,1,1,1
-73.71,5.72,TUNA,contextual_por_proximidad_no_asociacion_directa,43.6704,local_0_50km,58.90217248,941.09082048,621.022364139394,11.3549529770472,1,1,1
-73.66,5.72,TUNA,contextual_por_proximidad_no_asociacion_directa,38.9086,local_0_50km,57.41257313,1061.70806913,697.337806779329,10.8361445093054,1,1,1
-73.61,5.72,TUNA,contextual_por_proximidad_no_asociacion_directa,34.3786,local_0_50km,56.1917451,829.0372411,548.639771176413,17.8817316994375,1,1,1
-73.56,5.72,TUNA,contextual_por_proximidad_no_asociacion_directa,30.1847,local_0_50km,54.81277461,752.91535061,499.635494454199,2.46435474365963,1,1,1
-73.51,5.72,TUNA,contextual_por_proximidad_no_asociacion_directa,26.4872,local_0_50km,53.3199258,797.0829578,527.236949154184,11.7063783451353,1,1,1
-73.46,5.72,TUNA,contextual_por_proximidad_no_asociacion_directa,23.5215,local_0_50km,51.75717019,919.98475419,604.981536688595,16.2291264990669,1,1,1
-73.41,5.72,TUNA,contextual_por_proximidad_no_asociacion_directa,21.591,local_0_50km,50.17791074,1057.06564674,691.754889114146,2.72568682073259,1,1,1
-73.36,5.72,TUNA,contextual_por_proximidad_no_asociacion_directa,20.9836,local_0_50km,48.73501615,968.64692815,634.892026281011,8.20681044466874,1,1,1
-73.31,5.72,TUNA,contextual_por_proximidad_no_asociacion_directa,21.8101,local_0_50km,47.23677936,942.12740336,617.450520170995,10.964129997832,1,1,1
-73.26,5.72,TUNA,contextual_por_proximidad_no_asociacion_directa,23.9222,local_0_50km,45.7476624,876.1532304,574.872286818413,6.89296970867841,1,1,1
-73.21,5.72,TUNA,contextual_por_proximidad_no_asociacion_directa,27.0203,local_0_50km,44.23049207,837.97438007,549.994726808863,0.727453693122043,1,1,1
-73.16,5.72,TUNA,contextual_por_proximidad_no_asociacion_directa,30.8082,local_0_50km,42.67183768,865.85616568,567.195173222138,1.2685923063466,1,1,1
-73.11,5.72,TUNA,contextual_por_proximidad_no_asociacion_directa,35.0631,local_0_50km,41.12879403,851.11738603,557.243962377714,4.10426027373897,1,1,1
-73.06,5.72,TUNA,contextual_por_proximidad_no_asociacion_directa,39.6349,local_0_50km,39.56199827,883.92863027,577.582447849211,8.00846895102798,1,1,1
-73.01,5.72,TUNA,contextual_por_proximidad_no_asociacion_directa,44.4259,local_0_50km,37.98805305,938.31003705,611.66259233204,3.68847009994174,1,1,1
-76.46,5.67,MEDE,contextual_por_proximidad_no_asociacion_directa,113.8472,regional_100_150km,68.19649895,121.36210695,102.072996710883,1.44633476621162,1,0,1
-76.41,5.67,MEDE,contextual_por_proximidad_no_asociacion_directa,109.1513,regional_100_150km,69.32441279,133.05648479,109.933736667278,3.59917397279672,1,0,1
-76.36,5.67,MEDE,contextual_por_proximidad_no_asociacion_directa,104.5371,regional_100_150km,70.39781223,167.84134823,132.487682980966,3.75341531625132,1,0,1
-76.31,5.67,MEDE,contextual_por_proximidad_no_asociacion_directa,100.0158,regional_100_150km,71.48343298,160.02694498,127.902313509095,11.4577978199979,1,0,1
-76.26,5.67,MEDE,contextual_por_proximidad_no_asociacion_directa,95.6006,contextual_50_100km,72.32212185,345.42077785,246.337361334971,14.7526132098798,1,1,1
-76.21,5.67,MEDE,contextual_por_proximidad_no_asociacion_directa,91.3069,contextual_50_100km,73.24848407,413.11583607,289.807948395606,22.6674013856795,1,1,1
-76.16,5.67,MEDE,contextual_por_proximidad_no_asociacion_directa,87.1527,contextual_50_100km,73.83815416,736.90845816,496.338723865962,34.3220811219204,1,1,1
-76.11,5.67,MEDE,contextual_por_proximidad_no_asociacion_directa,83.1588,contextual_50_100km,74.4493618,996.6449138,662.061480379064,17.2924533592738,1,1,1
-76.06,5.67,MEDE,contextual_por_proximidad_no_asociacion_directa,79.3495,contextual_50_100km,75.27868855,1030.37100055,683.852234232095,20.6463306950685,1,1,1
-76.01,5.67,MEDE,contextual_por_proximidad_no_asociacion_directa,75.7526,contextual_50_100km,76.36877862,815.91016262,547.595817708054,30.6966987105801,1,1,1
-75.96,5.67,MEDE,contextual_por_proximidad_no_asociacion_directa,72.3998,contextual_50_100km,77.34440898,667.52339298,453.399490114332,17.8887069225313,1,1,1
-75.91,5.67,MEDE,contextual_por_proximidad_no_asociacion_directa,69.3266,contextual_50_100km,78.22350633,565.35477833,388.617801927334,9.59240333027564,1,1,1
-75.86,5.67,MEDE,contextual_por_proximidad_no_asociacion_directa,66.5716,contextual_50_100km,78.96974724,533.16722724,368.379019381091,14.1327132857491,1,1,1
-75.81,5.67,MEDE,contextual_por_proximidad_no_asociacion_directa,64.1758,contextual_50_100km,79.2633792,808.6456512,544.017152056986,16.0083272778383,1,1,1
-75.76,5.67,MEDE,contextual_por_proximidad_no_asociacion_directa,62.1808,contextual_50_100km,79.86412503,810.43142103,545.37298118976,17.8492939176915,1,1,1
-75.71,5.67,MEDE,contextual_por_proximidad_no_asociacion_directa,60.6261,contextual_50_100km,80.76950029,550.80433229,380.270146154614,27.6738930268324,1,1,1
-75.66,5.67,MEDE,contextual_por_proximidad_no_asociacion_directa,59.5463,contextual_50_100km,81.57561511,333.83759911,242.313973187873,15.7195971332628,1,1,1
-75.61,5.67,MEDE,contextual_por_proximidad_no_asociacion_directa,58.9675,contextual_50_100km,82.05902378,315.48406378,230.794703524205,7.09490367808384,1,1,1
-75.56,5.67,MEDE,contextual_por_proximidad_no_asociacion_directa,58.9043,contextual_50_100km,82.39261506,365.78616706,262.967640737814,6.67151188197835,1,1,1
-75.51,5.67,MEDE,contextual_por_proximidad_no_asociacion_directa,59.3586,contextual_50_100km,82.74257107,365.65470707,263.010844156063,2.89394620237082,1,1,1
-75.46,5.67,MEDE,contextual_por_proximidad_no_asociacion_directa,60.3185,contextual_50_100km,82.9808603,405.1716043,288.27699869257,13.7172126486961,1,1,1
-75.41,5.67,MEDE,contextual_por_proximidad_no_asociacion_directa,61.7605,contextual_50_100km,83.02810826,538.53405226,373.27111821457,14.7694344896902,1,1,1
-75.36,5.67,MEDE,contextual_por_proximidad_no_asociacion_directa,63.6518,contextual_50_100km,83.29369544,480.67174344,336.498296303324,23.4055612550778,1,1,1
-75.31,5.67,MEDE,contextual_por_proximidad_no_asociacion_directa,65.9539,contextual_50_100km,82.81678211,898.54533411,602.589385205522,27.3903241361742,1,1,1
-75.26,5.67,MEDE,contextual_por_proximidad_no_asociacion_directa,68.6253,contextual_50_100km,82.80177621,956.02868021,639.21165039217,11.260687479119,1,1,1
-75.21,5.67,MEDE,contextual_por_proximidad_no_asociacion_directa,71.6248,contextual_50_100km,83.1702839,708.7395159,481.775613253614,22.5972924659732,1,1,1
-75.16,5.67,MEDE,contextual_por_proximidad_no_asociacion_directa,74.913,contextual_50_100km,83.30472357,585.28582757,403.161156805212,19.9175264757657,1,1,1
-75.11,5.67,MEDE,contextual_por_proximidad_no_asociacion_directa,78.4535,contextual_50_100km,83.5087751,375.5431271,269.589616527203,16.7863599498734,1,1,1
-75.06,5.67,MEDE,contextual_por_proximidad_no_asociacion_directa,82.2139,contextual_50_100km,83.43933527,314.09931927,230.413153974401,6.52763141307707,1,1,1
-75.01,5.67,MEDE,contextual_por_proximidad_no_asociacion_directa,86.1652,contextual_50_100km,83.1401773,370.7060013,266.373725439662,4.15677622455346,1,1,1
-74.96,5.67,MEDE,contextual_por_proximidad_no_asociacion_directa,90.2824,contextual_50_100km,82.93259231,325.33172031,237.386454982499,5.85960363954513,1,1,1
-74.91,5.67,MEDE,contextual_por_proximidad_no_asociacion_directa,94.544,contextual_50_100km,82.6109598,319.1960638,233.360195018268,5.8371476625981,1,1,1
-74.86,5.67,MEDE,contextual_por_proximidad_no_asociacion_directa,98.9311,contextual_50_100km,82.34977509,231.83561509,177.600387554428,8.12449052292139,1,1,1
-74.81,5.67,BER1,contextual_por_proximidad_no_asociacion_directa,101.5939,regional_100_150km,81.9813746,179.2274066,143.945398133837,5.45349224882731,1,0,1
-74.76,5.67,BER1,contextual_por_proximidad_no_asociacion_directa,99.3139,contextual_50_100km,81.53581471,141.05858271,119.463019772219,2.41073819890859,1,1,1
-74.71,5.67,BER1,contextual_por_proximidad_no_asociacion_directa,97.2949,contextual_50_100km,80.98436165,138.33458565,117.527247323801,0.757574408763805,1,1,1
-74.66,5.67,BER1,contextual_por_proximidad_no_asociacion_directa,95.5535,contextual_50_100km,80.38472801,131.20497601,112.766790067477,0.691984312283907,1,1,1
-74.61,5.67,BER1,contextual_por_proximidad_no_asociacion_directa,94.1052,contextual_50_100km,79.72464334,128.98954734,111.115658562587,0.33147790887394,1,1,1
-74.56,5.67,BER1,contextual_por_proximidad_no_asociacion_directa,92.9636,contextual_50_100km,78.99924127,136.07789727,115.369087020249,3.84371368318662,1,1,1
-74.51,5.67,BER1,contextual_por_proximidad_no_asociacion_directa,92.14,contextual_50_100km,78.1555069,193.0164269,151.343529111519,2.64447595664272,1,1,1
-74.46,5.67,BER1,contextual_por_proximidad_no_asociacion_directa,91.6432,contextual_50_100km,77.3562671,179.9349071,142.718165496317,9.39070558508513,1,1,1
-74.41,5.67,BER1,contextual_por_proximidad_no_asociacion_directa,91.4783,contextual_50_100km,76.36173698,278.56880098,205.20569096677,16.1328842779218,1,1,1
-74.36,5.67,BER1,contextual_por_proximidad_no_asociacion_directa,91.6473,contextual_50_100km,75.30225008,394.09839408,278.435389428168,9.69293686681038,1,1,1
-74.31,5.67,BER1,contextual_por_proximidad_no_asociacion_directa,92.1482,contextual_50_100km,74.37550277,370.63150277,263.146328463333,5.00671011574621,1,1,1
-74.26,5.67,BER1,contextual_por_proximidad_no_asociacion_directa,92.9758,contextual_50_100km,73.4435869,313.5714189,226.450206575517,4.92355189050085,1,1,1
-74.21,5.67,BER1,contextual_por_proximidad_no_asociacion_directa,94.1213,contextual_50_100km,72.24312237,441.05715437,307.247069456059,10.3873229194173,1,1,1
-74.16,5.67,TUNA,contextual_por_proximidad_no_asociacion_directa,89.4408,contextual_50_100km,71.2471434,363.9110394,257.729122831802,5.39773572527166,1,1,1
-74.11,5.67,TUNA,contextual_por_proximidad_no_asociacion_directa,83.9959,contextual_50_100km,69.99321916,472.51871516,326.477713119746,4.24895466921423,1,1,1
-74.06,5.67,TUNA,contextual_por_proximidad_no_asociacion_directa,78.5633,contextual_50_100km,69.01397619,305.41392019,219.645229642209,11.020948887591,1,1,1
-74.01,5.67,TUNA,contextual_por_proximidad_no_asociacion_directa,73.1458,contextual_50_100km,67.82638531,286.10533731,206.911156590634,9.33004960248123,1,1,1
-73.96,5.67,TUNA,contextual_por_proximidad_no_asociacion_directa,67.7469,contextual_50_100km,66.40681831,450.82366631,311.352695549241,24.3257918540143,1,1,1
-73.91,5.67,TUNA,contextual_por_proximidad_no_asociacion_directa,62.3717,contextual_50_100km,65.00272299,577.29106699,391.426807869126,29.6157917936088,1,1,1
-73.86,5.67,TUNA,contextual_por_proximidad_no_asociacion_directa,57.0266,contextual_50_100km,63.39548115,885.77744915,587.407562372552,20.3610482110789,1,1,1
-73.81,5.67,TUNA,contextual_por_proximidad_no_asociacion_directa,51.7212,contextual_50_100km,62.03251063,926.56923863,612.905107258499,11.2897918888281,1,1,1
-73.76,5.67,TUNA,contextual_por_proximidad_no_asociacion_directa,46.4689,local_0_50km,60.74242249,859.05359049,569.416874124968,2.89980872757795,1,1,1
-73.71,5.67,TUNA,contextual_por_proximidad_no_asociacion_directa,41.29,local_0_50km,59.2773764,954.2297204,629.530444466348,9.12724390096148,1,1,1
-73.66,5.67,TUNA,contextual_por_proximidad_no_asociacion_directa,36.2161,local_0_50km,57.81957334,1018.79997334,670.14493918275,15.1342770444511,1,1,1
-73.61,5.67,TUNA,contextual_por_proximidad_no_asociacion_directa,31.2983,local_0_50km,56.58257693,787.61894493,522.390320230441,18.7198320840238,1,1,1
-73.56,5.67,TUNA,contextual_por_proximidad_no_asociacion_directa,26.6231,local_0_50km,55.18219823,718.35125423,477.745691544526,3.01044384351935,1,1,1
-73.51,5.67,TUNA,contextual_por_proximidad_no_asociacion_directa,22.3434,local_0_50km,53.67595633,758.34554033,502.683096143734,13.6803124142422,1,1,1
-73.46,5.67,TUNA,contextual_por_proximidad_no_asociacion_directa,18.7324,local_0_50km,52.04811824,949.87661424,624.133836405787,12.9398029064176,1,1,1
-73.41,5.67,TUNA,contextual_por_proximidad_no_asociacion_directa,16.2421,local_0_50km,50.52446159,982.27426959,644.224439297674,3.55147870662651,1,1,1
-73.36,5.67,TUNA,contextual_por_proximidad_no_asociacion_directa,15.4254,local_0_50km,48.99314585,1008.19600985,660.18588673859,4.05572964570202,1,1,1
-73.31,5.67,TUNA,contextual_por_proximidad_no_asociacion_directa,16.5322,local_0_50km,47.51428233,927.95008233,608.517579937375,9.45857654350519,1,1,1
-73.26,5.67,TUNA,contextual_por_proximidad_no_asociacion_directa,19.2332,local_0_50km,46.01463643,855.80572443,562.003957560585,3.9910094475361,1,1,1
-73.21,5.67,TUNA,contextual_por_proximidad_no_asociacion_directa,22.9729,local_0_50km,44.46133939,860.43677139,564.391251506934,3.52273928988527,1,1,1
-73.16,5.67,TUNA,contextual_por_proximidad_no_asociacion_directa,27.328,local_0_50km,42.89561105,877.79439505,574.883259658095,1.34767217881962,1,1,1
-73.11,5.67,TUNA,contextual_por_proximidad_no_asociacion_directa,32.0488,local_0_50km,41.33197385,882.47682185,577.299540699796,7.34596763581586,1,1,1
-73.06,5.67,TUNA,contextual_por_proximidad_no_asociacion_directa,36.9954,local_0_50km,39.75254739,919.60817939,600.386168797059,5.71477699155495,1,1,1
-73.01,5.67,TUNA,contextual_por_proximidad_no_asociacion_directa,42.0883,local_0_50km,38.21579344,845.04432144,552.317406313652,8.41249742889114,1,1,1
-76.46,5.62,MEDE,contextual_por_proximidad_no_asociacion_directa,116.8225,regional_100_150km,68.35045877,108.55486677,93.9682329067994,2.0058104187238,1,0,1
-76.41,5.62,MEDE,contextual_por_proximidad_no_asociacion_directa,112.2508,regional_100_150km,69.50903778,121.62540578,102.716972199886,1.55860316716994,1,0,1
-76.36,5.62,MEDE,contextual_por_proximidad_no_asociacion_directa,107.769,regional_100_150km,70.63812839,132.97532839,110.358656296306,2.16468604579169,1,0,1
-76.31,5.62,MEDE,contextual_por_proximidad_no_asociacion_directa,103.3887,regional_100_150km,71.72169748,155.71027348,125.23822656406,9.15332387907053,1,0,1
-76.26,5.62,MEDE,contextual_por_proximidad_no_asociacion_directa,99.1235,contextual_50_100km,72.64658465,288.91346465,210.449287406133,10.6603291672983,1,1,1
-76.21,5.62,MEDE,contextual_por_proximidad_no_asociacion_directa,94.9888,contextual_50_100km,73.62792597,333.88882197,239.463096341593,18.7989064577332,1,1,1
-76.16,5.62,MEDE,contextual_por_proximidad_no_asociacion_directa,91.0024,contextual_50_100km,74.3129571,598.3651331,408.232816849365,23.0112320663788,1,1,1
-76.11,5.62,MEDE,contextual_por_proximidad_no_asociacion_directa,87.1847,contextual_50_100km,75.21981268,631.21826068,429.495459799963,33.3748684027491,1,1,1
-76.06,5.62,MEDE,contextual_por_proximidad_no_asociacion_directa,83.5588,contextual_50_100km,76.04181295,698.52504495,472.680779535975,32.0377488116672,1,1,1
-76.01,5.62,MEDE,contextual_por_proximidad_no_asociacion_directa,80.1508,contextual_50_100km,76.44607246,1067.16316846,707.719309931718,13.6540016104405,1,1,1
-75.96,5.62,MEDE,contextual_por_proximidad_no_asociacion_directa,76.9895,contextual_50_100km,77.65166406,749.20229606,505.555798651434,30.1486753976952,1,1,1
-75.91,5.62,MEDE,contextual_por_proximidad_no_asociacion_directa,74.1065,contextual_50_100km,78.60685666,603.58483266,413.116625239657,9.84279533777768,1,1,1
-75.86,5.62,MEDE,contextual_por_proximidad_no_asociacion_directa,71.5356,contextual_50_100km,79.31924141,612.16034541,418.839302321601,9.85093223481161,1,1,1
-75.81,5.62,MEDE,contextual_por_proximidad_no_asociacion_directa,69.3114,contextual_50_100km,79.84603474,723.30172274,489.848402694849,17.6651742555517,1,1,1
-75.76,5.62,MEDE,contextual_por_proximidad_no_asociacion_directa,67.4683,contextual_50_100km,80.21019149,915.39288749,612.378745472718,5.71951489687885,1,1,1
-75.71,5.62,MEDE,contextual_por_proximidad_no_asociacion_directa,66.0381,contextual_50_100km,81.13461426,654.15543826,446.256718406259,32.7874031827483,1,1,1
-75.66,5.62,MEDE,contextual_por_proximidad_no_asociacion_directa,65.0481,contextual_50_100km,81.94607931,444.63748731,313.048762665063,29.5294929052602,1,1,1
-75.61,5.62,MEDE,contextual_por_proximidad_no_asociacion_directa,64.5186,contextual_50_100km,82.42651734,437.57574134,308.723410090954,17.5519095146323,1,1,1
-75.56,5.62,MEDE,contextual_por_proximidad_no_asociacion_directa,64.4609,contextual_50_100km,82.87646723,413.81910723,293.749210431594,4.4324914794178,1,1,1
-75.51,5.62,MEDE,contextual_por_proximidad_no_asociacion_directa,64.8763,contextual_50_100km,83.10844098,504.02649698,351.312457034874,17.3931786788204,1,1,1
-75.46,5.62,MEDE,contextual_por_proximidad_no_asociacion_directa,65.7557,contextual_50_100km,83.12949,700.934346,476.787450630235,21.0734929098649,1,1,1
-75.41,5.62,MEDE,contextual_por_proximidad_no_asociacion_directa,67.0811,contextual_50_100km,83.28293263,765.06674063,517.707526158924,17.6892273788315,1,1,1
-75.36,5.62,MEDE,contextual_por_proximidad_no_asociacion_directa,68.8265,contextual_50_100km,83.64815517,643.44855517,440.346361219694,22.0426943638849,1,1,1
-75.31,5.62,MEDE,contextual_por_proximidad_no_asociacion_directa,70.9611,contextual_50_100km,83.4694414,857.2283934,576.499510855634,15.1728339036375,1,1,1
-75.26,5.62,MEDE,contextual_por_proximidad_no_asociacion_directa,73.4509,contextual_50_100km,83.48115682,899.95034882,603.725686979756,14.0376177498196,1,1,1
-75.21,5.62,MEDE,contextual_por_proximidad_no_asociacion_directa,76.2611,contextual_50_100km,83.91610723,613.58480323,421.414747216468,21.3916903606807,1,1,1
-75.16,5.62,MEDE,contextual_por_proximidad_no_asociacion_directa,79.3576,contextual_50_100km,83.97782617,543.69307417,376.90295493963,18.4594009919379,1,1,1
-75.11,5.62,MEDE,contextual_por_proximidad_no_asociacion_directa,82.7084,contextual_50_100km,84.14092803,365.78163203,263.599059655795,7.40568089984166,1,1,1
-75.06,5.62,MEDE,contextual_por_proximidad_no_asociacion_directa,86.2838,contextual_50_100km,83.904862,418.958054,297.396800408089,10.580625949442,1,1,1
-75.01,5.62,MEDE,contextual_por_proximidad_no_asociacion_directa,90.0571,contextual_50_100km,83.61490283,469.45131083,329.465306942355,7.48390761017344,1,1,1
-74.96,5.62,MEDE,contextual_por_proximidad_no_asociacion_directa,94.0044,contextual_50_100km,83.54351242,331.48509642,241.528962623179,9.64186013877606,1,1,1
-74.91,5.62,MEDE,contextual_por_proximidad_no_asociacion_directa,98.1047,contextual_50_100km,83.25380562,302.49558962,222.952082084137,5.2970276475069,1,1,1
-74.86,5.62,MEDE,contextual_por_proximidad_no_asociacion_directa,102.3397,regional_100_150km,82.94340165,247.97033765,188.096617012257,7.84625702824342,1,0,1
-74.81,5.62,BER1,contextual_por_proximidad_no_asociacion_directa,106.6283,regional_100_150km,82.61236888,167.69956088,136.828923109339,5.54737598832508,1,0,1
-74.76,5.62,BER1,contextual_por_proximidad_no_asociacion_directa,104.458,regional_100_150km,82.1281208,153.5751928,127.653351596376,1.55826530912206,1,0,1
-74.71,5.62,BER1,contextual_por_proximidad_no_asociacion_directa,102.5402,regional_100_150km,81.58173716,143.59799316,121.097763338471,1.25287149335466,1,0,1
-74.66,5.62,BER1,contextual_por_proximidad_no_asociacion_directa,100.8893,regional_100_150km,80.98093714,132.92448914,114.078755244898,0.801181595836311,1,0,1
-74.61,5.62,BER1,contextual_por_proximidad_no_asociacion_directa,99.5185,contextual_50_100km,80.3136693,130.7512533,112.45190237429,1.13109470194123,1,1,1
-74.56,5.62,BER1,contextual_por_proximidad_no_asociacion_directa,98.4396,contextual_50_100km,79.55982213,152.64864613,126.131157918759,5.6066853978012,1,1,1
-74.51,5.62,BER1,contextual_por_proximidad_no_asociacion_directa,97.6622,contextual_50_100km,78.7545175,174.5192695,139.77468690537,7.59491229387924,1,1,1
-74.46,5.62,BER1,contextual_por_proximidad_no_asociacion_directa,97.1935,contextual_50_100km,77.78012057,285.34448057,210.037680321392,13.6065210204212,1,1,1
-74.41,5.62,BER1,contextual_por_proximidad_no_asociacion_directa,97.0381,contextual_50_100km,76.7994754,366.6736274,261.503862889856,8.48977911950635,1,1,1
-74.36,5.62,BER1,contextual_por_proximidad_no_asociacion_directa,97.1974,contextual_50_100km,75.8164071,415.0789031,291.990464323149,4.63315560399571,1,1,1
-74.31,5.62,BER1,contextual_por_proximidad_no_asociacion_directa,97.6699,contextual_50_100km,75.00449475,292.48108675,213.578011711048,3.78761605548334,1,1,1
-74.26,5.62,BER1,contextual_por_proximidad_no_asociacion_directa,98.4511,contextual_50_100km,73.91690279,350.44719079,250.118737672585,17.4491064885469,1,1,1
-74.21,5.62,TUNA,contextual_por_proximidad_no_asociacion_directa,94.1565,contextual_50_100km,72.68402269,494.30568669,341.336369455895,2.19282228768666,1,1,1
-74.16,5.62,TUNA,contextual_por_proximidad_no_asociacion_directa,88.6554,contextual_50_100km,71.72795989,374.53862389,264.675340101798,8.61762288186709,1,1,1
-74.11,5.62,TUNA,contextual_por_proximidad_no_asociacion_directa,83.1586,contextual_50_100km,70.58222508,377.41703308,266.093742340799,10.87944918001,1,1,1
-74.06,5.62,TUNA,contextual_por_proximidad_no_asociacion_directa,77.6669,contextual_50_100km,69.45381604,329.78877604,235.336179118017,2.61547559070523,1,1,1
-74.01,5.62,TUNA,contextual_por_proximidad_no_asociacion_directa,72.1817,contextual_50_100km,68.18812615,369.86314215,260.411884863307,20.3888380730539,1,1,1
-73.96,5.62,TUNA,contextual_por_proximidad_no_asociacion_directa,66.7044,contextual_50_100km,66.64176719,642.29186319,433.439212414288,32.8202850540587,1,1,1
-73.91,5.62,TUNA,contextual_por_proximidad_no_asociacion_directa,61.2372,contextual_50_100km,65.15453792,841.60448192,559.899275709015,26.538687669102,1,1,1
-73.86,5.62,TUNA,contextual_por_proximidad_no_asociacion_directa,55.7831,contextual_50_100km,63.76420031,923.58552031,611.632194629547,0.829986356246922,1,1,1
-73.81,5.62,TUNA,contextual_por_proximidad_no_asociacion_directa,50.3462,contextual_50_100km,62.49093977,856.50639577,568.428214432415,4.80392036639325,1,1,1
-73.76,5.62,TUNA,contextual_por_proximidad_no_asociacion_directa,44.933,local_0_50km,61.12613031,852.41356231,565.325140285822,4.22571455240968,1,1,1
-73.71,5.62,TUNA,contextual_por_proximidad_no_asociacion_directa,39.5531,local_0_50km,59.66063144,930.86311944,614.780571646599,6.983715804006,1,1,1
-73.66,5.62,TUNA,contextual_por_proximidad_no_asociacion_directa,34.2221,local_0_50km,58.30361857,858.76264257,568.346658691245,21.0681134717211,1,1,1
-73.61,5.62,TUNA,contextual_por_proximidad_no_asociacion_directa,28.9672,local_0_50km,56.98229658,708.38752058,472.050015024287,8.69854719266131,1,1,1
-73.56,5.62,TUNA,contextual_por_proximidad_no_asociacion_directa,23.8387,local_0_50km,55.50942741,710.27221941,472.716548545478,9.10533834515965,1,1,1
-73.51,5.62,TUNA,contextual_por_proximidad_no_asociacion_directa,18.9395,local_0_50km,53.90916672,856.73823872,565.462373446792,14.3474897021151,1,1,1
-73.46,5.62,TUNA,contextual_por_proximidad_no_asociacion_directa,14.504,local_0_50km,52.33801852,952.56125052,625.949634193475,10.2498334214073,1,1,1
-73.41,5.62,TUNA,contextual_por_proximidad_no_asociacion_directa,11.1024,local_0_50km,50.76910356,1032.21585556,676.135387277731,3.27102324751243,1,1,1
-73.36,5.62,TUNA,contextual_por_proximidad_no_asociacion_directa,9.8691,local_0_50km,49.25591288,1011.07570488,662.116129395547,9.84357644872404,1,1,1
-73.31,5.62,TUNA,contextual_por_proximidad_no_asociacion_directa,11.5227,local_0_50km,47.79157353,885.07274953,581.297254194713,8.04323889261151,1,1,1
-73.26,5.62,TUNA,contextual_por_proximidad_no_asociacion_directa,15.1454,local_0_50km,46.24305759,875.16734559,574.423827879946,3.3681448185257,1,1,1
-73.21,5.62,TUNA,contextual_por_proximidad_no_asociacion_directa,19.6782,local_0_50km,44.66986398,895.61584798,586.882598979817,1.20761503966749,1,1,1
-73.16,5.62,TUNA,contextual_por_proximidad_no_asociacion_directa,24.6236,local_0_50km,43.11062542,877.33048942,574.665674219215,6.17615666201749,1,1,1
-73.11,5.62,TUNA,contextual_por_proximidad_no_asociacion_directa,29.7766,local_0_50km,41.49531817,972.35635817,634.628983400594,11.934048834085,1,1,1
-73.06,5.62,TUNA,contextual_por_proximidad_no_asociacion_directa,35.0458,local_0_50km,39.92212009,975.12824809,635.82442409743,8.13267446348838,1,1,1
-73.01,5.62,TUNA,contextual_por_proximidad_no_asociacion_directa,40.3858,local_0_50km,38.40173467,833.31830267,544.913187260566,5.62831795075218,1,1,1
-72.96,5.62,TUNA,contextual_por_proximidad_no_asociacion_directa,45.7717,local_0_50km,36.79879884,911.95136684,594.435683389177,13.963753858168,1,1,1
-76.46,5.57,MEDE,contextual_por_proximidad_no_asociacion_directa,119.9819,regional_100_150km,68.474759,99.742111,88.3979465617172,2.99200124740047,1,0,1
-76.41,5.57,MEDE,contextual_por_proximidad_no_asociacion_directa,115.5348,regional_100_150km,69.65272323,124.48477123,104.591056885408,3.27431516702834,1,0,1
-76.36,5.57,MEDE,contextual_por_proximidad_no_asociacion_directa,111.1851,regional_100_150km,70.79181458,154.85445458,124.355536370483,4.27814565796166,1,0,1
-76.31,5.57,MEDE,contextual_por_proximidad_no_asociacion_directa,106.9444,regional_100_150km,71.89753381,183.41322981,142.954018781399,10.5497178275689,1,0,1
-76.26,5.57,MEDE,contextual_por_proximidad_no_asociacion_directa,102.8264,regional_100_150km,72.86874569,299.29473769,217.144714677201,7.53691442944857,1,0,1
-76.21,5.57,MEDE,contextual_por_proximidad_no_asociacion_directa,98.8464,contextual_50_100km,73.9136841,312.0541321,225.653966153158,11.5667029113378,1,1,1
-76.16,5.57,MEDE,contextual_por_proximidad_no_asociacion_directa,95.0216,contextual_50_100km,74.74867244,469.94183244,326.561088463836,19.0561404013343,1,1,1
-76.11,5.57,MEDE,contextual_por_proximidad_no_asociacion_directa,91.3717,contextual_50_100km,75.77885817,423.65746617,297.443000240397,17.0740385680428,1,1,1
-76.06,5.57,MEDE,contextual_por_proximidad_no_asociacion_directa,87.9183,contextual_50_100km,76.39304877,684.42145677,463.821572152355,37.6025405770454,1,1,1
-76.01,5.57,MEDE,contextual_por_proximidad_no_asociacion_directa,84.6856,contextual_50_100km,76.8243549,1047.7046429,695.457812501335,15.6353425079609,1,1,1
-75.96,5.57,MEDE,contextual_por_proximidad_no_asociacion_directa,81.6997,contextual_50_100km,77.82244045,912.91872845,609.935936275224,23.7221530227948,1,1,1
-75.91,5.57,MEDE,contextual_por_proximidad_no_asociacion_directa,78.9886,contextual_50_100km,78.9228812,668.5216972,454.608286134015,19.451787822758,1,1,1
-75.86,5.57,MEDE,contextual_por_proximidad_no_asociacion_directa,76.5815,contextual_50_100km,79.68323007,654.50627807,445.95369007256,10.274819144717,1,1,1
-75.81,5.57,MEDE,contextual_por_proximidad_no_asociacion_directa,74.5079,contextual_50_100km,80.22545912,766.61357912,517.583865898241,18.3210372384354,1,1,1
-75.76,5.57,MEDE,contextual_por_proximidad_no_asociacion_directa,72.7963,contextual_50_100km,80.70799094,882.10515894,591.348805342607,6.47004698600982,1,1,1
-75.71,5.57,MEDE,contextual_por_proximidad_no_asociacion_directa,71.4727,contextual_50_100km,81.30585323,872.59328523,585.504863205823,14.1234350183799,1,1,1
-75.66,5.57,MEDE,contextual_por_proximidad_no_asociacion_directa,70.559,contextual_50_100km,81.93871807,799.98919807,539.472006844216,23.4658028031212,1,1,1
-75.61,5.57,MEDE,contextual_por_proximidad_no_asociacion_directa,70.0711,contextual_50_100km,82.67254977,619.25388577,424.575842355979,23.3864482569552,1,1,1
-75.56,5.57,MEDE,contextual_por_proximidad_no_asociacion_directa,70.0179,contextual_50_100km,83.40789509,403.40140709,287.303983192012,9.30207634795452,1,1,1
-75.51,5.57,MEDE,contextual_por_proximidad_no_asociacion_directa,70.4006,contextual_50_100km,83.70192451,458.04606851,322.229593675668,18.2299390455777,1,1,1
-75.46,5.57,MEDE,contextual_por_proximidad_no_asociacion_directa,71.2119,contextual_50_100km,83.72147818,661.63052618,451.958300950199,22.0561853496926,1,1,1
-75.41,5.57,MEDE,contextual_por_proximidad_no_asociacion_directa,72.4376,contextual_50_100km,83.71647065,840.77399065,566.104584807172,15.0578677261953,1,1,1
-75.36,5.57,MEDE,contextual_por_proximidad_no_asociacion_directa,74.0571,contextual_50_100km,83.89518783,852.82763583,573.849865917046,17.3957787467262,1,1,1
-75.31,5.57,MEDE,contextual_por_proximidad_no_asociacion_directa,76.0451,contextual_50_100km,84.05532999,837.81700199,564.343368711334,6.54555057057472,1,1,1
-75.26,5.57,MEDE,contextual_por_proximidad_no_asociacion_directa,78.3738,contextual_50_100km,83.94798969,965.34662169,645.564792480878,13.5724136720979,1,1,1
-75.21,5.57,MEDE,contextual_por_proximidad_no_asociacion_directa,81.0136,contextual_50_100km,84.50412611,602.37195811,414.483394873017,34.7915036304904,1,1,1
-75.16,5.57,MEDE,contextual_por_proximidad_no_asociacion_directa,83.9353,contextual_50_100km,84.79659154,380.59586354,273.276395543723,16.9404202067101,1,1,1
-75.11,5.57,MEDE,contextual_por_proximidad_no_asociacion_directa,87.1104,contextual_50_100km,84.7546164,343.9786164,249.929088881667,12.9549289450255,1,1,1
-75.06,5.57,MEDE,contextual_por_proximidad_no_asociacion_directa,90.5124,contextual_50_100km,84.41718627,465.80975427,327.436027996955,13.5476045686922,1,1,1
-75.01,5.57,MEDE,contextual_por_proximidad_no_asociacion_directa,94.1166,contextual_50_100km,84.20143133,466.23588733,327.629276512624,9.00012918600727,1,1,1
-74.96,5.57,MEDE,contextual_por_proximidad_no_asociacion_directa,97.9007,contextual_50_100km,84.14743795,317.48606995,232.828059536712,10.8170828424849,1,1,1
-74.91,5.57,MEDE,contextual_por_proximidad_no_asociacion_directa,101.8446,regional_100_150km,83.86804184,280.70546584,209.290524611079,6.0800430676803,1,0,1
-74.86,5.57,MEDE,contextual_por_proximidad_no_asociacion_directa,105.9305,regional_100_150km,83.57269753,214.66597753,167.1037878993,7.14436436136543,1,0,1
-74.81,5.57,MEDE,contextual_por_proximidad_no_asociacion_directa,110.1426,regional_100_150km,83.19855909,162.10140709,133.474522332991,3.86041273951811,1,0,1
-74.76,5.57,BER1,contextual_por_proximidad_no_asociacion_directa,109.6428,regional_100_150km,82.70502771,151.46110771,126.515590172994,1.34642890892713,1,0,1
-74.71,5.57,BER1,contextual_por_proximidad_no_asociacion_directa,107.8171,regional_100_150km,82.15274272,142.02114272,120.300180412194,1.11306631160866,1,0,1
-74.66,5.57,BER1,contextual_por_proximidad_no_asociacion_directa,106.248,regional_100_150km,81.54279576,133.58509976,114.703537473462,0.532543363873318,1,0,1
-74.61,5.57,BER1,contextual_por_proximidad_no_asociacion_directa,104.9471,regional_100_150km,80.86560108,133.59916908,114.466808053413,5.17611713803794,1,0,1
-74.56,5.57,BER1,contextual_por_proximidad_no_asociacion_directa,103.9245,regional_100_150km,80.00995208,223.13863208,171.209857243092,5.57814562610947,1,0,1
-74.51,5.57,BER1,contextual_por_proximidad_no_asociacion_directa,103.1883,regional_100_150km,79.26199639,197.80142839,154.793923020545,7.96969388305445,1,0,1
-74.46,5.57,BER1,contextual_por_proximidad_no_asociacion_directa,102.7449,regional_100_150km,78.26428597,318.65134197,231.436080117999,11.5098022351109,1,0,1
-74.41,5.57,BER1,contextual_por_proximidad_no_asociacion_directa,102.5978,regional_100_150km,77.33974145,350.10510945,251.142613756066,3.86062110992696,1,0,1
-74.36,5.57,BER1,contextual_por_proximidad_no_asociacion_directa,102.7485,regional_100_150km,76.38902139,364.97939739,260.275401968518,3.1743085059364,1,0,1
-74.31,5.57,BER1,contextual_por_proximidad_no_asociacion_directa,103.1957,regional_100_150km,75.4053706,368.7605306,262.327815291753,12.48341317324,1,0,1
-74.26,5.57,TUNA,contextual_por_proximidad_no_asociacion_directa,99.2697,contextual_50_100km,74.16578335,540.84304735,371.527026523423,10.03851872463,1,1,1
-74.21,5.57,TUNA,contextual_por_proximidad_no_asociacion_directa,93.7415,contextual_50_100km,73.18538455,471.05719255,326.704603456147,5.55030966022341,1,1,1
-74.16,5.57,TUNA,contextual_por_proximidad_no_asociacion_directa,88.2141,contextual_50_100km,72.09341826,455.49805826,316.394328511455,11.4436493473543,1,1,1
-74.11,5.57,TUNA,contextual_por_proximidad_no_asociacion_directa,82.6874,contextual_50_100km,71.13592649,288.14344649,209.410556310367,6.1768700200942,1,1,1
-74.06,5.57,TUNA,contextual_por_proximidad_no_asociacion_directa,77.1617,contextual_50_100km,69.86839253,349.58343253,248.099513788789,9.86250680931861,1,1,1
-74.01,5.57,TUNA,contextual_por_proximidad_no_asociacion_directa,71.6373,contextual_50_100km,68.51749622,455.16860822,314.887020103012,26.4194959315988,1,1,1
-73.96,5.57,TUNA,contextual_por_proximidad_no_asociacion_directa,66.1145,contextual_50_100km,66.91020861,773.28326461,517.002780671471,28.2733993493783,1,1,1
-73.91,5.57,TUNA,contextual_por_proximidad_no_asociacion_directa,60.5936,contextual_50_100km,65.44202612,944.19904212,625.375622381779,8.11924991452966,1,1,1
-73.86,5.57,TUNA,contextual_por_proximidad_no_asociacion_directa,55.0752,contextual_50_100km,64.17590893,890.66842893,590.807185359047,3.68546787315711,1,1,1
-73.81,5.57,TUNA,contextual_por_proximidad_no_asociacion_directa,49.5603,local_0_50km,62.82920446,885.13710846,586.794092976128,2.50491057931161,1,1,1
-73.76,5.57,TUNA,contextual_por_proximidad_no_asociacion_directa,44.0502,local_0_50km,61.48116754,849.37399954,563.51717847142,3.15676153976065,1,1,1
-73.71,5.57,TUNA,contextual_por_proximidad_no_asociacion_directa,38.5467,local_0_50km,60.08682717,832.25340317,552.102253437532,7.84008601801675,1,1,1
-73.66,5.57,TUNA,contextual_por_proximidad_no_asociacion_directa,33.0533,local_0_50km,58.74062966,728.34090966,485.402022982286,3.70123413641347,1,1,1
-73.61,5.57,TUNA,contextual_por_proximidad_no_asociacion_directa,27.5761,local_0_50km,57.24275736,771.07158936,512.086061868086,4.94327612920826,1,1,1
-73.56,5.57,TUNA,contextual_por_proximidad_no_asociacion_directa,22.1269,local_0_50km,55.75539064,777.16343864,515.428082105407,11.2915179666128,1,1,1
-73.51,5.57,TUNA,contextual_por_proximidad_no_asociacion_directa,16.7333,local_0_50km,54.2193885,822.7074525,543.890910348506,7.72286881085559,1,1,1
-73.46,5.57,TUNA,contextual_por_proximidad_no_asociacion_directa,11.4739,local_0_50km,52.63879606,911.10227606,599.641590761786,9.30266321112173,1,1,1
-73.41,5.57,TUNA,contextual_por_proximidad_no_asociacion_directa,6.6739,local_0_50km,51.06146682,981.50281082,643.927706714195,1.68983863922056,1,1,1
-73.36,5.57,TUNA,contextual_por_proximidad_no_asociacion_directa,4.3214,local_0_50km,49.55721663,923.77164063,606.596326897815,7.42822536190745,1,1,1
-73.31,5.57,TUNA,contextual_por_proximidad_no_asociacion_directa,7.3519,local_0_50km,48.0140983,904.3420663,593.65616996658,3.51570422206512,1,1,1
-73.26,5.57,TUNA,contextual_por_proximidad_no_asociacion_directa,12.2748,local_0_50km,46.4437796,913.5480596,598.952390051175,4.39978191560452,1,1,1
-73.21,5.57,TUNA,contextual_por_proximidad_no_asociacion_directa,17.5651,local_0_50km,44.88805606,881.21874406,577.78809699228,3.44368511933337,1,1,1
-73.16,5.57,TUNA,contextual_por_proximidad_no_asociacion_directa,22.9704,local_0_50km,43.27299584,954.47004384,623.876997515199,15.6513215366161,1,1,1
-73.11,5.57,TUNA,contextual_por_proximidad_no_asociacion_directa,28.4251,local_0_50km,41.64241298,1066.44129298,694.632160857522,8.22110285438189,1,1,1
-73.06,5.57,TUNA,contextual_por_proximidad_no_asociacion_directa,33.9055,local_0_50km,40.12749073,909.78697873,594.26424955278,8.77845582135286,1,1,1
-73.01,5.57,TUNA,contextual_por_proximidad_no_asociacion_directa,39.4007,local_0_50km,38.53966757,918.04966757,598.953056347083,9.44069876572423,1,1,1
-72.96,5.57,TUNA,contextual_por_proximidad_no_asociacion_directa,44.9054,local_0_50km,36.9472642,946.9469442,616.788317121355,4.54092809896165,1,1,1
-72.91,5.57,TUNA,contextual_por_proximidad_no_asociacion_directa,50.4164,contextual_50_100km,35.36270034,968.24815634,629.786299546165,9.3044981339329,1,1,1
-76.46,5.52,PER2,contextual_por_proximidad_no_asociacion_directa,117.5785,regional_100_150km,68.5674458,97.7980378,87.1928339350756,2.12065442162873,1,0,1
-76.41,5.52,PER2,contextual_por_proximidad_no_asociacion_directa,113.624,regional_100_150km,69.78359454,114.82685054,98.4846254964572,4.69974616215681,1,0,1
-76.36,5.52,PER2,contextual_por_proximidad_no_asociacion_directa,109.8064,regional_100_150km,70.91953894,176.39901894,138.129818337897,9.0207265528006,1,0,1
-76.31,5.52,PER2,contextual_por_proximidad_no_asociacion_directa,106.1405,regional_100_150km,71.98580213,266.88521813,196.173409083002,5.9139410849358,1,0,1
-76.26,5.52,PER2,contextual_por_proximidad_no_asociacion_directa,102.6425,regional_100_150km,73.10483058,272.47277458,200.139730820543,6.30904099608689,1,0,1
-76.21,5.52,PER2,contextual_por_proximidad_no_asociacion_directa,99.3301,contextual_50_100km,74.24148473,229.25743673,173.015819274037,3.96060983602931,1,1,1
-76.16,5.52,PER2,contextual_por_proximidad_no_asociacion_directa,96.2226,contextual_50_100km,75.22290677,285.87326677,209.44682928903,16.2508778972576,1,1,1
-76.11,5.52,PER2,contextual_por_proximidad_no_asociacion_directa,93.3404,contextual_50_100km,76.05757104,426.61482704,299.428515992707,13.7127476649108,1,1,1
-76.06,5.52,PER2,contextual_por_proximidad_no_asociacion_directa,90.7049,contextual_50_100km,76.91326717,508.71873117,352.054611069104,31.3129317938543,1,1,1
-76.01,5.52,PER2,contextual_por_proximidad_no_asociacion_directa,88.3384,contextual_50_100km,77.30607485,921.15425885,614.996175484248,39.4483268345036,1,1,1
-75.96,5.52,PER2,contextual_por_proximidad_no_asociacion_directa,86.2628,contextual_50_100km,78.16916855,912.50012855,609.79500640885,6.97923088395645,1,1,1
-75.91,5.52,MEDE,contextual_por_proximidad_no_asociacion_directa,83.955,contextual_50_100km,79.09057368,822.48328568,552.771633502067,12.2490235707381,1,1,1
-75.86,5.52,MEDE,contextual_por_proximidad_no_asociacion_directa,81.6942,contextual_50_100km,79.92974021,760.72602821,513.72509765328,12.1344719366894,1,1,1
-75.81,5.52,MEDE,contextual_por_proximidad_no_asociacion_directa,79.7535,contextual_50_100km,80.39008735,945.13666335,631.396396646699,12.4413865519032,1,1,1
-75.76,5.52,MEDE,contextual_por_proximidad_no_asociacion_directa,78.1567,contextual_50_100km,81.03536217,950.29984217,634.920426558522,7.01151783741598,1,1,1
-75.71,5.52,MEDE,contextual_por_proximidad_no_asociacion_directa,76.9253,contextual_50_100km,81.72364279,885.78711479,594.063394623847,17.9486458307177,1,1,1
-75.66,5.52,MEDE,contextual_por_proximidad_no_asociacion_directa,76.0769,contextual_50_100km,82.43931141,764.87735141,517.280773845664,26.0381699709215,1,1,1
-75.61,5.52,MEDE,contextual_por_proximidad_no_asociacion_directa,75.6246,contextual_50_100km,83.27050644,527.24715444,366.167185094672,21.3260233520903,1,1,1
-75.56,5.52,MEDE,contextual_por_proximidad_no_asociacion_directa,75.5754,contextual_50_100km,83.89856679,397.17694279,283.515849509629,9.77716783254802,1,1,1
-75.51,5.52,MEDE,contextual_por_proximidad_no_asociacion_directa,75.93,contextual_50_100km,83.86217482,686.70610282,467.987208752722,17.6079237479394,1,1,1
-75.46,5.52,MEDE,contextual_por_proximidad_no_asociacion_directa,76.683,contextual_50_100km,84.1643907,700.8953187,477.138057087096,14.8091422791931,1,1,1
-75.41,5.52,MEDE,contextual_por_proximidad_no_asociacion_directa,77.8227,contextual_50_100km,84.07383001,943.22857401,631.517089971737,14.6576565393587,1,1,1
-75.36,5.52,MEDE,contextual_por_proximidad_no_asociacion_directa,79.3324,contextual_50_100km,84.27315037,945.99544637,633.352424154413,10.8944078942403,1,1,1
-75.31,5.52,MEDE,contextual_por_proximidad_no_asociacion_directa,81.1915,contextual_50_100km,84.52669776,871.97514576,586.27955245288,6.47783241529991,1,1,1
-75.26,5.52,MEDE,contextual_por_proximidad_no_asociacion_directa,83.3768,contextual_50_100km,84.59008296,886.81429896,595.757882584335,27.7876943035103,1,1,1
-75.21,5.52,MEDE,contextual_por_proximidad_no_asociacion_directa,85.8631,contextual_50_100km,85.25205606,460.23808806,324.188728681337,28.2508106488193,1,1,1
-75.16,5.52,MEDE,contextual_por_proximidad_no_asociacion_directa,88.6253,contextual_50_100km,85.30598592,402.01599392,287.109864037244,11.1445338022066,1,1,1
-75.11,5.52,MEDE,contextual_por_proximidad_no_asociacion_directa,91.6384,contextual_50_100km,84.95378478,574.15884878,396.669476157187,25.0069613139785,1,1,1
-75.06,5.52,MEDE,contextual_por_proximidad_no_asociacion_directa,94.8784,contextual_50_100km,84.73085514,620.17654314,425.910526227488,13.5712255681687,1,1,1
-75.01,5.52,MEDE,contextual_por_proximidad_no_asociacion_directa,98.323,contextual_50_100km,84.81540209,420.16485009,298.496111323783,18.2900988526551,1,1,1
-74.96,5.52,MEDE,contextual_por_proximidad_no_asociacion_directa,101.9514,regional_100_150km,84.7148843,303.4875963,224.114273623456,8.2329816126599,1,0,1
-74.91,5.52,MEDE,contextual_por_proximidad_no_asociacion_directa,105.7446,regional_100_150km,84.415267,279.573907,208.768048425483,5.27171756567787,1,0,1
-74.86,5.52,MEDE,contextual_por_proximidad_no_asociacion_directa,109.6857,regional_100_150km,84.120122,212.361938,165.834293172002,7.77299713242502,1,0,1
-74.81,5.52,MEDE,contextual_por_proximidad_no_asociacion_directa,113.7592,regional_100_150km,83.76335281,146.23633681,123.570400678082,4.10767291450339,1,0,1
-74.76,5.52,BER1,contextual_por_proximidad_no_asociacion_directa,114.8626,regional_100_150km,83.25619583,142.01363583,120.695742925844,0.611206259850798,1,0,1
-74.71,5.52,BER1,contextual_por_proximidad_no_asociacion_directa,113.121,regional_100_150km,82.6916974,137.5237454,117.630031055408,0.526514317110859,1,0,1
-74.66,5.52,BER1,contextual_por_proximidad_no_asociacion_directa,111.6264,regional_100_150km,82.06951855,133.56868655,114.884180416358,0.414196632311492,1,0,1
-74.61,5.52,BER1,contextual_por_proximidad_no_asociacion_directa,110.3888,regional_100_150km,81.37027368,144.46045768,121.570594101609,5.64595508214457,1,0,1
-74.56,5.52,BER1,contextual_por_proximidad_no_asociacion_directa,109.417,regional_100_150km,80.51821746,225.59724946,172.960863892239,12.9152433067683,1,0,1
-74.51,5.52,BER1,contextual_por_proximidad_no_asociacion_directa,108.7179,regional_100_150km,79.65907241,275.31147241,204.326471878305,12.6747301928796,1,0,1
-74.26,5.52,TUNA,contextual_por_proximidad_no_asociacion_directa,99.1887,contextual_50_100km,74.67819662,492.41150062,340.85292629867,2.75782017068545,1,1,1
-74.21,5.52,TUNA,contextual_por_proximidad_no_asociacion_directa,93.6553,contextual_50_100km,73.65083483,451.30317083,314.286444882577,3.73036375083167,1,1,1
-74.16,5.52,TUNA,contextual_por_proximidad_no_asociacion_directa,88.1219,contextual_50_100km,72.53118151,448.82567751,312.301591944815,6.91435382670577,1,1,1
-74.11,5.52,TUNA,contextual_por_proximidad_no_asociacion_directa,82.5886,contextual_50_100km,71.4519804,375.9414284,265.469061957394,16.5268048699213,1,1,1
-74.06,5.52,TUNA,contextual_por_proximidad_no_asociacion_directa,77.0554,contextual_50_100km,70.34811208,285.67684808,207.553040554771,11.4485033621885,1,1,1
-74.01,5.52,TUNA,contextual_por_proximidad_no_asociacion_directa,71.5223,contextual_50_100km,68.80625289,549.24707689,374.937474007093,24.2173982400638,1,1,1
-73.96,5.52,TUNA,contextual_por_proximidad_no_asociacion_directa,65.9893,contextual_50_100km,67.36772031,699.25708031,470.000160611739,23.4106608436039,1,1,1
-73.91,5.52,TUNA,contextual_por_proximidad_no_asociacion_directa,60.4565,contextual_50_100km,65.82957702,921.71316102,611.18849244804,11.6190761011176,1,1,1
-73.86,5.52,TUNA,contextual_por_proximidad_no_asociacion_directa,54.9239,contextual_50_100km,64.51593403,902.50071803,598.469945405734,5.14419873201118,1,1,1
-73.81,5.52,TUNA,contextual_por_proximidad_no_asociacion_directa,49.3916,local_0_50km,63.20362529,848.65234529,563.68227690945,3.21000420177195,1,1,1
-73.76,5.52,TUNA,contextual_por_proximidad_no_asociacion_directa,43.8597,local_0_50km,61.79942258,858.08617458,569.183940239398,1.2106022048997,1,1,1
-73.71,5.52,TUNA,contextual_por_proximidad_no_asociacion_directa,38.3284,local_0_50km,60.36535543,871.26740343,577.062567156935,1.49210532228606,1,1,1
-73.66,5.52,TUNA,contextual_por_proximidad_no_asociacion_directa,32.798,local_0_50km,58.94115145,844.89597545,559.742286563343,14.5563644699429,1,1,1
-73.61,5.52,TUNA,contextual_por_proximidad_no_asociacion_directa,27.269,local_0_50km,57.52366649,780.00564249,517.880652198546,7.95305861772899,1,1,1
-73.56,5.52,TUNA,contextual_por_proximidad_no_asociacion_directa,21.7425,local_0_50km,55.93387929,900.16472729,593.867808907435,14.3642701557175,1,1,1
-73.51,5.52,TUNA,contextual_por_proximidad_no_asociacion_directa,16.2211,local_0_50km,54.44031059,878.69856659,579.647940375276,5.63822672844387,1,1,1
-73.46,5.52,TUNA,contextual_por_proximidad_no_asociacion_directa,10.7125,local_0_50km,52.88689081,914.55981081,601.93470279013,7.24672640826405,1,1,1
-73.41,5.52,TUNA,contextual_por_proximidad_no_asociacion_directa,5.2574,local_0_50km,51.28431172,1004.61143172,658.733097899005,2.7418228230017,1,1,1
-73.36,5.52,TUNA,contextual_por_proximidad_no_asociacion_directa,1.331,local_0_50km,49.79394533,908.47961733,596.938318151056,3.61625690849204,1,1,1
-73.31,5.52,TUNA,contextual_por_proximidad_no_asociacion_directa,6.0952,local_0_50km,48.20551395,944.86132995,619.544014264085,2.36261788035401,1,1,1
-73.26,5.52,TUNA,contextual_por_proximidad_no_asociacion_directa,11.5663,local_0_50km,46.6295366,947.3712166,620.571501218439,3.8629884638635,1,1,1
-73.21,5.52,TUNA,contextual_por_proximidad_no_asociacion_directa,17.0779,local_0_50km,45.05115655,940.73179655,615.768286229511,14.0374154707046,1,1,1
-73.16,5.52,TUNA,contextual_por_proximidad_no_asociacion_directa,22.6004,local_0_50km,43.39714163,1078.20700563,702.765770325742,12.543713016327,1,1,1
-73.11,5.52,TUNA,contextual_por_proximidad_no_asociacion_directa,28.1274,local_0_50km,41.79833701,1107.52992101,720.869920637484,7.58526103587133,1,1,1
-73.06,5.52,TUNA,contextual_por_proximidad_no_asociacion_directa,33.6567,local_0_50km,40.27653464,949.20228664,619.433293318217,12.6240600198644,1,1,1
-73.01,5.52,TUNA,contextual_por_proximidad_no_asociacion_directa,39.1873,local_0_50km,38.66811612,993.68636412,647.194469095671,8.91905333607324,1,1,1
-72.96,5.52,TUNA,contextual_por_proximidad_no_asociacion_directa,44.7187,local_0_50km,37.08642549,974.19352949,634.200008962295,7.38374269433892,1,1,1
-72.91,5.52,TUNA,contextual_por_proximidad_no_asociacion_directa,50.2506,contextual_50_100km,35.50288413,969.52398813,630.650104834656,5.48808548554296,1,1,1
-72.86,5.52,TUNA,contextual_por_proximidad_no_asociacion_directa,55.783,contextual_50_100km,33.9007541,1058.4280661,686.71746205397,4.0742221736802,1,1,1
-76.46,5.47,PER2,contextual_por_proximidad_no_asociacion_directa,113.8275,regional_100_150km,68.62270791,109.59244391,94.7281400131739,0.589153483551276,1,0,1
-76.41,5.47,PER2,contextual_por_proximidad_no_asociacion_directa,109.7376,regional_100_150km,69.88673484,108.15313484,94.2696331587222,4.50749881204167,1,0,1
-76.36,5.47,PER2,contextual_por_proximidad_no_asociacion_directa,105.7795,regional_100_150km,71.03394879,186.42566079,144.560185397553,6.38332791353305,1,0,1
-76.31,5.47,PER2,contextual_por_proximidad_no_asociacion_directa,101.9686,regional_100_150km,72.19375206,215.92728806,163.779064325549,6.0186226354895,1,0,1
-76.26,5.47,PER2,contextual_por_proximidad_no_asociacion_directa,98.3219,contextual_50_100km,73.37057401,195.37867001,151.112692391371,4.99884289280455,1,1,1
-76.21,5.47,PER2,contextual_por_proximidad_no_asociacion_directa,94.8585,contextual_50_100km,74.42943009,244.36927809,182.713094978338,4.41458184219251,1,1,1
-76.16,5.47,PER2,contextual_por_proximidad_no_asociacion_directa,91.5992,contextual_50_100km,75.47368487,268.42274887,198.418550553854,6.66122443428048,1,1,1
-76.11,5.47,PER2,contextual_por_proximidad_no_asociacion_directa,88.5664,contextual_50_100km,76.41326836,342.19193236,245.764295360132,11.5378350751439,1,1,1
-76.06,5.47,PER2,contextual_por_proximidad_no_asociacion_directa,85.7842,contextual_50_100km,77.24992528,459.60532528,320.882272190458,12.3804647307033,1,1,1
-76.01,5.47,PER2,contextual_por_proximidad_no_asociacion_directa,83.2777,contextual_50_100km,78.14055268,492.78785668,342.348919591032,31.7433585110858,1,1,1
-75.96,5.47,PER2,contextual_por_proximidad_no_asociacion_directa,81.0725,contextual_50_100km,78.57702948,840.60918148,564.134920418606,24.8738453168886,1,1,1
-75.91,5.47,PER2,contextual_por_proximidad_no_asociacion_directa,79.1937,contextual_50_100km,79.4316254,818.5780014,550.406970053796,19.8209522443697,1,1,1
-75.86,5.47,PER2,contextual_por_proximidad_no_asociacion_directa,77.6651,contextual_50_100km,80.19849842,825.43046642,555.05151045158,2.93854489681385,1,1,1
-75.81,5.47,PER2,contextual_por_proximidad_no_asociacion_directa,76.5076,contextual_50_100km,80.86403734,868.74452534,582.892182820349,5.93280372112589,1,1,1
-75.76,5.47,PER2,contextual_por_proximidad_no_asociacion_directa,75.7384,contextual_50_100km,81.66353667,774.55694467,523.167036162424,18.1958847867227,1,1,1
-75.71,5.47,PER2,contextual_por_proximidad_no_asociacion_directa,75.3691,contextual_50_100km,82.49695896,620.20159896,425.1160075934,19.3905670659582,1,1,1
-75.66,5.47,PER2,contextual_por_proximidad_no_asociacion_directa,75.4058,contextual_50_100km,83.20119852,522.20321452,362.928100393238,14.9364264830011,1,1,1
-75.61,5.47,PER2,contextual_por_proximidad_no_asociacion_directa,75.8478,contextual_50_100km,83.64268152,569.99628152,393.541453699889,5.46207783906967,1,1,1
-75.56,5.47,PER2,contextual_por_proximidad_no_asociacion_directa,76.6882,contextual_50_100km,84.25394422,460.12874422,323.756929318416,8.33645949756385,1,1,1
-75.51,5.47,PER2,contextual_por_proximidad_no_asociacion_directa,77.914,contextual_50_100km,84.60540173,489.61204173,342.670851354928,13.4017515798242,1,1,1
-75.46,5.47,PER2,contextual_por_proximidad_no_asociacion_directa,79.5074,contextual_50_100km,84.70700704,647.86497504,443.544615780885,16.4568112795459,1,1,1
-75.41,5.47,PER2,contextual_por_proximidad_no_asociacion_directa,81.4468,contextual_50_100km,84.79663394,772.17227394,522.784276803886,22.3624446128105,1,1,1
-75.36,5.47,PER2,contextual_por_proximidad_no_asociacion_directa,83.7082,contextual_50_100km,84.62988208,1028.22993008,685.880692815407,10.2897790467534,1,1,1
-75.31,5.47,PER2,contextual_por_proximidad_no_asociacion_directa,86.2664,contextual_50_100km,84.92105995,933.33652395,625.521377480354,20.2457252798937,1,1,1
-75.26,5.47,MEDE,contextual_por_proximidad_no_asociacion_directa,88.4463,contextual_50_100km,85.34241061,712.03494661,484.663496011035,16.1821091341607,1,1,1
-75.21,5.47,MEDE,contextual_por_proximidad_no_asociacion_directa,90.7941,contextual_50_100km,85.42487299,677.55420899,462.722695393479,27.9258293789702,1,1,1
-75.16,5.47,MEDE,contextual_por_proximidad_no_asociacion_directa,93.4108,contextual_50_100km,85.60626026,537.07571626,373.277267714499,27.5611718047904,1,1,1
-75.11,5.47,MEDE,contextual_por_proximidad_no_asociacion_directa,96.2745,contextual_50_100km,85.23868788,720.31279988,489.900414557942,11.7059221417491,1,1,1
-75.06,5.47,MEDE,contextual_por_proximidad_no_asociacion_directa,99.3637,contextual_50_100km,85.20075018,644.08769418,441.316912850473,16.0304861928007,1,1,1
-75.01,5.47,MEDE,contextual_por_proximidad_no_asociacion_directa,102.6582,regional_100_150km,85.28717286,444.68273286,314.289780779225,19.1018576876514,1,0,1
-74.96,5.47,MEDE,contextual_por_proximidad_no_asociacion_directa,106.1388,regional_100_150km,85.16790661,341.08371461,248.234438204758,10.4847378129811,1,0,1
-74.91,5.47,MEDE,contextual_por_proximidad_no_asociacion_directa,109.7878,regional_100_150km,84.92552244,278.45475444,208.24006432417,8.36643471334436,1,0,1
-74.86,5.47,MEDE,contextual_por_proximidad_no_asociacion_directa,113.589,regional_100_150km,84.65133361,196.22874961,155.747145836752,7.33512065043476,1,0,1
-74.81,5.47,MEDE,contextual_por_proximidad_no_asociacion_directa,117.5276,regional_100_150km,84.25712487,153.56868487,128.421632631169,3.42362712082435,1,0,1
-74.16,5.47,TUNA,contextual_por_proximidad_no_asociacion_directa,88.3801,contextual_50_100km,73.03386387,362.30315987,257.352844257399,2.36337566881518,1,1,1
-74.11,5.47,TUNA,contextual_por_proximidad_no_asociacion_directa,82.8636,contextual_50_100km,71.66481338,523.65271738,359.666169779462,11.6769255087133,1,1,1
-74.06,5.47,TUNA,contextual_por_proximidad_no_asociacion_directa,77.3495,contextual_50_100km,70.53581231,449.31145231,311.887178409997,17.9928561725229,1,1,1
-74.01,5.47,TUNA,contextual_por_proximidad_no_asociacion_directa,71.8386,contextual_50_100km,69.36795555,371.00593955,261.568117910095,8.9512972037031,1,1,1
-73.96,5.47,TUNA,contextual_por_proximidad_no_asociacion_directa,66.3315,contextual_50_100km,67.81779994,606.17667194,410.853717480139,33.7695268960997,1,1,1
-73.91,5.47,TUNA,contextual_por_proximidad_no_asociacion_directa,60.8294,contextual_50_100km,66.14141077,945.02186677,626.153661542485,19.7944237564062,1,1,1
-73.86,5.47,TUNA,contextual_por_proximidad_no_asociacion_directa,55.3336,contextual_50_100km,64.80273515,939.57263915,622.19579071599,11.4762093546419,1,1,1
-73.81,5.47,TUNA,contextual_por_proximidad_no_asociacion_directa,49.8463,local_0_50km,63.51154081,853.16956481,566.672311244509,6.5989304762173,1,1,1
-73.76,5.47,TUNA,contextual_por_proximidad_no_asociacion_directa,44.3707,local_0_50km,62.10862868,848.42142868,563.137861874389,0.291644190963782,1,1,1
-73.71,5.47,TUNA,contextual_por_proximidad_no_asociacion_directa,38.9116,local_0_50km,60.66961275,853.22847675,565.67876418609,6.65698087361082,1,1,1
-73.66,5.47,TUNA,contextual_por_proximidad_no_asociacion_directa,33.4771,local_0_50km,59.11415039,963.84294239,635.596655704228,5.42066662391696,1,1,1
-73.61,5.47,TUNA,contextual_por_proximidad_no_asociacion_directa,28.0817,local_0_50km,57.68963692,898.45182092,593.413374786609,17.0122342156752,1,1,1
-73.56,5.47,TUNA,contextual_por_proximidad_no_asociacion_directa,22.7529,local_0_50km,56.10116725,1007.40387125,662.260019453434,11.5691946450317,1,1,1
-73.51,5.47,TUNA,contextual_por_proximidad_no_asociacion_directa,17.5518,local_0_50km,54.64994578,919.81621778,605.923680413097,8.087039419649,1,1,1
-73.46,5.47,TUNA,contextual_por_proximidad_no_asociacion_directa,12.6367,local_0_50km,53.10426304,931.12063904,612.565932237546,2.18820574487537,1,1,1
-73.41,5.47,TUNA,contextual_por_proximidad_no_asociacion_directa,8.5183,local_0_50km,51.55003644,934.13369244,613.921922533651,4.83529451913663,1,1,1
-73.36,5.47,TUNA,contextual_por_proximidad_no_asociacion_directa,6.8331,local_0_50km,49.99975324,911.01844124,598.630696313391,7.1608660958903,1,1,1
-73.31,5.47,TUNA,contextual_por_proximidad_no_asociacion_directa,9.0594,local_0_50km,48.41641667,921.64332067,604.82629085217,10.6894375838666,1,1,1
-73.26,5.47,TUNA,contextual_por_proximidad_no_asociacion_directa,13.3682,local_0_50km,46.79789628,980.34992828,641.646229843975,9.71513304590479,1,1,1
-73.21,5.47,TUNA,contextual_por_proximidad_no_asociacion_directa,18.3466,local_0_50km,45.15118137,1088.41668537,709.907644049073,6.97122826814868,1,1,1
-73.16,5.47,TUNA,contextual_por_proximidad_no_asociacion_directa,23.5742,local_0_50km,43.55605542,1096.83254342,714.691398917293,11.2472148823143,1,1,1
-73.11,5.47,TUNA,contextual_por_proximidad_no_asociacion_directa,28.9161,local_0_50km,41.98254345,1051.31439145,685.116881136116,12.5636718328878,1,1,1
-73.06,5.47,TUNA,contextual_por_proximidad_no_asociacion_directa,34.3189,local_0_50km,40.3675559,1096.3597239,713.233298632816,1.96544155756644,1,1,1
-73.01,5.47,TUNA,contextual_por_proximidad_no_asociacion_directa,39.7579,local_0_50km,38.782585,1071.469281,696.798356111607,9.35617125280115,1,1,1
-72.96,5.47,TUNA,contextual_por_proximidad_no_asociacion_directa,45.22,local_0_50km,37.18972692,1072.71554292,697.014551777834,10.0819663339137,1,1,1
-72.91,5.47,TUNA,contextual_por_proximidad_no_asociacion_directa,50.6977,contextual_50_100km,35.61846404,1015.97894404,660.292588063522,5.5536191575827,1,1,1
-72.86,5.47,TUNA,contextual_por_proximidad_no_asociacion_directa,56.1865,contextual_50_100km,33.99698322,1163.54704722,753.732948882256,6.54069226936067,1,1,1
-76.46,5.42,PER2,contextual_por_proximidad_no_asociacion_directa,110.2293,regional_100_150km,68.66826632,107.89749832,93.6646698222255,0.871495260047891,1,0,1
-76.41,5.42,PER2,contextual_por_proximidad_no_asociacion_directa,106.0003,regional_100_150km,69.95397134,113.38016334,97.6246282062144,3.09032340207777,1,0,1
-76.36,5.42,PER2,contextual_por_proximidad_no_asociacion_directa,101.8968,regional_100_150km,71.16538674,156.96853074,125.838137131432,3.17426597356586,1,0,1
-76.31,5.42,PER2,contextual_por_proximidad_no_asociacion_directa,97.9346,contextual_50_100km,72.37938872,162.36714872,129.71852702435,3.8043314333919,1,1,1
-76.26,5.42,PER2,contextual_por_proximidad_no_asociacion_directa,94.1315,contextual_50_100km,73.5295388,190.4519068,148.031091340302,5.06146247587042,1,1,1
-76.21,5.42,PER2,contextual_por_proximidad_no_asociacion_directa,90.5076,contextual_50_100km,74.60372753,247.99989553,185.089718718094,9.06911681215423,1,1,1
-76.16,5.42,PER2,contextual_por_proximidad_no_asociacion_directa,87.0853,contextual_50_100km,75.58475811,345.62210211,247.649365729473,7.10894129478649,1,1,1
-76.11,5.42,PER2,contextual_por_proximidad_no_asociacion_directa,83.8892,contextual_50_100km,76.60503819,370.00957419,263.558944686035,2.89996047317227,1,1,1
-76.06,5.42,PER2,contextual_por_proximidad_no_asociacion_directa,80.9462,contextual_50_100km,77.62668903,355.53950503,254.709454432488,11.7531280231464,1,1,1
-76.01,5.42,PER2,contextual_por_proximidad_no_asociacion_directa,78.2847,contextual_50_100km,78.3716271,522.0767071,361.095265831119,16.7835563613511,1,1,1
-75.96,5.42,PER2,contextual_por_proximidad_no_asociacion_directa,75.9344,contextual_50_100km,79.13682082,628.67935682,429.298837030063,26.6762607229108,1,1,1
-75.91,5.42,PER2,contextual_por_proximidad_no_asociacion_directa,73.9251,contextual_50_100km,80.18738308,477.00995108,333.038038645149,18.2886176854278,1,1,1
-75.86,5.42,PER2,contextual_por_proximidad_no_asociacion_directa,72.285,contextual_50_100km,80.61021733,759.33271333,513.084178993426,23.1353586511692,1,1,1
-75.81,5.42,PER2,contextual_por_proximidad_no_asociacion_directa,71.0398,contextual_50_100km,81.22336103,854.37745703,573.868023383176,4.28911035828009,1,1,1
-75.76,5.42,PER2,contextual_por_proximidad_no_asociacion_directa,70.2106,contextual_50_100km,82.04948899,753.11870499,509.646870989682,11.6405621652178,1,1,1
-75.71,5.42,PER2,contextual_por_proximidad_no_asociacion_directa,69.8121,contextual_50_100km,82.81211961,660.83226361,451.119731439834,14.2087509112982,1,1,1
-75.66,5.42,PER2,contextual_por_proximidad_no_asociacion_directa,69.8517,contextual_50_100km,83.60712475,508.91964475,354.611241385991,12.6726811607847,1,1,1
-75.61,5.42,PER2,contextual_por_proximidad_no_asociacion_directa,70.3287,contextual_50_100km,84.20924628,454.31939828,320.039065728467,12.6999652899378,1,1,1
-75.56,5.42,PER2,contextual_por_proximidad_no_asociacion_directa,71.2342,contextual_50_100km,84.58142562,517.84348162,360.650892745429,7.36395612355899,1,1,1
-75.51,5.42,PER2,contextual_por_proximidad_no_asociacion_directa,72.5523,contextual_50_100km,84.94042882,548.71685282,380.453290991843,12.1196453729203,1,1,1
-75.46,5.42,PER2,contextual_por_proximidad_no_asociacion_directa,74.261,contextual_50_100km,85.11976575,659.59718175,451.169993122585,18.690622439482,1,1,1
-75.41,5.42,PER2,contextual_por_proximidad_no_asociacion_directa,76.334,contextual_50_100km,85.09555683,865.31042083,582.239257195534,22.8074043909866,1,1,1
-75.36,5.42,PER2,contextual_por_proximidad_no_asociacion_directa,78.7426,contextual_50_100km,85.08035702,1022.52074902,682.4063076712,9.4233649389984,1,1,1
-75.31,5.42,PER2,contextual_por_proximidad_no_asociacion_directa,81.4571,contextual_50_100km,85.23171488,1026.06670688,684.720664575603,10.9217656096701,1,1,1
-75.26,5.42,PER2,contextual_por_proximidad_no_asociacion_directa,84.4478,contextual_50_100km,85.36121257,1003.28574057,670.251885078652,25.4525684685406,1,1,1
-75.21,5.42,PER2,contextual_por_proximidad_no_asociacion_directa,87.6866,contextual_50_100km,85.53002487,913.61492087,613.175944487149,22.9132120759959,1,1,1
-75.16,5.42,PER2,contextual_por_proximidad_no_asociacion_directa,91.1471,contextual_50_100km,85.5534198,879.8898198,591.69519619025,17.2482923004006,1,1,1
-75.11,5.42,PER2,contextual_por_proximidad_no_asociacion_directa,94.8049,contextual_50_100km,85.66473919,747.15501119,507.158531158931,18.0951053355159,1,1,1
-75.06,5.42,PER2,contextual_por_proximidad_no_asociacion_directa,98.6381,contextual_50_100km,85.76417974,581.72141174,401.782272852781,14.2910710006613,1,1,1
-75.01,5.42,PER2,contextual_por_proximidad_no_asociacion_directa,102.627,regional_100_150km,85.59205436,554.54061436,384.400540530405,13.0044931116914,1,0,1
-74.96,5.42,PER2,contextual_por_proximidad_no_asociacion_directa,106.7543,regional_100_150km,85.58599614,376.74392414,271.108390541194,16.1672071823661,1,0,1
-74.91,5.42,PER2,contextual_por_proximidad_no_asociacion_directa,111.0044,regional_100_150km,85.40080581,275.95513381,206.819773986166,10.9427314562005,1,0,1
-74.86,5.42,PER2,contextual_por_proximidad_no_asociacion_directa,115.3638,regional_100_150km,85.13220005,189.13040005,151.398625319431,5.06669698127433,1,0,1
-74.11,5.42,TUNA,contextual_por_proximidad_no_asociacion_directa,83.5086,contextual_50_100km,71.97626394,559.94692794,382.905410210132,8.64392090610007,1,1,1
-74.06,5.42,TUNA,contextual_por_proximidad_no_asociacion_directa,78.0397,contextual_50_100km,70.75424127,558.02129727,381.23505682911,16.0602638412497,1,1,1
-74.01,5.42,TUNA,contextual_por_proximidad_no_asociacion_directa,72.5807,contextual_50_100km,69.49907374,550.82866574,376.196607334173,30.2902554250691,1,1,1
-73.96,5.42,TUNA,contextual_por_proximidad_no_asociacion_directa,67.134,contextual_50_100km,67.89996651,825.89563051,550.885854948534,32.2563374669596,1,1,1
-73.91,5.42,TUNA,contextual_por_proximidad_no_asociacion_directa,61.703,contextual_50_100km,66.37973862,1011.00433862,668.283381794264,15.044939569501,1,1,1
-73.86,5.42,TUNA,contextual_por_proximidad_no_asociacion_directa,56.2921,contextual_50_100km,64.95806331,1078.77078331,710.947559734727,7.42783460472816,1,1,1
-73.81,5.42,TUNA,contextual_por_proximidad_no_asociacion_directa,50.9078,contextual_50_100km,63.73520735,915.82918335,606.679429299379,14.5371623576497,1,1,1
-73.76,5.42,TUNA,contextual_por_proximidad_no_asociacion_directa,45.5594,local_0_50km,62.36885045,862.59333845,572.262447000905,3.86018596580384,1,1,1
-73.71,5.42,TUNA,contextual_por_proximidad_no_asociacion_directa,40.2613,local_0_50km,60.93426714,850.55525914,564.071441221297,4.16996287583175,1,1,1
-73.66,5.42,TUNA,contextual_por_proximidad_no_asociacion_directa,35.0364,local_0_50km,59.39561571,928.31446371,613.060447468546,12.7286438376107,1,1,1
-73.61,5.42,TUNA,contextual_por_proximidad_no_asociacion_directa,29.923,local_0_50km,57.78419085,1073.10287885,704.733272305335,15.9569401169488,1,1,1
-73.56,5.42,TUNA,contextual_por_proximidad_no_asociacion_directa,24.9895,local_0_50km,56.25589383,1100.47188583,721.617996241506,4.67168315905535,1,1,1
-73.51,5.42,TUNA,contextual_por_proximidad_no_asociacion_directa,20.3673,local_0_50km,54.81067604,995.55926004,654.244567578109,9.61529924255188,1,1,1
-73.46,5.42,TUNA,contextual_por_proximidad_no_asociacion_directa,16.3229,local_0_50km,53.29800862,950.28711262,624.84887611299,4.79807174683986,1,1,1
-73.41,5.42,TUNA,contextual_por_proximidad_no_asociacion_directa,13.3905,local_0_50km,51.75488267,923.05612267,606.937746485164,10.5712144516307,1,1,1
-73.36,5.42,TUNA,contextual_por_proximidad_no_asociacion_directa,12.3867,local_0_50km,50.26856981,784.34156181,518.011214073797,13.9494415313608,1,1,1
-73.31,5.42,TUNA,contextual_por_proximidad_no_asociacion_directa,13.7411,local_0_50km,48.68507127,771.21642327,509.073518782828,7.40058934166649,1,1,1
-73.26,5.42,TUNA,contextual_por_proximidad_no_asociacion_directa,16.8956,local_0_50km,47.00506221,912.04789421,598.200142332392,11.9201379047796,1,1,1
-73.21,5.42,TUNA,contextual_por_proximidad_no_asociacion_directa,21.0562,local_0_50km,45.36817713,979.31521713,640.468205128233,21.4716822323861,1,1,1
-73.16,5.42,TUNA,contextual_por_proximidad_no_asociacion_directa,25.7396,local_0_50km,43.80986426,886.05332826,580.477456255076,20.9355114935831,1,1,1
-73.11,5.42,TUNA,contextual_por_proximidad_no_asociacion_directa,30.7074,local_0_50km,42.19896895,888.54064095,581.4778907005,13.2067605451964,1,1,1
-73.06,5.42,TUNA,contextual_por_proximidad_no_asociacion_directa,35.8416,local_0_50km,40.57576634,920.17217434,601.044213274577,18.6606393009001,1,1,1
-73.01,5.42,TUNA,contextual_por_proximidad_no_asociacion_directa,41.0799,local_0_50km,38.88162456,1154.47062456,749.721765061458,12.6539166683912,1,1,1
-72.96,5.42,TUNA,contextual_por_proximidad_no_asociacion_directa,46.387,local_0_50km,37.29081849,1139.95565049,739.895831720586,13.1929939710834,1,1,1
-72.91,5.42,TUNA,contextual_por_proximidad_no_asociacion_directa,51.7418,contextual_50_100km,35.76045743,932.31752143,607.03603413552,17.0413883599556,1,1,1
-72.86,5.42,TUNA,contextual_por_proximidad_no_asociacion_directa,57.1308,contextual_50_100km,34.14368132,1029.08242532,668.106903057848,14.1145671695156,1,1,1
-72.81,5.42,TUNA,contextual_por_proximidad_no_asociacion_directa,62.5451,contextual_50_100km,32.54993946,1093.13407546,708.341629991062,19.6827197067328,1,1,1
-76.46,5.37,PER2,contextual_por_proximidad_no_asociacion_directa,106.7995,regional_100_150km,68.6801034,118.2042314,100.236293095069,1.05342897443193,1,0,1
-76.41,5.37,PER2,contextual_por_proximidad_no_asociacion_directa,102.4286,regional_100_150km,69.99065077,126.21757077,105.817780396381,5.3015559197281,1,0,1
-76.36,5.37,PER2,contextual_por_proximidad_no_asociacion_directa,98.1756,contextual_50_100km,71.18769938,208.71220338,158.816689757059,2.14879300257937,1,1,1
-76.31,5.37,PER2,contextual_por_proximidad_no_asociacion_directa,94.0564,contextual_50_100km,72.48541559,159.48592759,127.921114735276,0.623517467918127,1,1,1
-76.26,5.37,PER2,contextual_por_proximidad_no_asociacion_directa,90.0894,contextual_50_100km,73.63793052,208.02705852,159.269096325138,3.94472957887074,1,1,1
-76.21,5.37,PER2,contextual_por_proximidad_no_asociacion_directa,86.2957,contextual_50_100km,74.78149089,226.09424289,171.19619011287,3.9830433951187,1,1,1
-76.16,5.37,PER2,contextual_por_proximidad_no_asociacion_directa,82.6989,contextual_50_100km,75.84374874,275.44622874,203.028092550883,4.06271809089764,1,1,1
-76.11,5.37,PER2,contextual_por_proximidad_no_asociacion_directa,79.326,contextual_50_100km,76.89732599,292.65810199,214.37754525224,5.32023937406491,1,1,1
-76.06,5.37,PER2,contextual_por_proximidad_no_asociacion_directa,76.2067,contextual_50_100km,77.88557599,324.00024799,234.706939434737,5.87242914818653,1,1,1
-76.01,5.37,PER2,contextual_por_proximidad_no_asociacion_directa,73.3733,contextual_50_100km,78.77505879,393.36189879,279.226079323108,5.65647504075937,1,1,1
-75.96,5.37,PER2,contextual_por_proximidad_no_asociacion_directa,70.8601,contextual_50_100km,79.72193705,377.54562505,269.491675029294,9.48595201254988,1,1,1
-75.91,5.37,PER2,contextual_por_proximidad_no_asociacion_directa,68.7023,contextual_50_100km,80.3967013,528.1876453,365.723804335473,21.0100567044623,1,1,1
-75.86,5.37,PER2,contextual_por_proximidad_no_asociacion_directa,66.9343,contextual_50_100km,80.99773365,689.14958165,468.50491154306,15.6150490312823,1,1,1
-75.81,5.37,PER2,contextual_por_proximidad_no_asociacion_directa,65.5875,contextual_50_100km,81.61476783,793.82653583,535.427698247844,13.1397236095681,1,1,1
-75.76,5.37,PER2,contextual_por_proximidad_no_asociacion_directa,64.6883,contextual_50_100km,82.42967183,713.14635183,484.314894280036,11.2455327111269,1,1,1
-75.71,5.37,PER2,contextual_por_proximidad_no_asociacion_directa,64.2555,contextual_50_100km,83.15296501,659.86464501,450.626839026355,15.9676460089063,1,1,1
-75.66,5.37,PER2,contextual_por_proximidad_no_asociacion_directa,64.2986,contextual_50_100km,84.05480023,443.73427223,313.238313523848,18.7614089243241,1,1,1
-75.61,5.37,PER2,contextual_por_proximidad_no_asociacion_directa,64.8165,contextual_50_100km,84.73027051,348.43514251,252.759901730278,6.82975158821366,1,1,1
-75.56,5.37,PER2,contextual_por_proximidad_no_asociacion_directa,65.798,contextual_50_100km,84.91769092,545.71921092,378.534979383839,17.5039857357441,1,1,1
-75.51,5.37,PER2,contextual_por_proximidad_no_asociacion_directa,67.2229,contextual_50_100km,85.1851018,644.8990938,441.8282496922,12.4915570811606,1,1,1
-75.46,5.37,PER2,contextual_por_proximidad_no_asociacion_directa,69.0637,contextual_50_100km,85.42837715,717.73743315,488.328242788137,17.0165319214897,1,1,1
-75.41,5.37,PER2,contextual_por_proximidad_no_asociacion_directa,71.2882,contextual_50_100km,85.39996683,930.29739083,623.758630805245,16.1627038490476,1,1,1
-75.36,5.37,PER2,contextual_por_proximidad_no_asociacion_directa,73.8617,contextual_50_100km,85.5237956,998.0910276,667.000862344031,11.1593956238899,1,1,1
-75.31,5.37,PER2,contextual_por_proximidad_no_asociacion_directa,76.7492,contextual_50_100km,85.50026167,1122.22344567,746.088035281679,8.95227620068361,1,1,1
-75.26,5.37,PER2,contextual_por_proximidad_no_asociacion_directa,79.9166,contextual_50_100km,85.57258988,1140.55254988,757.79336562503,4.41990975115669,1,1,1
-75.21,5.37,PER2,contextual_por_proximidad_no_asociacion_directa,83.332,contextual_50_100km,85.7366055,1056.7033015,704.425121258829,22.4396916447177,1,1,1
-75.16,5.37,PER2,contextual_por_proximidad_no_asociacion_directa,86.9661,contextual_50_100km,86.12181459,786.44631059,532.360315626899,25.1367686358782,1,1,1
-75.11,5.37,PER2,contextual_por_proximidad_no_asociacion_directa,90.7928,contextual_50_100km,86.28771136,620.56071936,426.720164595785,18.8380875198052,1,1,1
-75.06,5.37,PER2,contextual_por_proximidad_no_asociacion_directa,94.7887,contextual_50_100km,86.34221606,486.74454406,341.47385243561,5.88231807632106,1,1,1
-75.01,5.37,PER2,contextual_por_proximidad_no_asociacion_directa,98.9333,contextual_50_100km,86.04959478,538.74110678,374.499281890484,8.9695456312656,1,1,1
-74.96,5.37,PER2,contextual_por_proximidad_no_asociacion_directa,103.2087,regional_100_150km,86.02660603,372.88882203,268.81182345864,13.517497237114,1,0,1
-74.91,5.37,PER2,contextual_por_proximidad_no_asociacion_directa,107.5993,regional_100_150km,85.7899751,305.6489591,225.881524117665,9.77973002439997,1,0,1
-74.86,5.37,PER2,contextual_por_proximidad_no_asociacion_directa,112.0916,regional_100_150km,85.53959319,206.04172119,162.322126540763,6.69655210421633,1,0,1
-74.06,5.37,TUNA,contextual_por_proximidad_no_asociacion_directa,79.1154,contextual_50_100km,70.86900424,728.58201224,489.955968181341,23.9926748165428,1,1,1
-74.01,5.37,TUNA,contextual_por_proximidad_no_asociacion_directa,73.7356,contextual_50_100km,69.49182536,825.70995336,551.345088844374,26.1453001668956,1,1,1
-73.96,5.37,TUNA,contextual_por_proximidad_no_asociacion_directa,68.3806,contextual_50_100km,68.07823453,928.35628253,616.237250539157,19.1170002873441,1,1,1
-73.91,5.37,TUNA,contextual_por_proximidad_no_asociacion_directa,63.0565,contextual_50_100km,66.65239774,1016.09115774,671.62356683178,5.86783613791185,1,1,1
-73.86,5.37,TUNA,contextual_por_proximidad_no_asociacion_directa,57.7721,contextual_50_100km,65.27979443,1024.84063443,676.700633399636,7.10635079054673,1,1,1
-73.81,5.37,TUNA,contextual_por_proximidad_no_asociacion_directa,52.5392,contextual_50_100km,63.92847199,980.90251199,648.213504766219,10.5419858497633,1,1,1
-73.76,5.37,TUNA,contextual_por_proximidad_no_asociacion_directa,47.3749,local_0_50km,62.62544088,852.08596088,565.66036409738,5.5281491138518,1,1,1
-73.71,5.37,TUNA,contextual_por_proximidad_no_asociacion_directa,42.3044,local_0_50km,61.13737834,886.79050634,587.233804096249,6.97681176755601,1,1,1
-73.66,5.37,TUNA,contextual_por_proximidad_no_asociacion_directa,37.3658,local_0_50km,59.58381772,970.99071372,640.321532063399,13.4337281734618,1,1,1
-73.61,5.37,TUNA,contextual_por_proximidad_no_asociacion_directa,32.6191,local_0_50km,57.96215268,1117.33657668,732.983029006148,6.62117497361078,1,1,1
-73.56,5.37,TUNA,contextual_por_proximidad_no_asociacion_directa,28.1616,local_0_50km,56.52100204,1024.35232204,673.211693226908,18.679409441834,1,1,1
-73.51,5.37,TUNA,contextual_por_proximidad_no_asociacion_directa,24.1539,local_0_50km,55.11593566,850.20531966,561.737504565554,14.0175030615161,1,1,1
-73.46,5.37,TUNA,contextual_por_proximidad_no_asociacion_directa,20.8568,local_0_50km,53.52466684,893.06479484,588.469725050624,8.13290311530517,1,1,1
-73.41,5.37,TUNA,contextual_por_proximidad_no_asociacion_directa,18.6512,local_0_50km,51.97455337,859.22277737,566.343591580051,14.6504228458833,1,1,1
-73.36,5.37,TUNA,contextual_por_proximidad_no_asociacion_directa,17.9442,local_0_50km,50.47536831,723.00117631,479.000873536008,2.28972920284449,1,1,1
-73.31,5.37,TUNA,contextual_por_proximidad_no_asociacion_directa,18.9045,local_0_50km,48.76842803,895.77667603,588.47208413831,17.0293785825663,1,1,1
-73.26,5.37,TUNA,contextual_por_proximidad_no_asociacion_directa,21.3081,local_0_50km,47.1260759,963.8779239,631.269530556949,10.8869301686286,1,1,1
-73.21,5.37,TUNA,contextual_por_proximidad_no_asociacion_directa,24.7376,local_0_50km,45.6492007,715.2865127,472.334190375498,21.1343177304474,1,1,1
-73.16,5.37,TUNA,contextual_por_proximidad_no_asociacion_directa,28.8293,local_0_50km,44.01384454,744.05442854,490.071440202276,15.8266519136543,1,1,1
-73.11,5.37,TUNA,contextual_por_proximidad_no_asociacion_directa,33.3402,local_0_50km,42.35604016,823.42264016,540.042456649403,15.9763457338208,1,1,1
-73.06,5.37,TUNA,contextual_por_proximidad_no_asociacion_directa,38.1219,local_0_50km,40.70222776,908.06573176,593.376012683656,16.7562349147343,1,1,1
-73.01,5.37,TUNA,contextual_por_proximidad_no_asociacion_directa,43.0842,local_0_50km,39.0179529,1098.4417529,714.07029103043,19.3123860228788,1,1,1
-72.96,5.37,TUNA,contextual_por_proximidad_no_asociacion_directa,48.1714,local_0_50km,37.4391048,1024.7986328,666.572939580527,31.0016364666897,1,1,1
-72.91,5.37,TUNA,contextual_por_proximidad_no_asociacion_directa,53.3477,contextual_50_100km,35.92153783,741.44285783,485.471393767603,13.8839020844246,1,1,1
-72.86,5.37,TUNA,contextual_por_proximidad_no_asociacion_directa,58.5896,contextual_50_100km,34.25816194,976.43864994,634.604445802294,14.3062309799101,1,1,1
-72.81,5.37,TUNA,contextual_por_proximidad_no_asociacion_directa,63.8809,contextual_50_100km,32.68219662,932.72026862,606.175830527417,32.282469610544,1,1,1
-72.76,5.37,TUNA,contextual_por_proximidad_no_asociacion_directa,69.2102,contextual_50_100km,31.15257827,674.89217827,441.335851599472,27.9565099420875,1,1,1
-76.46,5.32,PER2,contextual_por_proximidad_no_asociacion_directa,103.5547,regional_100_150km,68.68603118,113.12443118,97.001655034,0.660040627709191,1,0,1
-76.41,5.32,PER2,contextual_por_proximidad_no_asociacion_directa,99.0403,contextual_50_100km,70.0281787,116.7008427,99.7674491977705,3.39967198491302,1,1,1
-76.36,5.32,PER2,contextual_por_proximidad_no_asociacion_directa,94.6348,contextual_50_100km,71.28179179,170.62630379,134.582942005831,4.15910552807427,1,1,1
-76.31,5.32,PER2,contextual_por_proximidad_no_asociacion_directa,90.354,contextual_50_100km,72.54986388,173.10408788,136.621828300746,2.56783768067772,1,1,1
-76.26,5.32,PER2,contextual_por_proximidad_no_asociacion_directa,86.2165,contextual_50_100km,73.77116375,181.73178775,142.562398813079,4.6108033488213,1,1,1
-76.21,5.32,PER2,contextual_por_proximidad_no_asociacion_directa,82.244,contextual_50_100km,74.89254898,240.00589298,180.100822499751,11.9264066419546,1,1,1
-76.16,5.32,PER2,contextual_por_proximidad_no_asociacion_directa,78.4614,contextual_50_100km,75.93336646,325.92405446,235.224481540891,21.3494665294159,1,1,1
-76.11,5.32,PER2,contextual_por_proximidad_no_asociacion_directa,74.8977,contextual_50_100km,76.8791111,447.9150631,313.298839378759,22.1345337551898,1,1,1
-76.06,5.32,PER2,contextual_por_proximidad_no_asociacion_directa,71.5854,contextual_50_100km,78.03183056,360.47489456,258.001216505382,6.29947011655007,1,1,1
-76.01,5.32,PER2,contextual_por_proximidad_no_asociacion_directa,68.561,contextual_50_100km,78.92692089,439.90251289,308.936306546256,13.9048877236252,1,1,1
-75.96,5.32,PER2,contextual_por_proximidad_no_asociacion_directa,65.8642,contextual_50_100km,79.74642894,534.90674094,369.769206264595,20.0719923926549,1,1,1
-75.91,5.32,PER2,contextual_por_proximidad_no_asociacion_directa,63.5368,contextual_50_100km,80.461298,665.579242,453.291544195404,16.257017939478,1,1,1
-75.86,5.32,PER2,contextual_por_proximidad_no_asociacion_directa,61.6205,contextual_50_100km,81.23423786,708.91429386,481.184559346679,8.28421261399353,1,1,1
-75.81,5.32,PER2,contextual_por_proximidad_no_asociacion_directa,60.1548,contextual_50_100km,82.12333806,626.41967406,428.942537565077,11.0144384629324,1,1,1
-75.76,5.32,PER2,contextual_por_proximidad_no_asociacion_directa,59.1731,contextual_50_100km,82.86819957,609.43855157,418.392611337759,10.677358127164,1,1,1
-75.71,5.32,PER2,contextual_por_proximidad_no_asociacion_directa,58.6996,contextual_50_100km,83.55725599,591.68567199,407.330683858349,17.7049292674358,1,1,1
-75.66,5.32,PER2,contextual_por_proximidad_no_asociacion_directa,58.7467,contextual_50_100km,84.42469656,410.33098456,292.088335724808,12.6496997248886,1,1,1
-75.61,5.32,PER2,contextual_por_proximidad_no_asociacion_directa,59.3131,contextual_50_100km,84.99719594,394.12798794,281.971687099923,4.28178840980909,1,1,1
-75.56,5.32,PER2,contextual_por_proximidad_no_asociacion_directa,60.3843,contextual_50_100km,85.39911636,452.22576436,319.136725823699,16.654085005427,1,1,1
-75.51,5.32,PER2,contextual_por_proximidad_no_asociacion_directa,61.934,contextual_50_100km,85.48447601,680.37886801,464.544159453284,16.381109011711,1,1,1
-75.46,5.32,PER2,contextual_por_proximidad_no_asociacion_directa,63.9274,contextual_50_100km,85.76302437,734.79820037,499.32057620874,11.1838576432582,1,1,1
-75.41,5.32,PER2,contextual_por_proximidad_no_asociacion_directa,66.3246,contextual_50_100km,85.85541121,870.71161921,585.956521178063,15.1025082917249,1,1,1
-75.36,5.32,PER2,contextual_por_proximidad_no_asociacion_directa,69.0835,contextual_50_100km,85.89810651,996.63842651,666.211086495588,13.450336805257,1,1,1
-75.31,5.32,PER2,contextual_por_proximidad_no_asociacion_directa,72.1626,contextual_50_100km,85.92894435,1087.76798435,724.288953236289,7.92341985672095,1,1,1
-75.26,5.32,PER2,contextual_por_proximidad_no_asociacion_directa,75.5229,contextual_50_100km,86.10137504,1043.09466304,695.88620018696,13.1903760596479,1,1,1
-75.21,5.32,PER2,contextual_por_proximidad_no_asociacion_directa,79.1284,contextual_50_100km,86.09233556,1076.51317556,717.176802206025,10.1163425263864,1,1,1
-75.16,5.32,PER2,contextual_por_proximidad_no_asociacion_directa,82.9472,contextual_50_100km,86.34344782,897.33190382,603.095717704429,26.5805521575849,1,1,1
-75.11,5.32,PER2,contextual_por_proximidad_no_asociacion_directa,86.9513,contextual_50_100km,86.69039497,615.29750697,423.5126061644,21.7602593711123,1,1,1
-75.06,5.32,PER2,contextual_por_proximidad_no_asociacion_directa,91.1161,contextual_50_100km,86.6877584,520.1349744,362.875207291488,9.82650524057258,1,1,1
-75.01,5.32,PER2,contextual_por_proximidad_no_asociacion_directa,95.4207,contextual_50_100km,86.58624177,447.67292977,316.666416485891,7.75648822405818,1,1,1
-74.96,5.32,PER2,contextual_por_proximidad_no_asociacion_directa,99.847,contextual_50_100km,86.38071335,401.28849735,287.036235610943,8.60600138195323,1,1,1
-74.91,5.32,PER2,contextual_por_proximidad_no_asociacion_directa,104.3794,regional_100_150km,86.18775297,305.09624897,225.673662255232,12.2320956957015,1,0,1
-74.86,5.32,PER2,contextual_por_proximidad_no_asociacion_directa,109.0048,regional_100_150km,85.96085413,189.26779013,151.786814139479,6.76012240040722,1,0,1
-74.01,5.32,TUNA,contextual_por_proximidad_no_asociacion_directa,75.2844,contextual_50_100km,69.61018732,960.30385132,637.149674767006,21.0814381843546,1,1,1
-73.96,5.32,TUNA,contextual_por_proximidad_no_asociacion_directa,70.0474,contextual_50_100km,68.15141355,1099.49261355,725.309850494916,12.8362855399252,1,1,1
-73.91,5.32,TUNA,contextual_por_proximidad_no_asociacion_directa,64.8599,contextual_50_100km,66.94588594,973.62502994,644.671132523376,8.39917829426494,1,1,1
-73.86,5.32,TUNA,contextual_por_proximidad_no_asociacion_directa,59.7348,contextual_50_100km,65.58432657,960.28979057,635.680085614937,7.68330184417843,1,1,1
-73.81,5.32,TUNA,contextual_por_proximidad_no_asociacion_directa,54.6896,contextual_50_100km,64.2768288,859.6871568,571.102899433388,9.52138921121028,1,1,1
-73.76,5.32,TUNA,contextual_por_proximidad_no_asociacion_directa,49.7486,local_0_50km,62.8414991,855.6966191,568.039421361783,2.75551032674007,1,1,1
-73.71,5.32,TUNA,contextual_por_proximidad_no_asociacion_directa,44.9462,local_0_50km,61.35234027,880.88284427,583.547502295254,6.81786628672767,1,1,1
-73.66,5.32,TUNA,contextual_por_proximidad_no_asociacion_directa,40.332,local_0_50km,59.78159122,973.20055922,641.801374087899,5.24644793668477,1,1,1
-73.61,5.32,TUNA,contextual_por_proximidad_no_asociacion_directa,35.9785,local_0_50km,58.27519189,969.81787189,639.099426195175,8.91029771315543,1,1,1
-73.56,5.32,TUNA,contextual_por_proximidad_no_asociacion_directa,31.9922,local_0_50km,56.78641508,918.32355108,605.747707098354,11.5215511359282,1,1,1
-73.51,5.32,TUNA,contextual_por_proximidad_no_asociacion_directa,28.5275,local_0_50km,55.33313389,790.88740589,524.019632282264,8.66326518502787,1,1,1
-73.46,5.32,TUNA,contextual_por_proximidad_no_asociacion_directa,25.7954,local_0_50km,53.74883504,808.59677904,534.729033455543,3.68611434868124,1,1,1
-73.41,5.32,TUNA,contextual_por_proximidad_no_asociacion_directa,24.0469,local_0_50km,52.2143497,734.7511417,487.118735744228,8.09467939879661,1,1,1
-73.36,5.32,TUNA,contextual_por_proximidad_no_asociacion_directa,23.5027,local_0_50km,50.5700582,803.5417142,530.354708052818,15.0414359443991,1,1,1
-73.31,5.32,TUNA,contextual_por_proximidad_no_asociacion_directa,24.2439,local_0_50km,48.87715516,945.54531516,620.223520925155,4.65029690330114,1,1,1
-73.26,5.32,TUNA,contextual_por_proximidad_no_asociacion_directa,26.1616,local_0_50km,47.31486875,862.00652475,566.426773955596,16.9845199226915,1,1,1
-73.21,5.32,TUNA,contextual_por_proximidad_no_asociacion_directa,29.0234,local_0_50km,45.78902824,685.83777224,453.620531699376,13.6437461036636,1,1,1
-73.16,5.32,TUNA,contextual_por_proximidad_no_asociacion_directa,32.5815,local_0_50km,44.18630791,631.71133191,418.550317064162,14.3037059085903,1,1,1
-73.11,5.32,TUNA,contextual_por_proximidad_no_asociacion_directa,36.6336,local_0_50km,42.53962046,662.67749246,437.68415134257,23.359359713646,1,1,1
-73.06,5.32,TUNA,contextual_por_proximidad_no_asociacion_directa,41.0336,local_0_50km,40.76295919,1020.17295119,664.831443481089,14.6292651028908,1,1,1
-73.01,5.32,TUNA,contextual_por_proximidad_no_asociacion_directa,45.6811,local_0_50km,39.21491482,838.36547482,548.424217127766,25.9961042185639,1,1,1
-72.96,5.32,TUNA,contextual_por_proximidad_no_asociacion_directa,50.5077,contextual_50_100km,37.63052522,737.49829322,483.578004567288,27.7524393173596,1,1,1
-72.91,5.32,TUNA,contextual_por_proximidad_no_asociacion_directa,55.4669,contextual_50_100km,36.02742095,695.70312495,456.364991611559,8.21640872292814,1,1,1
-72.86,5.32,TUNA,contextual_por_proximidad_no_asociacion_directa,60.5259,contextual_50_100km,34.37507774,867.94070974,565.513257632475,23.2754870944077,1,1,1
-72.81,5.32,TUNA,contextual_por_proximidad_no_asociacion_directa,65.6617,contextual_50_100km,32.8361459,620.3611699,407.200155054162,32.3219923988248,1,1,1
-72.76,5.32,TUNA,contextual_por_proximidad_no_asociacion_directa,70.8577,contextual_50_100km,31.26119492,537.00721892,353.516590731732,15.5613609335448,1,1,1
-76.46,5.27,PER2,contextual_por_proximidad_no_asociacion_directa,100.5128,regional_100_150km,68.66940465,110.71306865,95.4591309963122,2.59184814811714,1,0,1
-76.41,5.27,PER2,contextual_por_proximidad_no_asociacion_directa,95.855,contextual_50_100km,70.02425259,127.48557259,106.637927323436,7.36056948315718,1,1,1
-76.36,5.27,PER2,contextual_por_proximidad_no_asociacion_directa,91.2955,contextual_50_100km,71.31960626,165.31916626,131.215016162281,12.2212791104709,1,1,1
-76.31,5.27,PER2,contextual_por_proximidad_no_asociacion_directa,86.8499,contextual_50_100km,72.57465099,202.34712299,155.264138094751,15.189692693392,1,1,1
-76.26,5.27,PER2,contextual_por_proximidad_no_asociacion_directa,82.5366,contextual_50_100km,73.77470035,249.87420435,185.983225322546,13.8008298716849,1,1,1
-76.21,5.27,PER2,contextual_por_proximidad_no_asociacion_directa,78.3774,contextual_50_100km,74.84047052,373.82449452,265.349560899926,23.3440163664737,1,1,1
-76.16,5.27,PER2,contextual_por_proximidad_no_asociacion_directa,74.3982,contextual_50_100km,75.75323321,582.42505721,398.598537852023,21.5200812423583,1,1,1
-76.11,5.27,PER2,contextual_por_proximidad_no_asociacion_directa,70.6294,contextual_50_100km,76.74584035,676.50376835,458.904511515083,16.3742542723731,1,1,1
-76.06,5.27,PER2,contextual_por_proximidad_no_asociacion_directa,67.1065,contextual_50_100km,78.10540982,433.35338582,304.465226179518,17.0132175429234,1,1,1
-76.01,5.27,PER2,contextual_por_proximidad_no_asociacion_directa,63.8702,contextual_50_100km,78.95734831,559.52161231,385.167223937798,14.9639315324342,1,1,1
-75.96,5.27,PER2,contextual_por_proximidad_no_asociacion_directa,60.966,contextual_50_100km,79.80645441,642.97676641,438.651928601956,17.2189700083825,1,1,1
-75.91,5.27,PER2,contextual_por_proximidad_no_asociacion_directa,58.4436,contextual_50_100km,80.56636552,750.24070952,507.274951548709,7.88293233228669,1,1,1
-75.86,5.27,PER2,contextual_por_proximidad_no_asociacion_directa,56.3543,contextual_50_100km,81.68406685,549.69448285,379.894778739043,11.6366995912214,1,1,1
-75.81,5.27,PER2,contextual_por_proximidad_no_asociacion_directa,54.7476,contextual_50_100km,82.36850904,629.05958104,430.713606052764,5.79362002966488,1,1,1
-75.76,5.27,PER2,contextual_por_proximidad_no_asociacion_directa,53.667,contextual_50_100km,83.24313659,529.89843259,367.846618126982,11.9696105914898,1,1,1
-75.71,5.27,PER2,contextual_por_proximidad_no_asociacion_directa,53.1444,contextual_50_100km,84.07367857,423.79290257,300.538757482759,15.8785893369465,1,1,1
-75.66,5.27,PER2,contextual_por_proximidad_no_asociacion_directa,53.1965,contextual_50_100km,84.80820906,345.61224106,250.989459278698,2.18677213263397,1,1,1
-75.61,5.27,PER2,contextual_por_proximidad_no_asociacion_directa,53.8214,contextual_50_100km,85.2754209,409.3177649,291.751376953154,13.714438617919,1,1,1
-75.56,5.27,PER2,contextual_por_proximidad_no_asociacion_directa,54.9997,contextual_50_100km,85.51512134,583.18816934,402.626512151588,16.0376977190648,1,1,1
-75.51,5.27,PER2,contextual_por_proximidad_no_asociacion_directa,56.6969,contextual_50_100km,85.81262301,673.59687101,460.341806636644,9.93793059111891,1,1,1
-75.46,5.27,PER2,contextual_por_proximidad_no_asociacion_directa,58.8681,contextual_50_100km,86.05948582,754.33895782,511.879275877736,14.7185973950699,1,1,1
-75.41,5.27,PER2,contextual_por_proximidad_no_asociacion_directa,61.4631,contextual_50_100km,86.11181791,920.88716191,618.02081200739,19.7094669151806,1,1,1
-75.36,5.27,PER2,contextual_por_proximidad_no_asociacion_directa,64.4307,contextual_50_100km,86.10384361,1083.75826761,721.79746458337,10.100956609657,1,1,1
-75.31,5.27,PER2,contextual_por_proximidad_no_asociacion_directa,67.722,contextual_50_100km,86.41649929,991.88593129,663.370931668461,10.2407118182187,1,1,1
-75.26,5.27,PER2,contextual_por_proximidad_no_asociacion_directa,71.2921,contextual_50_100km,86.65040263,910.52599463,611.614203432089,8.05289849190984,1,1,1
-75.21,5.27,PER2,contextual_por_proximidad_no_asociacion_directa,75.1014,contextual_50_100km,86.6236802,957.8261682,641.743620406599,16.5680655923751,1,1,1
-75.16,5.27,PER2,contextual_por_proximidad_no_asociacion_directa,79.1151,contextual_50_100km,86.89717249,767.42189249,520.519490009727,21.4380226603062,1,1,1
-75.11,5.27,PER2,contextual_por_proximidad_no_asociacion_directa,83.3039,contextual_50_100km,87.00809298,641.51291698,440.332020520426,18.1688626541066,1,1,1
-75.06,5.27,PER2,contextual_por_proximidad_no_asociacion_directa,87.6426,contextual_50_100km,87.14819341,455.22158541,321.680213431825,9.8868797151933,1,1,1
-75.01,5.27,PER2,contextual_por_proximidad_no_asociacion_directa,92.11,contextual_50_100km,86.90441681,475.18493681,334.312180234325,3.71500747100251,1,1,1
-74.96,5.27,PER2,contextual_por_proximidad_no_asociacion_directa,96.6883,contextual_50_100km,86.71794164,416.33977364,296.749081577045,10.1447174882826,1,1,1
-74.91,5.27,PER2,contextual_por_proximidad_no_asociacion_directa,101.3624,regional_100_150km,86.54854277,304.45717477,225.397350518517,12.5192259827463,1,0,1
-74.86,5.27,PER2,contextual_por_proximidad_no_asociacion_directa,106.1197,regional_100_150km,86.302711,200.163767,158.853631674804,6.10830787335326,1,0,1
-73.91,5.27,TUNA,contextual_por_proximidad_no_asociacion_directa,67.0769,contextual_50_100km,67.16126524,977.50657724,647.222550791331,11.8565570106189,1,1,1
-73.86,5.27,TUNA,contextual_por_proximidad_no_asociacion_directa,62.1345,contextual_50_100km,65.79726733,957.63892333,634.068241726568,7.55927678684201,1,1,1
-73.81,5.27,TUNA,contextual_por_proximidad_no_asociacion_directa,57.3006,contextual_50_100km,64.48413444,853.53730244,567.259497772052,7.0584360860103,1,1,1
-73.76,5.27,TUNA,contextual_por_proximidad_no_asociacion_directa,52.605,contextual_50_100km,62.99550066,895.67236466,593.567368075395,7.2883578782285,1,1,1
-73.71,5.27,TUNA,contextual_por_proximidad_no_asociacion_directa,48.0883,local_0_50km,61.50764982,911.08344982,602.847319750986,4.67951293710923,1,1,1
-73.66,5.27,TUNA,contextual_por_proximidad_no_asociacion_directa,43.806,local_0_50km,59.98060744,944.45289544,623.555907547446,3.44897881564597,1,1,1
-73.61,5.27,TUNA,contextual_por_proximidad_no_asociacion_directa,39.8336,local_0_50km,58.43795974,972.67163174,640.976862378556,2.34260774145814,1,1,1
-73.56,5.27,TUNA,contextual_por_proximidad_no_asociacion_directa,36.2732,local_0_50km,56.92735472,938.06676272,618.378983038396,5.78473268445678,1,1,1
-73.51,5.27,TUNA,contextual_por_proximidad_no_asociacion_directa,33.2572,local_0_50km,55.35956947,951.29943347,626.241873621992,13.8838300832497,1,1,1
-73.46,5.27,TUNA,contextual_por_proximidad_no_asociacion_directa,30.9454,local_0_50km,53.84818701,865.62665901,571.103845762945,13.5822905716603,1,1,1
-73.41,5.27,TUNA,contextual_por_proximidad_no_asociacion_directa,29.5036,local_0_50km,52.3585748,718.2186228,476.636736447908,2.00260734408161,1,1,1
-73.36,5.27,TUNA,contextual_por_proximidad_no_asociacion_directa,29.0617,local_0_50km,50.64648496,879.94109296,579.063218782063,10.0248645767088,1,1,1
-73.31,5.27,TUNA,contextual_por_proximidad_no_asociacion_directa,29.6644,local_0_50km,49.06077923,837.90409923,551.702429893852,8.08042232316941,1,1,1
-73.26,5.27,TUNA,contextual_por_proximidad_no_asociacion_directa,31.2513,local_0_50km,47.44664861,827.20478461,544.299327285924,7.28067584628824,1,1,1
-73.21,5.27,TUNA,contextual_por_proximidad_no_asociacion_directa,33.6836,local_0_50km,45.85486431,762.17718431,502.286989934339,19.1889956529031,1,1,1
-73.16,5.27,TUNA,contextual_por_proximidad_no_asociacion_directa,36.794,local_0_50km,44.35255498,496.05654698,332.173006004839,9.7317834151667,1,1,1
-73.11,5.27,TUNA,contextual_por_proximidad_no_asociacion_directa,40.4264,local_0_50km,42.61771896,700.71339096,461.948511884528,17.8816393631388,1,1,1
-73.06,5.27,TUNA,contextual_por_proximidad_no_asociacion_directa,44.4528,local_0_50km,40.97460206,722.22761806,475.06098119289,27.54174954554,1,1,1
-73.01,5.27,TUNA,contextual_por_proximidad_no_asociacion_directa,48.7759,local_0_50km,39.33492007,746.93003207,490.206171787456,9.84935996041302,1,1,1
-72.96,5.27,TUNA,contextual_por_proximidad_no_asociacion_directa,53.3236,contextual_50_100km,37.77035748,563.61241348,372.830707634596,12.9476222138141,1,1,1
-72.91,5.27,TUNA,contextual_por_proximidad_no_asociacion_directa,58.043,contextual_50_100km,36.11170008,679.53035608,446.090471681637,7.34391565359584,1,1,1
-72.86,5.27,TUNA,contextual_por_proximidad_no_asociacion_directa,62.8955,contextual_50_100km,34.52528687,578.45130287,381.10852284296,29.6550821752856,1,1,1
-72.81,5.27,TUNA,contextual_por_proximidad_no_asociacion_directa,67.8526,contextual_50_100km,32.94135908,479.46087108,317.458320655206,12.0278877736799,1,1,1
-72.76,5.27,TUNA,contextual_por_proximidad_no_asociacion_directa,72.893,contextual_50_100km,31.34134667,499.93193067,329.921734759359,14.5872105935202,1,1,1
-72.71,5.27,TUNA,contextual_por_proximidad_no_asociacion_directa,78.0004,contextual_50_100km,29.78052593,352.40330993,235.35195511004,6.6817452927257,1,1,1
-76.46,5.22,PER2,contextual_por_proximidad_no_asociacion_directa,97.6929,contextual_50_100km,68.6018505,141.4067625,114.992280914137,10.8803120022097,1,1,1
-76.41,5.22,PER2,contextual_por_proximidad_no_asociacion_directa,92.8934,contextual_50_100km,69.90622299,231.90887899,173.132402839971,13.6265602603805,1,1,1
-76.36,5.22,PER2,contextual_por_proximidad_no_asociacion_directa,88.1805,contextual_50_100km,71.11789214,369.27486814,261.099997298199,14.0392042637655,1,1,1
-76.31,5.22,PER2,contextual_por_proximidad_no_asociacion_directa,83.569,contextual_50_100km,72.37036454,423.24856454,295.945811220541,9.77378937746445,1,1,1
-76.26,5.22,PER2,contextual_por_proximidad_no_asociacion_directa,79.0766,contextual_50_100km,73.72198547,348.17848147,248.602424572732,7.92473116245119,1,1,1
-76.21,5.22,PER2,contextual_por_proximidad_no_asociacion_directa,74.7248,contextual_50_100km,74.80803968,470.53199168,326.95867009987,13.5239860216423,1,1,1
-76.16,5.22,PER2,contextual_por_proximidad_no_asociacion_directa,70.5395,contextual_50_100km,75.89861414,543.90903014,374.109326029043,14.6013434243058,1,1,1
-76.11,5.22,PER2,contextual_por_proximidad_no_asociacion_directa,66.5522,contextual_50_100km,76.84704211,691.49183411,468.491447266172,19.8317494113628,1,1,1
-76.06,5.22,PER2,contextual_por_proximidad_no_asociacion_directa,62.8007,contextual_50_100km,77.99419441,633.04215441,431.66420179753,26.9945593002282,1,1,1
-76.01,5.22,PER2,contextual_por_proximidad_no_asociacion_directa,59.3296,contextual_50_100km,79.071838,592.261294,406.070100807276,11.1268858616767,1,1,1
-75.96,5.22,PER2,contextual_por_proximidad_no_asociacion_directa,56.1911,contextual_50_100km,79.82047151,764.91247151,516.353005925833,10.132286313743,1,1,1
-75.91,5.22,PER2,contextual_por_proximidad_no_asociacion_directa,53.4436,contextual_50_100km,80.73334997,766.81286997,517.895120471477,14.4893630729882,1,1,1
-75.86,5.22,PER2,contextual_por_proximidad_no_asociacion_directa,51.1502,contextual_50_100km,81.89450295,545.68327095,377.415230572913,13.7554618153749,1,1,1
-75.81,5.22,PER2,contextual_por_proximidad_no_asociacion_directa,49.3744,local_0_50km,82.72924024,526.98980024,365.806824269294,11.377718371608,1,1,1
-75.76,5.22,PER2,contextual_por_proximidad_no_asociacion_directa,48.1732,local_0_50km,83.31080904,646.80206504,442.36078495979,8.38251097754767,1,1,1
-75.71,5.22,PER2,contextual_por_proximidad_no_asociacion_directa,47.5904,local_0_50km,84.37542808,384.86542008,275.844103490534,15.7280188276015,1,1,1
-75.66,5.22,PER2,contextual_por_proximidad_no_asociacion_directa,47.6485,local_0_50km,85.02360265,374.51509065,269.484161156669,0.470600788345271,1,1,1
-75.61,5.22,PER2,contextual_por_proximidad_no_asociacion_directa,48.3452,local_0_50km,85.56863669,392.18125269,280.938575831529,9.4918793933839,1,1,1
-75.56,5.22,PER2,contextual_por_proximidad_no_asociacion_directa,49.6537,local_0_50km,85.85807638,538.54958838,374.307763490484,17.776267689783,1,1,1
-75.51,5.22,PER2,contextual_por_proximidad_no_asociacion_directa,51.5274,contextual_50_100km,86.05981269,698.56909269,476.343494810966,14.9649471984864,1,1,1
-75.46,5.22,PER2,contextual_por_proximidad_no_asociacion_directa,53.9074,contextual_50_100km,86.28555566,797.94184366,539.744540779669,15.2295040336413,1,1,1
-75.41,5.22,PER2,contextual_por_proximidad_no_asociacion_directa,56.73,contextual_50_100km,86.34621898,962.62209098,644.698859576597,20.7006211470271,1,1,1
-75.36,5.22,PER2,contextual_por_proximidad_no_asociacion_directa,59.9327,contextual_50_100km,86.29499148,1157.14933548,768.630737301764,5.58566006544963,1,1,1
-75.31,5.22,PER2,contextual_por_proximidad_no_asociacion_directa,63.458,contextual_50_100km,86.64140676,1046.26396676,698.101572984988,14.7504986180851,1,1,1
-75.26,5.22,PER2,contextual_por_proximidad_no_asociacion_directa,67.2552,contextual_50_100km,86.96898812,906.57355612,609.211342851677,13.5725536164264,1,1,1
-75.21,5.22,PER2,contextual_por_proximidad_no_asociacion_directa,71.2807,contextual_50_100km,87.14266666,825.61012266,557.685411504915,17.4775889438946,1,1,1
-75.16,5.22,PER2,contextual_por_proximidad_no_asociacion_directa,75.4982,contextual_50_100km,87.32078607,699.94116207,477.675257250601,16.5063017266722,1,1,1
-75.11,5.22,PER2,contextual_por_proximidad_no_asociacion_directa,79.8772,contextual_50_100km,87.44119516,569.74596316,394.760099388746,9.00333132318772,1,1,1
-75.06,5.22,PER2,contextual_por_proximidad_no_asociacion_directa,84.3926,contextual_50_100km,87.30641079,561.76039479,389.622888137873,9.29400943978359,1,1,1
-75.01,5.22,PER2,contextual_por_proximidad_no_asociacion_directa,89.0236,contextual_50_100km,87.19158261,498.74054261,349.425721302322,11.714823843662,1,1,1
-74.96,5.22,PER2,contextual_por_proximidad_no_asociacion_directa,93.7531,contextual_50_100km,87.13082422,358.61241622,260.115689614728,12.7785564824891,1,1,1
-74.91,5.22,PER2,contextual_por_proximidad_no_asociacion_directa,98.5669,contextual_50_100km,86.90037838,285.63877838,213.534140615944,8.66386907760135,1,1,1
-74.86,5.22,PER2,contextual_por_proximidad_no_asociacion_directa,103.4532,regional_100_150km,86.60190431,214.51043231,168.103708303097,6.06817791526,1,0,1
-73.86,5.22,TUNA,contextual_por_proximidad_no_asociacion_directa,64.9228,contextual_50_100km,66.01529205,921.72606005,611.264091163052,4.39639985464567,1,1,1
-73.81,5.22,TUNA,contextual_por_proximidad_no_asociacion_directa,60.3124,contextual_50_100km,64.54717441,964.59759041,638.048673768487,6.64400266066816,1,1,1
-73.76,5.22,TUNA,contextual_por_proximidad_no_asociacion_directa,55.8701,contextual_50_100km,63.08964515,969.42315715,640.5946591034,5.52202182966856,1,1,1
-73.71,5.22,TUNA,contextual_por_proximidad_no_asociacion_directa,51.6395,contextual_50_100km,61.63067552,947.12751552,625.858808066302,1.73301857281413,1,1,1
-73.66,5.22,TUNA,contextual_por_proximidad_no_asociacion_directa,47.6768,local_0_50km,60.10431315,971.96793715,641.133049183009,3.23251448376645,1,1,1
-73.61,5.22,TUNA,contextual_por_proximidad_no_asociacion_directa,44.0546,local_0_50km,58.61385896,929.65587496,613.631548302682,2.53275566469357,1,1,1
-73.56,5.22,TUNA,contextual_por_proximidad_no_asociacion_directa,40.8633,local_0_50km,56.99711759,1016.22466959,668.205589380731,8.27865030302615,1,1,1
-73.51,5.22,TUNA,contextual_por_proximidad_no_asociacion_directa,38.2111,local_0_50km,55.43151337,1020.84340937,670.580576147079,10.8902500355214,1,1,1
-73.46,5.22,TUNA,contextual_por_proximidad_no_asociacion_directa,36.2167,local_0_50km,53.99217503,829.12131103,547.895309554465,19.0792991449938,1,1,1
-73.41,5.22,TUNA,contextual_por_proximidad_no_asociacion_directa,34.9927,local_0_50km,52.48038533,702.05869733,466.384017015845,9.24525914558086,1,1,1
-73.36,5.22,TUNA,contextual_por_proximidad_no_asociacion_directa,34.6209,local_0_50km,50.88281503,674.92139103,448.512828450865,14.8709298457524,1,1,1
-73.31,5.22,TUNA,contextual_por_proximidad_no_asociacion_directa,35.1284,local_0_50km,49.17243283,815.75952083,537.632675213641,16.4322720269932,1,1,1
-73.26,5.22,TUNA,contextual_por_proximidad_no_asociacion_directa,36.4785,local_0_50km,47.46349108,962.00576308,630.19902999532,12.4823533377016,1,1,1
-73.21,5.22,TUNA,contextual_por_proximidad_no_asociacion_directa,38.5829,local_0_50km,45.97861943,692.71781143,458.073197369617,29.3975230541286,1,1,1
-73.16,5.22,TUNA,contextual_por_proximidad_no_asociacion_directa,41.3264,local_0_50km,44.44528127,474.46086527,318.446134763873,15.8527610080428,1,1,1
-73.11,5.22,TUNA,contextual_por_proximidad_no_asociacion_directa,44.5913,local_0_50km,42.80879517,447.30933117,300.551761301035,15.8723194851365,1,1,1
-73.06,5.22,TUNA,contextual_por_proximidad_no_asociacion_directa,48.2719,local_0_50km,41.12195605,542.44882805,360.561520378473,20.1017386548921,1,1,1
-73.01,5.22,TUNA,contextual_por_proximidad_no_asociacion_directa,52.2804,contextual_50_100km,39.39446756,779.14569956,510.755219316253,9.29607709377652,1,1,1
-72.96,5.22,TUNA,contextual_por_proximidad_no_asociacion_directa,56.5473,contextual_50_100km,37.85194721,522.88473921,346.909116125339,14.811901842099,1,1,1
-72.91,5.22,TUNA,contextual_por_proximidad_no_asociacion_directa,61.0182,contextual_50_100km,36.21004756,568.38457556,375.305374113791,9.59235639145919,1,1,1
-72.86,5.22,TUNA,contextual_por_proximidad_no_asociacion_directa,65.6515,contextual_50_100km,34.63624274,392.79740274,262.852305552169,8.29004197038012,1,1,1
-72.81,5.22,TUNA,contextual_por_proximidad_no_asociacion_directa,70.4153,contextual_50_100km,33.01584985,426.94992185,284.025989864639,8.61098805858014,1,1,1
-72.76,5.22,TUNA,contextual_por_proximidad_no_asociacion_directa,75.2846,contextual_50_100km,31.43604435,318.27357235,214.205530876499,12.9428052856105,1,1,1
-72.71,5.22,TUNA,contextual_por_proximidad_no_asociacion_directa,80.2404,contextual_50_100km,29.84593866,334.03913066,223.6742493917,7.23631439013315,1,1,1
-72.66,5.22,TUNA,contextual_por_proximidad_no_asociacion_directa,85.2674,contextual_50_100km,28.28512466,235.84948466,160.542684411392,16.6516703266259,1,1,1
-76.46,5.17,PER2,contextual_por_proximidad_no_asociacion_directa,95.1147,contextual_50_100km,68.5290077,159.3808477,126.418727579289,4.14247587756128,1,1,1
-76.41,5.17,PER2,contextual_por_proximidad_no_asociacion_directa,90.1776,contextual_50_100km,69.92147045,185.48599845,143.557823372541,9.58861752860741,1,1,1
-76.36,5.17,PER2,contextual_por_proximidad_no_asociacion_directa,85.3145,contextual_50_100km,71.16658268,314.92355068,226.48564497026,10.8286055617412,1,1,1
-76.31,5.17,PER2,contextual_por_proximidad_no_asociacion_directa,80.5387,contextual_50_100km,72.440675,371.474075,262.981227184208,5.9729289498641,1,1,1
-76.26,5.17,PER2,contextual_por_proximidad_no_asociacion_directa,75.8667,contextual_50_100km,73.72336764,378.96579964,268.220241712698,16.855823948419,1,1,1
-76.21,5.17,PER2,contextual_por_proximidad_no_asociacion_directa,71.3189,contextual_50_100km,74.82850056,501.85683656,346.925914894799,22.8834555814436,1,1,1
-76.16,5.17,PER2,contextual_por_proximidad_no_asociacion_directa,66.9206,contextual_50_100km,75.78466235,704.73615035,476.545125296946,38.5533751604688,1,1,1
-76.11,5.17,PER2,contextual_por_proximidad_no_asociacion_directa,62.7032,contextual_50_100km,76.5567851,1009.8372491,671.232078740423,25.8741500288771,1,1,1
-76.06,5.17,PER2,contextual_por_proximidad_no_asociacion_directa,58.7059,contextual_50_100km,77.78322623,893.20317823,597.359193048758,34.8634235120368,1,1,1
-76.01,5.17,PER2,contextual_por_proximidad_no_asociacion_directa,54.9767,contextual_50_100km,79.06411173,700.00434373,474.719896932156,17.5629048580091,1,1,1
-75.96,5.17,PER2,contextual_por_proximidad_no_asociacion_directa,51.5736,contextual_50_100km,80.11223188,653.54040788,445.493895911588,10.1330079006704,1,1,1
-75.91,5.17,PER2,contextual_por_proximidad_no_asociacion_directa,48.5654,local_0_50km,81.0851636,624.3199156,427.227934313009,12.5177328075627,1,1,1
-75.86,5.17,PER2,contextual_por_proximidad_no_asociacion_directa,46.0294,local_0_50km,82.06855582,547.37563582,378.556733924591,12.1995581283672,1,1,1
-75.81,5.17,PER2,contextual_por_proximidad_no_asociacion_directa,44.0474,local_0_50km,83.01409311,459.01233311,322.595732719122,4.48817120921849,1,1,1
-75.76,5.17,PER2,contextual_por_proximidad_no_asociacion_directa,42.6966,local_0_50km,83.62905095,564.79817095,390.224333680255,9.82380151354831,1,1,1
-75.71,5.17,PER2,contextual_por_proximidad_no_asociacion_directa,42.0378,local_0_50km,84.57755054,393.77006254,281.591368955275,12.6918610955719,1,1,1
-75.66,5.17,PER2,contextual_por_proximidad_no_asociacion_directa,42.1035,local_0_50km,85.29474245,343.66700645,249.926498807798,0.498965341682167,1,1,1
-75.61,5.17,PER2,contextual_por_proximidad_no_asociacion_directa,42.8905,local_0_50km,85.7915662,400.8598222,286.54933932486,11.9390746896329,1,1,1
-75.56,5.17,PER2,contextual_por_proximidad_no_asociacion_directa,44.3604,local_0_50km,86.08588412,549.46730012,381.347051857585,16.0974248229066,1,1,1
-75.51,5.17,PER2,contextual_por_proximidad_no_asociacion_directa,46.4483,local_0_50km,86.3416777,678.3105417,463.537249239562,12.2504387337842,1,1,1
-75.46,5.17,PER2,contextual_por_proximidad_no_asociacion_directa,49.0754,local_0_50km,86.61852536,748.44208536,508.324684507836,14.7931739868209,1,1,1
-75.41,5.17,PER2,contextual_por_proximidad_no_asociacion_directa,52.1604,contextual_50_100km,86.6722753,921.3735553,618.534076690966,22.632158147215,1,1,1
-75.36,5.17,PER2,contextual_por_proximidad_no_asociacion_directa,55.6271,contextual_50_100km,86.60044736,1132.33475136,752.930000253184,7.20173852814649,1,1,1
-75.31,5.17,PER2,contextual_por_proximidad_no_asociacion_directa,59.4087,contextual_50_100km,86.91501462,1045.83396662,697.926850133967,7.99361699831801,1,1,1
-75.26,5.17,PER2,contextual_por_proximidad_no_asociacion_directa,63.4489,contextual_50_100km,87.1124151,993.6681191,664.75900717267,18.1075836119833,1,1,1
-75.21,5.17,PER2,contextual_por_proximidad_no_asociacion_directa,67.7015,contextual_50_100km,87.56507951,734.32895951,499.675388351758,20.5133375749759,1,1,1
-75.16,5.17,PER2,contextual_por_proximidad_no_asociacion_directa,72.1289,contextual_50_100km,87.70190762,637.42960362,437.981905596121,10.3982063071315,1,1,1
-75.11,5.17,PER2,contextual_por_proximidad_no_asociacion_directa,76.7009,contextual_50_100km,87.72999676,567.96097276,393.727505208893,2.82273963693355,1,1,1
-75.06,5.17,PER2,contextual_por_proximidad_no_asociacion_directa,81.393,contextual_50_100km,87.53315377,600.24119377,414.224663985525,7.60939186979808,1,1,1
-75.01,5.17,PER2,contextual_por_proximidad_no_asociacion_directa,86.1857,contextual_50_100km,87.52183811,470.93882211,331.830613812526,14.1367002757311,1,1,1
-74.96,5.17,PER2,contextual_por_proximidad_no_asociacion_directa,91.063,contextual_50_100km,87.42340635,355.00429435,257.922789206433,12.2639190345849,1,1,1
-74.91,5.17,PER2,contextual_por_proximidad_no_asociacion_directa,96.0122,contextual_50_100km,87.22282766,262.08793166,198.64480752549,7.14132246965395,1,1,1
-74.86,5.17,PER2,contextual_por_proximidad_no_asociacion_directa,101.0225,regional_100_150km,86.83910004,244.85464404,187.524739194182,2.77334686344962,1,0,1
-73.81,5.17,TUNA,contextual_por_proximidad_no_asociacion_directa,63.6681,contextual_50_100km,64.69643664,959.48830864,634.847253842431,1.67527630822689,1,1,1
-73.76,5.17,TUNA,contextual_por_proximidad_no_asociacion_directa,59.4767,contextual_50_100km,63.20676219,989.77209019,653.603250448041,2.15630245801794,1,1,1
-73.71,5.17,TUNA,contextual_por_proximidad_no_asociacion_directa,55.5212,contextual_50_100km,61.76509295,941.10227695,622.068365412095,6.4550268057376,1,1,1
-73.66,5.17,TUNA,contextual_por_proximidad_no_asociacion_directa,51.8557,contextual_50_100km,60.29647391,891.38096191,589.853698137294,4.23407454567778,1,1,1
-73.61,5.17,TUNA,contextual_por_proximidad_no_asociacion_directa,48.546,local_0_50km,58.68285701,983.81628101,648.166952943856,9.6496160886045,1,1,1
-73.56,5.17,TUNA,contextual_por_proximidad_no_asociacion_directa,45.6694,local_0_50km,57.0770048,1050.8430688,690.293008686145,7.72092938909319,1,1,1
-73.51,5.17,TUNA,contextual_por_proximidad_no_asociacion_directa,43.3124,local_0_50km,55.57931534,959.02433134,631.24381374289,7.30085927770339,1,1,1
-73.46,5.17,TUNA,contextual_por_proximidad_no_asociacion_directa,41.5633,local_0_50km,54.00023425,948.98961025,624.27689866956,12.6825651258866,1,1,1
-73.41,5.17,TUNA,contextual_por_proximidad_no_asociacion_directa,40.5011,local_0_50km,52.53201119,755.81906719,500.658220483832,17.5455782149698,1,1,1
-73.36,5.17,TUNA,contextual_por_proximidad_no_asociacion_directa,40.1803,local_0_50km,50.98388688,646.37203888,430.358188366106,8.37427446033775,1,1,1
-73.31,5.17,TUNA,contextual_por_proximidad_no_asociacion_directa,40.6184,local_0_50km,49.23550838,840.01683638,553.11203486193,20.5465071151071,1,1,1
-73.26,5.17,TUNA,contextual_por_proximidad_no_asociacion_directa,41.7916,local_0_50km,47.51266747,1004.77752347,657.470532540513,16.9828994175271,1,1,1
-73.21,5.17,TUNA,contextual_por_proximidad_no_asociacion_directa,43.6407,local_0_50km,45.93518318,907.04027918,594.621184410885,22.6899038005448,1,1,1
-73.16,5.17,TUNA,contextual_por_proximidad_no_asociacion_directa,46.0843,local_0_50km,44.44038262,617.09088662,409.326523234143,30.360833672336,1,1,1
-73.11,5.17,TUNA,contextual_por_proximidad_no_asociacion_directa,49.0336,local_0_50km,42.87609665,432.25523265,290.983885219604,11.8276973839835,1,1,1
-73.06,5.17,TUNA,contextual_por_proximidad_no_asociacion_directa,52.4034,contextual_50_100km,41.15327685,608.38476485,402.586484444169,11.7804434199141,1,1,1
-73.01,5.17,TUNA,contextual_por_proximidad_no_asociacion_directa,56.1179,contextual_50_100km,39.52059015,586.38447815,387.975803477752,26.3440006335661,1,1,1
-72.96,5.17,TUNA,contextual_por_proximidad_no_asociacion_directa,60.1132,contextual_50_100km,37.93957753,418.52978553,280.447164937369,2.18997836545226,1,1,1
-72.91,5.17,TUNA,contextual_por_proximidad_no_asociacion_directa,64.3372,contextual_50_100km,36.25998414,577.58141614,381.183609937073,11.4287664023126,1,1,1
-72.86,5.17,TUNA,contextual_por_proximidad_no_asociacion_directa,68.7476,contextual_50_100km,34.645037,565.190157,372.702124012478,14.9315303352376,1,1,1
-72.81,5.17,TUNA,contextual_por_proximidad_no_asociacion_directa,73.3107,contextual_50_100km,33.08335305,350.48462505,235.327696427195,15.757405017992,1,1,1
-72.76,5.17,TUNA,contextual_por_proximidad_no_asociacion_directa,77.9999,contextual_50_100km,31.49168013,295.49280813,199.710082175972,6.69631728640997,1,1,1
-72.71,5.17,TUNA,contextual_por_proximidad_no_asociacion_directa,82.7937,contextual_50_100km,29.90895021,258.86546221,175.797336666664,9.09994518842887,1,1,1
-72.66,5.17,TUNA,contextual_por_proximidad_no_asociacion_directa,87.6748,contextual_50_100km,28.34516506,178.01616506,123.713759290486,4.6287886725188,1,1,1
-76.46,5.12,PER2,contextual_por_proximidad_no_asociacion_directa,92.7982,contextual_50_100km,68.4281339,189.3499579,145.478092587162,1.37570434003027,1,1,1
-76.41,5.12,PER2,contextual_por_proximidad_no_asociacion_directa,87.7306,contextual_50_100km,69.88096034,176.75531234,137.98003570887,11.2366826034669,1,1,1
-76.36,5.12,PER2,contextual_por_proximidad_no_asociacion_directa,82.7233,contextual_50_100km,71.0693665,382.8294305,269.719198737951,19.0553040622482,1,1,1
-76.31,5.12,PER2,contextual_por_proximidad_no_asociacion_directa,77.7882,contextual_50_100km,72.29290083,503.90086083,347.308397511975,13.3356448932929,1,1,1
-76.26,5.12,PER2,contextual_por_proximidad_no_asociacion_directa,72.9398,contextual_50_100km,73.48101622,610.37095222,415.580945082743,13.408312768624,1,1,1
-76.21,5.12,PER2,contextual_por_proximidad_no_asociacion_directa,68.1967,contextual_50_100km,74.63977175,696.77737175,471.058505706,26.8439276793796,1,1,1
-76.16,5.12,PER2,contextual_por_proximidad_no_asociacion_directa,63.5824,contextual_50_100km,75.51480149,979.83624149,651.7377469189,34.2136658364475,1,1,1
-76.11,5.12,PER2,contextual_por_proximidad_no_asociacion_directa,59.1271,contextual_50_100km,76.51963256,1100.08411256,728.722835330466,13.3420690010816,1,1,1
-76.06,5.12,PER2,contextual_por_proximidad_no_asociacion_directa,54.8696,contextual_50_100km,77.54680874,1155.57301674,764.452381633757,18.9354302233616,1,1,1
-76.01,5.12,PER2,contextual_por_proximidad_no_asociacion_directa,50.8595,contextual_50_100km,79.06288885,782.86839285,527.519447088795,31.9171120876958,1,1,1
-75.96,5.12,PER2,contextual_por_proximidad_no_asociacion_directa,47.1599,local_0_50km,80.29621466,604.82980666,414.522827001117,14.8575014961009,1,1,1
-75.91,5.12,PER2,contextual_por_proximidad_no_asociacion_directa,43.8497,local_0_50km,81.28498208,575.71155808,396.327759260032,13.3443334780955,1,1,1
-75.86,5.12,PER2,contextual_por_proximidad_no_asociacion_directa,41.023,local_0_50km,82.40374443,411.32196843,291.986553656023,11.907914011479,1,1,1
-75.81,5.12,PER2,contextual_por_proximidad_no_asociacion_directa,38.7858,local_0_50km,83.1870338,450.7666658,317.404435779003,5.63379328403715,1,1,1
-75.76,5.12,PER2,contextual_por_proximidad_no_asociacion_directa,37.2445,local_0_50km,83.91110684,488.05366684,341.425974889989,8.05580617847821,1,1,1
-75.71,5.12,PER2,contextual_por_proximidad_no_asociacion_directa,36.4874,local_0_50km,84.76810809,389.65256409,279.036884081652,6.80511878569849,1,1,1
-75.66,5.12,PER2,contextual_por_proximidad_no_asociacion_directa,36.5631,local_0_50km,85.4503277,370.4609437,267.055727468057,4.31269774958096,1,1,1
-75.61,5.12,PER2,contextual_por_proximidad_no_asociacion_directa,37.4667,local_0_50km,85.97969667,411.57738467,293.446699558044,8.53537254234597,1,1,1
-75.56,5.12,PER2,contextual_por_proximidad_no_asociacion_directa,39.1409,local_0_50km,86.35906494,508.57324094,355.388953357282,12.2611340465752,1,1,1
-75.51,5.12,PER2,contextual_por_proximidad_no_asociacion_directa,41.4925,local_0_50km,86.642561,623.964537,429.017780650213,12.272257104752,1,1,1
-75.46,5.12,PER2,contextual_por_proximidad_no_asociacion_directa,44.4139,local_0_50km,86.89407364,715.30242564,487.308456739842,14.9197758870718,1,1,1
-75.41,5.12,PER2,contextual_por_proximidad_no_asociacion_directa,47.801,local_0_50km,86.96693018,879.08141018,591.69292537755,26.9255534982531,1,1,1
-75.36,5.12,PER2,contextual_por_proximidad_no_asociacion_directa,51.5619,contextual_50_100km,86.78247824,1166.53684624,774.789214283635,10.1799127549607,1,1,1
-75.31,5.12,PER2,contextual_por_proximidad_no_asociacion_directa,55.6208,contextual_50_100km,87.16840223,1036.27387423,691.927204142875,18.5862669170621,1,1,1
-75.26,5.12,PER2,contextual_por_proximidad_no_asociacion_directa,59.9174,contextual_50_100km,87.55794704,862.18097904,581.138598070572,11.8054538893224,1,1,1
-75.21,5.12,PER2,contextual_por_proximidad_no_asociacion_directa,64.4039,contextual_50_100km,87.65956543,831.92870143,561.899072278076,5.89520102745958,1,1,1
-75.16,5.12,PER2,contextual_por_proximidad_no_asociacion_directa,69.0435,contextual_50_100km,87.74367357,770.02124157,522.482885141746,16.9628888425106,1,1,1
-75.11,5.12,PER2,contextual_por_proximidad_no_asociacion_directa,73.8071,contextual_50_100km,88.02770203,537.53446203,374.44810276428,17.557532829296,1,1,1
-75.06,5.12,PER2,contextual_por_proximidad_no_asociacion_directa,78.6724,contextual_50_100km,87.98468409,471.62386009,332.435037911796,2.27291646666576,1,1,1
-75.01,5.12,PER2,contextual_por_proximidad_no_asociacion_directa,83.6215,contextual_50_100km,87.72572994,500.86706594,350.974511820424,4.22919443796356,1,1,1
-74.96,5.12,PER2,contextual_por_proximidad_no_asociacion_directa,88.6405,contextual_50_100km,87.60580603,398.47710203,285.689325790871,15.7780819593936,1,1,1
-74.91,5.12,PER2,contextual_por_proximidad_no_asociacion_directa,93.718,contextual_50_100km,87.52360822,228.96116022,177.645946586425,9.56796428735464,1,1,1
-74.86,5.12,PER2,contextual_por_proximidad_no_asociacion_directa,98.8451,contextual_50_100km,87.0906287,241.9090767,185.739116026908,3.86071333380837,1,1,1
-73.76,5.12,TUNA,contextual_por_proximidad_no_asociacion_directa,63.3664,contextual_50_100km,63.36500833,937.56708833,620.396253146744,4.94340258571927,1,1,1
-73.71,5.12,TUNA,contextual_por_proximidad_no_asociacion_directa,59.669,contextual_50_100km,61.90766989,896.42378989,593.651489514908,3.03192269947484,1,1,1
-73.66,5.12,TUNA,contextual_por_proximidad_no_asociacion_directa,56.2741,contextual_50_100km,60.37466772,910.60469972,602.131206557725,5.08115364864189,1,1,1
-73.61,5.12,TUNA,contextual_por_proximidad_no_asociacion_directa,53.2395,contextual_50_100km,58.76952891,986.26065691,649.755925998332,16.1334086485022,1,1,1
-73.56,5.12,TUNA,contextual_por_proximidad_no_asociacion_directa,50.6301,contextual_50_100km,57.29249534,884.27877534,584.238389811869,22.4555700073962,1,1,1
-73.51,5.12,TUNA,contextual_por_proximidad_no_asociacion_directa,48.5144,local_0_50km,55.66479058,947.54347858,623.95936132978,17.4574037773577,1,1,1
-73.46,5.12,TUNA,contextual_por_proximidad_no_asociacion_directa,46.9594,local_0_50km,54.21584351,748.50412351,496.608138973397,18.6421029516473,1,1,1
-73.41,5.12,TUNA,contextual_por_proximidad_no_asociacion_directa,46.0219,local_0_50km,52.62846762,710.89695562,472.069376859516,16.520585285813,1,1,1
-73.36,5.12,TUNA,contextual_por_proximidad_no_asociacion_directa,45.7398,local_0_50km,51.10373473,554.62783873,371.943349349032,6.94203011414343,1,1,1
-73.31,5.12,TUNA,contextual_por_proximidad_no_asociacion_directa,46.1252,local_0_50km,49.3016518,824.5912598,543.307037188383,7.4169355462041,1,1,1
-73.26,5.12,TUNA,contextual_por_proximidad_no_asociacion_directa,47.1617,local_0_50km,47.75130104,673.43162904,446.427419453249,21.163884225829,1,1,1
-73.21,5.12,TUNA,contextual_por_proximidad_no_asociacion_directa,48.8078,local_0_50km,46.06593841,750.88365041,495.167463636581,11.1269733125486,1,1,1
-73.16,5.12,TUNA,contextual_por_proximidad_no_asociacion_directa,51.0046,contextual_50_100km,44.44663594,699.93772394,462.117818688641,9.30914023465734,1,1,1
-73.11,5.12,TUNA,contextual_por_proximidad_no_asociacion_directa,53.6845,contextual_50_100km,42.82184642,652.98576642,431.611092837561,18.2196097477404,1,1,1
-73.06,5.12,TUNA,contextual_por_proximidad_no_asociacion_directa,56.7792,contextual_50_100km,41.27626757,405.43661157,273.314939602459,21.2737979414408,1,1,1
-73.01,5.12,TUNA,contextual_por_proximidad_no_asociacion_directa,60.2247,contextual_50_100km,39.64160547,362.54830147,245.393940024663,13.5387510468109,1,1,1
-72.96,5.12,TUNA,contextual_por_proximidad_no_asociacion_directa,63.9643,contextual_50_100km,37.93285516,559.44216716,370.232431988831,20.4062596987199,1,1,1
-72.91,5.12,TUNA,contextual_por_proximidad_no_asociacion_directa,67.9496,contextual_50_100km,36.26285445,704.35716645,461.964662741678,6.48392770088978,1,1,1
-72.86,5.12,TUNA,contextual_por_proximidad_no_asociacion_directa,72.1398,contextual_50_100km,34.69638846,514.58173246,340.473664278918,15.353498733663,1,1,1
-72.81,5.12,TUNA,contextual_por_proximidad_no_asociacion_directa,76.5012,contextual_50_100km,33.09995902,459.54812702,304.827697154483,16.1438775778166,1,1,1
-72.76,5.12,TUNA,contextual_por_proximidad_no_asociacion_directa,81.0063,contextual_50_100km,31.54003807,248.88084607,170.027035069272,14.8175795732766,1,1,1
-72.71,5.12,TUNA,contextual_por_proximidad_no_asociacion_directa,85.6322,contextual_50_100km,29.95511466,230.12541866,157.501269220129,7.77664411959958,1,1,1
-72.66,5.12,TUNA,contextual_por_proximidad_no_asociacion_directa,90.3606,contextual_50_100km,28.39182804,158.13961204,111.065584242609,3.34425588633966,1,1,1
-72.61,5.12,TUNA,contextual_por_proximidad_no_asociacion_directa,95.1761,contextual_50_100km,26.83741947,177.57000347,122.882442492554,7.25185873501122,1,1,1
-76.46,5.07,PER2,contextual_por_proximidad_no_asociacion_directa,90.7637,contextual_50_100km,68.36516153,163.48802553,128.976327479701,2.88887646789408,1,1,1
-76.41,5.07,PER2,contextual_por_proximidad_no_asociacion_directa,85.5752,contextual_50_100km,69.80488774,186.88772774,144.408691144219,6.79359608573115,1,1,1
-76.36,5.07,PER2,contextual_por_proximidad_no_asociacion_directa,80.4335,contextual_50_100km,71.13432961,277.21740961,202.448035232925,14.2525529152248,1,1,1
-76.31,5.07,PER2,contextual_por_proximidad_no_asociacion_directa,75.3481,contextual_50_100km,72.37453244,405.52674844,284.655191383224,22.9905928848359,1,1,1
-76.26,5.07,PER2,contextual_por_proximidad_no_asociacion_directa,70.3313,contextual_50_100km,73.59063463,507.61801863,350.147759721804,28.1041629997597,1,1,1
-76.21,5.07,PER2,contextual_por_proximidad_no_asociacion_directa,65.3989,contextual_50_100km,74.55320244,785.17259444,527.351489669742,39.4257810108175,1,1,1
-76.16,5.07,PER2,contextual_por_proximidad_no_asociacion_directa,60.5715,contextual_50_100km,75.35845646,1141.18879246,754.492963696048,11.4465379603268,1,1,1
-76.11,5.07,PER2,contextual_por_proximidad_no_asociacion_directa,55.8763,contextual_50_100km,76.85852506,859.77672506,575.724759209986,10.6931203206989,1,1,1
-76.06,5.07,PER2,contextual_por_proximidad_no_asociacion_directa,51.3495,contextual_50_100km,77.82347444,984.36683444,655.4622010616,28.5587449122259,1,1,1
-76.01,5.07,PER2,contextual_por_proximidad_no_asociacion_directa,47.04,local_0_50km,79.34141668,627.79768068,428.811273195854,29.9434768753212,1,1,1
-75.96,5.07,PER2,contextual_por_proximidad_no_asociacion_directa,43.0128,local_0_50km,80.53186366,497.58624766,346.27399352979,8.17773329674334,1,1,1
-75.91,5.07,PER2,contextual_por_proximidad_no_asociacion_directa,39.355,local_0_50km,81.5022656,494.6436016,344.751047480424,10.5323805557111,1,1,1
-75.86,5.07,PER2,contextual_por_proximidad_no_asociacion_directa,36.1786,local_0_50km,82.56663918,381.11862318,272.800438772457,2.59938160246853,1,1,1
-75.81,5.07,PER2,contextual_por_proximidad_no_asociacion_directa,33.6204,local_0_50km,83.22529714,518.57348914,360.624025496353,4.22022789715118,1,1,1
-75.76,5.07,PER2,contextual_por_proximidad_no_asociacion_directa,31.8298,local_0_50km,84.12684869,437.91823269,309.558541823193,8.03239179705102,1,1,1
-75.71,5.07,PER2,contextual_por_proximidad_no_asociacion_directa,30.9404,local_0_50km,84.89109456,411.59974256,293.065988044394,2.91336752186762,1,1,1
-75.66,5.07,PER2,contextual_por_proximidad_no_asociacion_directa,31.0297,local_0_50km,85.5489722,415.1090842,295.540784881692,7.08500752078781,1,1,1
-75.61,5.07,PER2,contextual_por_proximidad_no_asociacion_directa,32.0895,local_0_50km,86.0908387,453.0162387,319.891371772264,9.5145484691515,1,1,1
-75.56,5.07,PER2,contextual_por_proximidad_no_asociacion_directa,34.0294,local_0_50km,86.47891257,548.81108857,381.071516966588,16.0765298028576,1,1,1
-75.51,5.07,PER2,contextual_por_proximidad_no_asociacion_directa,36.7101,local_0_50km,86.67182438,728.17716038,495.431451065701,15.031552069409,1,1,1
-75.46,5.07,PER2,contextual_por_proximidad_no_asociacion_directa,39.9828,local_0_50km,86.97082062,791.40586862,535.828516863394,18.3008190094322,1,1,1
-75.41,5.07,PER2,contextual_por_proximidad_no_asociacion_directa,43.7148,local_0_50km,86.91393958,1043.11721158,696.195375858445,24.2832992215818,1,1,1
-75.36,5.07,PER2,contextual_por_proximidad_no_asociacion_directa,47.7986,local_0_50km,86.91248813,1212.80872813,804.320280275372,7.49176143272946,1,1,1
-75.31,5.07,PER2,contextual_por_proximidad_no_asociacion_directa,52.1516,contextual_50_100km,87.19222828,1154.02242828,766.963837052763,16.6924940070953,1,1,1
-75.26,5.07,PER2,contextual_por_proximidad_no_asociacion_directa,56.7119,contextual_50_100km,87.59108711,975.33453511,653.250731751144,22.4522779223049,1,1,1
-75.21,5.07,PER2,contextual_por_proximidad_no_asociacion_directa,61.4333,contextual_50_100km,87.9530934,778.8838054,528.205986172206,19.0659270034096,1,1,1
-75.16,5.07,PER2,contextual_por_proximidad_no_asociacion_directa,66.2815,contextual_50_100km,88.1484358,647.1835078,444.35898388332,8.68671146157154,1,1,1
-75.11,5.07,PER2,contextual_por_proximidad_no_asociacion_directa,71.2305,contextual_50_100km,88.09688911,630.14661711,433.484576520235,7.56016222607888,1,1,1
-75.06,5.07,PER2,contextual_por_proximidad_no_asociacion_directa,76.2607,contextual_50_100km,87.97608065,614.12673665,423.23306708136,13.2241359100274,1,1,1
-75.01,5.07,PER2,contextual_por_proximidad_no_asociacion_directa,81.357,contextual_50_100km,87.99040685,468.71639885,330.584514219145,13.1527501980136,1,1,1
-74.96,5.07,PER2,contextual_por_proximidad_no_asociacion_directa,86.5078,contextual_50_100km,87.83895311,385.98358511,277.813192817128,15.5946066363759,1,1,1
-74.91,5.07,PER2,contextual_por_proximidad_no_asociacion_directa,91.7039,contextual_50_100km,87.77023839,207.17375039,163.852746595484,12.2086128279179,1,1,1
-74.86,5.07,PER2,contextual_por_proximidad_no_asociacion_directa,96.938,contextual_50_100km,87.3999018,178.1900218,145.250294423936,4.02338277017073,1,1,1
-73.66,5.07,TUNA,contextual_por_proximidad_no_asociacion_directa,60.8798,contextual_50_100km,60.4559589,895.9472549,592.821149159482,11.7738082389338,1,1,1
-73.61,5.07,TUNA,contextual_por_proximidad_no_asociacion_directa,58.0861,contextual_50_100km,59.06871164,704.07974364,470.062126429739,15.655397397379,1,1,1
-73.56,5.07,TUNA,contextual_por_proximidad_no_asociacion_directa,55.704,contextual_50_100km,57.52776954,661.68016154,442.4865412862,3.93778733398795,1,1,1
-73.51,5.07,TUNA,contextual_por_proximidad_no_asociacion_directa,53.7881,contextual_50_100km,55.91415507,687.97633107,458.656711686726,19.5429165144432,1,1,1
-73.46,5.07,TUNA,contextual_por_proximidad_no_asociacion_directa,52.3898,contextual_50_100km,54.27703801,729.38274201,484.446422509754,10.5032174945999,1,1,1
-73.41,5.07,TUNA,contextual_por_proximidad_no_asociacion_directa,51.551,contextual_50_100km,52.78411958,545.40847158,366.678540903731,11.3661139305108,1,1,1
-73.36,5.07,TUNA,contextual_por_proximidad_no_asociacion_directa,51.2993,contextual_50_100km,51.11256962,601.28464962,401.675723834661,14.0378648444814,1,1,1
-73.31,5.07,TUNA,contextual_por_proximidad_no_asociacion_directa,51.6432,contextual_50_100km,49.36063635,785.90242835,518.676370827909,5.84601720088345,1,1,1
-73.26,5.07,TUNA,contextual_por_proximidad_no_asociacion_directa,52.5711,contextual_50_100km,47.80018388,643.96600788,427.670008783551,5.13806949280664,1,1,1
-73.21,5.07,TUNA,contextual_por_proximidad_no_asociacion_directa,54.0529,contextual_50_100km,46.11466272,714.76445472,472.170416309853,15.4178229336852,1,1,1
-73.16,5.07,TUNA,contextual_por_proximidad_no_asociacion_directa,56.0446,contextual_50_100km,44.45312393,744.59245993,490.57364320084,18.4896611643036,1,1,1
-73.11,5.07,TUNA,contextual_por_proximidad_no_asociacion_directa,58.4943,contextual_50_100km,42.89609182,542.90215582,361.494052883923,27.3684922485641,1,1,1
-73.06,5.07,TUNA,contextual_por_proximidad_no_asociacion_directa,61.347,contextual_50_100km,41.3098631,381.9672311,258.372716294122,8.63008536145128,1,1,1
-73.01,5.07,TUNA,contextual_por_proximidad_no_asociacion_directa,64.5494,contextual_50_100km,39.64930976,406.63642976,273.489170087617,8.27255801317149,1,1,1
-72.96,5.07,TUNA,contextual_por_proximidad_no_asociacion_directa,68.0521,contextual_50_100km,37.97012899,518.20110499,343.967637438893,15.6629981459273,1,1,1
-72.91,5.07,TUNA,contextual_por_proximidad_no_asociacion_directa,71.8111,contextual_50_100km,36.29467529,680.28115529,446.635257640883,12.5256065098386,1,1,1
-72.86,5.07,TUNA,contextual_por_proximidad_no_asociacion_directa,75.7884,contextual_50_100km,34.73427688,463.95984488,308.231741505358,25.8727661839541,1,1,1
-72.81,5.07,TUNA,contextual_por_proximidad_no_asociacion_directa,79.9514,contextual_50_100km,33.16646501,266.93713701,182.122377384181,19.7025933317446,1,1,1
-72.76,5.07,TUNA,contextual_por_proximidad_no_asociacion_directa,84.2726,contextual_50_100km,31.57993911,182.55940311,127.782271153965,7.2618534306343,1,1,1
-72.71,5.07,TUNA,contextual_por_proximidad_no_asociacion_directa,88.7288,contextual_50_100km,29.99585855,160.24974655,112.992098246502,5.11203126106481,1,1,1
-72.66,5.07,TUNA,contextual_por_proximidad_no_asociacion_directa,93.3007,contextual_50_100km,28.42301239,198.43692439,136.753869984762,3.19210686011393,1,1,1
-72.61,5.07,TUNA,contextual_por_proximidad_no_asociacion_directa,97.9721,contextual_50_100km,26.87968267,122.82959467,88.0178338414283,6.82049813880908,1,1,1
-72.56,5.07,TUNA,contextual_por_proximidad_no_asociacion_directa,102.7295,regional_100_150km,25.35148962,106.10593762,76.8072705235744,1.78882884515721,1,0,1
-76.46,5.02,PER2,contextual_por_proximidad_no_asociacion_directa,89.0303,contextual_50_100km,68.25057662,176.49511262,137.222717057702,4.06463985840653,1,1,1
-76.41,5.02,PER2,contextual_por_proximidad_no_asociacion_directa,83.734,contextual_50_100km,69.75771074,152.20328674,122.291058440241,5.47907637188912,1,1,1
-76.36,5.02,PER2,contextual_por_proximidad_no_asociacion_directa,78.4714,contextual_50_100km,71.08077572,269.63401572,197.596556189886,2.83903896435007,1,1,1
-76.31,5.02,PER2,contextual_por_proximidad_no_asociacion_directa,73.2495,contextual_50_100km,72.57679469,177.90814669,139.692688675051,5.99794928833126,1,1,1
-76.26,5.02,PER2,contextual_por_proximidad_no_asociacion_directa,68.0778,contextual_50_100km,73.79261763,304.56369763,220.837225394036,16.2321855889156,1,1,1
-76.21,5.02,PER2,contextual_por_proximidad_no_asociacion_directa,62.9688,contextual_50_100km,74.94232431,440.04081231,307.578770623822,50.5249784998993,1,1,1
-76.16,5.02,PER2,contextual_por_proximidad_no_asociacion_directa,57.9388,contextual_50_100km,75.34357332,1164.12140532,769.099954096211,47.1704089579776,1,1,1
-76.11,5.02,PER2,contextual_por_proximidad_no_asociacion_directa,53.0106,contextual_50_100km,76.71862347,998.24759947,663.906007691254,25.9832901794648,1,1,1
-76.06,5.02,PER2,contextual_por_proximidad_no_asociacion_directa,48.2151,local_0_50km,78.2003985,715.0026705,483.96328832782,31.8075976239229,1,1,1
-76.01,5.02,PER2,contextual_por_proximidad_no_asociacion_directa,43.5964,local_0_50km,79.43823649,596.18276449,408.701749205596,10.0690096830768,1,1,1
-75.96,5.02,PER2,contextual_por_proximidad_no_asociacion_directa,39.2169,local_0_50km,80.52973607,552.23100807,381.092217829139,9.32419479204213,1,1,1
-75.91,5.02,PER2,contextual_por_proximidad_no_asociacion_directa,35.1661,local_0_50km,81.66763849,433.20007049,305.659954077281,11.0982497071043,1,1,1
-75.86,5.02,PER2,contextual_por_proximidad_no_asociacion_directa,31.5708,local_0_50km,82.67182574,373.43474574,267.942525706936,3.67997252560389,1,1,1
-75.81,5.02,PER2,contextual_por_proximidad_no_asociacion_directa,28.6032,local_0_50km,83.36258708,495.93609908,346.249558211178,3.78082743218089,1,1,1
-75.76,5.02,PER2,contextual_por_proximidad_no_asociacion_directa,26.4752,local_0_50km,84.30126098,397.03650098,283.572463852525,3.62539483307908,1,1,1
-75.71,5.02,PER2,contextual_por_proximidad_no_asociacion_directa,25.3989,local_0_50km,84.98240455,435.20637255,308.140982323802,6.42781834053872,1,1,1
-75.66,5.02,PER2,contextual_por_proximidad_no_asociacion_directa,25.5076,local_0_50km,85.57849738,486.30176938,340.914635483445,6.52338520141922,1,1,1
-75.61,5.02,PER2,contextual_por_proximidad_no_asociacion_directa,26.787,local_0_50km,86.15111779,507.94559779,354.913580870883,6.21631091620195,1,1,1
-75.56,5.02,PER2,contextual_por_proximidad_no_asociacion_directa,29.0829,local_0_50km,86.62230222,552.50955022,383.480156524908,12.963744236309,1,1,1
-75.51,5.02,PER2,contextual_por_proximidad_no_asociacion_directa,32.1785,local_0_50km,86.84000615,719.30953415,489.842122652055,11.7109608365692,1,1,1
-75.46,5.02,PER2,contextual_por_proximidad_no_asociacion_directa,35.8674,local_0_50km,87.18642297,754.98447897,512.699460435985,10.3161303581592,1,1,1
-75.41,5.02,PER2,contextual_por_proximidad_no_asociacion_directa,39.9856,local_0_50km,87.32385306,882.27745306,593.858902003778,20.0786443281524,1,1,1
-75.36,5.02,PER2,contextual_por_proximidad_no_asociacion_directa,44.414,local_0_50km,87.25501311,1098.46314911,731.58489935884,18.7488170368668,1,1,1
-75.31,5.02,PER2,contextual_por_proximidad_no_asociacion_directa,49.0685,local_0_50km,87.28757033,1203.19751433,798.332212559292,7.63071084061457,1,1,1
-75.26,5.02,PER2,contextual_por_proximidad_no_asociacion_directa,53.8907,contextual_50_100km,87.77468821,969.16097621,649.383625549807,25.5538648278431,1,1,1
-75.21,5.02,PER2,contextual_por_proximidad_no_asociacion_directa,58.8393,contextual_50_100km,88.11698695,786.96020295,533.411633858432,15.6154915175511,1,1,1
-75.16,5.02,PER2,contextual_por_proximidad_no_asociacion_directa,63.885,contextual_50_100km,88.17367444,744.71400244,506.513420529638,15.6493302221045,1,1,1
-75.11,5.02,PER2,contextual_por_proximidad_no_asociacion_directa,69.0065,contextual_50_100km,88.22122173,664.79711773,455.608575784579,6.34767811798713,1,1,1
-75.06,5.02,PER2,contextual_por_proximidad_no_asociacion_directa,74.188,contextual_50_100km,88.12178463,635.14614463,436.679248821669,10.958007728604,1,1,1
-75.01,5.02,PER2,contextual_por_proximidad_no_asociacion_directa,79.4178,contextual_50_100km,88.12294208,497.94374208,349.255917622444,17.7013627480548,1,1,1
-74.96,5.02,PER2,contextual_por_proximidad_no_asociacion_directa,84.687,contextual_50_100km,88.10584062,328.96196862,241.57652190868,17.9337100574815,1,1,1
-74.91,5.02,PER2,contextual_por_proximidad_no_asociacion_directa,89.9887,contextual_50_100km,87.97549223,188.56674823,152.071053003957,8.62806105885964,1,1,1
-74.86,5.02,PER2,contextual_por_proximidad_no_asociacion_directa,95.3174,contextual_50_100km,87.57084267,179.99037067,146.459474835249,1.46339263803797,1,1,1
-73.61,5.02,TUNA,contextual_por_proximidad_no_asociacion_directa,63.0505,contextual_50_100km,58.98228959,850.99801759,563.645361178985,19.335700403717,1,1,1
-73.56,5.02,TUNA,contextual_por_proximidad_no_asociacion_directa,60.8628,contextual_50_100km,57.43486601,818.02277001,542.072499173351,13.7959445136008,1,1,1
-73.51,5.02,TUNA,contextual_por_proximidad_no_asociacion_directa,59.1143,contextual_50_100km,55.99812885,613.52723285,411.249091902712,11.0549059357812,1,1,1
-73.46,5.02,TUNA,contextual_por_proximidad_no_asociacion_directa,57.8447,contextual_50_100km,54.36721496,636.75713496,425.459196468811,9.90912370452368,1,1,1
-73.41,5.02,TUNA,contextual_por_proximidad_no_asociacion_directa,57.0861,contextual_50_100km,52.79262764,561.87153164,377.171695240782,12.2130715812961,1,1,1
-73.36,5.02,TUNA,contextual_por_proximidad_no_asociacion_directa,56.8589,contextual_50_100km,51.19068495,505.05487695,340.387589912187,9.71195082011798,1,1,1
-73.31,5.02,TUNA,contextual_por_proximidad_no_asociacion_directa,57.1694,contextual_50_100km,49.40771957,731.32731157,483.9188330607,16.7844509875535,1,1,1
-73.26,5.02,TUNA,contextual_por_proximidad_no_asociacion_directa,58.009,contextual_50_100km,47.76728709,724.81099909,479.171547407831,13.404941118184,1,1,1
-73.21,5.02,TUNA,contextual_por_proximidad_no_asociacion_directa,59.3553,contextual_50_100km,46.23510576,501.25963376,336.171363122819,21.3938708234274,1,1,1
-73.16,5.02,TUNA,contextual_por_proximidad_no_asociacion_directa,61.1748,contextual_50_100km,44.61222382,429.14016782,289.628890118876,26.4602035273549,1,1,1
-73.11,5.02,TUNA,contextual_por_proximidad_no_asociacion_directa,63.4268,contextual_50_100km,42.98918993,347.28113393,236.880424270265,2.87360303216542,1,1,1
-73.06,5.02,TUNA,contextual_por_proximidad_no_asociacion_directa,66.0671,contextual_50_100km,41.2847712,463.5236352,310.330390519423,2.50344741677169,1,1,1
-73.01,5.02,TUNA,contextual_por_proximidad_no_asociacion_directa,69.0511,contextual_50_100km,39.69064902,311.72772102,213.029459712903,5.99206243321189,1,1,1
-72.96,5.02,TUNA,contextual_por_proximidad_no_asociacion_directa,72.3364,contextual_50_100km,37.96407176,565.26271976,373.952545140921,10.3704955788009,1,1,1
-72.91,5.02,TUNA,contextual_por_proximidad_no_asociacion_directa,75.8838,contextual_50_100km,36.35716641,493.57892641,327.693474063378,19.516045926717,1,1,1
-72.86,5.02,TUNA,contextual_por_proximidad_no_asociacion_directa,79.6583,contextual_50_100km,34.77524796,342.94320796,231.136233936419,18.3720683117181,1,1,1
-72.81,5.02,TUNA,contextual_por_proximidad_no_asociacion_directa,83.6292,contextual_50_100km,33.18039443,267.28435443,182.348673983086,10.2289430278777,1,1,1
-72.76,5.02,TUNA,contextual_por_proximidad_no_asociacion_directa,87.7698,contextual_50_100km,31.59652251,184.52633851,129.041595823113,7.42776504425217,1,1,1
-72.71,5.02,TUNA,contextual_por_proximidad_no_asociacion_directa,92.0572,contextual_50_100km,30.01874749,142.20101949,101.499966819209,3.94412944292335,1,1,1
-72.66,5.02,TUNA,contextual_por_proximidad_no_asociacion_directa,96.4718,contextual_50_100km,28.45529738,118.82572138,86.0382646675372,5.11293257994447,1,1,1
-72.61,5.02,TUNA,contextual_por_proximidad_no_asociacion_directa,100.997,regional_100_150km,26.91043643,105.46765243,76.9661670430155,1.83256024474913,1,0,1
-72.56,5.02,TUNA,contextual_por_proximidad_no_asociacion_directa,105.6186,regional_100_150km,25.38693987,98.11778787,71.7301775777133,1.14384077664945,1,0,1
-72.51,5.02,TUNA,contextual_por_proximidad_no_asociacion_directa,110.3244,regional_100_150km,23.88692608,92.88988608,67.8547975644055,0.814882820336534,1,0,1
-76.46,4.97,PER2,contextual_por_proximidad_no_asociacion_directa,87.616,contextual_50_100km,68.09726741,216.53386741,162.67931653343,10.6489083889723,1,1,1
-76.41,4.97,PER2,contextual_por_proximidad_no_asociacion_directa,82.2283,contextual_50_100km,69.6192631,194.8985191,149.445726015068,3.80329336072496,1,1,1
-76.36,4.97,PER2,contextual_por_proximidad_no_asociacion_directa,76.8621,contextual_50_100km,71.03811598,236.12677198,176.23065859761,6.60513633598173,1,1,1
-76.31,4.97,PER2,contextual_por_proximidad_no_asociacion_directa,71.5225,contextual_50_100km,72.37838301,307.70439901,222.325342219071,10.6676033948076,1,1,1
-76.26,4.97,PER2,contextual_por_proximidad_no_asociacion_directa,66.2157,contextual_50_100km,73.63655949,407.65285549,286.467800008163,17.8589072237433,1,1,1
-76.21,4.97,PER2,contextual_por_proximidad_no_asociacion_directa,60.9503,contextual_50_100km,74.71606563,616.17328163,419.726211388849,11.2734627974498,1,1,1
-76.16,4.97,PER2,contextual_por_proximidad_no_asociacion_directa,55.7381,contextual_50_100km,76.06549469,540.97756669,372.301978360334,37.9309980041914,1,1,1
-76.11,4.97,PER2,contextual_por_proximidad_no_asociacion_directa,50.5955,contextual_50_100km,76.82507173,915.18017573,611.015046637851,10.6732890379083,1,1,1
-76.06,4.97,PER2,contextual_por_proximidad_no_asociacion_directa,45.5461,local_0_50km,78.36013856,602.95545056,412.62607815647,21.680239723618,1,1,1
-76.01,4.97,PER2,contextual_por_proximidad_no_asociacion_directa,40.6247,local_0_50km,79.51699384,560.64908184,386.088680217044,8.71681206109982,1,1,1
-75.96,4.97,PER2,contextual_por_proximidad_no_asociacion_directa,35.8839,local_0_50km,80.64039543,502.86691543,349.678149298353,8.80797295151823,1,1,1
-75.91,4.97,PER2,contextual_por_proximidad_no_asociacion_directa,31.4057,local_0_50km,81.74332037,419.70969637,297.09150523074,7.99551343919673,1,1,1
-75.86,4.97,PER2,contextual_por_proximidad_no_asociacion_directa,27.3196,local_0_50km,82.73608985,376.53563385,269.941690780293,2.30123751485664,1,1,1
-75.81,4.97,PER2,contextual_por_proximidad_no_asociacion_directa,23.828,local_0_50km,83.49544213,457.35817013,321.716358703916,6.93856876061013,1,1,1
-75.76,4.97,PER2,contextual_por_proximidad_no_asociacion_directa,21.2264,local_0_50km,84.30328807,457.40068807,322.036546677542,5.23109866166075,1,1,1
-75.71,4.97,PER2,contextual_por_proximidad_no_asociacion_directa,19.8676,local_0_50km,85.01776713,477.65571913,335.202034782231,6.40290821642525,1,1,1
-75.66,4.97,PER2,contextual_por_proximidad_no_asociacion_directa,20.0064,local_0_50km,85.66093899,501.51795499,350.640120105946,6.08332905939054,1,1,1
-75.61,4.97,PER2,contextual_por_proximidad_no_asociacion_directa,21.614,local_0_50km,86.21839659,537.93473259,374.04671306591,8.11181534634585,1,1,1
-75.56,4.97,PER2,contextual_por_proximidad_no_asociacion_directa,24.4018,local_0_50km,86.63163329,624.91644129,429.620358123716,16.4300922686864,1,1,1
-75.51,4.97,PER2,contextual_por_proximidad_no_asociacion_directa,28.0197,local_0_50km,86.93049283,741.16249283,503.799399569444,14.9841860032427,1,1,1
-75.46,4.97,PER2,contextual_por_proximidad_no_asociacion_directa,32.1891,local_0_50km,87.14700397,865.02885197,582.804134083199,15.2275026934001,1,1,1
-75.41,4.97,PER2,contextual_por_proximidad_no_asociacion_directa,36.7225,local_0_50km,87.29963868,984.44921468,658.952757036907,25.8084313698543,1,1,1
-75.36,4.97,PER2,contextual_por_proximidad_no_asociacion_directa,41.5008,local_0_50km,87.13296135,1266.46637735,838.590291179807,19.9524588331324,1,1,1
-75.31,4.97,PER2,contextual_por_proximidad_no_asociacion_directa,46.4486,local_0_50km,87.45515931,1183.82455131,786.048792494603,15.3470766357844,1,1,1
-75.26,4.97,PER2,contextual_por_proximidad_no_asociacion_directa,51.517,contextual_50_100km,87.66575021,1130.00545421,751.832304058781,22.6001244607905,1,1,1
-75.21,4.97,PER2,contextual_por_proximidad_no_asociacion_directa,56.6736,contextual_50_100km,88.03351407,931.52372207,625.495516623202,22.0693712376005,1,1,1
-75.16,4.97,PER2,contextual_por_proximidad_no_asociacion_directa,61.8965,contextual_50_100km,88.08850972,890.62132572,599.452945621099,19.432233949513,1,1,1
-75.11,4.97,PER2,contextual_por_proximidad_no_asociacion_directa,67.1701,contextual_50_100km,88.40215395,641.03068995,440.530532927701,21.3391574625247,1,1,1
-75.06,4.97,PER2,contextual_por_proximidad_no_asociacion_directa,72.4834,contextual_50_100km,88.44228818,522.44498418,364.983682369663,8.95080565733886,1,1,1
-75.01,4.97,PER2,contextual_por_proximidad_no_asociacion_directa,77.8283,contextual_50_100km,88.27320745,493.09468745,346.220675308869,9.86073950596487,1,1,1
-74.96,4.97,PER2,contextual_por_proximidad_no_asociacion_directa,83.1986,contextual_50_100km,88.20987433,352.80351433,256.805818027358,17.2713186211973,1,1,1
-74.91,4.97,PER2,contextual_por_proximidad_no_asociacion_directa,88.5898,contextual_50_100km,88.10453917,195.41093117,156.478905326339,9.10095601989728,1,1,1
-73.56,4.97,TUNA,contextual_por_proximidad_no_asociacion_directa,66.0867,contextual_50_100km,57.55748589,672.15290189,449.17042924189,21.7920901052638,1,1,1
-73.51,4.97,TUNA,contextual_por_proximidad_no_asociacion_directa,64.4799,contextual_50_100km,55.98818275,630.23106275,421.888966552244,10.1826894971998,1,1,1
-73.46,4.97,TUNA,contextual_por_proximidad_no_asociacion_directa,63.3179,contextual_50_100km,54.41796299,565.31143499,379.953251898153,10.2405740682588,1,1,1
-73.41,4.97,TUNA,contextual_por_proximidad_no_asociacion_directa,62.6255,contextual_50_100km,52.68901485,710.62421485,471.917556910611,18.2572837785798,1,1,1
-73.36,4.97,TUNA,contextual_por_proximidad_no_asociacion_directa,62.4185,contextual_50_100km,51.13549678,582.86564078,389.947667095251,12.6361335726434,1,1,1
-73.31,4.97,TUNA,contextual_por_proximidad_no_asociacion_directa,62.7015,contextual_50_100km,49.48351894,591.79247094,395.036380822717,12.8870237929562,1,1,1
-73.26,4.97,TUNA,contextual_por_proximidad_no_asociacion_directa,63.468,contextual_50_100km,47.81389442,625.36496642,415.822619109153,5.87642384448489,1,1,1
-73.21,4.97,TUNA,contextual_por_proximidad_no_asociacion_directa,64.7009,contextual_50_100km,46.23000221,491.81137021,330.149189503844,22.5559487019145,1,1,1
-73.16,4.97,TUNA,contextual_por_proximidad_no_asociacion_directa,66.3742,contextual_50_100km,44.65742131,311.06562931,214.40958631473,1.61184323614504,1,1,1
-73.11,4.97,TUNA,contextual_por_proximidad_no_asociacion_directa,68.4555,contextual_50_100km,42.9103311,504.9339071,337.306299219824,3.16107273527966,1,1,1
-73.06,4.97,TUNA,contextual_por_proximidad_no_asociacion_directa,70.909,contextual_50_100km,41.31568968,359.84026568,244.275789104615,15.5122876017237,1,1,1
-73.01,4.97,TUNA,contextual_por_proximidad_no_asociacion_directa,73.6975,contextual_50_100km,39.65841331,377.51369331,254.935809111105,10.2464671769757,1,1,1
-72.96,4.97,TUNA,contextual_por_proximidad_no_asociacion_directa,76.7844,contextual_50_100km,37.97277402,516.99403802,343.199468263979,14.6096970803309,1,1,1
-72.91,4.97,TUNA,contextual_por_proximidad_no_asociacion_directa,80.1354,contextual_50_100km,36.3714692,425.4790372,284.306217846052,20.8893993389452,1,1,1
-72.86,4.97,TUNA,contextual_por_proximidad_no_asociacion_directa,83.7187,contextual_50_100km,34.7973805,240.4237325,165.820064433314,15.8302790896607,1,1,1
-72.81,4.97,TUNA,contextual_por_proximidad_no_asociacion_directa,87.5058,contextual_50_100km,33.19679333,190.27419333,133.284658202819,6.64284642198842,1,1,1
-72.76,4.97,TUNA,contextual_por_proximidad_no_asociacion_directa,91.4714,contextual_50_100km,31.60542963,159.79786963,113.288138997719,3.31252052838898,1,1,1
-72.71,4.97,TUNA,contextual_por_proximidad_no_asociacion_directa,95.5933,contextual_50_100km,30.02736989,148.81368189,105.716605541956,2.54393838774358,1,1,1
-72.66,4.97,TUNA,contextual_por_proximidad_no_asociacion_directa,99.852,contextual_50_100km,28.46993532,118.19847132,85.6438991518683,3.00969430204895,1,1,1
-72.61,4.97,TUNA,contextual_por_proximidad_no_asociacion_directa,104.2309,regional_100_150km,26.93105577,100.20503977,73.6203733248177,1.6881299710053,1,0,1
-72.56,4.97,TUNA,contextual_por_proximidad_no_asociacion_directa,108.7154,regional_100_150km,25.41374827,92.25650827,68.0051658170583,0.927377331925441,1,0,1
-72.51,4.97,TUNA,contextual_por_proximidad_no_asociacion_directa,113.293,regional_100_150km,23.92050551,88.84994551,65.2927781411222,0.638168265169745,1,0,1
-76.46,4.92,PER2,contextual_por_proximidad_no_asociacion_directa,86.5364,contextual_50_100km,67.83789338,357.41578938,252.353510044163,16.7172820034534,1,1,1
-76.41,4.92,PER2,contextual_por_proximidad_no_asociacion_directa,81.0765,contextual_50_100km,69.48989092,215.05033892,162.239289943991,5.52436612783856,1,1,1
-76.36,4.92,PER2,contextual_por_proximidad_no_asociacion_directa,75.6283,contextual_50_100km,70.90415888,277.18474288,202.343711720054,3.67084916920081,1,1,1
-76.31,4.92,PER2,contextual_por_proximidad_no_asociacion_directa,70.1944,contextual_50_100km,72.37128177,244.10100977,181.795437063569,2.34918462801558,1,1,1
-76.26,4.92,PER2,contextual_por_proximidad_no_asociacion_directa,64.7785,contextual_50_100km,73.70070274,296.63334274,215.750749074233,3.21620091926132,1,1,1
-76.21,4.92,PER2,contextual_por_proximidad_no_asociacion_directa,59.3854,contextual_50_100km,75.03706066,297.63641266,216.874739815328,18.35624896412,1,1,1
-76.16,4.92,PER2,contextual_por_proximidad_no_asociacion_directa,54.022,contextual_50_100km,75.99603344,575.95272144,394.562532699641,30.8568292123023,1,1,1
-76.11,4.92,PER2,contextual_por_proximidad_no_asociacion_directa,48.6981,local_0_50km,76.92178835,823.46222035,552.608538195059,14.0447575512096,1,1,1
-76.06,4.92,PER2,contextual_por_proximidad_no_asociacion_directa,43.4282,local_0_50km,78.38198132,584.33785332,400.771089799931,19.666840735881,1,1,1
-76.01,4.92,PER2,contextual_por_proximidad_no_asociacion_directa,38.2348,local_0_50km,79.62986714,481.13081114,335.46152866089,6.31578493280337,1,1,1
-75.96,4.92,PER2,contextual_por_proximidad_no_asociacion_directa,33.1536,local_0_50km,80.6798542,489.8587662,341.403826286775,8.11925800138506,1,1,1
-75.91,4.92,PER2,contextual_por_proximidad_no_asociacion_directa,28.2454,local_0_50km,81.83950522,372.97274522,267.346168719053,6.92258695927673,1,1,1
-75.86,4.92,PER2,contextual_por_proximidad_no_asociacion_directa,23.6184,local_0_50km,82.76973104,383.46957104,274.372119118733,2.22629325886302,1,1,1
-75.81,4.92,PER2,contextual_por_proximidad_no_asociacion_directa,19.4737,local_0_50km,83.61858683,407.09310683,289.732732133908,6.35781891511842,1,1,1
-75.76,4.92,PER2,contextual_por_proximidad_no_asociacion_directa,16.1866,local_0_50km,84.32419298,485.60294498,340.01427638162,8.35630997926035,1,1,1
-75.71,4.92,PER2,contextual_por_proximidad_no_asociacion_directa,14.3583,local_0_50km,85.00048037,537.18588837,373.127683986591,11.0888990040885,1,1,1
-75.66,4.92,PER2,contextual_por_proximidad_no_asociacion_directa,14.5498,local_0_50km,85.63233808,572.75126608,396.018768226263,7.62274157748252,1,1,1
-75.61,4.92,PER2,contextual_por_proximidad_no_asociacion_directa,16.6917,local_0_50km,86.24593295,574.83379695,397.568351773659,11.5151448165557,1,1,1
-75.56,4.92,PER2,contextual_por_proximidad_no_asociacion_directa,20.1719,local_0_50km,86.52765818,752.80740218,511.073245164306,16.1501700498691,1,1,1
-75.51,4.92,PER2,contextual_por_proximidad_no_asociacion_directa,24.4249,local_0_50km,86.90602858,818.68303658,553.185698944674,12.2651493162054,1,1,1
-75.46,4.92,PER2,contextual_por_proximidad_no_asociacion_directa,29.114,local_0_50km,87.25479339,857.92774539,578.318500077995,19.258034074541,1,1,1
-75.41,4.92,PER2,contextual_por_proximidad_no_asociacion_directa,34.0595,local_0_50km,87.2515135,1081.5607135,720.81359723325,32.8063615116101,1,1,1
-75.36,4.92,PER2,contextual_por_proximidad_no_asociacion_directa,39.1645,local_0_50km,87.0585243,1382.5613243,912.537614154805,21.8208305656848,1,1,1
-75.31,4.92,PER2,contextual_por_proximidad_no_asociacion_directa,44.3739,local_0_50km,87.17784978,1432.93307378,944.677190943037,23.3381468927767,1,1,1
-75.26,4.92,PER2,contextual_por_proximidad_no_asociacion_directa,49.6549,local_0_50km,87.55498779,1270.85082779,841.537127413455,22.2856640539033,1,1,1
-75.21,4.92,PER2,contextual_por_proximidad_no_asociacion_directa,54.9868,contextual_50_100km,87.89929305,1087.24484505,724.670480820036,22.8930120588708,1,1,1
-75.16,4.92,PER2,contextual_por_proximidad_no_asociacion_directa,60.3562,contextual_50_100km,88.15614625,916.90761825,616.226800224959,22.3145818416856,1,1,1
-75.11,4.92,PER2,contextual_por_proximidad_no_asociacion_directa,65.7538,contextual_50_100km,88.40862158,706.21347758,482.066582210235,19.6469755770439,1,1,1
-75.06,4.92,PER2,contextual_por_proximidad_no_asociacion_directa,71.1733,contextual_50_100km,88.44794912,587.70102912,406.566117668619,13.4293831129412,1,1,1
-75.01,4.92,PER2,contextual_por_proximidad_no_asociacion_directa,76.6101,contextual_50_100km,88.40681888,476.35405088,335.60221512542,13.3643122262708,1,1,1
-74.96,4.92,PER2,contextual_por_proximidad_no_asociacion_directa,82.0606,contextual_50_100km,88.29974571,362.89202571,263.266704774508,17.2585361431596,1,1,1
-74.91,4.92,PER2,contextual_por_proximidad_no_asociacion_directa,87.5223,contextual_50_100km,88.23685785,177.22475385,144.938894617635,11.1385077196005,1,1,1
-73.51,4.92,TUNA,contextual_por_proximidad_no_asociacion_directa,69.8758,contextual_50_100km,55.87373938,753.44552338,500.358244828165,20.5309414580019,1,1,1
-73.46,4.92,TUNA,contextual_por_proximidad_no_asociacion_directa,68.8049,contextual_50_100km,54.22901296,796.80702096,527.39095301141,19.210167939872,1,1,1
-73.41,4.92,TUNA,contextual_por_proximidad_no_asociacion_directa,68.1683,contextual_50_100km,52.55032975,879.53660975,579.496224221869,6.34284233628199,1,1,1
-73.36,4.92,TUNA,contextual_por_proximidad_no_asociacion_directa,67.9781,contextual_50_100km,51.04096723,688.86779123,457.456689496676,21.3630513708465,1,1,1
-73.31,4.92,TUNA,contextual_por_proximidad_no_asociacion_directa,68.2381,contextual_50_100km,49.50256285,510.60033885,343.308622139532,7.47568318393386,1,1,1
-73.26,4.92,TUNA,contextual_por_proximidad_no_asociacion_directa,68.9432,contextual_50_100km,47.73319736,719.49367736,475.771044619633,19.8630578169791,1,1,1
-73.21,4.92,TUNA,contextual_por_proximidad_no_asociacion_directa,70.0799,contextual_50_100km,46.31332327,269.57925127,188.575736783138,17.6637540369216,1,1,1
-73.16,4.92,TUNA,contextual_por_proximidad_no_asociacion_directa,71.6277,contextual_50_100km,44.55998132,454.87454132,306.007574905267,6.0284368871649,1,1,1
-73.11,4.92,TUNA,contextual_por_proximidad_no_asociacion_directa,73.5607,contextual_50_100km,42.93719119,375.90424719,255.099868367165,20.6429275910431,1,1,1
-73.06,4.92,TUNA,contextual_por_proximidad_no_asociacion_directa,75.8494,contextual_50_100km,41.34001936,226.56173936,159.361112673686,10.9840718502664,1,1,1
-73.01,4.92,TUNA,contextual_por_proximidad_no_asociacion_directa,78.4627,contextual_50_100km,39.62579516,398.73744316,268.447497704602,10.2499070898678,1,1,1
-72.96,4.92,TUNA,contextual_por_proximidad_no_asociacion_directa,81.3693,contextual_50_100km,38.01300127,315.07408127,214.553050548619,16.0540156539878,1,1,1
-72.91,4.92,TUNA,contextual_por_proximidad_no_asociacion_directa,84.539,contextual_50_100km,36.39670343,260.57608743,179.241160322359,16.2244434456686,1,1,1
-72.86,4.92,TUNA,contextual_por_proximidad_no_asociacion_directa,87.9433,contextual_50_100km,34.78967567,203.58153167,142.341853608777,4.84677929914436,1,1,1
-72.81,4.92,TUNA,contextual_por_proximidad_no_asociacion_directa,91.5561,contextual_50_100km,33.18544245,186.43620245,130.835017490947,4.29410711172166,1,1,1
-72.76,4.92,TUNA,contextual_por_proximidad_no_asociacion_directa,95.3537,contextual_50_100km,31.60020612,146.54753412,104.843286489013,3.56420396606411,1,1,1
-72.71,4.92,TUNA,contextual_por_proximidad_no_asociacion_directa,99.3148,contextual_50_100km,30.02729978,134.01315578,96.2858595983599,3.02334906187689,1,1,1
-72.66,4.92,TUNA,contextual_por_proximidad_no_asociacion_directa,103.4208,regional_100_150km,28.47516499,104.97093299,77.2173652742327,2.54543240348474,1,0,1
-72.61,4.92,TUNA,contextual_por_proximidad_no_asociacion_directa,107.6549,regional_100_150km,26.94197319,95.83383719,70.8390556147705,1.11490461641791,1,0,1
-72.56,4.92,TUNA,contextual_por_proximidad_no_asociacion_directa,112.0028,regional_100_150km,25.43169358,88.67000558,65.7263994144561,0.748427014005759,1,0,1
-72.51,4.92,TUNA,contextual_por_proximidad_no_asociacion_directa,116.4516,regional_100_150km,23.94609249,85.03654849,62.8722098381794,0.441808905731742,1,0,1
-72.46,4.92,TUNA,contextual_por_proximidad_no_asociacion_directa,120.9902,regional_100_150km,22.48692016,83.88597616,61.6096737849433,0.401684907686807,1,0,1
-76.46,4.87,PER2,contextual_por_proximidad_no_asociacion_directa,85.8041,contextual_50_100km,67.77053697,281.35876897,203.866436843823,4.47701180133362,1,1,1
-76.41,4.87,PER2,contextual_por_proximidad_no_asociacion_directa,80.2941,contextual_50_100km,69.33359881,250.29663881,184.641111504344,4.36578837860875,1,1,1
-76.36,4.87,PER2,contextual_por_proximidad_no_asociacion_directa,74.7885,contextual_50_100km,70.78341144,292.28414744,211.921065450049,7.42271206546862,1,1,1
-76.31,4.87,PER2,contextual_por_proximidad_no_asociacion_directa,69.2883,contextual_50_100km,72.1765534,342.8557854,244.650164475142,18.4172936651797,1,1,1
-76.26,4.87,PER2,contextual_por_proximidad_no_asociacion_directa,63.7951,contextual_50_100km,73.51363321,398.53115321,280.610959897728,21.3562409497731,1,1,1
-76.21,4.87,PER2,contextual_por_proximidad_no_asociacion_directa,58.3107,contextual_50_100km,74.78564063,464.90541663,323.365356263838,27.0647612433032,1,1,1
-76.16,4.87,PER2,contextual_por_proximidad_no_asociacion_directa,52.8378,contextual_50_100km,75.87831642,636.74030042,433.252951261762,13.2204892259612,1,1,1
-76.11,4.87,PER2,contextual_por_proximidad_no_asociacion_directa,47.3807,local_0_50km,77.07278975,670.67106175,455.306600830875,7.96375690242647,1,1,1
-76.06,4.87,PER2,contextual_por_proximidad_no_asociacion_directa,41.9452,local_0_50km,78.35969797,584.69823397,400.992635433118,9.59860788185064,1,1,1
-76.01,4.87,PER2,contextual_por_proximidad_no_asociacion_directa,36.5411,local_0_50km,79.59142363,502.69436763,349.187624524362,9.96035978852725,1,1,1
-75.96,4.87,PER2,contextual_por_proximidad_no_asociacion_directa,31.1848,local_0_50km,80.78378799,410.68953199,290.995833301668,10.5807235957386,1,1,1
-75.91,4.87,PER2,contextual_por_proximidad_no_asociacion_directa,25.9058,local_0_50km,81.86450762,361.44376362,260.009108917013,1.04841025448612,1,1,1
-75.86,4.87,PER2,contextual_por_proximidad_no_asociacion_directa,20.7633,local_0_50km,82.77570578,392.63479378,280.214258553085,4.29601019718026,1,1,1
-75.81,4.87,PER2,contextual_por_proximidad_no_asociacion_directa,15.8903,local_0_50km,83.63079316,417.65943316,296.469899129233,7.72824386965085,1,1,1
-75.76,4.87,PER2,contextual_por_proximidad_no_asociacion_directa,11.6306,local_0_50km,84.30986489,520.04072089,361.95242222954,13.4221262116118,1,1,1
-75.71,4.87,PER2,contextual_por_proximidad_no_asociacion_directa,8.912,local_0_50km,84.87980618,649.50671018,444.653403598281,6.40533477169682,1,1,1
-75.66,4.87,PER2,contextual_por_proximidad_no_asociacion_directa,9.2174,local_0_50km,85.59845666,628.58632866,431.583918351598,1.51316502987465,1,1,1
-75.61,4.87,PER2,contextual_por_proximidad_no_asociacion_directa,12.3239,local_0_50km,86.22674018,623.80794018,428.767134302694,9.25054574555993,1,1,1
-75.56,4.87,PER2,contextual_por_proximidad_no_asociacion_directa,16.7386,local_0_50km,86.571075,762.886491,517.511273704668,17.5415461621993,1,1,1
-75.51,4.87,PER2,contextual_por_proximidad_no_asociacion_directa,21.6764,local_0_50km,86.80560711,926.70371111,621.97876340167,23.5747209222547,1,1,1
-75.46,4.87,PER2,contextual_por_proximidad_no_asociacion_directa,26.8502,local_0_50km,86.99571638,1071.91113238,714.572191848557,30.8183352317472,1,1,1
-75.41,4.87,PER2,contextual_por_proximidad_no_asociacion_directa,32.1463,local_0_50km,87.12994774,1206.58261974,800.431974426542,25.1766175004052,1,1,1
-75.36,4.87,PER2,contextual_por_proximidad_no_asociacion_directa,37.5129,local_0_50km,87.09069575,1408.20729575,928.890596576208,22.3279102455302,1,1,1
-75.31,4.87,PER2,contextual_por_proximidad_no_asociacion_directa,42.9236,local_0_50km,87.03401575,1574.76992775,1035.00177512657,8.21016435534988,1,1,1
-75.26,4.87,PER2,contextual_por_proximidad_no_asociacion_directa,48.3636,local_0_50km,87.57674652,1304.83093052,863.196742038553,26.6893962780681,1,1,1
-75.21,4.87,PER2,contextual_por_proximidad_no_asociacion_directa,53.824,contextual_50_100km,87.93371661,1113.26338861,741.261678883556,20.9392563135485,1,1,1
-75.16,4.87,PER2,contextual_por_proximidad_no_asociacion_directa,59.2991,contextual_50_100km,88.16168193,961.36389793,644.555825210029,22.4645871286997,1,1,1
-75.11,4.87,PER2,contextual_por_proximidad_no_asociacion_directa,64.7853,contextual_50_100km,88.44496278,730.56749878,497.597862019229,23.1422420279884,1,1,1
-75.06,4.87,PER2,contextual_por_proximidad_no_asociacion_directa,70.2799,contextual_50_100km,88.56387097,560.85765497,389.503894380526,17.0937680573599,1,1,1
-75.01,4.87,PER2,contextual_por_proximidad_no_asociacion_directa,75.7811,contextual_50_100km,88.54239576,436.13709176,310.025632455774,14.0639511259182,1,1,1
-74.96,4.87,PER2,contextual_por_proximidad_no_asociacion_directa,81.2876,contextual_50_100km,88.4057445,340.2233445,248.860946339333,14.5992710991396,1,1,1
-74.91,4.87,PER2,contextual_por_proximidad_no_asociacion_directa,86.7984,contextual_50_100km,88.28874548,187.47278548,151.487644831914,9.82807094164597,1,1,1
-73.41,4.87,TUNA,contextual_por_proximidad_no_asociacion_directa,73.7136,contextual_50_100km,52.60872609,718.97487809,477.2093712318,21.1823511092989,1,1,1
-73.36,4.87,TUNA,contextual_por_proximidad_no_asociacion_directa,73.5377,contextual_50_100km,51.0607837,577.6434797,386.593060918829,12.1599702093019,1,1,1
-73.31,4.87,TUNA,contextual_por_proximidad_no_asociacion_directa,73.7782,contextual_50_100km,49.33031683,718.81950083,475.920921092651,11.5617637177566,1,1,1
-73.26,4.87,TUNA,contextual_por_proximidad_no_asociacion_directa,74.4308,contextual_50_100km,47.86842652,379.87265052,259.417598513662,30.2482489201871,1,1,1
-73.21,4.87,TUNA,contextual_por_proximidad_no_asociacion_directa,75.485,contextual_50_100km,46.22716676,339.73045476,233.243996864599,5.38085870487159,1,1,1
-73.16,4.87,TUNA,contextual_por_proximidad_no_asociacion_directa,76.9243,contextual_50_100km,44.57500014,317.72303214,218.621701429253,17.3602194670636,1,1,1
-73.11,4.87,TUNA,contextual_por_proximidad_no_asociacion_directa,78.7275,contextual_50_100km,42.95212829,229.45762429,161.791228515024,13.1741443324517,1,1,1
-73.06,4.87,TUNA,contextual_por_proximidad_no_asociacion_directa,80.8702,contextual_50_100km,41.31642897,169.73106097,123.140716456989,4.09773192562164,1,1,1
-73.01,4.87,TUNA,contextual_por_proximidad_no_asociacion_directa,83.3264,contextual_50_100km,39.64495499,221.63254699,155.6053001232,12.4034704657465,1,1,1
-72.96,4.87,TUNA,contextual_por_proximidad_no_asociacion_directa,86.0691,contextual_50_100km,37.98653682,275.29993682,189.19983365143,9.55618191721788,1,1,1
-72.91,4.87,TUNA,contextual_por_proximidad_no_asociacion_directa,89.072,contextual_50_100km,36.38682365,166.85055965,119.516776014702,7.7228478208152,1,1,1
-72.86,4.87,TUNA,contextual_por_proximidad_no_asociacion_directa,92.3095,contextual_50_100km,34.75914074,204.22991674,142.743918487657,2.39805763300978,1,1,1
-72.81,4.87,TUNA,contextual_por_proximidad_no_asociacion_directa,95.758,contextual_50_100km,33.16813241,144.42460441,104.059442908917,5.67511760242786,1,1,1
-72.76,4.87,TUNA,contextual_por_proximidad_no_asociacion_directa,99.3954,contextual_50_100km,31.58306888,129.95240488,94.2628484612572,2.59721089465064,1,1,1
-72.71,4.87,TUNA,contextual_por_proximidad_no_asociacion_directa,103.2019,regional_100_150km,30.01564524,119.17635724,86.8277983226228,2.6974971613796,1,0,1
-72.66,4.87,TUNA,contextual_por_proximidad_no_asociacion_directa,107.1593,regional_100_150km,28.46904887,99.26188887,73.5774107596361,1.69808514489495,1,0,1
-72.61,4.87,TUNA,contextual_por_proximidad_no_asociacion_directa,111.2515,regional_100_150km,26.94296295,93.16852295,69.1411079435305,0.762382020481527,1,0,1
-72.56,4.87,TUNA,contextual_por_proximidad_no_asociacion_directa,115.4644,regional_100_150km,25.44057129,88.71591529,65.7588734776677,0.59206380000797,1,0,1
-72.51,4.87,TUNA,contextual_por_proximidad_no_asociacion_directa,119.785,regional_100_150km,23.96353615,84.68367215,62.6536899660627,0.487272052320785,1,0,1
-72.46,4.87,TUNA,contextual_por_proximidad_no_asociacion_directa,124.2022,regional_100_150km,22.51339084,81.97443884,60.4012686468661,0.451652010342046,1,0,1
-72.41,4.87,TUNA,contextual_por_proximidad_no_asociacion_directa,128.706,regional_100_150km,21.09148666,78.96015866,57.9647212787644,0.450678821552743,1,0,1
-76.46,4.82,PER2,contextual_por_proximidad_no_asociacion_directa,85.4282,contextual_50_100km,67.59703632,308.45316432,221.06771760868,13.4094674386089,1,1,1
-76.41,4.82,PER2,contextual_por_proximidad_no_asociacion_directa,79.8918,contextual_50_100km,69.16186552,290.19352952,210.000632389368,8.61131415570681,1,1,1
-76.36,4.82,PER2,contextual_por_proximidad_no_asociacion_directa,74.3559,contextual_50_100km,70.59136212,365.53889812,258.528449999854,17.614724324208,1,1,1
-76.31,4.82,PER2,contextual_por_proximidad_no_asociacion_directa,68.8208,contextual_50_100km,71.85901359,546.30065359,374.167625486803,21.14048051841,1,1,1
-76.26,4.82,PER2,contextual_por_proximidad_no_asociacion_directa,63.2865,contextual_50_100km,73.15206315,647.55541515,439.155097816161,22.8085946583526,1,1,1
-76.21,4.82,PER2,contextual_por_proximidad_no_asociacion_directa,57.7534,contextual_50_100km,74.43959677,703.34170877,475.168597912664,8.47167695207143,1,1,1
-76.16,4.82,PER2,contextual_por_proximidad_no_asociacion_directa,52.2218,contextual_50_100km,75.76985897,675.18215497,457.708297505107,0.460208916921679,1,1,1
-76.11,4.82,PER2,contextual_por_proximidad_no_asociacion_directa,46.6923,local_0_50km,76.99224788,694.38975188,470.390648624906,8.30728482843258,1,1,1
-76.06,4.82,PER2,contextual_por_proximidad_no_asociacion_directa,41.1656,local_0_50km,78.31546002,586.97466802,402.427102284383,11.9264524332571,1,1,1
-76.01,4.82,PER2,contextual_por_proximidad_no_asociacion_directa,35.6431,local_0_50km,79.57653733,489.74296933,340.92974550242,13.9729273653999,1,1,1
-75.96,4.82,PER2,contextual_por_proximidad_no_asociacion_directa,30.1271,local_0_50km,80.81445672,370.52813672,265.416593345939,7.62742049755313,1,1,1
-75.91,4.82,PER2,contextual_por_proximidad_no_asociacion_directa,24.6219,local_0_50km,81.84457447,366.26267847,263.07243258667,3.58236743608642,1,1,1
-75.86,4.82,PER2,contextual_por_proximidad_no_asociacion_directa,19.137,local_0_50km,82.71708484,431.44742884,304.923943034265,4.67573496733599,1,1,1
-75.81,4.82,PER2,contextual_por_proximidad_no_asociacion_directa,13.6966,local_0_50km,83.59281904,446.34594704,314.734829650416,2.93985861903248,1,1,1
-75.76,4.82,PER2,contextual_por_proximidad_no_asociacion_directa,8.388,local_0_50km,84.38646499,472.70401699,331.817824767537,5.15944533825799,1,1,1
-75.71,4.82,PER2,contextual_por_proximidad_no_asociacion_directa,3.8089,local_0_50km,85.08707992,516.75675992,360.141903857328,8.64168994369728,1,1,1
-75.66,4.82,PER2,contextual_por_proximidad_no_asociacion_directa,4.4771,local_0_50km,85.71329988,564.43830788,390.751223298285,8.69094132769869,1,1,1
-75.61,4.82,PER2,contextual_por_proximidad_no_asociacion_directa,9.3257,local_0_50km,86.19516605,662.24027005,453.244305708545,12.4448288415293,1,1,1
-75.56,4.82,PER2,contextual_por_proximidad_no_asociacion_directa,14.6724,local_0_50km,86.57585186,779.53097986,528.118678607777,24.9436071587785,1,1,1
-75.51,4.82,PER2,contextual_por_proximidad_no_asociacion_directa,20.1241,local_0_50km,86.59682644,1087.57178644,724.40625375135,33.9056464572782,1,1,1
-75.46,4.82,PER2,contextual_por_proximidad_no_asociacion_directa,25.6138,local_0_50km,86.6639097,1315.4350457,869.622371067382,22.7359065963535,1,1,1
-75.41,4.82,PER2,contextual_por_proximidad_no_asociacion_directa,31.1214,local_0_50km,86.93308194,1361.52514594,899.088097681284,13.1861499306941,1,1,1
-75.36,4.82,PER2,contextual_por_proximidad_no_asociacion_directa,36.6388,local_0_50km,86.98543976,1503.84210376,989.789779089437,1.57607512067042,1,1,1
-75.31,4.82,PER2,contextual_por_proximidad_no_asociacion_directa,42.1622,local_0_50km,87.44379144,1334.11372744,881.807156859687,22.1545213160771,1,1,1
-75.26,4.82,PER2,contextual_por_proximidad_no_asociacion_directa,47.6895,local_0_50km,87.74032768,1226.10400768,813.092225406633,21.129645074217,1,1,1
-75.21,4.82,PER2,contextual_por_proximidad_no_asociacion_directa,53.2195,contextual_50_100km,88.2032145,967.1330465,648.246927076767,22.9589392529987,1,1,1
-75.16,4.82,PER2,contextual_por_proximidad_no_asociacion_directa,58.7514,contextual_50_100km,88.39182067,840.82034067,567.830390675714,13.2863012317419,1,1,1
-75.11,4.82,PER2,contextual_por_proximidad_no_asociacion_directa,64.2847,contextual_50_100km,88.47304215,738.64386615,502.754215487231,18.3900710758103,1,1,1
-75.06,4.82,PER2,contextual_por_proximidad_no_asociacion_directa,69.8191,contextual_50_100km,88.6187265,551.0126225,383.25065815194,21.1409715107959,1,1,1
-75.01,4.82,PER2,contextual_por_proximidad_no_asociacion_directa,75.3544,contextual_50_100km,88.68148303,371.71705903,269.028410626768,13.7306011486872,1,1,1
-74.96,4.82,PER2,contextual_por_proximidad_no_asociacion_directa,80.8903,contextual_50_100km,88.48082688,314.93150688,232.772526769342,9.73334883880239,1,1,1
-74.91,4.82,PER2,contextual_por_proximidad_no_asociacion_directa,86.4268,contextual_50_100km,88.28385672,211.34119272,166.694538442368,7.38874393749686,1,1,1
-73.36,4.82,TUNA,contextual_por_proximidad_no_asociacion_directa,79.0974,contextual_50_100km,51.05065594,477.12850394,322.542430542366,7.997593427465,1,1,1
-73.31,4.82,TUNA,contextual_por_proximidad_no_asociacion_directa,79.321,contextual_50_100km,49.36774482,531.15406482,356.356300103783,26.4459982013085,1,1,1
-73.26,4.82,TUNA,contextual_por_proximidad_no_asociacion_directa,79.9284,contextual_50_100km,47.80896835,357.00148035,244.822786765275,20.2505589503684,1,1,1
-73.21,4.82,TUNA,contextual_por_proximidad_no_asociacion_directa,80.9111,contextual_50_100km,46.22589168,201.42700368,145.118207990095,12.0634322816253,1,1,1
-73.16,4.82,TUNA,contextual_por_proximidad_no_asociacion_directa,82.2556,contextual_50_100km,44.57249052,174.29558652,127.230515820468,5.16696981058492,1,1,1
-73.11,4.82,TUNA,contextual_por_proximidad_no_asociacion_directa,83.9445,contextual_50_100km,42.89721404,202.67795004,144.707612697271,1.58920663954442,1,1,1
-73.06,4.82,TUNA,contextual_por_proximidad_no_asociacion_directa,85.9574,contextual_50_100km,41.25846057,155.92187657,114.320635564391,1.48694744599649,1,1,1
-73.01,4.82,TUNA,contextual_por_proximidad_no_asociacion_directa,88.2723,contextual_50_100km,39.58993194,209.48040394,147.842135024056,2.3933545611048,1,1,1
-72.96,4.82,TUNA,contextual_por_proximidad_no_asociacion_directa,90.8661,contextual_50_100km,37.96691329,158.70357729,114.898890211104,8.83756018155518,1,1,1
-72.91,4.82,TUNA,contextual_por_proximidad_no_asociacion_directa,93.7156,contextual_50_100km,36.34164575,147.77093375,107.343072563905,2.03274309873162,1,1,1
-72.86,4.82,TUNA,contextual_por_proximidad_no_asociacion_directa,96.7982,contextual_50_100km,34.72232525,169.69162125,120.723167255454,4.694836614579,1,1,1
-72.81,4.82,TUNA,contextual_por_proximidad_no_asociacion_directa,100.0924,regional_100_150km,33.13322569,123.72584169,90.8577710968072,3.99415017893184,1,0,1
-72.76,4.82,TUNA,contextual_por_proximidad_no_asociacion_directa,103.578,regional_100_150km,31.55377666,110.39490466,81.7904126476383,2.26364230181987,1,0,1
-72.71,4.82,TUNA,contextual_por_proximidad_no_asociacion_directa,107.2363,regional_100_150km,29.99271182,100.19303982,74.7235320582494,1.6401915477341,1,0,1
-72.66,4.82,TUNA,contextual_por_proximidad_no_asociacion_directa,111.0503,regional_100_150km,28.45197118,95.06019518,70.8939451567177,0.7492350440673,1,0,1
-72.61,4.82,TUNA,contextual_por_proximidad_no_asociacion_directa,115.0045,regional_100_150km,26.93393041,90.87585041,67.6769669554778,0.607702846833205,1,0,1
-72.56,4.82,TUNA,contextual_por_proximidad_no_asociacion_directa,119.085,regional_100_150km,25.44027938,87.28371938,64.8461892434833,0.520543712502554,1,0,1
-72.51,4.82,TUNA,contextual_por_proximidad_no_asociacion_directa,123.2791,regional_100_150km,23.97258472,84.12489672,62.3009277868172,0.465081968730178,1,0,1
-72.46,4.82,TUNA,contextual_por_proximidad_no_asociacion_directa,127.5757,regional_100_150km,22.53230641,81.15396241,59.8853335440683,0.459953080512594,1,0,1
-72.41,4.82,TUNA,contextual_por_proximidad_no_asociacion_directa,131.9647,regional_100_150km,21.12078211,78.01427811,57.3726460941905,0.404804685532551,1,0,1
-76.46,4.77,PER2,contextual_por_proximidad_no_asociacion_directa,85.4132,contextual_50_100km,67.25298915,512.53810115,350.98340561815,14.3343192989438,1,1,1
-76.41,4.77,PER2,contextual_por_proximidad_no_asociacion_directa,79.8753,contextual_50_100km,68.92426047,388.38698047,272.482134175978,3.4747165089612,1,1,1
-76.36,4.77,PER2,contextual_por_proximidad_no_asociacion_directa,74.3378,contextual_50_100km,70.36977314,457.56402114,317.085376870116,10.9507555000198,1,1,1
-76.31,4.77,PER2,contextual_por_proximidad_no_asociacion_directa,68.8008,contextual_50_100km,71.71194081,576.77904481,393.534736812851,17.6786288459013,1,1,1
-76.26,4.77,PER2,contextual_por_proximidad_no_asociacion_directa,63.2644,contextual_50_100km,72.92470201,762.79383001,512.501165990138,4.50870798888534,1,1,1
-76.21,4.77,PER2,contextual_por_proximidad_no_asociacion_directa,57.7287,contextual_50_100km,74.45431838,609.69015838,415.500276799289,10.1140073251559,1,1,1
-76.16,4.77,PER2,contextual_por_proximidad_no_asociacion_directa,52.1941,contextual_50_100km,75.73149116,639.58072316,435.009565160836,8.02067134692362,1,1,1
-76.11,4.77,PER2,contextual_por_proximidad_no_asociacion_directa,46.6608,local_0_50km,77.09026569,555.13635369,381.695589299405,7.28920318760701,1,1,1
-76.06,4.77,PER2,contextual_por_proximidad_no_asociacion_directa,41.1295,local_0_50km,78.30713987,545.20659587,375.809961162693,10.2565541969099,1,1,1
-76.01,4.77,PER2,contextual_por_proximidad_no_asociacion_directa,35.6009,local_0_50km,79.65242237,390.21511837,277.539305854107,11.8442001072963,1,1,1
-75.96,4.77,PER2,contextual_por_proximidad_no_asociacion_directa,30.0767,local_0_50km,80.78548656,359.63644656,258.46602624385,1.47557516060215,1,1,1
-75.91,4.77,PER2,contextual_por_proximidad_no_asociacion_directa,24.5599,local_0_50km,81.80944837,365.96832837,262.872132014189,2.21707857855699,1,1,1
-75.86,4.77,PER2,contextual_por_proximidad_no_asociacion_directa,19.0566,local_0_50km,82.73783854,395.74464654,282.182081336077,4.7980404820296,1,1,1
-75.81,4.77,PER2,contextual_por_proximidad_no_asociacion_directa,13.5837,local_0_50km,83.57089658,446.44746458,314.791561701122,4.08064223996449,1,1,1
-75.76,4.77,PER2,contextual_por_proximidad_no_asociacion_directa,8.2017,local_0_50km,84.3806479,465.6127439,327.297238763038,4.92105657135222,1,1,1
-75.71,4.77,PER2,contextual_por_proximidad_no_asociacion_directa,3.3783,local_0_50km,85.05587414,530.95818614,369.179563161678,7.4555928999743,1,1,1
-75.66,4.77,PER2,contextual_por_proximidad_no_asociacion_directa,4.117,local_0_50km,85.66821373,591.06860573,407.703376911756,6.96238811898813,1,1,1
-75.61,4.77,PER2,contextual_por_proximidad_no_asociacion_directa,9.1585,local_0_50km,86.23143611,636.46523611,436.833917580014,14.6663919308881,1,1,1
-75.56,4.77,PER2,contextual_por_proximidad_no_asociacion_directa,14.5671,local_0_50km,86.4835693,842.2696573,568.061541996905,30.9126322283168,1,1,1
-75.51,4.77,PER2,contextual_por_proximidad_no_asociacion_directa,20.0477,local_0_50km,86.47723088,1170.46559088,777.181816640836,30.9896680041124,1,1,1
-75.46,4.77,PER2,contextual_por_proximidad_no_asociacion_directa,25.5542,local_0_50km,86.60869735,1356.84332935,895.987208863378,14.2102839888064,1,1,1
-75.41,4.77,PER2,contextual_por_proximidad_no_asociacion_directa,31.0727,local_0_50km,86.97947844,1336.69838244,883.285610274115,4.08360572554107,1,1,1
-75.36,4.77,PER2,contextual_por_proximidad_no_asociacion_directa,36.5979,local_0_50km,87.14639314,1404.63385714,926.633851351465,9.42048155678643,1,1,1
-75.31,4.77,PER2,contextual_por_proximidad_no_asociacion_directa,42.127,local_0_50km,87.4953285,1307.3170645,864.751337841229,6.57725372154763,1,1,1
-75.26,4.77,PER2,contextual_por_proximidad_no_asociacion_directa,47.6588,local_0_50km,87.61548023,1313.83140823,868.945793225777,7.71421173038257,1,1,1
-75.21,4.77,PER2,contextual_por_proximidad_no_asociacion_directa,53.1923,contextual_50_100km,87.82583719,1216.47478919,806.987624924106,18.4512044574539,1,1,1
-75.16,4.77,PER2,contextual_por_proximidad_no_asociacion_directa,58.7272,contextual_50_100km,88.16239405,993.38494605,664.95951740705,22.0963199995821,1,1,1
-75.11,4.77,PER2,contextual_por_proximidad_no_asociacion_directa,64.263,contextual_50_100km,88.28259064,865.00410264,583.200368352567,25.7452977995317,1,1,1
-75.06,4.77,PER2,contextual_por_proximidad_no_asociacion_directa,69.7995,contextual_50_100km,88.61799442,554.93728242,385.751139512377,23.5183887702658,1,1,1
-75.01,4.77,PER2,contextual_por_proximidad_no_asociacion_directa,75.3366,contextual_50_100km,88.53323441,467.85201041,330.230680357102,16.0187072357564,1,1,1
-74.96,4.77,PER2,contextual_por_proximidad_no_asociacion_directa,80.8742,contextual_50_100km,88.52426637,287.68236237,215.425453942343,14.9837423769613,1,1,1
-74.91,4.77,PER2,contextual_por_proximidad_no_asociacion_directa,86.4121,contextual_50_100km,88.28163445,211.24021845,166.629392563804,6.38122339055844,1,1,1
-73.31,4.77,VIVI,contextual_por_proximidad_no_asociacion_directa,83.0709,contextual_50_100km,49.42145146,274.82289146,193.044588008344,23.9698273313963,1,1,1
-73.26,4.77,VIVI,contextual_por_proximidad_no_asociacion_directa,85.2541,contextual_50_100km,47.76650275,262.98414275,184.900642165136,7.95303323299423,1,1,1
-73.21,4.77,TUNA,contextual_por_proximidad_no_asociacion_directa,86.3542,contextual_50_100km,46.11532707,240.64442307,170.066970490885,2.53305670389336,1,1,1
-73.16,4.77,TUNA,contextual_por_proximidad_no_asociacion_directa,87.6153,contextual_50_100km,44.45986877,227.81764477,161.293278972032,8.8930945938426,1,1,1
-73.11,4.77,TUNA,contextual_por_proximidad_no_asociacion_directa,89.2029,contextual_50_100km,42.79371962,248.32131962,173.75347994475,5.30367566592625,1,1,1
-73.06,4.77,TUNA,contextual_por_proximidad_no_asociacion_directa,91.0999,contextual_50_100km,41.18192929,144.39011329,106.944965690915,4.09794299876592,1,1,1
-73.01,4.77,TUNA,contextual_por_proximidad_no_asociacion_directa,93.2874,contextual_50_100km,39.52384305,180.03559505,129.056272586134,2.97589035314377,1,1,1
-72.96,4.77,TUNA,contextual_por_proximidad_no_asociacion_directa,95.7456,contextual_50_100km,37.90281188,135.29697188,99.9612208266833,2.92242506598421,1,1,1
-72.91,4.77,TUNA,contextual_por_proximidad_no_asociacion_directa,98.4542,contextual_50_100km,36.28020167,132.72387367,97.7329708842505,1.15682608245051,1,1,1
-72.86,4.77,TUNA,contextual_por_proximidad_no_asociacion_directa,101.393,regional_100_150km,34.67279887,126.75903887,93.3490638563444,3.38643626076519,1,0,1
-72.81,4.77,TUNA,contextual_por_proximidad_no_asociacion_directa,104.5428,regional_100_150km,33.08319201,111.64040801,83.1389226230155,2.15938744981364,1,0,1
-72.76,4.77,TUNA,contextual_por_proximidad_no_asociacion_directa,107.885,regional_100_150km,31.51045698,99.85918498,75.0614595576661,1.34467013006446,1,0,1
-72.71,4.77,TUNA,contextual_por_proximidad_no_asociacion_directa,111.4022,regional_100_150km,29.95624661,96.37931061,72.2802388206594,0.666445117059455,1,0,1
-72.66,4.77,TUNA,contextual_por_proximidad_no_asociacion_directa,115.0785,regional_100_150km,28.42381771,92.42745771,69.2061815108305,0.622288560156213,1,0,1
-72.61,4.77,TUNA,contextual_por_proximidad_no_asociacion_directa,118.8991,regional_100_150km,26.91475511,88.57303511,66.202683207425,0.556427425516114,1,0,1
-72.56,4.77,TUNA,contextual_por_proximidad_no_asociacion_directa,122.8506,regional_100_150km,25.43064563,85.48420563,63.6960650882528,0.493018560245792,1,0,1
-72.51,4.77,TUNA,contextual_por_proximidad_no_asociacion_directa,126.9206,regional_100_150km,23.97304862,82.54532862,61.2946139497861,0.445407607687712,1,0,1
-72.46,4.77,TUNA,contextual_por_proximidad_no_asociacion_directa,131.0982,regional_100_150km,22.54341144,79.98004344,59.141355271295,0.419340475352691,1,0,1
-72.41,4.77,TUNA,contextual_por_proximidad_no_asociacion_directa,135.3734,regional_100_150km,21.14305561,77.22184761,56.8757998235339,0.429171123608667,1,0,1
-72.36,4.77,TUNA,contextual_por_proximidad_no_asociacion_directa,139.7373,regional_100_150km,19.77322585,74.33370585,54.5385195818555,0.396911468127906,1,0,1
-76.46,4.72,PER2,contextual_por_proximidad_no_asociacion_directa,85.7593,contextual_50_100km,67.24329585,342.82309585,242.839491000153,19.2833799471106,1,1,1
-76.41,4.72,PER2,contextual_por_proximidad_no_asociacion_directa,80.245,contextual_50_100km,68.89356714,261.86731914,191.854163725995,5.76251721453807,1,1,1
-76.36,4.72,PER2,contextual_por_proximidad_no_asociacion_directa,74.7345,contextual_50_100km,70.31831745,369.93188545,261.228545834524,17.5296174196234,1,1,1
-76.31,4.72,PER2,contextual_por_proximidad_no_asociacion_directa,69.2288,contextual_50_100km,71.60893862,553.86433062,378.896381044464,20.3296561007227,1,1,1
-76.26,4.72,PER2,contextual_por_proximidad_no_asociacion_directa,63.7291,contextual_50_100km,72.85780119,718.20212119,484.063583158644,6.8504624250416,1,1,1
-76.21,4.72,PER2,contextual_por_proximidad_no_asociacion_directa,58.2372,contextual_50_100km,74.38639568,576.39218768,394.258559817353,11.5098002267822,1,1,1
-76.16,4.72,PER2,contextual_por_proximidad_no_asociacion_directa,52.7556,contextual_50_100km,75.74470857,546.07579657,375.434125260308,7.54367724406786,1,1,1
-76.11,4.72,PER2,contextual_por_proximidad_no_asociacion_directa,47.2876,local_0_50km,76.93986038,608.28734038,415.508201712064,4.63286960684387,1,1,1
-76.06,4.72,PER2,contextual_por_proximidad_no_asociacion_directa,41.8388,local_0_50km,78.26471977,516.35327977,357.409578264016,14.6930629992228,1,1,1
-76.01,4.72,PER2,contextual_por_proximidad_no_asociacion_directa,36.4176,local_0_50km,79.5715212,398.1701612,282.578813331039,9.15361207931362,1,1,1
-75.96,4.72,PER2,contextual_por_proximidad_no_asociacion_directa,31.0387,local_0_50km,80.72235949,359.32643949,258.245590152439,1.20122659059435,1,1,1
-75.91,4.72,PER2,contextual_por_proximidad_no_asociacion_directa,25.7285,local_0_50km,81.73902938,376.09405338,269.298575608468,3.73387803713993,1,1,1
-75.86,4.72,PER2,contextual_por_proximidad_no_asociacion_directa,20.5404,local_0_50km,82.66171212,414.30796012,293.982786032616,4.41811494470537,1,1,1
-75.81,4.72,PER2,contextual_por_proximidad_no_asociacion_directa,15.5966,local_0_50km,83.52728338,445.37929938,314.095116062265,3.29751927542173,1,1,1
-75.76,4.72,PER2,contextual_por_proximidad_no_asociacion_directa,11.2249,local_0_50km,84.33392873,470.18268073,330.192198293425,5.90054482440978,1,1,1
-75.71,4.72,PER2,contextual_por_proximidad_no_asociacion_directa,8.3749,local_0_50km,84.99913709,545.44268109,378.388327472793,9.11435557936866,1,1,1
-75.66,4.72,PER2,contextual_por_proximidad_no_asociacion_directa,8.6992,local_0_50km,85.59039728,622.35689328,427.611671632038,9.44639895128881,1,1,1
-75.61,4.72,PER2,contextual_por_proximidad_no_asociacion_directa,11.942,local_0_50km,86.10802426,700.32077626,477.477138628703,7.38277980574341,1,1,1
-75.56,4.72,PER2,contextual_por_proximidad_no_asociacion_directa,16.4603,local_0_50km,86.62550494,729.92072094,496.525622030932,14.4512050833241,1,1,1
-75.51,4.72,PER2,contextual_por_proximidad_no_asociacion_directa,21.4632,local_0_50km,86.81318208,930.94527808,624.684188088871,27.1917613883836,1,1,1
-75.46,4.72,PER2,contextual_por_proximidad_no_asociacion_directa,26.6794,local_0_50km,86.9246835,1132.7824275,753.332890903889,30.4550420927205,1,1,1
-75.41,4.72,PER2,contextual_por_proximidad_no_asociacion_directa,32.0048,local_0_50km,86.84226267,1413.79757467,932.362521852581,12.3383452142178,1,1,1
-75.36,4.72,PER2,contextual_por_proximidad_no_asociacion_directa,37.3929,local_0_50km,87.22134427,1342.28520027,886.933216417665,9.12265553531451,1,1,1
-75.31,4.72,PER2,contextual_por_proximidad_no_asociacion_directa,42.8198,local_0_50km,87.54111658,1264.31932458,837.370298038202,13.1893978946692,1,1,1
-75.26,4.72,PER2,contextual_por_proximidad_no_asociacion_directa,48.2726,local_0_50km,87.88267458,1127.18575458,750.114327465424,17.6274585541552,1,1,1
-75.21,4.72,PER2,contextual_por_proximidad_no_asociacion_directa,53.7434,contextual_50_100km,88.1992008,961.7470488,644.813576710005,7.59533063590172,1,1,1
-75.16,4.72,PER2,contextual_por_proximidad_no_asociacion_directa,59.2272,contextual_50_100km,88.1359848,995.3582648,666.20731123048,12.5998686039712,1,1,1
-75.11,4.72,PER2,contextual_por_proximidad_no_asociacion_directa,64.7206,contextual_50_100km,88.31808179,826.09427379,558.420361374964,23.6725541845768,1,1,1
-75.06,4.72,PER2,contextual_por_proximidad_no_asociacion_directa,70.2214,contextual_50_100km,88.44714397,645.97624797,443.698107022712,21.7711918043304,1,1,1
-75.01,4.72,PER2,contextual_por_proximidad_no_asociacion_directa,75.7281,contextual_50_100km,88.53332374,448.31154774,317.779760642412,21.4682172505679,1,1,1
-74.96,4.72,PER2,contextual_por_proximidad_no_asociacion_directa,81.2393,contextual_50_100km,88.51238248,273.75879048,206.549206695827,14.7282072492751,1,1,1
-74.91,4.72,PER2,contextual_por_proximidad_no_asociacion_directa,86.7543,contextual_50_100km,88.27017472,194.94702272,156.243402871741,6.19979199332479,1,1,1
-73.41,4.72,VIVI,contextual_por_proximidad_no_asociacion_directa,74.3059,contextual_50_100km,52.33937253,695.47411653,462.137238757015,20.0699234749245,1,1,1
-73.36,4.72,VIVI,contextual_por_proximidad_no_asociacion_directa,75.9339,contextual_50_100km,50.86116241,438.49979441,297.859922378656,24.7409488340282,1,1,1
-73.31,4.72,VIVI,contextual_por_proximidad_no_asociacion_directa,77.9231,contextual_50_100km,49.29699029,288.38792629,201.64291207559,12.5002755054382,1,1,1
-73.26,4.72,VIVI,contextual_por_proximidad_no_asociacion_directa,80.2466,contextual_50_100km,47.67335881,223.40254281,159.645920250429,5.21396568077176,1,1,1
-73.21,4.72,VIVI,contextual_por_proximidad_no_asociacion_directa,82.8763,contextual_50_100km,46.01187866,225.28379066,160.241824557678,6.20435037568687,1,1,1
-73.16,4.72,VIVI,contextual_por_proximidad_no_asociacion_directa,85.7841,contextual_50_100km,44.30736946,329.19454546,225.834114717352,1.45621151147015,1,1,1
-73.11,4.72,VIVI,contextual_por_proximidad_no_asociacion_directa,88.9426,contextual_50_100km,42.69539666,237.48371666,166.812214553367,12.1311570091255,1,1,1
-73.06,4.72,VIVI,contextual_por_proximidad_no_asociacion_directa,92.3262,contextual_50_100km,41.08349521,144.31636721,106.862262513056,5.01744461765341,1,1,1
-73.01,4.72,VIVI,contextual_por_proximidad_no_asociacion_directa,95.911,contextual_50_100km,39.43797267,158.92789267,115.575539032978,3.2640145486062,1,1,1
-72.96,4.72,VIVI,contextual_por_proximidad_no_asociacion_directa,99.6753,contextual_50_100km,37.81262439,146.29169639,106.934208398042,1.24038397316917,1,1,1
-72.91,4.72,TUNA,contextual_por_proximidad_no_asociacion_directa,103.2747,regional_100_150km,36.1916688,165.1000608,118.330574329812,2.32660768950387,1,0,1
-72.86,4.72,TUNA,contextual_por_proximidad_no_asociacion_directa,106.0803,regional_100_150km,34.60186263,115.45506263,86.1205671421389,4.0841107259127,1,0,1
-72.81,4.72,TUNA,contextual_por_proximidad_no_asociacion_directa,109.095,regional_100_150km,33.01958544,99.61546544,75.4536939656472,1.62338562119196,1,0,1
-72.76,4.72,TUNA,contextual_por_proximidad_no_asociacion_directa,112.302,regional_100_150km,31.45369668,94.45747268,71.5989589441155,0.696845331192543,1,0,1
-72.71,4.72,TUNA,contextual_por_proximidad_no_asociacion_directa,115.6853,regional_100_150km,29.90785989,93.19554789,70.2340275287383,0.525097160509126,1,0,1
-72.66,4.72,TUNA,contextual_por_proximidad_no_asociacion_directa,119.2299,regional_100_150km,28.38460295,90.01819495,67.6568001452839,0.555899016466158,1,0,1
-72.61,4.72,TUNA,contextual_por_proximidad_no_asociacion_directa,122.9218,regional_100_150km,26.88531586,86.59324386,64.9305026882772,0.51361000905215,1,0,1
-72.56,4.72,TUNA,contextual_por_proximidad_no_asociacion_directa,126.7482,regional_100_150km,25.4115425,83.5641265,62.4656824933872,0.457694002636729,1,0,1
-72.51,4.72,TUNA,contextual_por_proximidad_no_asociacion_directa,130.6972,regional_100_150km,23.96481881,81.17925881,60.421184522025,0.395438728648545,1,0,1
-72.46,4.72,TUNA,contextual_por_proximidad_no_asociacion_directa,134.7581,regional_100_150km,22.54658112,78.93397312,58.4759616102977,0.405092358512279,1,0,1
-72.41,4.72,TUNA,contextual_por_proximidad_no_asociacion_directa,138.9211,regional_100_150km,21.15810465,76.17531265,56.2144200714661,0.405005266691803,1,0,1
-72.36,4.72,TUNA,contextual_por_proximidad_no_asociacion_directa,143.1772,regional_100_150km,19.80068492,73.74396492,54.1727060983278,0.352249922128906,1,0,1
-72.31,4.72,TUNA,contextual_por_proximidad_no_asociacion_directa,147.5184,regional_100_150km,18.47552422,71.77691622,52.4385419426589,0.35441107623091,1,0,1
-76.46,4.67,PER2,contextual_por_proximidad_no_asociacion_directa,86.4623,contextual_50_100km,67.18483848,217.68288648,163.080417932213,8.85204830324751,1,1,1
-76.41,4.67,PER2,contextual_por_proximidad_no_asociacion_directa,80.9954,contextual_50_100km,68.70379963,292.43879963,211.265100283819,9.60171588975438,1,1,1
-76.36,4.67,PER2,contextual_por_proximidad_no_asociacion_directa,75.5393,contextual_50_100km,70.16158117,377.63827717,266.082101886468,19.240379854219,1,1,1
-76.31,4.67,PER2,contextual_por_proximidad_no_asociacion_directa,70.0964,contextual_50_100km,71.39916249,623.48456249,423.181461620597,16.0228248667706,1,1,1
-76.26,4.67,PER2,contextual_por_proximidad_no_asociacion_directa,64.6702,contextual_50_100km,72.80811425,646.05113025,438.071796515529,13.1871424064971,1,1,1
-76.21,4.67,PER2,contextual_por_proximidad_no_asociacion_directa,59.2652,contextual_50_100km,74.34713122,505.33789122,348.969355348447,9.57766794977576,1,1,1
-76.16,4.67,PER2,contextual_por_proximidad_no_asociacion_directa,53.8878,contextual_50_100km,75.67311807,512.58899807,354.070758712314,8.29613560716504,1,1,1
-76.11,4.67,PER2,contextual_por_proximidad_no_asociacion_directa,48.5471,local_0_50km,76.81071207,630.80943207,429.812156116533,10.2997621281025,1,1,1
-76.06,4.67,PER2,contextual_por_proximidad_no_asociacion_directa,43.2568,local_0_50km,78.31561011,398.11161811,282.085850994883,17.7459139211752,1,1,1
-76.01,4.67,PER2,contextual_por_proximidad_no_asociacion_directa,38.0379,local_0_50km,79.53321729,358.38417729,257.21375697385,3.11379114601641,1,1,1
-75.96,4.67,PER2,contextual_por_proximidad_no_asociacion_directa,32.9244,local_0_50km,80.63845662,360.05724062,258.680807053095,2.41046569861604,1,1,1
-75.91,4.67,PER2,contextual_por_proximidad_no_asociacion_directa,27.974,local_0_50km,81.63156415,398.62548415,283.616347641867,6.8048320914219,1,1,1
-75.86,4.67,PER2,contextual_por_proximidad_no_asociacion_directa,23.2912,local_0_50km,82.57281292,426.52602892,301.73574154996,2.45708131153835,1,1,1
-75.81,4.67,PER2,contextual_por_proximidad_no_asociacion_directa,19.074,local_0_50km,83.46740253,439.77696253,310.503647681586,3.34249103293269,1,1,1
-75.76,4.67,PER2,contextual_por_proximidad_no_asociacion_directa,15.7019,local_0_50km,84.25175811,483.14811811,338.423809455003,7.71585968186947,1,1,1
-75.71,4.67,PER2,contextual_por_proximidad_no_asociacion_directa,13.809,local_0_50km,84.90109299,571.67438899,395.067290506288,9.2649090401157,1,1,1
-75.66,4.67,PER2,contextual_por_proximidad_no_asociacion_directa,14.008,local_0_50km,85.50269344,643.17992544,440.848041905559,7.81286184695865,1,1,1
-75.61,4.67,PER2,contextual_por_proximidad_no_asociacion_directa,16.2223,local_0_50km,86.04550873,705.47977273,480.741708901548,7.01740125323111,1,1,1
-75.56,4.67,PER2,contextual_por_proximidad_no_asociacion_directa,19.7864,local_0_50km,86.55081351,744.36257351,505.700701059905,12.6332889883671,1,1,1
-75.51,4.67,PER2,contextual_por_proximidad_no_asociacion_directa,24.109,local_0_50km,86.77212482,924.06564482,620.285670935783,23.2079615606173,1,1,1
-75.46,4.67,PER2,contextual_por_proximidad_no_asociacion_directa,28.8511,local_0_50km,86.86189844,1141.17528244,758.65793982722,21.6179924262562,1,1,1
-75.41,4.67,PER2,contextual_por_proximidad_no_asociacion_directa,33.8368,local_0_50km,86.97535639,1293.20634839,855.571504102547,18.8957838366843,1,1,1
-75.36,4.67,PER2,contextual_por_proximidad_no_asociacion_directa,38.9727,local_0_50km,87.15831494,1351.19625894,892.588370015959,10.6165552197228,1,1,1
-75.31,4.67,PER2,contextual_por_proximidad_no_asociacion_directa,44.2065,local_0_50km,87.3033425,1386.9290385,915.409493012371,8.26776564231083,1,1,1
-75.26,4.67,PER2,contextual_por_proximidad_no_asociacion_directa,49.5072,local_0_50km,87.61679944,1266.30832744,838.665125814138,10.1518130460406,1,1,1
-75.21,4.67,PER2,contextual_por_proximidad_no_asociacion_directa,54.8553,contextual_50_100km,87.76000764,1210.94056764,803.43740054985,26.7810098880984,1,1,1
-75.16,4.67,PER2,contextual_por_proximidad_no_asociacion_directa,60.2383,contextual_50_100km,88.35198824,821.15354824,555.28449104353,32.6405764493979,1,1,1
-75.11,4.67,PER2,contextual_por_proximidad_no_asociacion_directa,65.6475,contextual_50_100km,88.53904468,647.77162068,444.875439980449,16.3736520070999,1,1,1
-75.06,4.67,PER2,contextual_por_proximidad_no_asociacion_directa,71.0771,contextual_50_100km,88.51325985,564.97931585,392.111805722374,14.7676168690575,1,1,1
-75.01,4.67,PER2,contextual_por_proximidad_no_asociacion_directa,76.5225,contextual_50_100km,88.46409431,451.61223031,319.857799354674,18.0891057595981,1,1,1
-74.96,4.67,PER2,contextual_por_proximidad_no_asociacion_directa,81.9808,contextual_50_100km,88.47382792,255.20423592,194.712475529994,14.8623818535732,1,1,1
-74.91,4.67,PER2,contextual_por_proximidad_no_asociacion_directa,87.4494,contextual_50_100km,88.19691935,196.26863935,157.058943472714,4.2225918046228,1,1,1
-73.46,4.67,VIVI,contextual_por_proximidad_no_asociacion_directa,67.6109,contextual_50_100km,53.82021294,701.00378894,466.197947118157,10.3870807366714,1,1,1
-73.41,4.67,VIVI,contextual_por_proximidad_no_asociacion_directa,68.9521,contextual_50_100km,52.15997344,755.91610144,500.585069874513,18.2894888687988,1,1,1
-73.36,4.67,VIVI,contextual_por_proximidad_no_asociacion_directa,70.7036,contextual_50_100km,50.70328644,468.07861444,316.649918037624,28.5347924739007,1,1,1
-73.31,4.67,VIVI,contextual_por_proximidad_no_asociacion_directa,72.8359,contextual_50_100km,49.1669835,273.9388795,192.388982043746,15.7968542459271,1,1,1
-73.26,4.67,VIVI,contextual_por_proximidad_no_asociacion_directa,75.3167,contextual_50_100km,47.55056075,199.92489675,144.641688764938,3.74530670705843,1,1,1
-73.21,4.67,VIVI,contextual_por_proximidad_no_asociacion_directa,78.1127,contextual_50_100km,45.88712844,212.37065644,151.968467028583,5.52165491354018,1,1,1
-73.16,4.67,VIVI,contextual_por_proximidad_no_asociacion_directa,81.1915,contextual_50_100km,44.23647118,204.79487918,146.542393254716,8.82793246506644,1,1,1
-73.11,4.67,VIVI,contextual_por_proximidad_no_asociacion_directa,84.522,contextual_50_100km,42.60896442,150.86584442,111.588970308772,3.27029120361225,1,1,1
-73.06,4.67,VIVI,contextual_por_proximidad_no_asociacion_directa,88.0758,contextual_50_100km,40.95536512,178.02314112,128.293333807449,1.70935006561816,1,1,1
-73.01,4.67,VIVI,contextual_por_proximidad_no_asociacion_directa,91.827,contextual_50_100km,39.3398059,123.3036939,92.8406040819189,2.37935141520112,1,1,1
-72.96,4.67,VIVI,contextual_por_proximidad_no_asociacion_directa,95.7523,contextual_50_100km,37.70688679,156.56726279,113.443315148379,2.25198120178783,1,1,1
-72.91,4.67,VIVI,contextual_por_proximidad_no_asociacion_directa,99.8312,contextual_50_100km,36.09840595,156.63756595,112.904535653975,2.1748554964388,1,1,1
-72.86,4.67,VIVI,contextual_por_proximidad_no_asociacion_directa,104.0456,regional_100_150km,34.507249,149.170665,107.569423994391,3.78463168888698,1,0,1
-72.81,4.67,VIVI,contextual_por_proximidad_no_asociacion_directa,108.3798,regional_100_150km,32.94111088,95.10549488,72.5515224713178,3.47859494620368,1,0,1
-72.76,4.67,VIVI,contextual_por_proximidad_no_asociacion_directa,112.8199,regional_100_150km,31.38395478,91.00547478,69.3740834507833,0.471984749291714,1,0,1
-72.71,4.67,VIVI,contextual_por_proximidad_no_asociacion_directa,117.3539,regional_100_150km,29.8475971,89.7283411,68.002900243265,0.449544800494736,1,0,1
-72.66,4.67,VIVI,contextual_por_proximidad_no_asociacion_directa,121.9713,regional_100_150km,28.33427967,87.58547967,66.0884448086667,0.465545715671387,1,0,1
-72.61,4.67,VIVI,contextual_por_proximidad_no_asociacion_directa,126.6631,regional_100_150km,26.84553567,84.98577567,63.8918102123166,0.470875948619193,1,0,1
-72.56,4.67,TUNA,contextual_por_proximidad_no_asociacion_directa,130.7661,regional_100_150km,25.38287585,81.89370785,61.3909108510033,0.432555787130078,1,0,1
-72.51,4.67,TUNA,contextual_por_proximidad_no_asociacion_directa,134.5976,regional_100_150km,23.94777941,79.74265941,59.4996182489111,0.384643694143195,1,0,1
-72.46,4.67,TUNA,contextual_por_proximidad_no_asociacion_directa,138.5445,regional_100_150km,22.54166375,77.55887175,57.5979791714661,0.384503882096934,1,0,1
-72.41,4.67,TUNA,contextual_por_proximidad_no_asociacion_directa,142.5972,regional_100_150km,21.16582539,75.25723339,55.6322319811744,0.384207744420271,1,0,1
-72.36,4.67,TUNA,contextual_por_proximidad_no_asociacion_directa,146.7471,regional_100_150km,19.82147184,72.80191984,53.5799878348244,0.365112137524127,1,0,1
-72.31,4.67,TUNA,contextual_por_proximidad_no_asociacion_directa,150.986,no_local_mayor_150km,18.50981044,70.74961844,51.7963993705911,0.303999160604881,1,0,0
-76.46,4.62,PER2,contextual_por_proximidad_no_asociacion_directa,87.5136,contextual_50_100km,66.91806677,316.05701877,225.666465727023,9.34220315072313,1,1,1
-76.41,4.62,PER2,contextual_por_proximidad_no_asociacion_directa,82.1163,contextual_50_100km,68.52656627,302.59349427,217.671249469874,7.32182726944478,1,1,1
-76.36,4.62,PER2,contextual_por_proximidad_no_asociacion_directa,76.7395,contextual_50_100km,69.98232723,399.59181523,280.005601715974,22.7774992273174,1,1,1
-76.31,4.62,PER2,contextual_por_proximidad_no_asociacion_directa,71.3878,contextual_50_100km,71.25450573,621.00688973,421.550234608262,10.542788464251,1,1,1
-76.26,4.62,PER2,contextual_por_proximidad_no_asociacion_directa,66.0673,contextual_50_100km,72.8039444,520.5702004,358.115316533332,10.2343328189157,1,1,1
-76.21,4.62,PER2,contextual_por_proximidad_no_asociacion_directa,60.7863,contextual_50_100km,74.24950708,474.91105908,329.546317928092,10.7865327194686,1,1,1
-76.16,4.62,PER2,contextual_por_proximidad_no_asociacion_directa,55.5559,contextual_50_100km,75.43122655,614.51839455,418.931205703302,7.38889839969385,1,1,1
-76.11,4.62,PER2,contextual_por_proximidad_no_asociacion_directa,50.3919,contextual_50_100km,76.88619178,469.33898378,326.952477666173,15.9947181602187,1,1,1
-76.06,4.62,PER2,contextual_por_proximidad_no_asociacion_directa,45.3171,local_0_50km,78.23909883,369.38468283,263.753627780123,6.69524298089538,1,1,1
-76.01,4.62,PER2,contextual_por_proximidad_no_asociacion_directa,40.3651,local_0_50km,79.42652688,358.48733488,257.240779232049,0.192886391755667,1,1,1
-75.96,4.62,PER2,contextual_por_proximidad_no_asociacion_directa,35.5872,local_0_50km,80.53024634,365.17054234,261.89968257594,6.80230633763381,1,1,1
-75.91,4.62,PER2,contextual_por_proximidad_no_asociacion_directa,31.0638,local_0_50km,81.43489351,473.44330151,331.218023157633,5.57839770957471,1,1,1
-75.86,4.62,PER2,contextual_por_proximidad_no_asociacion_directa,26.9235,local_0_50km,82.48802306,420.54080706,297.891266078234,1.69872224376972,1,1,1
-75.81,4.62,PER2,contextual_por_proximidad_no_asociacion_directa,23.3709,local_0_50km,83.36017427,452.49515027,318.568623083893,3.96154433493658,1,1,1
-75.76,4.62,PER2,contextual_por_proximidad_no_asociacion_directa,20.7105,local_0_50km,84.15823235,488.06625635,341.523656829648,5.58540107903065,1,1,1
-75.71,4.62,PER2,contextual_por_proximidad_no_asociacion_directa,19.3147,local_0_50km,84.85037095,548.54038695,380.308174964349,7.37658278548928,1,1,1
-75.66,4.62,PER2,contextual_por_proximidad_no_asociacion_directa,19.4575,local_0_50km,85.47640342,604.98598742,416.501777175401,6.74568654864272,1,1,1
-75.61,4.62,PER2,contextual_por_proximidad_no_asociacion_directa,21.1078,local_0_50km,86.07161854,633.25645054,434.731333595586,8.21838343203148,1,1,1
-75.56,4.62,PER2,contextual_por_proximidad_no_asociacion_directa,23.9559,local_0_50km,86.47800996,739.93233796,502.851393281999,14.9087120592432,1,1,1
-75.51,4.62,PER2,contextual_por_proximidad_no_asociacion_directa,27.6341,local_0_50km,86.78528831,863.01304031,581.388447979745,20.311749787537,1,1,1
-75.46,4.62,PER2,contextual_por_proximidad_no_asociacion_directa,31.8559,local_0_50km,86.89672479,1066.43015679,711.043863591795,17.6579516108981,1,1,1
-75.41,4.62,PER2,contextual_por_proximidad_no_asociacion_directa,36.433,local_0_50km,87.09750941,1161.11191741,771.446810705827,21.6958454201314,1,1,1
-75.36,4.62,PER2,contextual_por_proximidad_no_asociacion_directa,41.2472,local_0_50km,87.33552477,1183.17412477,785.590943558569,19.248946382026,1,1,1
-75.31,4.62,PER2,contextual_por_proximidad_no_asociacion_directa,46.2246,local_0_50km,87.58903031,1148.03738231,763.294200879286,29.4789928613351,1,1,1
-75.26,4.62,PER2,contextual_por_proximidad_no_asociacion_directa,51.3176,contextual_50_100km,87.76820248,1114.85072248,742.213058805575,6.42027001673474,1,1,1
-75.21,4.62,PER2,contextual_por_proximidad_no_asociacion_directa,56.4949,contextual_50_100km,87.85186266,1097.24543066,731.025527601469,12.6679609414824,1,1,1
-75.16,4.62,PER2,contextual_por_proximidad_no_asociacion_directa,61.7355,contextual_50_100km,87.8941086,1060.1816126,707.424227623378,22.9399023893282,1,1,1
-75.11,4.62,PER2,contextual_por_proximidad_no_asociacion_directa,67.0244,contextual_50_100km,88.36323027,702.55129427,479.716613736562,33.5138088234151,1,1,1
-75.06,4.62,PER2,contextual_por_proximidad_no_asociacion_directa,72.351,contextual_50_100km,88.55202583,480.49871383,338.29582822228,18.1666168000266,1,1,1
-75.01,4.62,PER2,contextual_por_proximidad_no_asociacion_directa,77.7076,contextual_50_100km,88.45157905,397.61940305,285.449666563134,16.254298654764,1,1,1
-74.96,4.62,PER2,contextual_por_proximidad_no_asociacion_directa,83.0884,contextual_50_100km,88.39878468,238.53885668,184.066266051167,12.4750628514676,1,1,1
-74.91,4.62,PER2,contextual_por_proximidad_no_asociacion_directa,88.489,contextual_50_100km,88.10916683,185.26879083,150.018132206343,3.84615094298637,1,1,1
-73.51,4.62,VIVI,contextual_por_proximidad_no_asociacion_directa,61.1913,contextual_50_100km,55.2252126,761.1168526,505.011032069719,19.7315984898979,1,1,1
-73.46,4.62,VIVI,contextual_por_proximidad_no_asociacion_directa,62.1777,contextual_50_100km,53.60393242,775.66621242,513.693492792147,16.3156884912026,1,1,1
-73.41,4.62,VIVI,contextual_por_proximidad_no_asociacion_directa,63.6335,contextual_50_100km,52.17101982,481.18673982,325.534771777158,30.4034068361085,1,1,1
-73.36,4.62,VIVI,contextual_por_proximidad_no_asociacion_directa,65.5275,contextual_50_100km,50.62215727,332.27520527,230.088154346866,18.9218611637887,1,1,1
-73.31,4.62,VIVI,contextual_por_proximidad_no_asociacion_directa,67.8229,contextual_50_100km,49.02581347,240.74047747,171.184134046798,7.07733797256778,1,1,1
-73.26,4.62,VIVI,contextual_por_proximidad_no_asociacion_directa,70.4805,contextual_50_100km,47.37527218,237.75678418,168.684124041178,4.66008150206677,1,1,1
-73.21,4.62,VIVI,contextual_por_proximidad_no_asociacion_directa,73.4611,contextual_50_100km,45.68459376,321.57299376,221.477425186917,3.46981053293695,1,1,1
-73.16,4.62,VIVI,contextual_por_proximidad_no_asociacion_directa,76.7269,contextual_50_100km,44.09765179,189.36184379,136.658279988298,8.04264406255361,1,1,1
-73.11,4.62,VIVI,contextual_por_proximidad_no_asociacion_directa,80.2432,contextual_50_100km,42.45426892,188.45910092,135.486824182531,2.68274688713425,1,1,1
-73.06,4.62,VIVI,contextual_por_proximidad_no_asociacion_directa,83.9785,contextual_50_100km,40.83270151,148.22550151,109.262125823833,4.39014182981815,1,1,1
-73.01,4.62,VIVI,contextual_por_proximidad_no_asociacion_directa,87.905,contextual_50_100km,39.21283849,124.85551049,93.7833380175144,1.5782942497552,1,1,1
-72.96,4.62,VIVI,contextual_por_proximidad_no_asociacion_directa,91.998,contextual_50_100km,37.59747482,123.19077082,92.1365125432322,2.79743205854404,1,1,1
-72.91,4.62,VIVI,contextual_por_proximidad_no_asociacion_directa,96.2365,contextual_50_100km,35.99468279,128.48827479,94.9305076616727,3.47994931170743,1,1,1
-72.86,4.62,VIVI,contextual_por_proximidad_no_asociacion_directa,100.6019,regional_100_150km,34.41575998,98.11079998,75.0014875040666,3.71283917259838,1,0,1
-72.81,4.62,VIVI,contextual_por_proximidad_no_asociacion_directa,105.0785,regional_100_150km,32.84880152,92.58141752,70.9097192504183,0.559726405675073,1,0,1
-72.76,4.62,VIVI,contextual_por_proximidad_no_asociacion_directa,109.6527,regional_100_150km,31.30112583,90.51529383,69.031694615455,0.423932570953643,1,0,1
-72.71,4.62,VIVI,contextual_por_proximidad_no_asociacion_directa,114.3127,regional_100_150km,29.77530141,87.39709341,66.4912270073533,0.459161791456353,1,0,1
-72.66,4.62,VIVI,contextual_por_proximidad_no_asociacion_directa,119.0485,regional_100_150km,28.27280831,85.20333631,64.5482686474022,0.424485419449078,1,0,1
-72.61,4.62,VIVI,contextual_por_proximidad_no_asociacion_directa,123.8513,regional_100_150km,26.79538652,83.10871452,62.6775743038744,0.420825399413604,1,0,1
-72.56,4.62,VIVI,contextual_por_proximidad_no_asociacion_directa,128.7138,regional_100_150km,25.34458615,80.62101815,60.5660760439478,0.422390048274274,1,0,1
-72.51,4.62,VIVI,contextual_por_proximidad_no_asociacion_directa,133.6293,regional_100_150km,23.92184854,78.17372854,58.4905059950916,0.3900016719319,1,0,1
-72.46,4.62,VIVI,contextual_por_proximidad_no_asociacion_directa,138.5922,regional_100_150km,22.52858333,76.16326333,56.7039682315639,0.36249991352123,1,0,1
-72.41,4.62,VIVI,contextual_por_proximidad_no_asociacion_directa,143.5976,regional_100_150km,21.16606344,73.99838344,54.8301940219778,0.368098076895119,1,0,1
-72.36,4.62,VIVI,contextual_por_proximidad_no_asociacion_directa,148.6412,regional_100_150km,19.83548834,71.74200834,52.9097100916861,0.33637121084476,1,0,1
-72.31,4.62,VIVI,contextual_por_proximidad_no_asociacion_directa,153.7193,no_local_mayor_150km,18.53805892,69.98785092,51.3212589820755,0.302585104791455,1,0,0
-72.26,4.62,TUNA,contextual_por_proximidad_no_asociacion_directa,158.7992,no_local_mayor_150km,17.2747567,68.2554767,49.7590696213944,0.33999935168161,1,0,0
-76.46,4.57,PER2,contextual_por_proximidad_no_asociacion_directa,88.9007,contextual_50_100km,66.67980829,378.68675229,265.486949549362,7.56720284543679,1,1,1
-76.41,4.57,PER2,contextual_por_proximidad_no_asociacion_directa,83.5927,contextual_50_100km,68.27342514,387.19300914,271.485218998873,22.8846768697198,1,1,1
-76.36,4.57,PER2,contextual_por_proximidad_no_asociacion_directa,78.3169,contextual_50_100km,69.61010394,610.80809594,414.455075226367,6.1285875882575,1,1,1
-76.31,4.57,PER2,contextual_por_proximidad_no_asociacion_directa,73.0804,contextual_50_100km,71.23543421,487.30229821,336.348327994145,11.0677981977284,1,1,1
-76.26,4.57,PER2,contextual_por_proximidad_no_asociacion_directa,67.8923,contextual_50_100km,72.63107487,542.39433887,371.958680811062,10.6203285790229,1,1,1
-76.21,4.57,PER2,contextual_por_proximidad_no_asociacion_directa,62.7646,contextual_50_100km,73.89306084,667.17038884,451.922370193041,7.64626542029743,1,1,1
-76.16,4.57,PER2,contextual_por_proximidad_no_asociacion_directa,57.7134,contextual_50_100km,75.26373738,641.42129738,436.01265073103,9.84036936856413,1,1,1
-76.11,4.57,PER2,contextual_por_proximidad_no_asociacion_directa,52.7607,contextual_50_100km,76.72107679,497.25646879,344.681263861686,16.5879894061814,1,1,1
-76.06,4.57,PER2,contextual_por_proximidad_no_asociacion_directa,47.937,local_0_50km,78.12441363,358.98744563,257.08702183835,7.84264857417676,1,1,1
-76.01,4.57,PER2,contextual_por_proximidad_no_asociacion_directa,43.2854,local_0_50km,79.30122153,360.17659753,258.271695189421,1.44588838193787,1,1,1
-75.96,4.57,PER2,contextual_por_proximidad_no_asociacion_directa,38.8678,local_0_50km,80.38961592,381.58321592,272.306622041555,6.88394828660088,1,1,1
-75.91,4.57,PER2,contextual_por_proximidad_no_asociacion_directa,34.7734,local_0_50km,81.31370194,477.69188594,333.881201266609,1.40980327222797,1,1,1
-75.86,4.57,PER2,contextual_por_proximidad_no_asociacion_directa,31.1302,local_0_50km,82.39648115,404.76004115,287.802735857558,1.78785496546353,1,1,1
-75.81,4.57,PER2,contextual_por_proximidad_no_asociacion_directa,28.1141,local_0_50km,83.25863219,445.97472819,314.377046447204,4.46916937109721,1,1,1
-75.76,4.57,PER2,contextual_por_proximidad_no_asociacion_directa,25.9446,local_0_50km,84.05970618,480.89461818,336.91822719622,4.70529213493434,1,1,1
-75.71,4.57,PER2,contextual_por_proximidad_no_asociacion_directa,24.8445,local_0_50km,84.78249803,521.17993003,362.84978972735,5.51715421789444,1,1,1
-75.66,4.57,PER2,contextual_por_proximidad_no_asociacion_directa,24.9557,local_0_50km,85.43157165,562.89749165,389.667219059089,8.87257324331929,1,1,1
-75.61,4.57,PER2,contextual_por_proximidad_no_asociacion_directa,26.2628,local_0_50km,85.92535605,660.97059605,452.33739417183,17.461521036271,1,1,1
-75.56,4.57,PER2,contextual_por_proximidad_no_asociacion_directa,28.6023,local_0_50km,86.19021477,863.10923077,581.233839699696,25.3477581315958,1,1,1
-75.51,4.57,PER2,contextual_por_proximidad_no_asociacion_directa,31.7468,local_0_50km,86.3907172,1056.9377172,704.81180762243,17.0136061721116,1,1,1
-75.46,4.57,PER2,contextual_por_proximidad_no_asociacion_directa,35.4829,local_0_50km,86.78514024,1070.82413224,713.803168682547,11.5082257278727,1,1,1
-75.41,4.57,PER2,contextual_por_proximidad_no_asociacion_directa,39.6437,local_0_50km,87.33599385,933.91220185,626.764359170841,21.2177330799898,1,1,1
-75.36,4.57,PER2,contextual_por_proximidad_no_asociacion_directa,44.1092,local_0_50km,87.48278967,1016.07253367,679.169211903612,15.8977091156036,1,1,1
-75.31,4.57,PER2,contextual_por_proximidad_no_asociacion_directa,48.7958,local_0_50km,87.89423364,877.83616964,591.235909449132,26.3118820690174,1,1,1
-75.26,4.57,PER2,contextual_por_proximidad_no_asociacion_directa,53.6455,contextual_50_100km,87.577124,1166.751324,775.214183843319,12.189737040548,1,1,1
-75.21,4.57,PER2,contextual_por_proximidad_no_asociacion_directa,58.618,contextual_50_100km,87.8920805,997.1881525,667.284802710334,21.40563121347,1,1,1
-75.16,4.57,PER2,contextual_por_proximidad_no_asociacion_directa,63.6844,contextual_50_100km,88.06281331,875.42485331,589.760609845386,29.6276878658755,1,1,1
-75.11,4.57,PER2,contextual_por_proximidad_no_asociacion_directa,68.824,contextual_50_100km,88.40681165,596.55991565,412.19597042049,22.6274884998869,1,1,1
-75.06,4.57,PER2,contextual_por_proximidad_no_asociacion_directa,74.0216,contextual_50_100km,88.41981621,484.60049621,340.86146831948,16.7378653152379,1,1,1
-75.01,4.57,PER2,contextual_por_proximidad_no_asociacion_directa,79.2658,contextual_50_100km,88.46455656,306.29912456,227.266171602094,16.9773412935501,1,1,1
-74.96,4.57,PER2,contextual_por_proximidad_no_asociacion_directa,84.5479,contextual_50_100km,88.30282662,214.08818662,168.451773028961,6.14974585694982,1,1,1
-74.91,4.57,PER2,contextual_por_proximidad_no_asociacion_directa,89.8612,contextual_50_100km,87.94830583,199.88369783,159.272216137798,3.35884236837323,1,1,1
-73.56,4.57,VIVI,contextual_por_proximidad_no_asociacion_directa,55.1433,contextual_50_100km,56.53404694,892.34628694,589.103738927316,16.1958568208453,1,1,1
-73.51,4.57,VIVI,contextual_por_proximidad_no_asociacion_directa,55.6868,contextual_50_100km,54.90179086,948.42223086,624.242466602164,13.5601567513014,1,1,1
-73.46,4.57,VIVI,contextual_por_proximidad_no_asociacion_directa,56.769,contextual_50_100km,53.44564761,729.97091161,484.519558982867,29.3319924558573,1,1,1
-73.41,4.57,VIVI,contextual_por_proximidad_no_asociacion_directa,58.36,contextual_50_100km,51.98930882,471.75937282,319.461837925312,30.2327596763339,1,1,1
-73.36,4.57,VIVI,contextual_por_proximidad_no_asociacion_directa,60.4196,contextual_50_100km,50.48813125,245.77021125,174.919567186189,17.0026358156724,1,1,1
-73.31,4.57,VIVI,contextual_por_proximidad_no_asociacion_directa,62.9019,contextual_50_100km,48.8682987,197.7122507,143.709907708759,3.72362309317933,1,1,1
-73.26,4.57,VIVI,contextual_por_proximidad_no_asociacion_directa,65.7589,contextual_50_100km,47.2094071,217.7664551,155.886344541866,4.54258042576675,1,1,1
-73.21,4.57,VIVI,contextual_por_proximidad_no_asociacion_directa,68.9441,contextual_50_100km,45.55015026,245.83155026,173.167093879764,4.82684043794029,1,1,1
-73.16,4.57,VIVI,contextual_por_proximidad_no_asociacion_directa,72.4141,contextual_50_100km,43.91132142,240.67468142,169.286611484656,7.0109618167313,1,1,1
-73.11,4.57,VIVI,contextual_por_proximidad_no_asociacion_directa,76.1301,contextual_50_100km,42.3178438,133.1203078,100.176101875007,7.08290059408469,1,1,1
-73.06,4.57,VIVI,contextual_por_proximidad_no_asociacion_directa,80.0579,contextual_50_100km,40.68513785,139.05447385,103.364917431257,2.14615000694515,1,1,1
-73.01,4.57,VIVI,contextual_por_proximidad_no_asociacion_directa,84.1677,contextual_50_100km,39.07186838,118.17222038,89.47367884012,2.19395959908634,1,1,1
-72.96,4.57,VIVI,contextual_por_proximidad_no_asociacion_directa,88.4341,contextual_50_100km,37.4669577,108.0252617,82.4258760192955,1.53873710213377,1,1,1
-72.91,4.57,VIVI,contextual_por_proximidad_no_asociacion_directa,92.8357,contextual_50_100km,35.87511862,102.50803062,78.3328234988589,1.84463408314721,1,1,1
-72.86,4.57,VIVI,contextual_por_proximidad_no_asociacion_directa,97.3541,contextual_50_100km,34.2997906,96.8591826,74.1618966255755,0.674749357109431,1,1,1
-72.81,4.57,VIVI,contextual_por_proximidad_no_asociacion_directa,101.9737,regional_100_150km,32.7426371,92.6480691,70.9136711454061,0.590218040144404,1,0,1
-72.76,4.57,VIVI,contextual_por_proximidad_no_asociacion_directa,106.6813,regional_100_150km,31.20581462,88.64244662,67.803758451295,0.512847474594135,1,0,1
-72.71,4.57,VIVI,contextual_por_proximidad_no_asociacion_directa,111.466,regional_100_150km,29.69101392,86.06606192,65.6125289592272,0.445907826941951,1,0,1
-72.66,4.57,VIVI,contextual_por_proximidad_no_asociacion_directa,116.318,regional_100_150km,28.20016063,83.35315263,63.3429960132422,0.420796522704166,1,0,1
-72.61,4.57,VIVI,contextual_por_proximidad_no_asociacion_directa,121.2294,regional_100_150km,26.73484061,81.25828861,61.4765379886439,0.401405604173998,1,0,1
-72.56,4.57,VIVI,contextual_por_proximidad_no_asociacion_directa,126.1933,regional_100_150km,25.29663268,78.68443268,59.3147085601528,0.381477624053723,1,0,1
-72.51,4.57,VIVI,contextual_por_proximidad_no_asociacion_directa,131.2036,regional_100_150km,23.88698816,76.75634016,57.5747150951894,0.333192121301766,1,0,1
-72.46,4.57,VIVI,contextual_por_proximidad_no_asociacion_directa,136.2552,regional_100_150km,22.5072942,75.0063262,55.9590576030728,0.345940331737692,1,0,1
-72.41,4.57,VIVI,contextual_por_proximidad_no_asociacion_directa,141.3437,regional_100_150km,21.15879056,72.94187056,54.1543578009805,0.352592237888759,1,0,1
-72.36,4.57,VIVI,contextual_por_proximidad_no_asociacion_directa,146.4653,regional_100_150km,19.84267376,70.84808176,52.3427175835355,0.334485068110445,1,0,1
-72.31,4.57,VIVI,contextual_por_proximidad_no_asociacion_directa,151.6166,no_local_mayor_150km,18.56007401,68.94828201,50.6668452800078,0.333409435588188,1,0,0
-72.26,4.57,VIVI,contextual_por_proximidad_no_asociacion_directa,156.7947,no_local_mayor_150km,17.31195821,66.93483821,48.9310715136333,0.32034767653889,1,0,0
-72.21,4.57,VIVI,contextual_por_proximidad_no_asociacion_directa,161.997,no_local_mayor_150km,16.09933417,65.29017417,47.4431566861639,0.314054362962217,1,0,0
-72.16,4.57,VIVI,contextual_por_proximidad_no_asociacion_directa,167.2213,no_local_mayor_150km,14.92284511,63.10147711,45.6217006383783,0.322705923692844,1,0,0
-76.46,4.52,PER2,contextual_por_proximidad_no_asociacion_directa,90.6083,contextual_50_100km,66.43388035,446.74017635,308.760562382746,20.9510154921506,1,1,1
-76.41,4.52,PER2,contextual_por_proximidad_no_asociacion_directa,85.4061,contextual_50_100km,67.8738756,625.0820356,422.920336924878,4.64574000028654,1,1,1
-76.36,4.52,PER2,contextual_por_proximidad_no_asociacion_directa,80.2492,contextual_50_100km,69.61550845,430.68985245,299.68781771482,11.4958479690021,1,1,1
-76.31,4.52,PER2,contextual_por_proximidad_no_asociacion_directa,75.1471,contextual_50_100km,71.11863743,440.35236543,306.390009852458,8.08665909568369,1,1,1
-76.26,4.52,PER2,contextual_por_proximidad_no_asociacion_directa,70.1118,contextual_50_100km,72.46052841,553.50620841,378.97715662955,9.18174465331625,1,1,1
-76.21,4.52,PER2,contextual_por_proximidad_no_asociacion_directa,65.1586,contextual_50_100km,73.8560487,562.0365607,384.918907638331,6.50071045037801,1,1,1
-76.16,4.52,PER2,contextual_por_proximidad_no_asociacion_directa,60.3079,contextual_50_100km,75.17896701,585.71446301,400.486157837107,10.490931676146,1,1,1
-76.11,4.52,PER2,contextual_por_proximidad_no_asociacion_directa,55.5865,contextual_50_100km,76.6843165,405.9481725,286.487358355999,15.2013904391107,1,1,1
-76.06,4.52,PER2,contextual_por_proximidad_no_asociacion_directa,51.0302,contextual_50_100km,77.98348117,358.05649717,256.442700509835,2.20232221434905,1,1,1
-76.01,4.52,PER2,contextual_por_proximidad_no_asociacion_directa,46.6875,local_0_50km,79.15449498,366.34999898,262.152079587545,1.44231917991856,1,1,1
-75.96,4.52,PER2,contextual_por_proximidad_no_asociacion_directa,42.6237,local_0_50km,80.25657307,379.12950107,270.694874390291,6.41350610045478,1,1,1
-75.91,4.52,PER2,contextual_por_proximidad_no_asociacion_directa,38.9262,local_0_50km,81.18197166,476.25169166,332.91573317313,3.02379191424271,1,1,1
-75.86,4.52,PER2,contextual_por_proximidad_no_asociacion_directa,35.709,local_0_50km,82.23571914,425.75689514,301.12335698249,1.31332564047314,1,1,1
-75.81,4.52,PER2,contextual_por_proximidad_no_asociacion_directa,33.1123,local_0_50km,83.10665694,461.20337694,324.025423231117,1.99219648160696,1,1,1
-75.76,4.52,PER2,contextual_por_proximidad_no_asociacion_directa,31.2912,local_0_50km,83.96129026,458.41653026,322.559748485303,2.79729168233507,1,1,1
-75.71,4.52,PER2,contextual_por_proximidad_no_asociacion_directa,30.3852,local_0_50km,84.68268059,500.37922459,349.559610842029,5.27819548074131,1,1,1
-75.66,4.52,PER2,contextual_por_proximidad_no_asociacion_directa,30.4762,local_0_50km,85.33275655,541.75215655,376.157809883792,9.93412147418444,1,1,1
-75.61,4.52,PER2,contextual_por_proximidad_no_asociacion_directa,31.5556,local_0_50km,85.78064713,671.31828713,458.878318661803,24.0679636003809,1,1,1
-75.56,4.52,PER2,contextual_por_proximidad_no_asociacion_directa,33.5279,local_0_50km,85.95929329,931.86892529,624.962924253031,25.4374884888175,1,1,1
-75.51,4.52,PER2,contextual_por_proximidad_no_asociacion_directa,36.2478,local_0_50km,86.23626572,1073.52172972,715.322907794103,3.91152669075167,1,1,1
-75.46,4.52,PER2,contextual_por_proximidad_no_asociacion_directa,39.5613,local_0_50km,86.89794549,908.15660949,610.194270665131,16.5045435153327,1,1,1
-75.41,4.52,PER2,contextual_por_proximidad_no_asociacion_directa,43.3325,local_0_50km,87.41205969,795.51327569,538.605794901349,8.21593381284316,1,1,1
-75.36,4.52,PER2,contextual_por_proximidad_no_asociacion_directa,47.4524,local_0_50km,87.50560392,911.96136392,612.839080922405,12.3858626450432,1,1,1
-75.31,4.52,PER2,contextual_por_proximidad_no_asociacion_directa,51.8379,contextual_50_100km,88.00507225,715.31480825,487.719430204563,5.96695429264874,1,1,1
-75.26,4.52,PER2,contextual_por_proximidad_no_asociacion_directa,56.4271,contextual_50_100km,87.78496123,939.59502523,630.548277804756,34.4718261990237,1,1,1
-75.21,4.52,PER2,contextual_por_proximidad_no_asociacion_directa,61.1742,contextual_50_100km,87.95066655,865.59797855,583.458353092858,28.5681624487116,1,1,1
-75.16,4.52,PER2,contextual_por_proximidad_no_asociacion_directa,66.0451,contextual_50_100km,88.12990573,736.35037773,501.168337798084,25.9795543114092,1,1,1
-75.11,4.52,PER2,contextual_por_proximidad_no_asociacion_directa,71.0145,contextual_50_100km,88.15119387,662.66564187,454.225017595797,20.0187917965003,1,1,1
-75.06,4.52,PER2,contextual_por_proximidad_no_asociacion_directa,76.0629,contextual_50_100km,88.28638263,469.28394263,331.053529922697,23.942529589911,1,1,1
-75.01,4.52,PER2,contextual_por_proximidad_no_asociacion_directa,81.1756,contextual_50_100km,88.34224255,280.74817055,210.941028386749,13.3232647638439,1,1,1
-74.96,4.52,PER2,contextual_por_proximidad_no_asociacion_directa,86.3413,contextual_50_100km,88.09616754,239.84095954,184.786157550339,3.37927302502834,1,1,1
-74.91,4.52,PER2,contextual_por_proximidad_no_asociacion_directa,91.5509,contextual_50_100km,87.71860936,238.00680936,183.480476144014,4.38133712717693,1,1,1
-73.61,4.52,VIVI,contextual_por_proximidad_no_asociacion_directa,49.6032,local_0_50km,57.90072179,883.92416979,584.233111078366,14.9874646664859,1,1,1
-73.56,4.52,VIVI,contextual_por_proximidad_no_asociacion_directa,49.5908,local_0_50km,56.19697443,1055.81409443,693.141202123588,20.7797586767884,1,1,1
-73.51,4.52,VIVI,contextual_por_proximidad_no_asociacion_directa,50.1944,contextual_50_100km,54.93597808,592.08513808,397.201081415225,31.4239997138826,1,1,1
-73.46,4.52,VIVI,contextual_por_proximidad_no_asociacion_directa,51.3925,contextual_50_100km,53.31820341,601.20664341,402.426249176608,26.2258842754851,1,1,1
-73.41,4.52,VIVI,contextual_por_proximidad_no_asociacion_directa,53.1449,contextual_50_100km,51.89616783,282.80303183,199.027295555812,25.3999053502981,1,1,1
-73.36,4.52,VIVI,contextual_por_proximidad_no_asociacion_directa,55.3989,contextual_50_100km,50.29147595,227.35381195,163.113506106049,6.96078700263307,1,1,1
-73.31,4.52,VIVI,contextual_por_proximidad_no_asociacion_directa,58.0962,contextual_50_100km,48.67354654,183.44533854,134.548541328325,3.39873667356147,1,1,1
-73.26,4.52,VIVI,contextual_por_proximidad_no_asociacion_directa,61.1782,contextual_50_100km,47.03485223,173.88179623,127.860227431029,3.46170370304014,1,1,1
-73.21,4.52,VIVI,contextual_por_proximidad_no_asociacion_directa,64.5899,contextual_50_100km,45.36289058,240.39809058,169.637017494778,2.04881872057567,1,1,1
-73.16,4.52,VIVI,contextual_por_proximidad_no_asociacion_directa,68.2819,contextual_50_100km,43.76697255,148.43174855,110.458132177241,9.2752755379702,1,1,1
-73.11,4.52,VIVI,contextual_por_proximidad_no_asociacion_directa,72.2111,contextual_50_100km,42.14586676,122.04857876,93.0589315397061,2.3893635740666,1,1,1
-73.06,4.52,VIVI,contextual_por_proximidad_no_asociacion_directa,76.341,contextual_50_100km,40.52525565,115.04598365,88.0089837629438,2.27726536620237,1,1,1
-73.01,4.52,VIVI,contextual_por_proximidad_no_asociacion_directa,80.6407,contextual_50_100km,38.91609658,105.73416858,81.4917832249172,1.29248934036757,1,1,1
-72.96,4.52,VIVI,contextual_por_proximidad_no_asociacion_directa,85.0845,contextual_50_100km,37.31789809,103.09907409,79.2328868449905,0.675037155196142,1,1,1
-72.91,4.52,VIVI,contextual_por_proximidad_no_asociacion_directa,89.651,contextual_50_100km,35.73523331,99.26980131,76.2187099701494,0.578844270875632,1,1,1
-72.86,4.52,VIVI,contextual_por_proximidad_no_asociacion_directa,94.3223,contextual_50_100km,34.16943508,97.01273908,74.2124464801983,0.653199571984214,1,1,1
-72.81,4.52,VIVI,contextual_por_proximidad_no_asociacion_directa,99.0837,contextual_50_100km,32.6234802,90.3934002,69.4337912102,0.68466528113861,1,1,1
-72.76,4.52,VIVI,contextual_por_proximidad_no_asociacion_directa,103.9227,regional_100_150km,31.09781617,87.46052017,67.0114657581566,0.498566905514421,1,0,1
-72.71,4.52,VIVI,contextual_por_proximidad_no_asociacion_directa,108.829,regional_100_150km,29.5949201,84.1924321,64.3838101850672,0.456888509290408,1,0,1
-72.66,4.52,VIVI,contextual_por_proximidad_no_asociacion_directa,113.7939,regional_100_150km,28.11637824,81.93621824,62.4097449076222,0.341051643931664,1,0,1
-72.61,4.52,VIVI,contextual_por_proximidad_no_asociacion_directa,118.81,regional_100_150km,26.66389951,80.24920351,60.8078226072817,0.317966673323036,1,0,1
-72.56,4.52,VIVI,contextual_por_proximidad_no_asociacion_directa,123.8712,regional_100_150km,25.2390389,78.1577669,58.9582276394716,0.359567232227664,1,0,1
-72.51,4.52,VIVI,contextual_por_proximidad_no_asociacion_directa,128.972,regional_100_150km,23.84319784,75.82378184,56.9646122981094,0.374743014485192,1,0,1
-72.46,4.52,VIVI,contextual_por_proximidad_no_asociacion_directa,134.1081,regional_100_150km,22.47771934,73.49547134,54.9856286146061,0.352431531758841,1,0,1
-72.41,4.52,VIVI,contextual_por_proximidad_no_asociacion_directa,139.2754,regional_100_150km,21.1439193,71.7172873,53.3686723360661,0.332480322817797,1,0,1
-72.36,4.52,VIVI,contextual_por_proximidad_no_asociacion_directa,144.4707,regional_100_150km,19.84292001,69.79908801,51.6744004925383,0.345584381591822,1,0,1
-72.31,4.52,VIVI,contextual_por_proximidad_no_asociacion_directa,149.691,regional_100_150km,18.57579129,67.76663129,49.9196138061639,0.326941341427239,1,0,1
-72.26,4.52,VIVI,contextual_por_proximidad_no_asociacion_directa,154.9338,no_local_mayor_150km,17.34356314,65.90485914,48.2862476515655,0.298440888561995,1,0,0
-72.21,4.52,VIVI,contextual_por_proximidad_no_asociacion_directa,160.1969,no_local_mayor_150km,16.14715329,64.26406529,46.8066815630255,0.313597566677189,1,0,0
-72.16,4.52,VIVI,contextual_por_proximidad_no_asociacion_directa,165.4784,no_local_mayor_150km,14.98722358,62.16599158,45.0489775716633,0.303410939158476,1,0,0
-72.11,4.52,VIVI,contextual_por_proximidad_no_asociacion_directa,170.7765,no_local_mayor_150km,13.86465362,60.40153362,43.5174041559944,0.254289175063472,1,0,0
-72.06,4.52,VIVI,contextual_por_proximidad_no_asociacion_directa,176.0897,no_local_mayor_150km,12.78012073,59.10715273,42.299158597795,0.206868574189628,1,0,0
-76.46,4.47,PER2,contextual_por_proximidad_no_asociacion_directa,92.6186,contextual_50_100km,66.25118834,440.62002034,304.794588407809,17.8598042589504,1,1,1
-76.41,4.47,PER2,contextual_por_proximidad_no_asociacion_directa,87.5356,contextual_50_100km,67.98619268,307.73136068,220.74898337233,13.8408100499363,1,1,1
-76.36,4.47,PER2,contextual_por_proximidad_no_asociacion_directa,82.5116,contextual_50_100km,69.34122505,531.00682505,363.509095088778,20.3217729602952,1,1,1
-76.31,4.47,PER2,contextual_por_proximidad_no_asociacion_directa,77.5581,contextual_50_100km,70.8326695,552.6189895,377.821224783783,11.0469625650043,1,1,1
-76.26,4.47,PER2,contextual_por_proximidad_no_asociacion_directa,72.6896,contextual_50_100km,72.19793674,643.97201674,436.525630328133,9.03575399013939,1,1,1
-76.21,4.47,PER2,contextual_por_proximidad_no_asociacion_directa,67.9243,contextual_50_100km,73.69586676,559.27179476,383.099115522444,6.6303213998792,1,1,1
-76.16,4.47,PER2,contextual_por_proximidad_no_asociacion_directa,63.2856,contextual_50_100km,75.06568275,544.87832275,374.424750495344,15.966011485101,1,1,1
-76.11,4.47,PER2,contextual_por_proximidad_no_asociacion_directa,58.8034,contextual_50_100km,76.57965346,360.92369346,257.760318870247,10.8993142042675,1,1,1
-76.06,4.47,PER2,contextual_por_proximidad_no_asociacion_directa,54.5164,contextual_50_100km,77.8246555,360.5392875,257.967081368934,0.794614608574653,1,1,1
-76.01,4.47,PER2,contextual_por_proximidad_no_asociacion_directa,50.4742,contextual_50_100km,78.99399776,371.62086176,265.45238083859,2.21290884297699,1,1,1
-75.96,4.47,PER2,contextual_por_proximidad_no_asociacion_directa,46.7405,local_0_50km,80.09141349,389.02470149,276.940057432794,5.63983665937087,1,1,1
-75.91,4.47,PER2,contextual_por_proximidad_no_asociacion_directa,43.395,local_0_50km,81.05767389,456.01901789,319.978615609195,3.26307988785081,1,1,1
-75.86,4.47,PER2,contextual_por_proximidad_no_asociacion_directa,40.5338,local_0_50km,82.08870736,423.01764336,299.324600477674,0.523848554866136,1,1,1
-75.81,4.47,PER2,contextual_por_proximidad_no_asociacion_directa,38.2658,local_0_50km,82.96595345,454.12534545,319.464336239464,2.70889829974109,1,1,1
-75.76,4.47,PER2,contextual_por_proximidad_no_asociacion_directa,36.7012,local_0_50km,83.81733574,453.54482374,319.40332620528,2.1207541852847,1,1,1
-75.71,4.47,PER2,contextual_por_proximidad_no_asociacion_directa,35.9318,local_0_50km,84.55338263,484.94336663,339.67715355454,5.52068696305127,1,1,1
-75.66,4.47,PER2,contextual_por_proximidad_no_asociacion_directa,36.0088,local_0_50km,85.17416848,546.18553648,378.925169612038,19.7838056714915,1,1,1
-75.61,4.47,PER2,contextual_por_proximidad_no_asociacion_directa,36.9269,local_0_50km,85.42556853,809.95664853,547.088219116258,34.3115380409924,1,1,1
-75.56,4.47,PER2,contextual_por_proximidad_no_asociacion_directa,38.626,local_0_50km,85.63951096,1045.34847896,697.154735342482,14.7155643830234,1,1,1
-75.51,4.47,PER2,contextual_por_proximidad_no_asociacion_directa,41.0093,local_0_50km,86.20071841,993.02799041,664.020350406223,5.28357205595161,1,1,1
-75.46,4.47,PER2,contextual_por_proximidad_no_asociacion_directa,43.9656,local_0_50km,86.60366721,999.20793121,668.104330307242,11.9604895234306,1,1,1
-75.41,4.47,PER2,contextual_por_proximidad_no_asociacion_directa,47.3878,local_0_50km,87.25767351,790.95208151,535.64344268916,10.8199267430512,1,1,1
-75.36,4.47,PER2,contextual_por_proximidad_no_asociacion_directa,51.1826,contextual_50_100km,87.48825369,815.83362969,551.58132865706,17.7591460064151,1,1,1
-75.31,4.47,PER2,contextual_por_proximidad_no_asociacion_directa,55.2732,contextual_50_100km,87.7413331,777.8326531,527.459375199408,16.3674276444151,1,1,1
-75.26,4.47,PER2,contextual_por_proximidad_no_asociacion_directa,59.5987,contextual_50_100km,88.15963003,585.40063803,404.995730054119,27.5362497550442,1,1,1
-75.21,4.47,PER2,contextual_por_proximidad_no_asociacion_directa,64.1117,contextual_50_100km,88.27424989,543.15064989,378.116121839972,23.8556508085516,1,1,1
-75.16,4.47,PER2,contextual_por_proximidad_no_asociacion_directa,68.7753,contextual_50_100km,88.36179602,471.23564402,332.324491875422,21.9909636375692,1,1,1
-75.11,4.47,PER2,contextual_por_proximidad_no_asociacion_directa,73.5607,contextual_50_100km,88.41658507,373.52595307,270.084908446622,19.892267763197,1,1,1
-75.06,4.47,PER2,contextual_por_proximidad_no_asociacion_directa,78.4458,contextual_50_100km,88.32945156,320.26086756,236.113411724668,10.3074690553614,1,1,1
-75.01,4.47,PER2,contextual_por_proximidad_no_asociacion_directa,83.4129,contextual_50_100km,88.15143338,278.85388938,209.664786969013,3.83562627276667,1,1,1
-74.96,4.47,PER2,contextual_por_proximidad_no_asociacion_directa,88.4483,contextual_50_100km,87.87559354,254.23568154,193.878277617877,1.90901446054461,1,1,1
-74.91,4.47,PER2,contextual_por_proximidad_no_asociacion_directa,93.541,contextual_50_100km,87.45773356,275.88889356,207.52384415203,3.85395775989329,1,1,1
-73.66,4.47,VIVI,contextual_por_proximidad_no_asociacion_directa,44.7602,local_0_50km,59.38148268,679.07497068,454.24285732403,7.55588355762542,1,1,1
-73.61,4.47,VIVI,contextual_por_proximidad_no_asociacion_directa,44.0541,local_0_50km,57.51542908,1068.29152508,701.570024541371,2.83257024323616,1,1,1
-73.56,4.47,VIVI,contextual_por_proximidad_no_asociacion_directa,44.04,local_0_50km,56.22803929,682.35275129,455.187313941789,30.806091567569,1,1,1
-73.51,4.47,VIVI,contextual_por_proximidad_no_asociacion_directa,44.7187,local_0_50km,54.65662938,648.88444538,433.291578465474,16.5640286563846,1,1,1
-73.46,4.47,VIVI,contextual_por_proximidad_no_asociacion_directa,46.0596,local_0_50km,53.21502163,396.71150963,272.086928570349,29.1487119588371,1,1,1
-73.41,4.47,VIVI,contextual_por_proximidad_no_asociacion_directa,48.0071,local_0_50km,51.68806298,240.45251098,171.966540750936,13.4021921209334,1,1,1
-73.36,4.47,VIVI,contextual_por_proximidad_no_asociacion_directa,50.4912,contextual_50_100km,50.08958194,179.81267794,132.747607240468,4.89771683873874,1,1,1
-73.31,4.47,VIVI,contextual_por_proximidad_no_asociacion_directa,53.437,contextual_50_100km,48.4533674,177.4481674,130.647331087306,1.16659036293368,1,1,1
-73.26,4.47,VIVI,contextual_por_proximidad_no_asociacion_directa,56.7727,contextual_50_100km,46.80824036,193.91168836,140.54082076781,5.26898939842311,1,1,1
-73.21,4.47,VIVI,contextual_por_proximidad_no_asociacion_directa,60.4339,contextual_50_100km,45.16154473,223.21140073,158.612810971693,6.71206130640645,1,1,1
-73.16,4.47,VIVI,contextual_por_proximidad_no_asociacion_directa,64.3649,contextual_50_100km,43.57097647,133.43529647,100.831460263644,6.80955684244188,1,1,1
-73.11,4.47,VIVI,contextual_por_proximidad_no_asociacion_directa,68.5194,contextual_50_100km,41.95576251,111.39076251,86.198924781875,1.98395722395184,1,1,1
-73.06,4.47,VIVI,contextual_por_proximidad_no_asociacion_directa,72.8591,contextual_50_100km,40.34367348,104.02636948,80.9215355529961,1.06676996815739,1,1,1
-73.01,4.47,VIVI,contextual_por_proximidad_no_asociacion_directa,77.3529,contextual_50_100km,38.74173772,100.59752172,78.1555130345539,0.576047116292659,1,1,1
-72.96,4.47,VIVI,contextual_por_proximidad_no_asociacion_directa,81.9755,contextual_50_100km,37.15282873,99.88503673,77.1250510705633,0.541638694255074,1,1,1
-72.91,4.47,VIVI,contextual_por_proximidad_no_asociacion_directa,86.7061,contextual_50_100km,35.58047478,96.42405078,74.3492831067683,0.603701379213154,1,1,1
-72.86,4.47,VIVI,contextual_por_proximidad_no_asociacion_directa,91.5282,contextual_50_100km,34.02582353,93.11655153,71.6777378047494,0.637298142104723,1,1,1
-72.81,4.47,VIVI,contextual_por_proximidad_no_asociacion_directa,96.4279,contextual_50_100km,32.49091749,89.11284549,68.5697415506383,0.581537215978991,1,1,1
-72.76,4.47,VIVI,contextual_por_proximidad_no_asociacion_directa,101.3941,regional_100_150km,30.97741739,85.29101739,65.5854021004444,0.516398144475315,1,0,1
-72.71,4.47,VIVI,contextual_por_proximidad_no_asociacion_directa,106.4174,regional_100_150km,29.48700244,82.89949044,63.5208092222939,0.358303748502975,1,0,1
-72.66,4.47,VIVI,contextual_por_proximidad_no_asociacion_directa,111.49,regional_100_150km,28.02150352,81.56977552,62.14183026407,0.251828918709186,1,0,1
-72.61,4.47,VIVI,contextual_por_proximidad_no_asociacion_directa,116.6056,regional_100_150km,26.58261962,80.29136362,60.8051972279872,0.37145052284916,1,0,1
-72.56,4.47,VIVI,contextual_por_proximidad_no_asociacion_directa,121.7588,regional_100_150km,25.17181315,77.15239715,58.2932276081094,0.414350103287585,1,0,1
-72.51,4.47,VIVI,contextual_por_proximidad_no_asociacion_directa,126.9449,regional_100_150km,23.79047509,74.95635509,56.3927697774528,0.364451889300964,1,0,1
-72.46,4.47,VIVI,contextual_por_proximidad_no_asociacion_directa,132.1601,regional_100_150km,22.43993574,72.68001574,54.4523215971611,0.362603691702564,1,0,1
-72.41,4.47,VIVI,contextual_por_proximidad_no_asociacion_directa,137.401,regional_100_150km,21.12144086,70.44806486,52.55178333794,0.353203216359906,1,0,1
-72.36,4.47,VIVI,contextual_por_proximidad_no_asociacion_directa,142.6649,regional_100_150km,19.83614301,68.26165501,50.6923075597894,0.308370149590919,1,0,1
-72.31,4.47,VIVI,contextual_por_proximidad_no_asociacion_directa,147.9493,regional_100_150km,18.58523677,66.94902877,49.4020740644366,0.282545333125596,1,0,1
-72.26,4.47,VIVI,contextual_por_proximidad_no_asociacion_directa,153.2521,no_local_mayor_150km,17.36950377,65.17781577,47.8323957662616,0.297331201969716,1,0,0
-72.21,4.47,VIVI,contextual_por_proximidad_no_asociacion_directa,158.5714,no_local_mayor_150km,16.18985158,63.28221158,46.1965474141694,0.264227888419156,1,0,0
-72.16,4.47,VIVI,contextual_por_proximidad_no_asociacion_directa,163.9055,no_local_mayor_150km,15.04721911,61.99145111,44.9595295313228,0.296057658388066,1,0,0
-72.11,4.47,VIVI,contextual_por_proximidad_no_asociacion_directa,169.2532,no_local_mayor_150km,13.94206002,60.23206002,43.4375015345833,0.244979248613666,1,0,0
-72.06,4.47,VIVI,contextual_por_proximidad_no_asociacion_directa,174.6132,no_local_mayor_150km,12.87520337,58.98004337,42.252663118525,0.171811152471954,1,0,0
-72.01,4.47,VIVI,contextual_por_proximidad_no_asociacion_directa,179.9843,no_local_mayor_150km,11.84723929,58.44583929,41.5393170813472,0.246069626702818,1,0,0
-71.96,4.47,VIVI,contextual_por_proximidad_no_asociacion_directa,185.3656,no_local_mayor_150km,10.85782472,56.06155272,39.6611065403744,0.348951481320123,1,0,0
-71.91,4.47,VIVI,contextual_por_proximidad_no_asociacion_directa,190.7563,no_local_mayor_150km,9.90777236,53.64256436,37.7750655029783,0.663115319815795,1,0,0
-76.46,4.42,PER2,contextual_por_proximidad_no_asociacion_directa,94.9125,contextual_50_100km,66.19837129,283.65027529,204.756157348907,13.9661863977878,1,1,1
-76.41,4.42,PER2,contextual_por_proximidad_no_asociacion_directa,89.9587,contextual_50_100km,67.71255389,402.60527389,281.102241434172,27.6446823600991,1,1,1
-76.36,4.42,PER2,contextual_por_proximidad_no_asociacion_directa,85.0776,contextual_50_100km,69.01290735,684.07739535,460.924737842571,11.1774593209375,1,1,1
-76.31,4.42,PER2,contextual_por_proximidad_no_asociacion_directa,80.2823,contextual_50_100km,70.6126033,594.8499393,404.650444815424,3.26614897946468,1,1,1
-76.26,4.42,PER2,contextual_por_proximidad_no_asociacion_directa,75.5891,contextual_50_100km,71.95366211,710.91613411,479.093005875167,3.41974914488906,1,1,1
-76.21,4.42,PER2,contextual_por_proximidad_no_asociacion_directa,71.0183,contextual_50_100km,73.45345409,623.62553409,424.016608304661,18.5078364602707,1,1,1
-76.16,4.42,PER2,contextual_por_proximidad_no_asociacion_directa,66.5952,contextual_50_100km,75.07136149,389.99148949,275.734749202013,17.3109463903822,1,1,1
-76.11,4.42,PER2,contextual_por_proximidad_no_asociacion_directa,62.351,contextual_50_100km,76.41421563,357.27724763,255.37682383835,1.36728706285652,1,1,1
-76.06,4.42,PER2,contextual_por_proximidad_no_asociacion_directa,58.325,contextual_50_100km,77.65063822,364.93255022,260.703280985039,2.03558942255861,1,1,1
-76.01,4.42,PER2,contextual_por_proximidad_no_asociacion_directa,54.5655,contextual_50_100km,78.80191411,390.88292211,277.656248075785,3.65139228127819,1,1,1
-75.96,4.42,PER2,contextual_por_proximidad_no_asociacion_directa,51.1311,contextual_50_100km,79.87496583,427.00058983,301.059315385093,2.5541562828243,1,1,1
-75.91,4.42,PER2,contextual_por_proximidad_no_asociacion_directa,48.0918,local_0_50km,80.92180883,431.83704083,304.520851863753,0.667010378398465,1,1,1
-75.86,4.42,PER2,contextual_por_proximidad_no_asociacion_directa,45.5266,local_0_50km,81.92855399,416.84596199,295.333972436313,0.351118325237765,1,1,1
-75.81,4.42,PER2,contextual_por_proximidad_no_asociacion_directa,43.5194,local_0_50km,82.83471921,426.35589521,301.72235705249,2.16130010385033,1,1,1
-75.76,4.42,PER2,contextual_por_proximidad_no_asociacion_directa,42.1502,local_0_50km,83.66572481,439.86418881,310.631180901951,3.09952774166557,1,1,1
-75.71,4.42,PER2,contextual_por_proximidad_no_asociacion_directa,41.482,local_0_50km,84.38919382,479.22437782,335.97351176279,13.1017070925412,1,1,1
-75.66,4.42,PER2,contextual_por_proximidad_no_asociacion_directa,41.5487,local_0_50km,84.84872922,651.50004922,445.912260613852,34.487755122392,1,1,1
-75.61,4.42,PER2,contextual_por_proximidad_no_asociacion_directa,42.3468,local_0_50km,84.98007064,997.05354264,666.142519341209,31.0354782528277,1,1,1
-75.56,4.42,PER2,contextual_por_proximidad_no_asociacion_directa,43.8365,local_0_50km,85.36849891,1110.38957091,738.499824906792,4.59151607844496,1,1,1
-75.51,4.42,PER2,contextual_por_proximidad_no_asociacion_directa,45.9505,local_0_50km,86.02006991,993.82251791,664.461072540796,17.2212475028369,1,1,1
-75.46,4.42,PER2,contextual_por_proximidad_no_asociacion_directa,48.6074,local_0_50km,86.63123611,858.29170811,578.324178883639,15.8230653007996,1,1,1
-75.41,4.42,PER2,contextual_por_proximidad_no_asociacion_directa,51.7236,contextual_50_100km,87.12761744,752.97532144,511.397913636837,15.7222524090361,1,1,1
-75.36,4.42,PER2,contextual_por_proximidad_no_asociacion_directa,55.2214,contextual_50_100km,87.62116142,602.92144142,415.964416360341,14.8229483300026,1,1,1
-75.31,4.42,PER2,contextual_por_proximidad_no_asociacion_directa,59.0331,contextual_50_100km,87.89758527,548.23003327,381.215986593158,8.18758306369666,1,1,1
-75.26,4.42,PER2,contextual_por_proximidad_no_asociacion_directa,63.1017,contextual_50_100km,88.05753676,521.59116076,364.300043808982,5.81758864100507,1,1,1
-75.21,4.42,PER2,contextual_por_proximidad_no_asociacion_directa,67.3807,contextual_50_100km,88.18836232,466.13695432,329.01274319827,9.21630853804348,1,1,1
-75.16,4.42,PER2,contextual_por_proximidad_no_asociacion_directa,71.8327,contextual_50_100km,88.27292576,393.20675776,282.573163555934,8.98646037475614,1,1,1
-75.11,4.42,PER2,contextual_por_proximidad_no_asociacion_directa,76.4272,contextual_50_100km,88.23648619,351.12665419,255.746997639622,4.75993929575263,1,1,1
-75.06,4.42,PER2,contextual_por_proximidad_no_asociacion_directa,81.1402,contextual_50_100km,88.11445808,317.19441008,234.08149904737,3.74813558722871,1,1,1
-75.01,4.42,PER2,contextual_por_proximidad_no_asociacion_directa,85.9521,contextual_50_100km,87.91411053,287.05986253,214.807432651273,2.58481188546835,1,1,1
-74.96,4.42,PER2,contextual_por_proximidad_no_asociacion_directa,90.8472,contextual_50_100km,87.61698852,273.18434052,205.858314463662,3.18230918091311,1,1,1
-73.76,4.42,VIVI,contextual_por_proximidad_no_asociacion_directa,43.0752,local_0_50km,61.88632991,1021.36076191,673.252110722142,27.8545782662296,1,1,1
-73.71,4.42,VIVI,contextual_por_proximidad_no_asociacion_directa,40.863,local_0_50km,60.63706203,701.29066203,468.853972591833,22.3070335338872,1,1,1
-73.66,4.42,VIVI,contextual_por_proximidad_no_asociacion_directa,39.3139,local_0_50km,59.0208854,787.2798534,523.058902209566,14.9992724317227,1,1,1
-73.61,4.42,VIVI,contextual_por_proximidad_no_asociacion_directa,38.508,local_0_50km,57.34990341,933.53936741,615.647485849104,20.1394496745706,1,1,1
-73.56,4.42,VIVI,contextual_por_proximidad_no_asociacion_directa,38.4919,local_0_50km,55.93018303,725.43171103,482.528652743721,23.05629099586,1,1,1
-73.51,4.42,VIVI,contextual_por_proximidad_no_asociacion_directa,39.2667,local_0_50km,54.42761783,598.98317783,401.411991807558,29.9811584438494,1,1,1
-73.46,4.42,VIVI,contextual_por_proximidad_no_asociacion_directa,40.7872,local_0_50km,53.01383873,304.30064673,213.130826173299,24.9343790529312,1,1,1
-73.41,4.42,VIVI,contextual_por_proximidad_no_asociacion_directa,42.9745,local_0_50km,51.45389279,203.61838079,148.411308136738,8.10408130429322,1,1,1
-73.36,4.42,VIVI,contextual_por_proximidad_no_asociacion_directa,45.7329,local_0_50km,49.84299727,172.48063727,127.986253655969,2.77246760316629,1,1,1
-73.31,4.42,VIVI,contextual_por_proximidad_no_asociacion_directa,48.966,local_0_50km,48.21459818,167.51935818,124.234182776919,4.7125859792982,1,1,1
-73.26,4.42,VIVI,contextual_por_proximidad_no_asociacion_directa,52.5864,contextual_50_100km,46.54275295,254.65024895,179.146392548496,3.97750609724901,1,1,1
-73.21,4.42,VIVI,contextual_por_proximidad_no_asociacion_directa,56.5196,contextual_50_100km,44.96901967,141.88176367,106.720676024932,9.97707439495444,1,1,1
-73.16,4.42,VIVI,contextual_por_proximidad_no_asociacion_directa,60.7049,contextual_50_100km,43.35730008,116.18690008,89.7634613962778,2.43406152268561,1,1,1
-73.11,4.42,VIVI,contextual_por_proximidad_no_asociacion_directa,65.0937,contextual_50_100km,41.7453683,107.7734243,83.8176660764016,1.01403832000758,1,1,1
-73.06,4.42,VIVI,contextual_por_proximidad_no_asociacion_directa,69.6475,contextual_50_100km,40.14230046,101.67714046,79.3515740467194,0.702572456188368,1,1,1
-73.01,4.42,VIVI,contextual_por_proximidad_no_asociacion_directa,74.336,contextual_50_100km,38.55053984,97.88814784,76.3597631361605,0.48410009076559,1,1,1
-72.96,4.42,VIVI,contextual_por_proximidad_no_asociacion_directa,79.1353,contextual_50_100km,36.97255164,96.01390364,74.5930041104672,0.526343047018156,1,1,1
-72.91,4.42,VIVI,contextual_por_proximidad_no_asociacion_directa,84.0263,contextual_50_100km,35.41114254,93.37856654,72.3473007673289,0.517147107219753,1,1,1
-72.86,4.42,VIVI,contextual_por_proximidad_no_asociacion_directa,88.994,contextual_50_100km,33.86804672,90.83560672,70.1671034106139,0.532323466477952,1,1,1
-72.81,4.42,VIVI,contextual_por_proximidad_no_asociacion_directa,94.0263,contextual_50_100km,32.34531224,87.31314424,67.3701658571839,0.566478657876141,1,1,1
-72.76,4.42,VIVI,contextual_por_proximidad_no_asociacion_directa,99.1131,contextual_50_100km,30.8445929,83.4053449,64.3356835584255,0.479181679601285,1,1,1
-72.71,4.42,VIVI,contextual_por_proximidad_no_asociacion_directa,104.2467,regional_100_150km,29.36744504,81.23693304,62.4180704384744,0.282725771085968,1,0,1
-72.66,4.42,VIVI,contextual_por_proximidad_no_asociacion_directa,109.4204,regional_100_150km,27.9156898,81.0812978,61.7921875608828,0.309539210398893,1,0,1
-72.61,4.42,VIVI,contextual_por_proximidad_no_asociacion_directa,114.6287,regional_100_150km,26.4911074,78.0890274,59.3686928749222,0.409427825877169,1,0,1
-72.56,4.42,VIVI,contextual_por_proximidad_no_asociacion_directa,119.8672,regional_100_150km,25.0950259,76.2979379,57.7209169406644,0.34847025167708,1,0,1
-72.51,4.42,VIVI,contextual_por_proximidad_no_asociacion_directa,125.1321,regional_100_150km,23.72885428,73.96893428,55.7412401371611,0.365398198281073,1,0,1
-72.46,4.42,VIVI,contextual_por_proximidad_no_asociacion_directa,130.4201,regional_100_150km,22.39390856,71.73287656,53.8321164890105,0.320496763041953,1,0,1
-72.41,4.42,VIVI,contextual_por_proximidad_no_asociacion_directa,135.7287,regional_100_150km,21.09147195,70.08480795,52.309447249035,0.320736851778926,1,0,1
-72.36,4.42,VIVI,contextual_por_proximidad_no_asociacion_directa,141.0553,regional_100_150km,19.82254187,67.75429387,50.3640883769672,0.33035221083747,1,0,1
-72.31,4.42,VIVI,contextual_por_proximidad_no_asociacion_directa,146.3982,regional_100_150km,18.58827106,65.77938306,48.6578905027339,0.284420154786728,1,0,1
-72.26,4.42,VIVI,contextual_por_proximidad_no_asociacion_directa,151.7555,no_local_mayor_150km,17.38973518,64.72897518,47.5537400355805,0.383030348050314,1,0,0
-72.21,4.42,VIVI,contextual_por_proximidad_no_asociacion_directa,157.1258,no_local_mayor_150km,16.22758782,63.38166782,46.2736109095222,0.377460443094074,1,0,0
-72.16,4.42,VIVI,contextual_por_proximidad_no_asociacion_directa,162.5078,no_local_mayor_150km,15.10329046,64.87429846,46.81678917648,0.297359990164908,1,0,0
-72.11,4.42,VIVI,contextual_por_proximidad_no_asociacion_directa,167.9003,no_local_mayor_150km,14.0153874,60.1572594,43.4164435017367,0.547729241253324,1,0,0
-72.06,4.42,VIVI,contextual_por_proximidad_no_asociacion_directa,173.3025,no_local_mayor_150km,12.96676719,59.12098319,42.3756887428072,0.278986871140574,1,0,0
-72.01,4.42,VIVI,contextual_por_proximidad_no_asociacion_directa,178.7133,no_local_mayor_150km,11.95661737,56.60486537,40.4059538921994,0.399067637934275,1,0,0
-71.96,4.42,VIVI,contextual_por_proximidad_no_asociacion_directa,184.1322,no_local_mayor_150km,10.98592446,54.83181246,38.9240066626133,0.614805978549998,1,0,0
-71.91,4.42,VIVI,contextual_por_proximidad_no_asociacion_directa,189.5583,no_local_mayor_150km,10.05857744,64.89062544,44.9969110954078,1.09548774872921,1,0,0
-71.86,4.42,VIVI,contextual_por_proximidad_no_asociacion_directa,194.991,no_local_mayor_150km,9.16817274,65.59259674,45.1211495835094,0.391449572603134,1,0,0
-76.46,4.37,PER2,contextual_por_proximidad_no_asociacion_directa,97.4698,contextual_50_100km,65.90183783,404.49775783,281.651160695339,21.8098443147359,1,1,1
-76.41,4.37,PER2,contextual_por_proximidad_no_asociacion_directa,92.6525,contextual_50_100km,67.37108877,570.71003277,388.092721622973,15.2192584537774,1,1,1
-76.36,4.37,PER2,contextual_por_proximidad_no_asociacion_directa,87.9207,contextual_50_100km,68.97992568,526.20168568,360.316233333378,7.64485190811741,1,1,1
-76.31,4.37,PER2,contextual_por_proximidad_no_asociacion_directa,83.2889,contextual_50_100km,70.42291563,602.00493163,409.140700532404,4.47781236763058,1,1,1
-76.26,4.37,PER2,contextual_por_proximidad_no_asociacion_directa,78.7748,contextual_50_100km,71.89632769,592.99828769,403.936344633503,9.66909591623982,1,1,1
-76.21,4.37,PER2,contextual_por_proximidad_no_asociacion_directa,74.3997,contextual_50_100km,73.38257559,523.42012759,360.141190720314,15.0910138665302,1,1,1
-76.16,4.37,PER2,contextual_por_proximidad_no_asociacion_directa,70.1896,contextual_50_100km,74.87679786,402.40014986,283.57081111505,9.59239696907327,1,1,1
-76.11,4.37,PER2,contextual_por_proximidad_no_asociacion_directa,66.1761,contextual_50_100km,76.23215963,358.57647163,256.138621966817,2.03052317955729,1,1,1
-76.06,4.37,PER2,contextual_por_proximidad_no_asociacion_directa,62.3971,contextual_50_100km,77.46887141,365.77533541,261.174346613895,1.05682372737315,1,1,1
-76.01,4.37,PER2,contextual_por_proximidad_no_asociacion_directa,58.8978,contextual_50_100km,78.64203277,373.68832077,266.642044258419,2.35451550235863,1,1,1
-75.96,4.37,PER2,contextual_por_proximidad_no_asociacion_directa,55.7309,contextual_50_100km,79.72353586,402.95117586,285.680372142497,5.25226061639179,1,1,1
-75.91,4.37,PER2,contextual_por_proximidad_no_asociacion_directa,52.956,contextual_50_100km,80.69680442,463.54596442,324.64376937328,6.26135402218183,1,1,1
-75.86,4.37,PER2,contextual_por_proximidad_no_asociacion_directa,50.6376,contextual_50_100km,81.74024435,418.97832435,296.624367597578,4.07013722964418,1,1,1
-75.81,4.37,PER2,contextual_por_proximidad_no_asociacion_directa,48.8409,local_0_50km,82.64846751,425.39197151,301.040581935045,2.92493494289091,1,1,1
-75.76,4.37,PER2,contextual_por_proximidad_no_asociacion_directa,47.6248,local_0_50km,83.45900946,451.89037746,318.219127562872,9.48631718448755,1,1,1
-75.71,4.37,PER2,contextual_por_proximidad_no_asociacion_directa,47.0343,local_0_50km,84.07293578,566.82208778,391.674996247286,24.536472056416,1,1,1
-75.66,4.37,PER2,contextual_por_proximidad_no_asociacion_directa,47.0932,local_0_50km,84.37524101,847.11100101,570.381462659627,33.8298880398504,1,1,1
-75.61,4.37,PER2,contextual_por_proximidad_no_asociacion_directa,47.7989,local_0_50km,84.64697866,1092.78145866,727.018367592272,16.7707382594268,1,1,1
-75.56,4.37,PER2,contextual_por_proximidad_no_asociacion_directa,49.1236,local_0_50km,85.14795314,1125.53730514,748.071765719634,16.2815218055853,1,1,1
-75.51,4.37,PER2,contextual_por_proximidad_no_asociacion_directa,51.0191,contextual_50_100km,86.05670901,830.95538901,560.697353862675,14.9319135780822,1,1,1
-75.46,4.37,PER2,contextual_por_proximidad_no_asociacion_directa,53.4247,contextual_50_100km,86.41190894,865.86144494,583.06795133916,5.62543537219382,1,1,1
-75.41,4.37,PER2,contextual_por_proximidad_no_asociacion_directa,56.275,contextual_50_100km,86.71037796,889.10740996,597.988293899322,14.4958116139415,1,1,1
-75.36,4.37,PER2,contextual_por_proximidad_no_asociacion_directa,59.5061,contextual_50_100km,87.31744598,659.11621398,451.660870470274,25.5428887996868,1,1,1
-75.31,4.37,PER2,contextual_por_proximidad_no_asociacion_directa,63.0595,contextual_50_100km,87.50234739,660.89349139,452.860415068376,15.4200617251851,1,1,1
-75.26,4.37,PER2,contextual_por_proximidad_no_asociacion_directa,66.8839,contextual_50_100km,87.82179401,526.40411401,367.281270546839,12.4497094905446,1,1,1
-75.21,4.37,PER2,contextual_por_proximidad_no_asociacion_directa,70.9354,contextual_50_100km,87.98350396,447.45312796,317.033304585648,9.80822414976402,1,1,1
-75.16,4.37,PER2,contextual_por_proximidad_no_asociacion_directa,75.1774,contextual_50_100km,88.07628811,365.69284811,264.970282686794,6.73164219268786,1,1,1
-75.11,4.37,PER2,contextual_por_proximidad_no_asociacion_directa,79.5794,contextual_50_100km,88.00690946,341.54032546,249.55540899814,3.75082244262421,1,1,1
-75.06,4.37,PER2,contextual_por_proximidad_no_asociacion_directa,84.1163,contextual_50_100km,87.87533116,310.37593116,229.650086706764,3.24866438282455,1,1,1
-75.01,4.37,PER2,contextual_por_proximidad_no_asociacion_directa,88.7673,contextual_50_100km,87.66051581,286.22609981,214.184161730957,0.554205739933117,1,1,1
-74.96,4.37,PER2,contextual_por_proximidad_no_asociacion_directa,93.5155,contextual_50_100km,87.30512519,307.15176519,227.388808756594,1.52828934791807,1,1,1
-73.81,4.37,VIVI,contextual_por_proximidad_no_asociacion_directa,41.311,local_0_50km,63.1722341,915.5130901,606.27376507079,6.00146980592659,1,1,1
-73.76,4.37,VIVI,contextual_por_proximidad_no_asociacion_directa,38.2023,local_0_50km,61.79448236,777.72179436,517.974913550081,19.0497217950351,1,1,1
-73.71,4.37,VIVI,contextual_por_proximidad_no_asociacion_directa,35.6893,local_0_50km,60.38452509,641.03394109,430.367477997863,18.0398654088322,1,1,1
-73.66,4.37,VIVI,contextual_por_proximidad_no_asociacion_directa,33.9045,local_0_50km,58.90352347,557.79862747,376.793593937573,20.7639889187364,1,1,1
-73.61,4.37,VIVI,contextual_por_proximidad_no_asociacion_directa,32.9665,local_0_50km,57.21392342,723.62945142,481.846030366083,16.4618401240767,1,1,1
-73.56,4.37,VIVI,contextual_por_proximidad_no_asociacion_directa,32.9477,local_0_50km,55.82455304,464.96643304,316.524928773564,31.9823711190673,1,1,1
-73.51,4.37,VIVI,contextual_por_proximidad_no_asociacion_directa,33.8497,local_0_50km,54.31141954,344.85214754,239.440541387666,25.8321500078513,1,1,1
-73.46,4.37,VIVI,contextual_por_proximidad_no_asociacion_directa,35.6025,local_0_50km,52.78063036,224.43629436,162.157592947146,10.8211752527966,1,1,1
-73.41,4.37,VIVI,contextual_por_proximidad_no_asociacion_directa,38.0888,local_0_50km,51.17964681,196.76478281,143.944776736132,2.34304633676081,1,1,1
-73.36,4.37,VIVI,contextual_por_proximidad_no_asociacion_directa,41.176,local_0_50km,49.55079422,209.80060222,151.660080017952,2.59939110023157,1,1,1
-73.31,4.37,VIVI,contextual_por_proximidad_no_asociacion_directa,44.7399,local_0_50km,47.95309064,162.15977864,120.72424394478,4.96701334465154,1,1,1
-73.26,4.37,VIVI,contextual_por_proximidad_no_asociacion_directa,48.6759,local_0_50km,46.34561327,130.64278927,100.058778630824,7.87707388257873,1,1,1
-73.21,4.37,VIVI,contextual_por_proximidad_no_asociacion_directa,52.9009,contextual_50_100km,44.72995773,121.63307773,93.7317178995611,1.89832408844066,1,1,1
-73.16,4.37,VIVI,contextual_por_proximidad_no_asociacion_directa,57.3512,contextual_50_100km,43.12038587,111.43208187,86.6477920944544,1.13575382314017,1,1,1
-73.11,4.37,VIVI,contextual_por_proximidad_no_asociacion_directa,61.9782,contextual_50_100km,41.51727151,105.08887151,82.0243445233611,0.771784790489832,1,1,1
-73.06,4.37,VIVI,contextual_por_proximidad_no_asociacion_directa,66.7452,contextual_50_100km,39.92384103,100.84148103,78.7398420631916,0.596404799096028,1,1,1
-73.01,4.37,VIVI,contextual_por_proximidad_no_asociacion_directa,71.6243,contextual_50_100km,38.34297053,96.96462653,75.6959976640683,0.539032117108671,1,1,1
-72.96,4.37,VIVI,contextual_por_proximidad_no_asociacion_directa,76.5939,contextual_50_100km,36.77679811,93.46044611,72.8949494259911,0.480875252094954,1,1,1
-72.91,4.37,VIVI,contextual_por_proximidad_no_asociacion_directa,81.6377,contextual_50_100km,35.22727484,90.92340284,70.7161900703466,0.44374727584284,1,1,1
-72.86,4.37,VIVI,contextual_por_proximidad_no_asociacion_directa,86.7426,contextual_50_100km,33.69662533,88.35585733,68.52484267042,0.442576471903674,1,1,1
-72.81,4.37,VIVI,contextual_por_proximidad_no_asociacion_directa,91.8985,contextual_50_100km,32.18673615,85.68563215,66.2756010897878,0.455060173134161,1,1,1
-72.76,4.37,VIVI,contextual_por_proximidad_no_asociacion_directa,97.0973,contextual_50_100km,30.69944073,82.48252073,63.6950079709805,0.422096785047635,1,1,1
-72.71,4.37,VIVI,contextual_por_proximidad_no_asociacion_directa,102.3324,regional_100_150km,29.23632172,80.18000972,61.6970382881828,0.281561337850409,1,0,1
-72.66,4.37,VIVI,contextual_por_proximidad_no_asociacion_directa,107.5985,regional_100_150km,27.79909568,79.24888768,60.5822957420755,0.300942729535626,1,0,1
-72.61,4.37,VIVI,contextual_por_proximidad_no_asociacion_directa,112.8912,regional_100_150km,26.38944117,77.28375317,58.8186959339005,0.339969822193106,1,0,1
-72.56,4.37,VIVI,contextual_por_proximidad_no_asociacion_directa,118.2071,regional_100_150km,25.00875872,75.19946272,56.9896827728789,0.345061809790836,1,0,1
-72.51,4.37,VIVI,contextual_por_proximidad_no_asociacion_directa,123.5431,regional_100_150km,23.65843629,73.30600429,55.2932804957744,0.316617171383891,1,0,1
-72.46,4.37,VIVI,contextual_por_proximidad_no_asociacion_directa,128.8967,regional_100_150km,22.33975627,71.34543627,53.5655970201055,0.321233465698237,1,0,1
-72.41,4.37,VIVI,contextual_por_proximidad_no_asociacion_directa,134.2658,regional_100_150km,21.05391087,69.31895087,51.8078245558722,0.280968539928374,1,0,1
-72.36,4.37,VIVI,contextual_por_proximidad_no_asociacion_directa,139.6486,regional_100_150km,19.80217149,68.42518749,50.7841832569183,0.458305473555766,1,0,1
-72.31,4.37,VIVI,contextual_por_proximidad_no_asociacion_directa,145.0436,regional_100_150km,18.58571893,69.17143093,50.8183374171366,0.573342271753492,1,0,1
-72.26,4.37,VIVI,contextual_por_proximidad_no_asociacion_directa,150.4495,no_local_mayor_150km,17.40541306,70.66977306,51.3448344294472,0.495576249888972,1,0,0
-72.21,4.37,VIVI,contextual_por_proximidad_no_asociacion_directa,155.8652,no_local_mayor_150km,16.2614343,69.7109543,50.3188374355055,0.456455299259735,1,0,0
-72.16,4.37,VIVI,contextual_por_proximidad_no_asociacion_directa,161.2896,no_local_mayor_150km,15.1539233,64.4928913,46.5921312290105,0.264152979058894,1,0,0
-72.11,4.37,VIVI,contextual_por_proximidad_no_asociacion_directa,166.7219,no_local_mayor_150km,14.08620663,66.63461463,47.569431837355,0.529349525355129,1,0,0
-72.06,4.37,VIVI,contextual_por_proximidad_no_asociacion_directa,172.1614,no_local_mayor_150km,13.05483756,59.93734956,42.92782072597,0.29611147394046,1,0,0
-72.01,4.37,VIVI,contextual_por_proximidad_no_asociacion_directa,177.6074,no_local_mayor_150km,12.06507155,62.65078355,44.2976900371366,1.00753154078701,1,0,0
-71.96,4.37,VIVI,contextual_por_proximidad_no_asociacion_directa,183.0593,no_local_mayor_150km,11.11438481,63.81092081,44.6919954302016,0.900831162811646,1,0,0
-71.91,4.37,VIVI,contextual_por_proximidad_no_asociacion_directa,188.5166,no_local_mayor_150km,10.20501563,69.86356763,48.218740653995,0.182284958158096,1,0,0
-71.86,4.37,VIVI,contextual_por_proximidad_no_asociacion_directa,193.9789,no_local_mayor_150km,9.33302352,67.90530352,46.6545888497861,0.371085328369196,1,0,0
-71.81,4.37,VIVI,contextual_por_proximidad_no_asociacion_directa,199.4457,no_local_mayor_150km,8.50053199,64.77682799,44.3591234206628,0.415680692961917,1,0,0
-76.46,4.32,PER2,contextual_por_proximidad_no_asociacion_directa,100.2704,regional_100_150km,65.66111273,462.37258473,318.440979235514,28.8817831199585,1,0,1
-76.41,4.32,PER2,contextual_por_proximidad_no_asociacion_directa,95.5941,contextual_50_100km,67.1223694,637.2176654,430.380361642538,12.6396958845647,1,1,1
-76.36,4.32,PER2,contextual_por_proximidad_no_asociacion_directa,91.015,contextual_50_100km,68.76439817,555.29081417,378.773286664876,8.47163906262535,1,1,1
-76.31,4.32,PER2,contextual_por_proximidad_no_asociacion_directa,86.5487,contextual_50_100km,70.2062118,631.9693078,428.155024569912,2.2320480336851,1,1,1
-76.26,4.32,PER2,contextual_por_proximidad_no_asociacion_directa,82.2134,contextual_50_100km,71.74232769,561.39177569,383.741175305727,13.0345122747817,1,1,1
-76.21,4.32,PER2,contextual_por_proximidad_no_asociacion_directa,78.031,contextual_50_100km,73.28349894,441.72721094,308.051482493942,14.3800689989329,1,1,1
-76.16,4.32,PER2,contextual_por_proximidad_no_asociacion_directa,74.0275,contextual_50_100km,74.73841168,357.41601168,254.857241195722,5.26987156251036,1,1,1
-76.11,4.32,PER2,contextual_por_proximidad_no_asociacion_directa,70.2334,contextual_50_100km,76.0400339,359.9643779,256.953273973848,1.0799314906193,1,1,1
-76.06,4.32,PER2,contextual_por_proximidad_no_asociacion_directa,66.6845,contextual_50_100km,77.2678758,373.2152758,265.842065216569,3.40199149702818,1,1,1
-76.01,4.32,PER2,contextual_por_proximidad_no_asociacion_directa,63.4219,contextual_50_100km,78.40938524,404.94521724,286.474162409406,3.81430777992807,1,1,1
-75.96,4.32,PER2,contextual_por_proximidad_no_asociacion_directa,60.4921,contextual_50_100km,79.49079355,431.78855355,303.970767103655,8.38587509803661,1,1,1
-75.91,4.32,PER2,contextual_por_proximidad_no_asociacion_directa,57.9455,contextual_50_100km,80.39932295,539.79362695,373.119949991795,7.69186819477176,1,1,1
-75.86,4.32,PER2,contextual_por_proximidad_no_asociacion_directa,55.8345,contextual_50_100km,81.46074574,477.45626574,333.784416083422,11.6860423396413,1,1,1
-75.81,4.32,PER2,contextual_por_proximidad_no_asociacion_directa,54.2102,contextual_50_100km,82.39035612,464.52356412,325.881124911188,6.99570096479521,1,1,1
-75.76,4.32,PER2,contextual_por_proximidad_no_asociacion_directa,53.117,contextual_50_100km,83.15187307,523.30188107,363.610261892799,15.5428751887277,1,1,1
-75.71,4.32,PER2,contextual_por_proximidad_no_asociacion_directa,52.5883,contextual_50_100km,83.76272313,637.20596313,436.410221878358,24.8738561519548,1,1,1
-75.66,4.32,PER2,contextual_por_proximidad_no_asociacion_directa,52.6409,contextual_50_100km,84.06844214,912.93101014,612.209885174594,26.3145441362344,1,1,1
-75.61,4.32,PER2,contextual_por_proximidad_no_asociacion_directa,53.2733,contextual_50_100km,84.4476566,1080.8676806,719.354732466315,9.60692787711701,1,1,1
-75.56,4.32,PER2,contextual_por_proximidad_no_asociacion_directa,54.4651,contextual_50_100km,85.10576903,1002.04277703,669.367205453008,5.89695032754908,1,1,1
-75.51,4.32,PER2,contextual_por_proximidad_no_asociacion_directa,56.1807,contextual_50_100km,85.6035597,985.0861517,658.743248309242,18.8983011788769,1,1,1
-75.46,4.32,PER2,contextual_por_proximidad_no_asociacion_directa,58.3741,contextual_50_100km,86.07479599,937.00843599,628.279665538747,6.66288094260886,1,1,1
-75.41,4.32,PER2,contextual_por_proximidad_no_asociacion_directa,60.9937,contextual_50_100km,86.46056657,897.88106257,603.488127241899,2.82158609719278,1,1,1
-75.36,4.32,PER2,contextual_por_proximidad_no_asociacion_directa,63.9872,contextual_50_100km,86.58437983,985.07945183,659.094832353597,9.48231499104447,1,1,1
-75.31,4.32,PER2,contextual_por_proximidad_no_asociacion_directa,67.3047,contextual_50_100km,87.07029752,782.02515352,529.887327341207,25.0780696861101,1,1,1
-75.26,4.32,PER2,contextual_por_proximidad_no_asociacion_directa,70.9007,contextual_50_100km,87.51967226,557.12246426,386.745027337145,21.5207826444241,1,1,1
-75.21,4.32,PER2,contextual_por_proximidad_no_asociacion_directa,74.7351,contextual_50_100km,87.77988307,409.72374707,292.918712441159,12.2814744469256,1,1,1
-75.16,4.32,PER2,contextual_por_proximidad_no_asociacion_directa,78.773,contextual_50_100km,87.84207075,343.98007075,251.050180464028,8.75335058365969,1,1,1
-75.11,4.32,PER2,contextual_por_proximidad_no_asociacion_directa,82.9847,contextual_50_100km,87.77109737,317.15964937,233.934774614134,2.64839434823309,1,1,1
-75.06,4.32,PER2,contextual_por_proximidad_no_asociacion_directa,87.3452,contextual_50_100km,87.60060102,307.63240102,227.802266352653,2.28585474292189,1,1,1
-75.01,4.32,PER2,contextual_por_proximidad_no_asociacion_directa,91.8331,contextual_50_100km,87.36052285,296.34444285,220.522609474505,4.59132850527986,1,1,1
-74.96,4.32,PER2,contextual_por_proximidad_no_asociacion_directa,96.4308,contextual_50_100km,87.10179891,250.28947891,191.083062062744,5.2406516235112,1,1,1
-73.86,4.32,VIVI,contextual_por_proximidad_no_asociacion_directa,41.0009,local_0_50km,64.61983,584.11707,395.63733830433,8.98672441506798,1,1,1
-73.81,4.32,VIVI,contextual_por_proximidad_no_asociacion_directa,37.0458,local_0_50km,62.89341754,856.56324154,568.61045957244,20.8045798855586,1,1,1
-73.76,4.32,VIVI,contextual_por_proximidad_no_asociacion_directa,33.5438,local_0_50km,61.4123573,839.1707653,556.990832902494,14.3041424636997,1,1,1
-73.71,4.32,VIVI,contextual_por_proximidad_no_asociacion_directa,30.651,local_0_50km,59.82700979,923.66012979,610.251275707477,23.4349794062267,1,1,1
-73.66,4.32,VIVI,contextual_por_proximidad_no_asociacion_directa,28.5528,local_0_50km,58.67418001,435.11680401,298.538975857662,18.3907920332336,1,1,1
-73.61,4.32,VIVI,contextual_por_proximidad_no_asociacion_directa,27.4324,local_0_50km,56.94014874,663.28977274,443.298970776759,20.9122618958339,1,1,1
-73.56,4.32,VIVI,contextual_por_proximidad_no_asociacion_directa,27.4098,local_0_50km,55.60986399,320.12943999,224.158614980935,29.5546855855198,1,1,1
-73.51,4.32,VIVI,contextual_por_proximidad_no_asociacion_directa,28.4877,local_0_50km,54.08186761,220.71352361,160.257591611429,11.8443742372206,1,1,1
-73.46,4.32,VIVI,contextual_por_proximidad_no_asociacion_directa,30.5498,local_0_50km,52.4949607,191.0687047,140.792514418057,4.42226412908964,1,1,1
-73.41,4.32,VIVI,contextual_por_proximidad_no_asociacion_directa,33.4145,local_0_50km,50.8974787,166.6348227,124.643947937529,3.49029024631749,1,1,1
-73.36,4.32,VIVI,contextual_por_proximidad_no_asociacion_directa,36.8951,local_0_50km,49.29324521,146.11958121,110.989843407438,4.05886533402416,1,1,1
-73.31,4.32,VIVI,contextual_por_proximidad_no_asociacion_directa,40.8346,local_0_50km,47.68086781,138.21176381,105.366085961454,2.21665830481196,1,1,1
-73.26,4.32,VIVI,contextual_por_proximidad_no_asociacion_directa,45.1128,local_0_50km,46.07272851,124.50650451,96.04980461231,1.47740951969289,1,1,1
-73.21,4.32,VIVI,contextual_por_proximidad_no_asociacion_directa,49.6423,local_0_50km,44.46559922,116.73971922,90.5178152381028,1.10427957331988,1,1,1
-73.16,4.32,VIVI,contextual_por_proximidad_no_asociacion_directa,54.3603,contextual_50_100km,42.86464077,109.31239277,85.2043638828005,0.943224453273606,1,1,1
-73.11,4.32,VIVI,contextual_por_proximidad_no_asociacion_directa,59.2218,contextual_50_100km,41.2719081,102.9919081,80.5991634527777,0.734579875985107,1,1,1
-73.06,4.32,VIVI,contextual_por_proximidad_no_asociacion_directa,64.1941,contextual_50_100km,39.6893744,99.0146384,77.49073224509,0.527619901668958,1,1,1
-73.01,4.32,VIVI,contextual_por_proximidad_no_asociacion_directa,69.2535,contextual_50_100km,38.11974826,96.29702026,75.1896191555283,0.44784350780968,1,1,1
-72.96,4.32,VIVI,contextual_por_proximidad_no_asociacion_directa,74.382,contextual_50_100km,36.56560474,93.31097274,72.7230833113439,0.468044728477909,1,1,1
-72.91,4.32,VIVI,contextual_por_proximidad_no_asociacion_directa,79.5665,contextual_50_100km,35.02892541,90.08316541,70.1088371846778,0.432203930639424,1,1,1
-72.86,4.32,VIVI,contextual_por_proximidad_no_asociacion_directa,84.7965,contextual_50_100km,33.51144406,87.80035606,68.1036978683033,0.409199524745721,1,1,1
-72.81,4.32,VIVI,contextual_por_proximidad_no_asociacion_directa,90.0642,contextual_50_100km,32.01527135,85.27963135,65.9546927194472,0.433939570409058,1,1,1
-72.76,4.32,VIVI,contextual_por_proximidad_no_asociacion_directa,95.3634,contextual_50_100km,30.54220371,82.15246771,63.4276546359928,0.320783550115268,1,1,1
-72.71,4.32,VIVI,contextual_por_proximidad_no_asociacion_directa,100.689,regional_100_150km,29.09372344,81.48165944,62.4746977834378,0.299634271372306,1,0,1
-72.66,4.32,VIVI,contextual_por_proximidad_no_asociacion_directa,106.0371,regional_100_150km,27.67179592,78.59079592,60.1167815860417,0.381387118439051,1,0,1
-72.61,4.32,VIVI,contextual_por_proximidad_no_asociacion_directa,111.4044,regional_100_150km,26.27777428,76.46847828,58.2586983328789,0.404532922658059,1,0,1
-72.56,4.32,VIVI,contextual_por_proximidad_no_asociacion_directa,116.7883,regional_100_150km,24.91314046,74.10398046,56.2569629761639,0.424188927410543,1,0,1
-72.51,4.32,VIVI,contextual_por_proximidad_no_asociacion_directa,122.1866,regional_100_150km,23.57932834,72.90595234,55.00967081794,0.472057201852721,1,0,1
-72.46,4.32,VIVI,contextual_por_proximidad_no_asociacion_directa,127.5975,regional_100_150km,22.27770447,72.87576047,54.5181884082072,0.521437817273841,1,0,1
-72.41,4.32,VIVI,contextual_por_proximidad_no_asociacion_directa,133.0194,regional_100_150km,21.00932858,72.31099258,53.6981432292289,0.630333924360343,1,0,1
-72.36,4.32,VIVI,contextual_por_proximidad_no_asociacion_directa,138.451,regional_100_150km,19.77588018,75.60779218,55.3513153721228,0.580056195325025,1,0,1
-72.31,4.32,VIVI,contextual_por_proximidad_no_asociacion_directa,143.8913,regional_100_150km,18.57742122,75.73014122,54.9944596766722,0.40829169205378,1,0,1
-72.26,4.32,VIVI,contextual_por_proximidad_no_asociacion_directa,149.3392,regional_100_150km,17.4147305,73.3083625,53.0294929474755,0.636551843032543,1,0,1
-72.21,4.32,VIVI,contextual_por_proximidad_no_asociacion_directa,154.7941,no_local_mayor_150km,16.2879344,66.0219104,47.9778367632683,0.658255275844502,1,0,0
-72.16,4.32,VIVI,contextual_por_proximidad_no_asociacion_directa,160.2551,no_local_mayor_150km,15.19965346,63.26718946,45.8277199287433,0.071717407079642,1,0,0
-72.11,4.32,VIVI,contextual_por_proximidad_no_asociacion_directa,165.7217,no_local_mayor_150km,14.15134271,67.26757471,47.9963786666005,0.301079965062806,1,0,0
-72.06,4.32,VIVI,contextual_por_proximidad_no_asociacion_directa,171.1933,no_local_mayor_150km,13.13875609,59.21890809,42.5004849363839,0.317693297573029,1,0,0
-72.01,4.32,VIVI,contextual_por_proximidad_no_asociacion_directa,176.6695,no_local_mayor_150km,12.17171859,73.80531059,51.4439157852839,0.787407709741979,1,0,0
-71.96,4.32,VIVI,contextual_por_proximidad_no_asociacion_directa,182.1498,no_local_mayor_150km,11.2388597,69.1075317,48.1120943187644,0.752007658706863,1,0,0
-71.91,4.32,VIVI,contextual_por_proximidad_no_asociacion_directa,187.6339,no_local_mayor_150km,10.34600965,65.44962565,45.45738322896,0.426928791550824,1,0,0
-71.86,4.32,VIVI,contextual_por_proximidad_no_asociacion_directa,193.1215,no_local_mayor_150km,9.49348914,63.21457714,43.7239321990578,0.188484023207787,1,0,0
-71.81,4.32,VIVI,contextual_por_proximidad_no_asociacion_directa,198.6123,no_local_mayor_150km,8.68166189,63.14338989,43.3840320132911,0.331977411853135,1,0,0
-76.41,4.27,PER2,contextual_por_proximidad_no_asociacion_directa,98.7612,contextual_50_100km,66.81480833,769.55872833,514.594937776727,6.4532530705558,1,1,1
-76.36,4.27,PER2,contextual_por_proximidad_no_asociacion_directa,94.3357,contextual_50_100km,68.46245878,673.97269078,454.286430143961,8.55938939086639,1,1,1
-76.31,4.27,PER2,contextual_por_proximidad_no_asociacion_directa,90.034,contextual_50_100km,70.007663,640.312807,433.399367910737,14.4502030711451,1,1,1
-76.26,4.27,PER2,contextual_por_proximidad_no_asociacion_directa,85.8745,contextual_50_100km,71.64728723,467.67983923,323.994553926634,16.2449270511163,1,1,1
-76.21,4.27,PER2,contextual_por_proximidad_no_asociacion_directa,81.8791,contextual_50_100km,73.15897385,376.90778185,266.70412834316,7.82794630196529,1,1,1
-76.16,4.27,PER2,contextual_por_proximidad_no_asociacion_directa,78.0729,contextual_50_100km,74.54004186,358.48907386,255.469012835989,0.661019459534436,1,1,1
-76.11,4.27,PER2,contextual_por_proximidad_no_asociacion_directa,74.4849,contextual_50_100km,75.83312692,366.17635092,260.836401550537,3.17105621550919,1,1,1
-76.06,4.27,PER2,contextual_por_proximidad_no_asociacion_directa,71.1481,contextual_50_100km,77.03002144,402.73880544,284.567813387679,3.01193457798376,1,1,1
-76.01,4.27,PER2,contextual_por_proximidad_no_asociacion_directa,68.0995,contextual_50_100km,78.20701773,402.32342573,284.730166489577,3.12357402672387,1,1,1
-75.96,4.27,PER2,contextual_por_proximidad_no_asociacion_directa,65.3795,contextual_50_100km,79.25219001,455.21339801,318.81023326591,11.0651399810919,1,1,1
-75.91,4.27,PER2,contextual_por_proximidad_no_asociacion_directa,63.0305,contextual_50_100km,80.12318684,589.31318684,404.573043500416,11.9168774073723,1,1,1
-75.86,4.27,PER2,contextual_por_proximidad_no_asociacion_directa,61.0953,contextual_50_100km,81.07048245,608.76413845,417.310650265179,14.9074935708472,1,1,1
-75.81,4.27,PER2,contextual_por_proximidad_no_asociacion_directa,59.6144,contextual_50_100km,82.06967495,538.11875495,372.658764751675,9.20073508013134,1,1,1
-75.76,4.27,PER2,contextual_por_proximidad_no_asociacion_directa,58.622,contextual_50_100km,82.73924494,659.54967694,450.27604256492,13.7355373283472,1,1,1
-75.71,4.27,PER2,contextual_por_proximidad_no_asociacion_directa,58.1434,contextual_50_100km,83.37245565,752.49131965,509.727096380534,20.362336233977,1,1,1
-75.66,4.27,PER2,contextual_por_proximidad_no_asociacion_directa,58.191,contextual_50_100km,83.77748702,954.26402302,638.441231064507,31.4322489614298,1,1,1
-75.61,4.27,PER2,contextual_por_proximidad_no_asociacion_directa,58.7636,contextual_50_100km,83.99364085,1234.15818485,816.864909800084,12.7055871123228,1,1,1
-75.56,4.27,PER2,contextual_por_proximidad_no_asociacion_directa,59.8463,contextual_50_100km,84.63077435,1163.68153435,772.189179682613,11.3684422615697,1,1,1
-75.51,4.27,PER2,contextual_por_proximidad_no_asociacion_directa,61.4119,contextual_50_100km,85.10962806,1154.14940406,766.289152574393,13.9822078354738,1,1,1
-75.46,4.27,PER2,contextual_por_proximidad_no_asociacion_directa,63.4248,contextual_50_100km,85.81149456,942.94182256,631.964820546166,16.1982191872327,1,1,1
-75.41,4.27,PER2,contextual_por_proximidad_no_asociacion_directa,65.8439,contextual_50_100km,86.22385761,881.70824961,593.097120949811,14.5809275042418,1,1,1
-75.36,4.27,PER2,contextual_por_proximidad_no_asociacion_directa,68.6263,contextual_50_100km,86.62864156,777.10262556,526.590512642595,26.4956114699096,1,1,1
-75.31,4.27,PER2,contextual_por_proximidad_no_asociacion_directa,71.7298,contextual_50_100km,87.102331,579.072451,400.579883416991,21.4276554269205,1,1,1
-75.26,4.27,PER2,contextual_por_proximidad_no_asociacion_directa,75.1145,contextual_50_100km,87.33610779,492.58962779,345.558866436339,12.7477577040895,1,1,1
-75.21,4.27,PER2,contextual_por_proximidad_no_asociacion_directa,78.7442,contextual_50_100km,87.42069971,456.03722771,322.29879957893,0.434636351532935,1,1,1
-75.16,4.27,PER2,contextual_por_proximidad_no_asociacion_directa,82.5865,contextual_50_100km,87.32902971,486.96602971,341.973008119236,8.35637544908356,1,1,1
-75.11,4.27,PER2,contextual_por_proximidad_no_asociacion_directa,86.6133,contextual_50_100km,87.47464657,313.80188657,231.687691948636,12.2465713184119,1,1,1
-75.06,4.27,PER2,contextual_por_proximidad_no_asociacion_directa,90.7999,contextual_50_100km,87.33973155,276.94357155,208.153059993733,5.13287107931534,1,1,1
-75.01,4.27,PER2,contextual_por_proximidad_no_asociacion_directa,95.1253,contextual_50_100km,87.14568053,231.31125653,179.006283583018,4.66065487902855,1,1,1
-74.96,4.27,PER2,contextual_por_proximidad_no_asociacion_directa,99.5714,contextual_50_100km,86.78748389,246.75337989,188.715864313329,3.83586712139084,1,1,1
-73.91,4.27,VIVI,contextual_por_proximidad_no_asociacion_directa,42.1771,local_0_50km,65.40318244,907.06647844,601.70109823476,16.3822776134159,1,1,1
-73.86,4.27,VIVI,contextual_por_proximidad_no_asociacion_directa,37.5327,local_0_50km,64.14641719,703.44217719,471.498128134072,15.4124019965983,1,1,1
-73.81,4.27,VIVI,contextual_por_proximidad_no_asociacion_directa,33.1662,local_0_50km,62.71093073,657.56829073,441.747017820072,29.2446443119481,1,1,1
-73.76,4.27,VIVI,contextual_por_proximidad_no_asociacion_directa,29.2024,local_0_50km,60.90837698,1018.51886498,671.086474680488,13.2520010126844,1,1,1
-73.71,4.27,VIVI,contextual_por_proximidad_no_asociacion_directa,25.8275,local_0_50km,59.68055255,670.73324055,449.036111444641,44.9386248554003,1,1,1
-73.66,4.27,VIVI,contextual_por_proximidad_no_asociacion_directa,23.2988,local_0_50km,58.3699155,375.2774275,260.299640834373,17.5156415214283,1,1,1
-73.61,4.27,VIVI,contextual_por_proximidad_no_asociacion_directa,21.9112,local_0_50km,56.80412645,379.06893445,262.147457548994,24.9227523031785,1,1,1
-73.56,4.27,VIVI,contextual_por_proximidad_no_asociacion_directa,21.883,local_0_50km,55.34667114,208.01726314,152.626569980631,13.7530657067184,1,1,1
-73.51,4.27,VIVI,contextual_por_proximidad_no_asociacion_directa,23.219,local_0_50km,53.76929005,186.09697005,138.086925526355,3.62385122746013,1,1,1
-73.46,4.27,VIVI,contextual_por_proximidad_no_asociacion_directa,25.7074,local_0_50km,52.17829227,172.01384427,128.536091262953,2.41993939277186,1,1,1
-73.41,4.27,VIVI,contextual_por_proximidad_no_asociacion_directa,29.0537,local_0_50km,50.58127934,158.49252734,119.341052598797,1.70222876771895,1,1,1
-73.36,4.27,VIVI,contextual_por_proximidad_no_asociacion_directa,32.9978,local_0_50km,48.98040905,146.30050505,110.99162529026,1.64256425370117,1,1,1
-73.31,4.27,VIVI,contextual_por_proximidad_no_asociacion_directa,37.3509,local_0_50km,47.38003134,131.88705534,101.226909369023,1.68053797384185,1,1,1
-73.26,4.27,VIVI,contextual_por_proximidad_no_asociacion_directa,41.9859,local_0_50km,45.78007126,120.23907926,93.2244721175911,1.26295129661946,1,1,1
-73.21,4.27,VIVI,contextual_por_proximidad_no_asociacion_directa,46.8192,local_0_50km,44.18252016,113.11141616,88.1031989379822,0.97654634228339,1,1,1
-73.16,4.27,VIVI,contextual_por_proximidad_no_asociacion_directa,51.7953,contextual_50_100km,42.59165486,106.65701486,83.4133459161833,0.832889877789003,1,1,1
-73.11,4.27,VIVI,contextual_por_proximidad_no_asociacion_directa,56.8768,contextual_50_100km,41.0096588,101.3718188,79.4717145350166,0.656035009732163,1,1,1
-73.06,4.27,VIVI,contextual_por_proximidad_no_asociacion_directa,62.0377,contextual_50_100km,39.43875218,97.67774418,76.5479503308811,0.514461260322276,1,1,1
-73.01,4.27,VIVI,contextual_por_proximidad_no_asociacion_directa,67.2597,contextual_50_100km,37.881375,95.120503,74.3534716141661,0.456249566013218,1,1,1
-72.96,4.27,VIVI,contextual_por_proximidad_no_asociacion_directa,72.5297,contextual_50_100km,36.3400647,92.1596327,71.9076344410522,0.4819330636638,1,1,1
-72.91,4.27,VIVI,contextual_por_proximidad_no_asociacion_directa,77.838,contextual_50_100km,34.81670248,89.22905448,69.4876107990089,0.479147694972984,1,1,1
-72.86,4.27,VIVI,contextual_por_proximidad_no_asociacion_directa,83.1771,contextual_50_100km,33.31330759,85.75061959,66.72574373772,0.394008400826092,1,1,1
-72.81,4.27,VIVI,contextual_por_proximidad_no_asociacion_directa,88.5416,contextual_50_100km,31.83139973,84.19464773,65.1966431712966,0.370617288664935,1,1,1
-72.76,4.27,VIVI,contextual_por_proximidad_no_asociacion_directa,93.927,contextual_50_100km,30.37318347,81.58843947,63.006939961735,0.353445308602805,1,1,1
-72.71,4.27,VIVI,contextual_por_proximidad_no_asociacion_directa,99.33,contextual_50_100km,28.94012342,80.53804342,61.8177088949222,0.358393461530716,1,1,1
-72.66,4.27,VIVI,contextual_por_proximidad_no_asociacion_directa,104.7478,regional_100_150km,27.53400097,79.25536097,60.4902409556278,0.520746231752863,1,0,1
-72.61,4.27,VIVI,contextual_por_proximidad_no_asociacion_directa,110.1783,regional_100_150km,26.15635909,80.97606309,61.0868272943372,0.607535030940899,1,0,1
-72.56,4.27,VIVI,contextual_por_proximidad_no_asociacion_directa,115.6196,regional_100_150km,24.80866479,80.64057679,60.3840999821228,0.611213923682859,1,0,1
-72.51,4.27,VIVI,contextual_por_proximidad_no_asociacion_directa,121.0704,regional_100_150km,23.49228122,81.15110522,60.231803170565,0.758163664928719,1,0,1
-72.46,4.27,VIVI,contextual_por_proximidad_no_asociacion_directa,126.5294,regional_100_150km,22.20829438,80.26212638,59.1995107648228,0.839690925868031,1,0,1
-72.41,4.27,VIVI,contextual_por_proximidad_no_asociacion_directa,131.9955,regional_100_150km,20.95802871,80.27094871,58.7515211040194,0.725955186338788,1,0,1
-72.36,4.27,VIVI,contextual_por_proximidad_no_asociacion_directa,137.4679,regional_100_150km,19.74218103,78.35149303,57.0873427129978,0.449777037524596,1,0,1
-72.31,4.27,VIVI,contextual_por_proximidad_no_asociacion_directa,142.946,regional_100_150km,18.56170741,75.28238741,54.7034550792028,0.57047533988268,1,0,1
-72.26,4.27,VIVI,contextual_por_proximidad_no_asociacion_directa,148.429,regional_100_150km,17.41714957,69.79274157,50.7902584623672,0.333362038657433,1,0,1
-72.21,4.27,VIVI,contextual_por_proximidad_no_asociacion_directa,153.9164,no_local_mayor_150km,16.31118737,71.34073937,51.3753682425366,0.412783927477688,1,0,0
-72.16,4.27,VIVI,contextual_por_proximidad_no_asociacion_directa,159.4079,no_local_mayor_150km,15.24155271,65.69148071,47.3876512353605,0.499242078489868,1,0,0
-72.11,4.27,VIVI,contextual_por_proximidad_no_asociacion_directa,164.9029,no_local_mayor_150km,14.21196581,66.73568581,47.6794601152139,0.387749590990914,1,0,0
-72.06,4.27,VIVI,contextual_por_proximidad_no_asociacion_directa,170.4011,no_local_mayor_150km,13.21956834,60.90444034,43.6038058255561,0.59132341347158,1,0,0
-72.01,4.27,VIVI,contextual_por_proximidad_no_asociacion_directa,175.9023,no_local_mayor_150km,12.2715847,73.0164087,50.9774694182039,0.638732073888363,1,0,0
-71.96,4.27,VIVI,contextual_por_proximidad_no_asociacion_directa,181.4062,no_local_mayor_150km,11.35991137,72.75896737,50.4826649949433,0.357410533647077,1,0,0
-71.91,4.27,VIVI,contextual_por_proximidad_no_asociacion_directa,186.9125,no_local_mayor_150km,10.48810577,72.44264177,49.9648046931183,0.545312621930814,1,0,0
-71.86,4.27,VIVI,contextual_por_proximidad_no_asociacion_directa,192.421,no_local_mayor_150km,9.65495106,68.05441506,46.8664000747983,0.579862925502225,1,0,0
-71.81,4.27,VIVI,contextual_por_proximidad_no_asociacion_directa,197.9316,no_local_mayor_150km,8.86395829,70.25067029,47.9788464638727,0.794386899837803,1,0,0
-76.31,4.22,PER2,contextual_por_proximidad_no_asociacion_directa,93.7197,contextual_50_100km,69.96618207,486.46508607,335.354366641615,17.5069729633206,1,1,1
-76.26,4.22,PER2,contextual_por_proximidad_no_asociacion_directa,89.7309,contextual_50_100km,71.46230242,456.18775042,316.604815936005,8.81208566031815,1,1,1
-76.21,4.22,PER2,contextual_por_proximidad_no_asociacion_directa,85.9148,contextual_50_100km,72.97806445,358.63056845,254.992467673726,5.2814997957525,1,1,1
-76.16,4.22,PER2,contextual_por_proximidad_no_asociacion_directa,82.2952,contextual_50_100km,74.32909055,364.51184255,259.23011431662,2.35489218073785,1,1,1
-76.11,4.22,PER2,contextual_por_proximidad_no_asociacion_directa,78.8992,contextual_50_100km,75.59635856,391.02259056,276.582229765906,3.83450684456276,1,1,1
-76.06,4.22,PER2,contextual_por_proximidad_no_asociacion_directa,75.7569,contextual_50_100km,76.8092386,410.0108306,289.121359347506,2.53752368518809,1,1,1
-76.01,4.22,PER2,contextual_por_proximidad_no_asociacion_directa,72.9011,contextual_50_100km,77.99551091,398.08777491,281.954522620576,4.70199617468884,1,1,1
-75.96,4.22,PER2,contextual_por_proximidad_no_asociacion_directa,70.3667,contextual_50_100km,79.01134958,470.84694158,328.684362912645,17.0115553577105,1,1,1
-75.91,4.22,PER2,contextual_por_proximidad_no_asociacion_directa,68.1896,contextual_50_100km,79.78409292,677.97433292,460.943851799122,15.4649074012191,1,1,1
-75.86,4.22,PER2,contextual_por_proximidad_no_asociacion_directa,66.4049,contextual_50_100km,80.67763675,732.57662075,496.059973237109,6.83101654527428,1,1,1
-75.81,4.22,PER2,contextual_por_proximidad_no_asociacion_directa,65.0448,contextual_50_100km,81.72793533,616.47001533,422.459275706467,9.21947110226337,1,1,1
-75.76,4.22,PER2,contextual_por_proximidad_no_asociacion_directa,64.1365,contextual_50_100km,82.54246555,626.65364155,429.243683289018,14.3322173478841,1,1,1
-75.71,4.22,PER2,contextual_por_proximidad_no_asociacion_directa,63.6992,contextual_50_100km,83.01524428,832.33307628,560.471720615934,35.4457884428405,1,1,1
-75.66,4.22,PER2,contextual_por_proximidad_no_asociacion_directa,63.7427,contextual_50_100km,83.22606521,1169.55978521,775.425086674241,21.7462219150508,1,1,1
-75.61,4.22,PER2,contextual_por_proximidad_no_asociacion_directa,64.266,contextual_50_100km,83.8581437,1148.8984637,762.489262067533,10.4900521645779,1,1,1
-75.56,4.22,PER2,contextual_por_proximidad_no_asociacion_directa,65.2574,contextual_50_100km,84.33990569,1183.70888969,784.844843484748,5.56118291478143,1,1,1
-75.51,4.22,PER2,contextual_por_proximidad_no_asociacion_directa,66.6963,contextual_50_100km,84.93617762,1087.99727362,724.074866162274,19.9427112578958,1,1,1
-75.46,4.22,PER2,contextual_por_proximidad_no_asociacion_directa,68.5543,contextual_50_100km,85.6478243,865.3812723,582.484772073783,22.2698963780951,1,1,1
-75.41,4.22,PER2,contextual_por_proximidad_no_asociacion_directa,70.7985,contextual_50_100km,86.19935011,705.86815011,481.044993851889,15.9179320259145,1,1,1
-75.36,4.22,PER2,contextual_por_proximidad_no_asociacion_directa,73.3935,contextual_50_100km,86.54497052,637.33425052,437.501397288189,20.3682176142659,1,1,1
-75.31,4.22,PER2,contextual_por_proximidad_no_asociacion_directa,76.3035,contextual_50_100km,86.85863223,541.43877623,376.511733354279,16.5758523703211,1,1,1
-75.26,4.22,PER2,contextual_por_proximidad_no_asociacion_directa,79.4939,contextual_50_100km,87.20944215,372.70147415,269.121594509809,10.8993382643719,1,1,1
-75.21,4.22,PER2,contextual_por_proximidad_no_asociacion_directa,82.9324,contextual_50_100km,87.16794727,415.11099527,296.129385861449,4.51084104522447,1,1,1
-75.16,4.22,PER2,contextual_por_proximidad_no_asociacion_directa,86.5893,contextual_50_100km,87.26707893,315.84092693,232.911636403477,13.2218897347778,1,1,1
-75.11,4.22,PER2,contextual_por_proximidad_no_asociacion_directa,90.4383,contextual_50_100km,87.1893257,284.9031737,213.170255497088,2.61390505895202,1,1,1
-75.06,4.22,PER2,contextual_por_proximidad_no_asociacion_directa,94.4558,contextual_50_100km,87.00723143,274.72243943,206.617145859938,4.71776829056095,1,1,1
-75.01,4.22,PER2,contextual_por_proximidad_no_asociacion_directa,98.6213,contextual_50_100km,86.8179023,221.4909423,172.629973479761,4.2672987363893,1,1,1
-74.96,4.22,PER2,contextual_por_proximidad_no_asociacion_directa,102.9167,regional_100_150km,86.49794161,207.44445361,163.563631199303,3.4242235158388,1,0,1
-73.96,4.22,VIVI,contextual_por_proximidad_no_asociacion_directa,44.7225,local_0_50km,66.71049543,618.93167943,418.579314522373,19.4972198778013,1,1,1
-73.91,4.22,VIVI,contextual_por_proximidad_no_asociacion_directa,39.6028,local_0_50km,65.34395891,557.91893491,379.206918429449,7.5230948696994,1,1,1
-73.86,4.22,VIVI,contextual_por_proximidad_no_asociacion_directa,34.6143,local_0_50km,63.95042687,491.91690687,336.645615486161,7.03644194078502,1,1,1
-73.81,4.22,VIVI,contextual_por_proximidad_no_asociacion_directa,29.8232,local_0_50km,62.50113964,456.12661164,313.314643377875,8.26567702019155,1,1,1
-73.76,4.22,VIVI,contextual_por_proximidad_no_asociacion_directa,25.3415,local_0_50km,60.8704842,609.0058042,410.135838988019,27.0593690291683,1,1,1
-73.71,4.22,VIVI,contextual_por_proximidad_no_asociacion_directa,21.365,local_0_50km,59.45262563,483.61715363,329.72525531643,24.5235425165027,1,1,1
-73.66,4.22,VIVI,contextual_por_proximidad_no_asociacion_directa,18.2271,local_0_50km,58.01046717,355.48852317,247.559972519318,13.4460975005146,1,1,1
-73.61,4.22,VIVI,contextual_por_proximidad_no_asociacion_directa,16.4162,local_0_50km,56.51792226,264.04525026,188.75188565818,15.0224128878775,1,1,1
-73.56,4.22,VIVI,contextual_por_proximidad_no_asociacion_directa,16.3785,local_0_50km,55.00021165,181.98293965,135.912106812805,5.92982419486867,1,1,1
-73.51,4.22,VIVI,contextual_por_proximidad_no_asociacion_directa,18.125,local_0_50km,53.42193332,170.66524532,128.127987588137,2.09176898300754,1,1,1
-73.46,4.22,VIVI,contextual_por_proximidad_no_asociacion_directa,21.2196,local_0_50km,51.83506231,161.37571831,121.63307511011,1.53226305386809,1,1,1
-73.41,4.22,VIVI,contextual_por_proximidad_no_asociacion_directa,25.17,local_0_50km,50.24116695,156.27612695,117.805391646072,1.20449109858931,1,1,1
-73.36,4.22,VIVI,contextual_por_proximidad_no_asociacion_directa,29.6359,local_0_50km,48.64674871,148.55908471,112.309709675077,1.76675214463913,1,1,1
-73.31,4.22,VIVI,contextual_por_proximidad_no_asociacion_directa,34.4171,local_0_50km,47.05785621,129.99719221,99.9058219530627,1.98391615772989,1,1,1
-73.26,4.22,VIVI,contextual_por_proximidad_no_asociacion_directa,39.3991,local_0_50km,45.46832161,117.33508961,91.2609777427744,1.28703063159888,1,1,1
-73.21,4.22,VIVI,contextual_por_proximidad_no_asociacion_directa,44.5145,local_0_50km,43.88145528,109.97123128,85.9930803117544,0.86444960722646,1,1,1
-73.16,4.22,VIVI,contextual_por_proximidad_no_asociacion_directa,49.7221,local_0_50km,42.30138704,104.57686704,81.9825876909528,0.716594001847971,1,1,1
-73.11,4.22,VIVI,contextual_por_proximidad_no_asociacion_directa,54.9957,contextual_50_100km,40.73109624,99.61197624,78.24929784655,0.649636203958123,1,1,1
-73.06,4.22,VIVI,contextual_por_proximidad_no_asociacion_directa,60.3181,contextual_50_100km,39.17273931,95.39965931,74.9998689363805,0.491003045376839,1,1,1
-73.01,4.22,VIVI,contextual_por_proximidad_no_asociacion_directa,65.6774,contextual_50_100km,37.62816238,93.46007438,73.2035975721228,0.459154274396323,1,1,1
-72.96,4.22,VIVI,contextual_por_proximidad_no_asociacion_directa,71.0652,contextual_50_100km,36.10043661,90.15481261,70.5432468479627,0.425371501770092,1,1,1
-72.91,4.22,VIVI,contextual_por_proximidad_no_asociacion_directa,76.4755,contextual_50_100km,34.59086773,88.59586773,69.0022161636805,0.311705905071025,1,1,1
-72.86,4.22,VIVI,contextual_por_proximidad_no_asociacion_directa,81.9038,contextual_50_100km,33.10182251,86.84759851,67.3479964711989,0.484595988313601,1,1,1
-72.81,4.22,VIVI,contextual_por_proximidad_no_asociacion_directa,87.3468,contextual_50_100km,31.63477358,88.20732558,67.6821358363561,0.63359377475402,1,1,1
-72.76,4.22,VIVI,contextual_por_proximidad_no_asociacion_directa,92.8019,contextual_50_100km,30.19229803,85.44404203,65.3980570218066,0.776908535845375,1,1,1
-72.71,4.22,VIVI,contextual_por_proximidad_no_asociacion_directa,98.2671,contextual_50_100km,28.77535188,86.48355188,65.5463356348472,0.743151335369883,1,1,1
-72.66,4.22,VIVI,contextual_por_proximidad_no_asociacion_directa,103.7408,regional_100_150km,27.38590661,87.74806661,65.8479623450166,0.818203658512019,1,0,1
-72.61,4.22,VIVI,contextual_por_proximidad_no_asociacion_directa,109.2217,regional_100_150km,26.02542695,87.18994695,64.9987370046028,0.59938695122135,1,0,1
-72.56,4.22,VIVI,contextual_por_proximidad_no_asociacion_directa,114.7088,regional_100_150km,24.69515187,84.78574387,62.9841676814644,0.382373934963279,1,0,1
-72.51,4.22,VIVI,contextual_por_proximidad_no_asociacion_directa,120.2012,regional_100_150km,23.39667361,86.07950561,63.3374341462811,0.188230776989631,1,0,1
-72.46,4.22,VIVI,contextual_por_proximidad_no_asociacion_directa,125.6983,regional_100_150km,22.13112687,87.39385487,63.7157666800272,0.178289847705955,1,0,1
-72.41,4.22,VIVI,contextual_por_proximidad_no_asociacion_directa,131.1994,regional_100_150km,20.89908993,84.56944193,61.4690865519255,0.661491161511409,1,0,1
-72.36,4.22,VIVI,contextual_por_proximidad_no_asociacion_directa,136.7041,regional_100_150km,19.70168534,80.19962934,58.2502610367928,0.732911075625849,1,0,1
-72.31,4.22,VIVI,contextual_por_proximidad_no_asociacion_directa,142.2119,regional_100_150km,18.53990615,75.17417815,54.6265956617089,0.407249680377099,1,0,1
-72.26,4.22,VIVI,contextual_por_proximidad_no_asociacion_directa,147.7225,regional_100_150km,17.41581819,75.80293819,54.6194017537278,0.356149024680328,1,0,1
-72.21,4.22,VIVI,contextual_por_proximidad_no_asociacion_directa,153.2356,no_local_mayor_150km,16.32804466,70.78977266,51.0304147832911,0.500151237247053,1,0,0
-72.16,4.22,VIVI,contextual_por_proximidad_no_asociacion_directa,158.7509,no_local_mayor_150km,15.27918079,69.67918879,49.9422236579383,0.517594774003951,1,0,0
-72.11,4.22,VIVI,contextual_por_proximidad_no_asociacion_directa,164.2683,no_local_mayor_150km,14.26783172,64.02649572,45.9734649854094,0.319952498422627,1,0,0
-72.06,4.22,VIVI,contextual_por_proximidad_no_asociacion_directa,169.7874,no_local_mayor_150km,13.29810779,68.01905979,48.1656523857728,0.800884519147766,1,0,0
-72.01,4.22,VIVI,contextual_por_proximidad_no_asociacion_directa,175.3082,no_local_mayor_150km,12.36925689,76.21242489,53.0493698269133,0.655217982931252,1,0,0
-71.96,4.22,VIVI,contextual_por_proximidad_no_asociacion_directa,180.8305,no_local_mayor_150km,11.47757397,74.98745397,51.9453197280083,0.504197842726623,1,0,0
-71.91,4.22,VIVI,contextual_por_proximidad_no_asociacion_directa,186.3542,no_local_mayor_150km,10.62553271,72.88866871,50.2988679098822,0.257002594572733,1,0,0
-71.86,4.22,VIVI,contextual_por_proximidad_no_asociacion_directa,191.8791,no_local_mayor_150km,9.81407378,72.63268978,49.8413542780572,0.556876048234952,1,0,0
-71.81,4.22,VIVI,contextual_por_proximidad_no_asociacion_directa,197.4051,no_local_mayor_150km,9.0439581,76.3187581,51.9106664345278,0.3790096438674,1,0,0
-76.21,4.17,PER2,contextual_por_proximidad_no_asociacion_directa,90.1129,contextual_50_100km,72.77102005,359.99121205,255.784335559687,0.358321236101641,1,1,1
-76.16,4.17,PER2,contextual_por_proximidad_no_asociacion_directa,86.6686,contextual_50_100km,74.09953672,381.66264072,270.075115593962,3.51735985927774,1,1,1
-76.11,4.17,PER2,contextual_por_proximidad_no_asociacion_directa,83.4505,contextual_50_100km,75.35457122,413.80236322,291.009508672492,4.0398122227168,1,1,1
-76.06,4.17,PER2,contextual_por_proximidad_no_asociacion_directa,80.4859,contextual_50_100km,76.54508612,446.38367012,312.201865644915,10.9568828366311,1,1,1
-76.01,4.17,PER2,contextual_por_proximidad_no_asociacion_directa,77.8037,contextual_50_100km,77.69824308,455.73324308,318.577682115764,9.61790613028024,1,1,1
-75.96,4.17,PER2,contextual_por_proximidad_no_asociacion_directa,75.4341,contextual_50_100km,78.68409343,546.59575743,376.831881710479,17.1325307437605,1,1,1
-75.91,4.17,PER2,contextual_por_proximidad_no_asociacion_directa,73.4073,contextual_50_100km,79.58882448,644.73417648,439.692770843245,10.2987869563611,1,1,1
-75.86,4.17,PER2,contextual_por_proximidad_no_asociacion_directa,71.7523,contextual_50_100km,80.46135729,711.46194929,482.527485114659,3.80364081505651,1,1,1
-75.81,4.17,PER2,contextual_por_proximidad_no_asociacion_directa,70.4954,contextual_50_100km,81.41902799,659.73542799,449.915410645528,14.9223307568224,1,1,1
-75.76,4.17,PER2,contextual_por_proximidad_no_asociacion_directa,69.6581,contextual_50_100km,82.07323205,782.58288805,528.429714852957,34.8019033039491,1,1,1
-75.71,4.17,PER2,contextual_por_proximidad_no_asociacion_directa,69.2557,contextual_50_100km,82.46417953,1042.38299553,694.113116580682,30.8640241427917,1,1,1
-75.66,4.17,PER2,contextual_por_proximidad_no_asociacion_directa,69.2957,contextual_50_100km,82.97119899,1160.08395099,769.294728504536,0.704164849782038,1,1,1
-75.61,4.17,PER2,contextual_por_proximidad_no_asociacion_directa,69.7774,contextual_50_100km,83.71840949,1052.25333749,700.85743138793,5.26289104955666,1,1,1
-75.56,4.17,PER2,contextual_por_proximidad_no_asociacion_directa,70.6917,contextual_50_100km,84.19295175,1088.31563175,724.008069084341,7.65853041744599,1,1,1
-75.51,4.17,PER2,contextual_por_proximidad_no_asociacion_directa,72.0221,contextual_50_100km,84.74864015,1016.39969615,678.38569424911,15.3696686204435,1,1,1
-75.46,4.17,PER2,contextual_por_proximidad_no_asociacion_directa,73.7462,contextual_50_100km,85.32575977,880.82249577,592.206888560882,16.927179201817,1,1,1
-75.41,4.17,PER2,contextual_por_proximidad_no_asociacion_directa,75.837,contextual_50_100km,85.863089,724.763841,492.963105509814,24.0406061715293,1,1,1
-75.36,4.17,PER2,contextual_por_proximidad_no_asociacion_directa,78.2653,contextual_50_100km,86.48720245,463.02857845,326.414921906227,15.3052822328284,1,1,1
-75.31,4.17,PER2,contextual_por_proximidad_no_asociacion_directa,81.0007,contextual_50_100km,86.64736339,465.33659539,327.943671332503,9.25737384211945,1,1,1
-75.26,4.17,PER2,contextual_por_proximidad_no_asociacion_directa,84.0131,contextual_50_100km,86.90749813,351.42707413,255.456249120935,4.75516356758605,1,1,1
-75.21,4.17,PER2,contextual_por_proximidad_no_asociacion_directa,87.2739,contextual_50_100km,86.8464139,402.3467099,287.879477812329,8.33306136542999,1,1,1
-75.16,4.17,PER2,contextual_por_proximidad_no_asociacion_directa,90.7563,contextual_50_100km,86.94562725,297.60833125,221.177415220101,6.45096898439807,1,1,1
-75.11,4.17,PER2,contextual_por_proximidad_no_asociacion_directa,94.4358,contextual_50_100km,86.81746089,295.28293289,219.649198569542,5.37068089530143,1,1,1
-75.06,4.17,PER2,contextual_por_proximidad_no_asociacion_directa,98.2903,contextual_50_100km,86.71777317,225.60011717,175.21196316482,6.47413949052025,1,1,1
-75.01,4.17,PER2,contextual_por_proximidad_no_asociacion_directa,102.3,regional_100_150km,86.4776632,201.2892072,159.634223607237,2.03385229123609,1,0,1
-74.96,4.17,PER2,contextual_por_proximidad_no_asociacion_directa,106.4474,regional_100_150km,86.13515247,197.84835247,157.317484658528,1.28617800943973,1,0,1
-74.01,4.17,VIVI,contextual_por_proximidad_no_asociacion_directa,48.4219,local_0_50km,67.58842649,712.89571449,478.770612105433,12.9514918137316,1,1,1
-73.96,4.17,VIVI,contextual_por_proximidad_no_asociacion_directa,43.0282,local_0_50km,66.01327492,906.28169892,601.422394743787,29.7762983609197,1,1,1
-73.91,4.17,VIVI,contextual_por_proximidad_no_asociacion_directa,37.6785,local_0_50km,64.62239964,884.89354364,587.289488729487,15.7715369425867,1,1,1
-73.86,4.17,VIVI,contextual_por_proximidad_no_asociacion_directa,32.3948,local_0_50km,63.28758606,769.08047406,513.010481921155,18.3336471681097,1,1,1
-73.81,4.17,VIVI,contextual_por_proximidad_no_asociacion_directa,27.2153,local_0_50km,61.98954894,572.41394894,387.225950707472,13.9596165426751,1,1,1
-73.76,4.17,VIVI,contextual_por_proximidad_no_asociacion_directa,22.2133,local_0_50km,60.51473926,548.26321126,371.302307410861,23.3894617619868,1,1,1
-73.71,4.17,VIVI,contextual_por_proximidad_no_asociacion_directa,17.5409,local_0_50km,59.17114601,329.25786601,231.267215433755,16.3011521233661,1,1,1
-73.66,4.17,VIVI,contextual_por_proximidad_no_asociacion_directa,13.5441,local_0_50km,57.65298658,301.31120258,212.909125261696,10.6060115862929,1,1,1
-73.61,4.17,VIVI,contextual_por_proximidad_no_asociacion_directa,10.9865,local_0_50km,56.18057859,185.74320259,138.736353026551,9.17018765511975,1,1,1
-73.56,4.17,VIVI,contextual_por_proximidad_no_asociacion_directa,10.93,local_0_50km,54.62248811,169.10074411,127.566681338332,1.93108289097469,1,1,1
-73.51,4.17,VIVI,contextual_por_proximidad_no_asociacion_directa,13.4063,local_0_50km,53.05130309,157.85186309,119.828982679017,1.40752153957278,1,1,1
-73.46,4.17,VIVI,contextual_por_proximidad_no_asociacion_directa,17.3636,local_0_50km,51.47065052,151.25954652,115.054956974371,1.24690521695597,1,1,1
-73.41,4.17,VIVI,contextual_por_proximidad_no_asociacion_directa,22.0174,local_0_50km,49.88654705,143.91079505,109.797687854422,1.52444607664625,1,1,1
-73.36,4.17,VIVI,contextual_por_proximidad_no_asociacion_directa,27.0099,local_0_50km,48.30211369,134.36448169,103.140038553913,1.71731292284222,1,1,1
-73.31,4.17,VIVI,contextual_por_proximidad_no_asociacion_directa,32.184,local_0_50km,46.71957804,122.53642604,95.0291785153522,1.24838766784662,1,1,1
-73.26,4.17,VIVI,contextual_por_proximidad_no_asociacion_directa,37.4644,local_0_50km,45.13791796,115.89372596,90.2226834964244,0.841980271701099,1,1,1
-73.21,4.17,VIVI,contextual_por_proximidad_no_asociacion_directa,42.8119,local_0_50km,43.56186768,109.84914768,85.7993399288833,0.768609002170359,1,1,1
-73.16,4.17,VIVI,contextual_por_proximidad_no_asociacion_directa,48.2041,local_0_50km,41.99381943,104.35570743,81.7300782384466,0.725510593592366,1,1,1
-73.11,4.17,VIVI,contextual_por_proximidad_no_asociacion_directa,53.6276,contextual_50_100km,40.43619885,99.04551085,77.7813605329978,0.650875470584218,1,1,1
-73.06,4.17,VIVI,contextual_por_proximidad_no_asociacion_directa,59.0737,contextual_50_100km,38.89096639,94.83397439,74.5371906417578,0.530713401912499,1,1,1
-73.01,4.17,VIVI,contextual_por_proximidad_no_asociacion_directa,64.5367,contextual_50_100km,37.36039693,91.58758893,71.9133234829505,0.454270116744616,1,1,1
-72.96,4.17,VIVI,contextual_por_proximidad_no_asociacion_directa,70.0127,contextual_50_100km,35.84668516,89.11104516,69.7861065294472,0.126494671403291,1,1,1
-72.91,4.17,VIVI,contextual_por_proximidad_no_asociacion_directa,75.4988,contextual_50_100km,34.35121699,91.52862499,70.7839863488133,0.449346174344487,1,1,1
-72.86,4.17,VIVI,contextual_por_proximidad_no_asociacion_directa,80.9929,contextual_50_100km,32.87699656,94.17730056,71.9368265763789,0.847524386334115,1,1,1
-72.81,4.17,VIVI,contextual_por_proximidad_no_asociacion_directa,86.4936,contextual_50_100km,31.42604891,95.02233691,71.9488528255022,0.792483157811044,1,1,1
-72.76,4.17,VIVI,contextual_por_proximidad_no_asociacion_directa,91.9997,contextual_50_100km,29.99986983,94.90462183,71.3564115589811,0.780966666053416,1,1,1
-72.71,4.17,VIVI,contextual_por_proximidad_no_asociacion_directa,97.5102,contextual_50_100km,28.60001821,93.65289821,70.0509453518277,0.686825589684976,1,1,1
-72.66,4.17,VIVI,contextual_por_proximidad_no_asociacion_directa,103.0245,regional_100_150km,27.2279484,93.6510124,69.5519406106594,0.562621405209085,1,0,1
-72.61,4.17,VIVI,contextual_por_proximidad_no_asociacion_directa,108.5419,regional_100_150km,25.88512123,90.54299323,67.08435393757,0.656907496265618,1,0,1
-72.56,4.17,VIVI,contextual_por_proximidad_no_asociacion_directa,114.062,regional_100_150km,24.57279844,86.89765444,64.285460895235,0.453406919261614,1,0,1
-72.51,4.17,VIVI,contextual_por_proximidad_no_asociacion_directa,119.5845,regional_100_150km,23.29236991,84.33344991,62.1870254538972,0.403600406784858,1,0,1
-72.46,4.17,VIVI,contextual_por_proximidad_no_asociacion_directa,125.109,regional_100_150km,22.04496031,81.34553631,59.8305872529489,0.425793352675284,1,0,1
-72.41,4.17,VIVI,contextual_por_proximidad_no_asociacion_directa,130.6352,regional_100_150km,20.83300388,87.99670788,63.6289231548928,0.295139493269499,1,0,1
-72.36,4.17,VIVI,contextual_por_proximidad_no_asociacion_directa,136.163,regional_100_150km,19.65517587,85.23884787,61.4443174078616,0.575710294196605,1,0,1
-72.31,4.17,VIVI,contextual_por_proximidad_no_asociacion_directa,141.6922,regional_100_150km,18.51288911,79.50459311,57.376082849615,0.818067122314055,1,0,1
-72.26,4.17,VIVI,contextual_por_proximidad_no_asociacion_directa,147.2226,regional_100_150km,17.40708276,72.32553876,52.4004745729016,0.877903291149668,1,0,1
-72.21,4.17,VIVI,contextual_por_proximidad_no_asociacion_directa,152.7541,no_local_mayor_150km,16.33906492,66.67789692,48.4143743857255,0.218528117195224,1,0,0
-72.16,4.17,VIVI,contextual_por_proximidad_no_asociacion_directa,158.2866,no_local_mayor_150km,15.31132496,69.87180496,50.0766186918555,0.361804074972707,1,0,0
-72.11,4.17,VIVI,contextual_por_proximidad_no_asociacion_directa,163.8199,no_local_mayor_150km,14.31968273,61.85642673,44.6095348027094,0.168653718306104,1,0,0
-72.06,4.17,VIVI,contextual_por_proximidad_no_asociacion_directa,169.354,no_local_mayor_150km,13.37129907,69.20321107,48.9467342621228,1.14779743931999,1,0,0
-72.01,4.17,VIVI,contextual_por_proximidad_no_asociacion_directa,174.8889,no_local_mayor_150km,12.4645292,82.6401692,57.1796185361083,0.785433052258842,1,0,0
-71.96,4.17,VIVI,contextual_por_proximidad_no_asociacion_directa,180.4243,no_local_mayor_150km,11.59319462,80.26286662,55.3486989255005,0.554550079664506,1,0,0
-71.91,4.17,VIVI,contextual_por_proximidad_no_asociacion_directa,185.9604,no_local_mayor_150km,10.76096495,75.29539695,51.8815431468644,0.28907927065484,1,0,0
-71.86,4.17,VIVI,contextual_por_proximidad_no_asociacion_directa,191.497,no_local_mayor_150km,9.97090488,77.23336088,52.8297477634572,0.29371198749887,1,0,0
-71.81,4.17,VIVI,contextual_por_proximidad_no_asociacion_directa,197.0341,no_local_mayor_150km,9.218159,71.086287,48.6397997656244,0.813940632060522,1,0,0
-76.16,4.12,PER2,contextual_por_proximidad_no_asociacion_directa,91.1713,contextual_50_100km,73.8734803,390.7316163,275.77174383009,3.32422297751628,1,1,1
-76.11,4.12,PER2,contextual_por_proximidad_no_asociacion_directa,88.1177,contextual_50_100km,75.1310431,414.6774511,291.486005697772,12.5165789531562,1,1,1
-76.06,4.12,PER2,contextual_por_proximidad_no_asociacion_directa,85.3152,contextual_50_100km,76.14005456,596.18043056,407.503642711435,8.90002662343549,1,1,1
-76.01,4.12,PER2,contextual_por_proximidad_no_asociacion_directa,82.7894,contextual_50_100km,77.37036354,531.44440354,366.700981170386,10.8432015340669,1,1,1
-75.96,4.12,PER2,contextual_por_proximidad_no_asociacion_directa,80.5664,contextual_50_100km,78.2502966,700.6718086,474.849935930623,20.8110885589506,1,1,1
-75.91,4.12,PER2,contextual_por_proximidad_no_asociacion_directa,78.6718,contextual_50_100km,79.21186153,745.03487753,503.466426824696,10.8870748270433,1,1,1
-75.86,4.12,PER2,contextual_por_proximidad_no_asociacion_directa,77.1298,contextual_50_100km,80.09336755,797.15632755,536.997420238572,8.80691520655099,1,1,1
-75.81,4.12,PER2,contextual_por_proximidad_no_asociacion_directa,75.9618,contextual_50_100km,80.88075878,866.53932678,581.493123067649,28.8821299431845,1,1,1
-75.76,4.12,PER2,contextual_por_proximidad_no_asociacion_directa,75.1854,contextual_50_100km,81.38186795,1095.66365995,727.670251515408,32.1809454710775,1,1,1
-75.71,4.12,PER2,contextual_por_proximidad_no_asociacion_directa,74.8127,contextual_50_100km,81.95384566,1213.66410966,803.066265259603,7.17353767917532,1,1,1
-75.66,4.12,PER2,contextual_por_proximidad_no_asociacion_directa,74.8497,contextual_50_100km,82.68067648,1163.74350848,771.521150337114,10.1114580499063,1,1,1
-75.61,4.12,PER2,contextual_por_proximidad_no_asociacion_directa,75.2959,contextual_50_100km,83.36895246,1091.62687246,725.818995902977,7.02426798935435,1,1,1
-75.56,4.12,PER2,contextual_por_proximidad_no_asociacion_directa,76.144,contextual_50_100km,83.9370586,1055.3604826,702.91659604844,12.59349744204,1,1,1
-75.51,4.12,PER2,contextual_por_proximidad_no_asociacion_directa,77.3808,contextual_50_100km,84.57621457,919.25280657,616.422285058825,16.0064550892245,1,1,1
-75.46,4.12,PER2,contextual_por_proximidad_no_asociacion_directa,78.9881,contextual_50_100km,85.08488044,825.58909644,556.925424711557,17.220831724818,1,1,1
-75.41,4.12,PER2,contextual_por_proximidad_no_asociacion_directa,80.9438,contextual_50_100km,85.5681379,700.4844979,477.385582979725,13.3799414570345,1,1,1
-75.36,4.12,PER2,contextual_por_proximidad_no_asociacion_directa,83.2234,contextual_50_100km,85.80153385,696.84187785,475.14922729357,15.8383690765982,1,1,1
-75.31,4.12,PER2,contextual_por_proximidad_no_asociacion_directa,85.801,contextual_50_100km,86.35709166,425.54552366,302.483956176725,22.1962542434503,1,1,1
-75.26,4.12,PER2,contextual_por_proximidad_no_asociacion_directa,88.6506,contextual_50_100km,86.59667852,319.42920652,234.954816612819,8.79907543998054,1,1,1
-75.21,4.12,PER2,contextual_por_proximidad_no_asociacion_directa,91.7469,contextual_50_100km,86.66220053,280.70988053,210.307091359133,8.30275213993324,1,1,1
-75.16,4.12,PER2,contextual_por_proximidad_no_asociacion_directa,95.0659,contextual_50_100km,86.5919901,283.4787901,212.045934675361,5.45133569469612,1,1,1
-75.11,4.12,PER2,contextual_por_proximidad_no_asociacion_directa,98.5849,contextual_50_100km,86.5385291,226.0627611,175.441722550489,6.00590472464475,1,1,1
-75.06,4.12,PER2,contextual_por_proximidad_no_asociacion_directa,102.2834,regional_100_150km,86.34513399,213.64880599,167.461530880639,1.84124671319413,1,0,1
-75.01,4.12,PER2,contextual_por_proximidad_no_asociacion_directa,106.1426,regional_100_150km,86.08106856,200.46057256,158.962338179768,1.51895501471506,1,0,1
-74.96,4.12,PER2,contextual_por_proximidad_no_asociacion_directa,110.1457,regional_100_150km,85.7427707,189.5187787,151.867617850161,1.2185564307326,1,0,1
-74.06,4.12,VIVI,contextual_por_proximidad_no_asociacion_directa,53.0344,contextual_50_100km,68.23792938,966.93050538,640.874229120726,14.2602893603881,1,1,1
-74.01,4.12,VIVI,contextual_por_proximidad_no_asociacion_directa,47.5169,local_0_50km,66.74331752,1118.30398952,736.785363318486,23.733220761105,1,1,1
-73.96,4.12,VIVI,contextual_por_proximidad_no_asociacion_directa,42.0067,local_0_50km,65.38035694,1109.21368494,730.498630368318,20.5759542229831,1,1,1
-73.91,4.12,VIVI,contextual_por_proximidad_no_asociacion_directa,36.5074,local_0_50km,64.26570631,795.25269831,530.041987806159,32.7362060043757,1,1,1
-73.86,4.12,VIVI,contextual_por_proximidad_no_asociacion_directa,31.0244,local_0_50km,63.04888853,543.89706453,369.439669532421,26.7703479693945,1,1,1
-73.81,4.12,VIVI,contextual_por_proximidad_no_asociacion_directa,25.5685,local_0_50km,61.7337572,360.2116772,251.920364086033,16.4928440606159,1,1,1
-73.76,4.12,VIVI,contextual_por_proximidad_no_asociacion_directa,20.1615,local_0_50km,60.29721679,284.43956879,203.118077329148,14.8798165003894,1,1,1
-73.71,4.12,VIVI,contextual_por_proximidad_no_asociacion_directa,14.8569,local_0_50km,58.72946295,348.56658295,243.410254086644,7.01753732683129,1,1,1
-73.66,4.12,VIVI,contextual_por_proximidad_no_asociacion_directa,9.8224,local_0_50km,57.27497485,242.44731885,175.264606359404,11.7633809387732,1,1,1
-73.61,4.12,VIVI,contextual_por_proximidad_no_asociacion_directa,5.8082,local_0_50km,55.77041614,178.24758414,133.811421662052,4.47419610924015,1,1,1
-73.56,4.12,VIVI,contextual_por_proximidad_no_asociacion_directa,5.7006,local_0_50km,54.21620877,166.80583277,125.956987984537,1.35967096773486,1,1,1
-73.51,4.12,VIVI,contextual_por_proximidad_no_asociacion_directa,9.6315,local_0_50km,52.65261185,156.52737185,118.840382608725,1.25160193692667,1,1,1
-73.46,4.12,VIVI,contextual_por_proximidad_no_asociacion_directa,14.6472,local_0_50km,51.08259694,146.90906894,112.142093600723,1.18089238865628,1,1,1
-73.41,4.12,VIVI,contextual_por_proximidad_no_asociacion_directa,19.9454,local_0_50km,49.50877876,137.91650676,105.841139327319,1.08072381896808,1,1,1
-73.36,4.12,VIVI,contextual_por_proximidad_no_asociacion_directa,25.3497,local_0_50km,47.93341244,130.16914044,100.333047472041,1.02697168689247,1,1,1
-73.31,4.12,VIVI,contextual_por_proximidad_no_asociacion_directa,30.8042,local_0_50km,46.35951037,122.73183837,95.0230561435272,0.938345025441165,1,1,1
-73.26,4.12,VIVI,contextual_por_proximidad_no_asociacion_directa,36.2863,local_0_50km,44.78942655,115.80445855,90.0393665589061,0.848674797993862,1,1,1
-73.21,4.12,VIVI,contextual_por_proximidad_no_asociacion_directa,41.7851,local_0_50km,43.22540004,109.84596804,85.6752394677883,0.754482552928348,1,1,1
-73.16,4.12,VIVI,contextual_por_proximidad_no_asociacion_directa,47.2949,local_0_50km,41.66994506,104.53793706,81.7286873623394,0.694444099451613,1,1,1
-73.11,4.12,VIVI,contextual_por_proximidad_no_asociacion_directa,52.8122,contextual_50_100km,40.12545998,99.58650798,78.0133377868661,0.606364852582845,1,1,1
-73.06,4.12,VIVI,contextual_por_proximidad_no_asociacion_directa,58.3348,contextual_50_100km,38.59395671,95.77136471,75.0267260688133,0.583208821050692,1,1,1
-73.01,4.12,VIVI,contextual_por_proximidad_no_asociacion_directa,63.8614,contextual_50_100km,37.07808839,91.20652839,71.5680913343861,0.490145837166269,1,1,1
-72.96,4.12,VIVI,contextual_por_proximidad_no_asociacion_directa,69.391,contextual_50_100km,35.57919868,89.15215868,69.7152563262111,0.188080211863895,1,1,1
-72.91,4.12,VIVI,contextual_por_proximidad_no_asociacion_directa,74.9229,contextual_50_100km,34.09854549,95.92964149,73.4965899024128,0.633495553714437,1,1,1
-72.86,4.12,VIVI,contextual_por_proximidad_no_asociacion_directa,80.4568,contextual_50_100km,32.64007454,101.75413054,76.6787350840405,0.267857304783384,1,1,1
-72.81,4.12,VIVI,contextual_por_proximidad_no_asociacion_directa,85.9921,contextual_50_100km,31.20584941,102.22088141,76.4557894189061,0.62445063699087,1,1,1
-72.76,4.12,VIVI,contextual_por_proximidad_no_asociacion_directa,91.5287,contextual_50_100km,29.79696414,98.93570814,73.8513555861816,0.674707507756142,1,1,1
-72.71,4.12,VIVI,contextual_por_proximidad_no_asociacion_directa,97.0663,contextual_50_100km,28.41454517,98.30627317,72.9487291314855,0.275727460693893,1,1,1
-72.66,4.12,VIVI,contextual_por_proximidad_no_asociacion_directa,102.6047,regional_100_150km,27.06035461,96.54473061,71.3349786861572,0.287778050545673,1,0,1
-72.61,4.12,VIVI,contextual_por_proximidad_no_asociacion_directa,108.1439,regional_100_150km,25.73580101,95.23252101,70.0182905372278,0.70019046569971,1,0,1
-72.56,4.12,VIVI,contextual_por_proximidad_no_asociacion_directa,113.6837,regional_100_150km,24.44179261,86.61852061,64.0600696523883,0.581568325705167,1,0,1
-72.51,4.12,VIVI,contextual_por_proximidad_no_asociacion_directa,119.224,regional_100_150km,23.18044681,86.61626281,63.600999861585,0.446136224739504,1,0,1
-72.46,4.12,VIVI,contextual_por_proximidad_no_asociacion_directa,124.7648,regional_100_150km,21.95191128,80.43778328,59.2184184522922,0.4611277562058,1,0,1
-72.41,4.12,VIVI,contextual_por_proximidad_no_asociacion_directa,130.306,regional_100_150km,20.75850193,80.18251793,58.6227833836544,0.575065835788824,1,0,1
-72.36,4.12,VIVI,contextual_por_proximidad_no_asociacion_directa,135.8476,regional_100_150km,19.6010221,82.1357261,59.4473972234344,0.732597126296554,1,0,1
-72.31,4.12,VIVI,contextual_por_proximidad_no_asociacion_directa,141.3895,regional_100_150km,18.47849464,75.47074264,54.793282232755,0.874960826833667,1,0,1
-72.26,4.12,VIVI,contextual_por_proximidad_no_asociacion_directa,146.9316,regional_100_150km,17.39316521,69.94157321,50.876390417355,0.282658430439337,1,0,1
-72.21,4.12,VIVI,contextual_por_proximidad_no_asociacion_directa,152.474,no_local_mayor_150km,16.34721981,71.82115581,51.6945569210766,0.352941783717494,1,0,0
-72.16,4.12,VIVI,contextual_por_proximidad_no_asociacion_directa,158.0166,no_local_mayor_150km,15.33935422,71.59096222,51.1822147485216,0.687336742232007,1,0,0
-72.11,4.12,VIVI,contextual_por_proximidad_no_asociacion_directa,163.5594,no_local_mayor_150km,14.36796458,61.63314058,44.4847767291572,0.119415830573166,1,0,0
-72.06,4.12,VIVI,contextual_por_proximidad_no_asociacion_directa,169.1024,no_local_mayor_150km,13.44090495,70.69237695,49.9208670152366,1.45346594180528,1,0,0
-72.01,4.12,VIVI,contextual_por_proximidad_no_asociacion_directa,174.6455,no_local_mayor_150km,12.55543275,85.34800075,58.9379977130661,0.536454053722971,1,0,0
-71.96,4.12,VIVI,contextual_por_proximidad_no_asociacion_directa,180.1888,no_local_mayor_150km,11.70411055,79.71955055,55.0427459487611,0.603079258445795,1,0,0
-71.91,4.12,VIVI,contextual_por_proximidad_no_asociacion_directa,185.7322,no_local_mayor_150km,10.89319545,75.83497945,52.2733335321928,0.491335540373764,1,0,0
-71.86,4.12,VIVI,contextual_por_proximidad_no_asociacion_directa,191.2758,no_local_mayor_150km,10.12227868,72.15087868,49.6461703095417,0.693440593850572,1,0,0
-71.81,4.12,VIVI,contextual_por_proximidad_no_asociacion_directa,196.8195,no_local_mayor_150km,9.39206779,70.95159579,48.6170722788605,0.5057626116891,1,0,0
-76.06,4.07,PER2,contextual_por_proximidad_no_asociacion_directa,90.2286,contextual_50_100km,75.9618443,546.6509083,375.879359071354,9.54977097376473,1,1,1
-76.01,4.07,PER2,contextual_por_proximidad_no_asociacion_directa,87.8441,contextual_50_100km,77.02851476,612.32607476,418.113800434641,23.9301780670241,1,1,1
-75.96,4.07,PER2,contextual_por_proximidad_no_asociacion_directa,85.752,contextual_50_100km,77.82903807,838.51569407,562.529594841915,16.0522821588706,1,1,1
-75.91,4.07,PER2,contextual_por_proximidad_no_asociacion_directa,83.9744,contextual_50_100km,78.87270949,807.50199749,543.146689831683,14.2830608573112,1,1,1
-75.86,4.07,PER2,contextual_por_proximidad_no_asociacion_directa,82.5314,contextual_50_100km,79.81594555,803.58169755,540.990938169884,15.3609344289487,1,1,1
-75.81,4.07,PER2,contextual_por_proximidad_no_asociacion_directa,81.4409,contextual_50_100km,80.34582488,1063.79230488,706.986311671161,28.814689494245,1,1,1
-75.76,4.07,PER2,contextual_por_proximidad_no_asociacion_directa,80.7171,contextual_50_100km,80.93044472,1221.70120472,807.816105405391,7.85883713748972,1,1,1
-75.71,4.07,PER2,contextual_por_proximidad_no_asociacion_directa,80.3701,contextual_50_100km,81.75080422,1146.87753222,760.436980745027,10.8424924612538,1,1,1
-75.66,4.07,PER2,contextual_por_proximidad_no_asociacion_directa,80.4045,contextual_50_100km,82.55701856,1033.03267456,688.188885541707,12.886849868248,1,1,1
-75.61,4.07,PER2,contextual_por_proximidad_no_asociacion_directa,80.8201,contextual_50_100km,83.19060865,995.21470465,664.321595546926,13.2898586198494,1,1,1
-75.56,4.07,PER2,contextual_por_proximidad_no_asociacion_directa,81.6108,contextual_50_100km,83.75946632,952.88816232,637.558010746746,18.7055830237966,1,1,1
-75.51,4.07,PER2,contextual_por_proximidad_no_asociacion_directa,82.7661,contextual_50_100km,84.32994193,859.07641393,577.989247471278,23.7752215671691,1,1,1
-75.46,4.07,PER2,contextual_por_proximidad_no_asociacion_directa,84.2708,contextual_50_100km,84.95804259,676.14923459,461.658090712117,24.4081926223416,1,1,1
-75.41,4.07,PER2,contextual_por_proximidad_no_asociacion_directa,86.1068,contextual_50_100km,85.46258525,530.83410525,369.248059875644,11.4426268043369,1,1,1
-75.36,4.07,PER2,contextual_por_proximidad_no_asociacion_directa,88.2532,contextual_50_100km,85.76138129,477.36243729,335.284951052304,6.84674097130758,1,1,1
-75.31,4.07,PER2,contextual_por_proximidad_no_asociacion_directa,90.6881,contextual_50_100km,85.80827192,545.17788792,378.513168059654,4.55374268901622,1,1,1
-75.26,4.07,PER2,contextual_por_proximidad_no_asociacion_directa,93.3889,contextual_50_100km,86.09343117,400.91480717,286.693895273449,16.5109396840132,1,1,1
-75.21,4.07,PER2,contextual_por_proximidad_no_asociacion_directa,96.3332,contextual_50_100km,86.29734256,262.65607056,198.671042005027,10.7018255750884,1,1,1
-75.16,4.07,PER2,contextual_por_proximidad_no_asociacion_directa,99.4995,contextual_50_100km,86.2854766,220.5511646,171.837987894433,4.78457138562165,1,1,1
-75.11,4.07,PER2,contextual_por_proximidad_no_asociacion_directa,102.8672,regional_100_150km,86.141581,218.160661,170.262580199592,1.3685328639318,1,0,1
-75.06,4.07,PER2,contextual_por_proximidad_no_asociacion_directa,106.4172,regional_100_150km,85.93803283,207.21783283,163.216089598208,1.79494349590322,1,0,1
-75.01,4.07,PER2,contextual_por_proximidad_no_asociacion_directa,110.1319,regional_100_150km,85.66935615,191.92650815,153.375158965342,1.50573682844621,1,0,1
-74.96,4.07,PER2,contextual_por_proximidad_no_asociacion_directa,113.9952,regional_100_150km,85.31858848,184.45325248,148.486026027632,0.91825027755782,1,0,1
-74.16,4.07,VIVI,contextual_por_proximidad_no_asociacion_directa,63.8894,contextual_50_100km,70.08770229,1217.58594229,801.260033808844,8.18576121542361,1,1,1
-74.11,4.07,VIVI,contextual_por_proximidad_no_asociacion_directa,58.3439,contextual_50_100km,68.85436283,1184.03601083,779.43494344613,7.51255912442231,1,1,1
-74.06,4.07,VIVI,contextual_por_proximidad_no_asociacion_directa,52.7984,contextual_50_100km,67.58145524,1153.00171924,759.19843332502,8.64198064714428,1,1,1
-74.01,4.07,VIVI,contextual_por_proximidad_no_asociacion_directa,47.253,local_0_50km,66.29320844,1102.05356044,726.267476868175,6.82201305110722,1,1,1
-73.96,4.07,VIVI,contextual_por_proximidad_no_asociacion_directa,41.7077,local_0_50km,64.96654113,1056.42427713,696.711705665951,21.7466476464704,1,1,1
-73.91,4.07,VIVI,contextual_por_proximidad_no_asociacion_directa,36.1624,local_0_50km,63.75725222,845.09542022,561.616708632955,27.6102402090046,1,1,1
-73.86,4.07,VIVI,contextual_por_proximidad_no_asociacion_directa,30.6174,local_0_50km,62.52864275,609.96035475,411.345666826998,22.5842008879391,1,1,1
-73.81,4.07,VIVI,contextual_por_proximidad_no_asociacion_directa,25.0727,local_0_50km,61.19426103,455.09130103,312.180804691428,18.8399716317858,1,1,1
-73.76,4.07,VIVI,contextual_por_proximidad_no_asociacion_directa,19.5285,local_0_50km,59.83650403,289.89163203,206.424915631944,14.3363979809113,1,1,1
-73.71,4.07,VIVI,contextual_por_proximidad_no_asociacion_directa,13.9855,local_0_50km,58.38030798,215.65521198,158.594020069948,10.0244961823272,1,1,1
-73.66,4.07,VIVI,contextual_por_proximidad_no_asociacion_directa,8.4461,local_0_50km,56.86776542,191.45439742,142.624778442267,3.68905104087321,1,1,1
-73.61,4.07,VIVI,contextual_por_proximidad_no_asociacion_directa,2.9307,local_0_50km,55.3325215,179.8958255,134.702788252976,1.49156634424783,1,1,1
-73.56,4.07,VIVI,contextual_por_proximidad_no_asociacion_directa,2.7113,local_0_50km,53.78725852,167.41377852,126.188735624464,1.42625495117804,1,1,1
-73.51,4.07,VIVI,contextual_por_proximidad_no_asociacion_directa,8.2233,local_0_50km,52.23263487,157.03319487,119.010314459017,1.12817586660383,1,1,1
-73.46,4.07,VIVI,contextual_por_proximidad_no_asociacion_directa,13.7624,local_0_50km,50.67087307,149.78084907,113.822579715491,1.010528404529,1,1,1
-73.41,4.07,VIVI,contextual_por_proximidad_no_asociacion_directa,19.3053,local_0_50km,49.10700814,141.47716014,107.964178500967,1.2908727547565,1,1,1
-73.36,4.07,VIVI,contextual_por_proximidad_no_asociacion_directa,24.8495,local_0_50km,47.54470446,129.36073646,99.6769141556422,1.30238403426395,1,1,1
-73.31,4.07,VIVI,contextual_por_proximidad_no_asociacion_directa,30.3942,local_0_50km,45.98268631,120.91076631,93.7259743082722,0.947653554376321,1,1,1
-73.26,4.07,VIVI,contextual_por_proximidad_no_asociacion_directa,35.9392,local_0_50km,44.42421952,115.00721152,89.3988687414366,0.791446182067356,1,1,1
-73.21,4.07,VIVI,contextual_por_proximidad_no_asociacion_directa,41.4844,local_0_50km,42.87285544,109.09841544,85.0710004335305,0.747509590541158,1,1,1
-73.16,4.07,VIVI,contextual_por_proximidad_no_asociacion_directa,47.0298,local_0_50km,41.33063421,103.93940221,81.2242020398578,0.682163535336664,1,1,1
-73.11,4.07,VIVI,contextual_por_proximidad_no_asociacion_directa,52.5752,contextual_50_100km,39.79998306,99.11290306,77.5934754540194,0.626494811844209,1,1,1
-73.06,4.07,VIVI,contextual_por_proximidad_no_asociacion_directa,58.1206,contextual_50_100km,38.28304014,94.85559214,74.3304023963561,0.420960507376151,1,1,1
-73.01,4.07,VIVI,contextual_por_proximidad_no_asociacion_directa,63.6661,contextual_50_100km,36.78144029,93.61321629,72.9939770188378,0.387371029580034,1,1,1
-72.96,4.07,VIVI,contextual_por_proximidad_no_asociacion_directa,69.2117,contextual_50_100km,35.29836055,90.64885655,70.5670431503711,0.281557607334432,1,1,1
-72.91,4.07,VIVI,contextual_por_proximidad_no_asociacion_directa,74.7573,contextual_50_100km,33.83489604,90.62964004,70.0238364156261,0.117506311204959,1,1,1
-72.86,4.07,VIVI,contextual_por_proximidad_no_asociacion_directa,80.3028,contextual_50_100km,32.39312984,94.26125784,71.8147706056244,0.783427111480116,1,1,1
-72.81,4.07,VIVI,contextual_por_proximidad_no_asociacion_directa,85.8484,contextual_50_100km,30.97491227,105.19938427,78.2698695572505,0.562268277917864,1,1,1
-72.76,4.07,VIVI,contextual_por_proximidad_no_asociacion_directa,91.3941,contextual_50_100km,29.58343099,105.51137499,77.9638205249872,0.594578513636224,1,1,1
-72.71,4.07,VIVI,contextual_por_proximidad_no_asociacion_directa,96.9397,contextual_50_100km,28.21926487,96.58033687,71.7781328987366,0.650040685928322,1,1,1
-72.66,4.07,VIVI,contextual_por_proximidad_no_asociacion_directa,102.4853,regional_100_150km,26.88336395,95.79991595,70.7961772769116,0.29948075109678,1,0,1
-72.61,4.07,VIVI,contextual_por_proximidad_no_asociacion_directa,108.0309,regional_100_150km,25.57752104,94.88908104,69.7420288011694,0.729199793653256,1,0,1
-72.56,4.07,VIVI,contextual_por_proximidad_no_asociacion_directa,113.5766,regional_100_150km,24.30253813,86.40520213,63.873622465965,0.778215810394016,1,0,1
-72.51,4.07,VIVI,contextual_por_proximidad_no_asociacion_directa,119.1222,regional_100_150km,23.06027996,82.97805596,61.2391794564766,0.511808772459779,1,0,1
-72.46,4.07,VIVI,contextual_por_proximidad_no_asociacion_directa,124.6679,regional_100_150km,21.8517052,79.7203772,58.7249398187644,0.414954468638017,1,0,1
-72.41,4.07,VIVI,contextual_por_proximidad_no_asociacion_directa,130.2136,regional_100_150km,20.67809473,78.07769473,57.2524422080833,0.404047202784613,1,0,1
-72.36,4.07,VIVI,contextual_por_proximidad_no_asociacion_directa,135.7592,regional_100_150km,19.5398508,74.0632988,54.2815481786439,0.615762657854817,1,0,1
-72.31,4.07,VIVI,contextual_por_proximidad_no_asociacion_directa,141.3049,regional_100_150km,18.43858711,72.48061911,52.8735318968922,0.141807280075929,1,0,1
-72.26,4.07,VIVI,contextual_por_proximidad_no_asociacion_directa,146.8506,regional_100_150km,17.37514622,72.98486622,52.8090032928528,0.312261730264538,1,0,1
-72.21,4.07,VIVI,contextual_por_proximidad_no_asociacion_directa,152.3962,no_local_mayor_150km,16.3496744,72.7987864,52.3183821456505,0.469056093643509,1,0,0
-72.16,4.07,VIVI,contextual_por_proximidad_no_asociacion_directa,157.9419,no_local_mayor_150km,15.36125317,66.05806117,47.6646607167716,0.818250671459862,1,0,0
-72.11,4.07,VIVI,contextual_por_proximidad_no_asociacion_directa,163.4876,no_local_mayor_150km,14.41254746,62.41836346,45.0012866733905,0.807788187168516,1,0,0
-72.06,4.07,VIVI,contextual_por_proximidad_no_asociacion_directa,169.0333,no_local_mayor_150km,13.50914112,80.19142912,55.9983078031411,1.39347521912102,1,0,0
-72.01,4.07,VIVI,contextual_por_proximidad_no_asociacion_directa,174.579,no_local_mayor_150km,12.64287772,87.25001372,60.1816639904378,0.585901632153871,1,0,0
-71.96,4.07,VIVI,contextual_por_proximidad_no_asociacion_directa,180.1246,no_local_mayor_150km,11.81252802,80.48220002,55.5680323255005,0.931120080826439,1,0,0
-71.91,4.07,VIVI,contextual_por_proximidad_no_asociacion_directa,185.6703,no_local_mayor_150km,11.02215058,74.16171058,51.2539328058916,0.978315055791029,1,0,0
-71.86,4.07,VIVI,contextual_por_proximidad_no_asociacion_directa,191.216,no_local_mayor_150km,10.27117559,66.44871959,46.0668434120983,0.889650519822127,1,0,0
-71.81,4.07,VIVI,contextual_por_proximidad_no_asociacion_directa,196.7617,no_local_mayor_150km,9.56126217,62.70218217,43.4220290287416,0.568696989656968,1,0,0
-75.96,4.02,PER2,contextual_por_proximidad_no_asociacion_directa,90.9819,contextual_50_100km,77.49408568,899.49338968,601.262337919365,18.1863506120919,1,1,1
-75.91,4.02,PER2,contextual_por_proximidad_no_asociacion_directa,89.3083,contextual_50_100km,78.37219549,991.90225949,660.462767417534,21.1767427816965,1,1,1
-75.86,4.02,PER2,contextual_por_proximidad_no_asociacion_directa,87.9527,contextual_50_100km,79.45272574,868.02447774,581.9213364803,14.9748550962639,1,1,1
-75.81,4.02,PER2,contextual_por_proximidad_no_asociacion_directa,86.9302,contextual_50_100km,79.95669076,1141.25677876,756.204577453155,20.0704485545959,1,1,1
-75.76,4.02,PER2,contextual_por_proximidad_no_asociacion_directa,86.2525,contextual_50_100km,80.65591744,1203.97226144,796.419830311625,8.16468032858057,1,1,1
-75.71,4.02,PER2,contextual_por_proximidad_no_asociacion_directa,85.9277,contextual_50_100km,81.36922283,1201.61191083,795.174638385057,11.8041589948693,1,1,1
-75.66,4.02,PER2,contextual_por_proximidad_no_asociacion_directa,85.96,contextual_50_100km,82.28459971,998.30815171,665.963992753786,19.0021400770465,1,1,1
-75.61,4.02,PER2,contextual_por_proximidad_no_asociacion_directa,86.3488,contextual_50_100km,83.02705989,874.57371589,587.391244338304,14.0109090172101,1,1,1
-75.56,4.02,PER2,contextual_por_proximidad_no_asociacion_directa,87.0894,contextual_50_100km,83.68943009,759.51108609,514.315010751846,15.1080622439861,1,1,1
-75.51,4.02,PER2,contextual_por_proximidad_no_asociacion_directa,88.173,contextual_50_100km,84.32889943,611.72629943,420.380296419486,11.7365542582727,1,1,1
-75.46,4.02,PER2,contextual_por_proximidad_no_asociacion_directa,89.5871,contextual_50_100km,84.76631101,556.36883101,385.265869160575,4.6158680453124,1,1,1
-75.41,4.02,PER2,contextual_por_proximidad_no_asociacion_directa,91.3163,contextual_50_100km,84.85646092,691.25546092,471.246744761041,16.7648743877934,1,1,1
-75.36,4.02,PER2,contextual_por_proximidad_no_asociacion_directa,93.3431,contextual_50_100km,85.22890941,578.84078141,399.752566819375,16.1543870148077,1,1,1
-75.31,4.02,PER2,contextual_por_proximidad_no_asociacion_directa,95.6487,contextual_50_100km,85.55806522,446.78053722,315.724759897667,22.5489808063045,1,1,1
-75.26,4.02,PER2,contextual_por_proximidad_no_asociacion_directa,98.2134,contextual_50_100km,85.88024487,270.39835687,203.453007472664,15.543221493337,1,1,1
-75.21,4.02,PER2,contextual_por_proximidad_no_asociacion_directa,101.0174,regional_100_150km,85.92052314,236.30747514,181.745313532578,4.15669791622008,1,0,1
-75.16,4.02,PER2,contextual_por_proximidad_no_asociacion_directa,104.0414,regional_100_150km,85.87069329,213.60640529,167.262380968109,1.97980132208826,1,0,1
-75.11,4.02,PER2,contextual_por_proximidad_no_asociacion_directa,107.2668,regional_100_150km,85.72445544,206.94253544,162.963184952855,1.85416648958515,1,0,1
-75.06,4.02,PER2,contextual_por_proximidad_no_asociacion_directa,110.676,regional_100_150km,85.50995827,197.70457427,156.999043050279,1.53811661174533,1,0,1
-75.01,4.02,PER2,contextual_por_proximidad_no_asociacion_directa,114.2525,regional_100_150km,85.2238908,188.7283308,151.175698026608,1.13683365548337,1,0,1
-74.96,4.02,PER2,contextual_por_proximidad_no_asociacion_directa,117.9812,regional_100_150km,84.86679604,180.32294804,145.690329168606,0.835708009966731,1,0,1
-74.21,4.02,VIVI,contextual_por_proximidad_no_asociacion_directa,69.7006,contextual_50_100km,70.73946596,1294.37549796,850.425899682031,2.4922390625884,1,1,1
-74.16,4.02,VIVI,contextual_por_proximidad_no_asociacion_directa,64.1777,contextual_50_100km,69.54711943,1261.03937543,828.751918564304,4.90840965068673,1,1,1
-74.11,4.02,VIVI,contextual_por_proximidad_no_asociacion_directa,58.6591,contextual_50_100km,68.3284518,1215.4810598,799.280550688869,9.85923384707044,1,1,1
-74.06,4.02,VIVI,contextual_por_proximidad_no_asociacion_directa,53.1462,contextual_50_100km,67.14849328,1092.58926128,720.547244613191,10.8411590938394,1,1,1
-74.01,4.02,VIVI,contextual_por_proximidad_no_asociacion_directa,47.6409,local_0_50km,65.85018602,1052.27157002,694.386246519165,15.7354077688944,1,1,1
-73.96,4.02,VIVI,contextual_por_proximidad_no_asociacion_directa,42.1463,local_0_50km,64.68281267,833.63994867,554.653221659187,35.23679794772,1,1,1
-73.91,4.02,VIVI,contextual_por_proximidad_no_asociacion_directa,36.6671,local_0_50km,63.46480169,624.88226569,421.193381829937,25.1614386805714,1,1,1
-73.86,4.02,VIVI,contextual_por_proximidad_no_asociacion_directa,31.2115,local_0_50km,62.11443539,525.89085939,357.627297561843,19.0931655419185,1,1,1
-73.81,4.02,VIVI,contextual_por_proximidad_no_asociacion_directa,25.7944,local_0_50km,60.83645662,301.75430462,214.346465164033,19.6449849349226,1,1,1
-73.76,4.02,VIVI,contextual_por_proximidad_no_asociacion_directa,20.4465,local_0_50km,59.40955948,223.16506348,163.75263338199,6.90079788049795,1,1,1
-73.71,4.02,VIVI,contextual_por_proximidad_no_asociacion_directa,15.2408,local_0_50km,57.91432148,206.28920148,152.457043348078,2.07783489307235,1,1,1
-73.66,4.02,VIVI,contextual_por_proximidad_no_asociacion_directa,10.3931,local_0_50km,56.40253665,190.87807265,142.088760612632,1.81048404141379,1,1,1
-73.61,4.02,VIVI,contextual_por_proximidad_no_asociacion_directa,6.7279,local_0_50km,54.87717903,176.61370703,132.446257487819,1.6126793795788,1,1,1
-73.56,4.02,VIVI,contextual_por_proximidad_no_asociacion_directa,6.6352,local_0_50km,53.34013012,164.84348212,124.388749640328,1.38237506416977,1,1,1
-73.51,4.02,VIVI,contextual_por_proximidad_no_asociacion_directa,10.2128,local_0_50km,51.79490169,154.43526169,117.196127341669,1.29634748326666,1,1,1
-73.46,4.02,VIVI,contextual_por_proximidad_no_asociacion_directa,15.0363,local_0_50km,50.24454192,144.73786192,110.454569865103,1.28564847019473,1,1,1
-73.41,4.02,VIVI,contextual_por_proximidad_no_asociacion_directa,20.2335,local_0_50km,48.69182316,135.38373516,103.930886028512,1.19694347590153,1,1,1
-73.36,4.02,VIVI,contextual_por_proximidad_no_asociacion_directa,25.5775,local_0_50km,47.13885989,127.22673189,98.1699064357644,1.00320150198903,1,1,1
-73.31,4.02,VIVI,contextual_por_proximidad_no_asociacion_directa,30.9926,local_0_50km,45.58834757,119.96094757,92.9776902700972,0.855881289057938,1,1,1
-73.26,4.02,VIVI,contextual_por_proximidad_no_asociacion_directa,36.447,local_0_50km,44.04253521,114.19348721,88.7418936439672,0.777264438169218,1,1,1
-73.21,4.02,VIVI,contextual_por_proximidad_no_asociacion_directa,41.9254,local_0_50km,42.50447171,108.33502371,84.4509222692728,0.725889438690184,1,1,1
-73.16,4.02,VIVI,contextual_por_proximidad_no_asociacion_directa,47.4195,local_0_50km,40.97611112,103.37503112,80.7359662816583,0.643976099253728,1,1,1
-73.11,4.02,VIVI,contextual_por_proximidad_no_asociacion_directa,52.9244,contextual_50_100km,39.45987641,98.89623641,77.332023314725,0.45844829504043,1,1,1
-73.06,4.02,VIVI,contextual_por_proximidad_no_asociacion_directa,58.4371,contextual_50_100km,37.95740692,97.25798292,75.7430338629489,0.344084945853009,1,1,1
-73.01,4.02,VIVI,contextual_por_proximidad_no_asociacion_directa,63.9555,contextual_50_100km,36.47181992,94.77253192,73.6203453262339,0.46806584371629,1,1,1
-72.96,4.02,VIVI,contextual_por_proximidad_no_asociacion_directa,69.4783,contextual_50_100km,35.00510566,90.94811366,70.6513299117578,0.137714808622364,1,1,1
-72.91,4.02,VIVI,contextual_por_proximidad_no_asociacion_directa,75.0045,contextual_50_100km,33.55759317,96.80824917,73.8601644555266,0.837720373386909,1,1,1
-72.86,4.02,VIVI,contextual_por_proximidad_no_asociacion_directa,80.5333,contextual_50_100km,32.13269541,106.22138341,79.3411327354744,0.57721061425975,1,1,1
-72.81,4.02,VIVI,contextual_por_proximidad_no_asociacion_directa,86.0644,contextual_50_100km,30.73352001,103.93344001,77.3756448583944,0.402584367437395,1,1,1
-72.76,4.02,VIVI,contextual_por_proximidad_no_asociacion_directa,91.5973,contextual_50_100km,29.36022502,100.81964102,74.8933212674461,0.398597008095552,1,1,1
-72.71,4.02,VIVI,contextual_por_proximidad_no_asociacion_directa,97.1316,contextual_50_100km,28.01430918,99.37497318,73.4844818188816,0.558841935671391,1,1,1
-72.66,4.02,VIVI,contextual_por_proximidad_no_asociacion_directa,102.6672,regional_100_150km,26.69726237,92.63891037,68.7145019889078,0.688985551334738,1,0,1
-72.61,4.02,VIVI,contextual_por_proximidad_no_asociacion_directa,108.2039,regional_100_150km,25.41046656,88.90800256,65.8703468669378,0.545906686318582,1,0,1
-72.56,4.02,VIVI,contextual_por_proximidad_no_asociacion_directa,113.7414,regional_100_150km,24.15522437,84.70254437,62.735261871075,0.291223023563173,1,0,1
-72.51,4.02,VIVI,contextual_por_proximidad_no_asociacion_directa,119.2798,regional_100_150km,22.93379724,90.45547724,65.9578145959389,0.247139330430158,1,0,1
-72.46,4.02,VIVI,contextual_por_proximidad_no_asociacion_directa,124.8188,regional_100_150km,21.74524391,84.13181991,61.4972336205877,0.750719900702823,1,0,1
-72.41,4.02,VIVI,contextual_por_proximidad_no_asociacion_directa,130.3583,regional_100_150km,20.59179999,79.54674399,58.1571943029733,0.664982066621858,1,0,1
-72.36,4.02,VIVI,contextual_por_proximidad_no_asociacion_directa,135.8984,regional_100_150km,19.47405941,73.99750741,54.2157567886439,0.425404429540362,1,0,1
-72.31,4.02,VIVI,contextual_por_proximidad_no_asociacion_directa,141.439,regional_100_150km,18.39418958,74.67048558,54.2527810106628,0.404923832906372,1,0,1
-72.26,4.02,VIVI,contextual_por_proximidad_no_asociacion_directa,146.9799,regional_100_150km,17.35197479,75.33174279,54.2959984683994,0.315772652516149,1,0,1
-72.21,4.02,VIVI,contextual_por_proximidad_no_asociacion_directa,152.5212,no_local_mayor_150km,16.34684006,70.78388006,51.03347928115,0.79614144146357,1,0,0
-72.16,4.02,VIVI,contextual_por_proximidad_no_asociacion_directa,158.0629,no_local_mayor_150km,15.37958125,63.18789325,45.8424732462616,0.300949112040691,1,0,0
-72.11,4.02,VIVI,contextual_por_proximidad_no_asociacion_directa,163.6048,no_local_mayor_150km,14.45421129,66.64464329,47.7093384163089,0.91226775422323,1,0,0
-72.06,4.02,VIVI,contextual_por_proximidad_no_asociacion_directa,169.147,no_local_mayor_150km,13.56979477,74.77134677,52.5667011778144,0.457760028534017,1,0,0
-72.01,4.02,VIVI,contextual_por_proximidad_no_asociacion_directa,174.6894,no_local_mayor_150km,12.72311119,75.07265519,52.4515045473761,0.8778690432084,1,0,0
-71.96,4.02,VIVI,contextual_por_proximidad_no_asociacion_directa,180.232,no_local_mayor_150km,11.9151956,71.5243716,49.8974588197128,0.867972475770357,1,0,0
-71.91,4.02,VIVI,contextual_por_proximidad_no_asociacion_directa,185.7748,no_local_mayor_150km,11.14704091,67.54677691,47.0842868513683,0.680841721008053,1,0,0
-71.86,4.02,VIVI,contextual_por_proximidad_no_asociacion_directa,191.3178,no_local_mayor_150km,10.41843256,62.60886456,43.6735596863089,0.169969083176194,1,0,0
-71.81,4.02,VIVI,contextual_por_proximidad_no_asociacion_directa,196.861,no_local_mayor_150km,9.73208979,65.40352979,45.2052741182055,0.474401418417933,1,0,0
-75.91,3.97,PER2,contextual_por_proximidad_no_asociacion_directa,94.6681,contextual_50_100km,77.86633667,1175.56888067,777.309438570223,6.27004617099899,1,1,1
-75.86,3.97,PER2,contextual_por_proximidad_no_asociacion_directa,93.3903,contextual_50_100km,78.97291907,1016.80831907,676.550564155458,18.510965929341,1,1,1
-75.81,3.97,PER2,contextual_por_proximidad_no_asociacion_directa,92.4279,contextual_50_100km,79.63978327,1153.81466327,764.091335429744,4.81123834348745,1,1,1
-75.76,3.97,PER2,contextual_por_proximidad_no_asociacion_directa,91.7908,contextual_50_100km,80.48843313,1093.70864113,726.100387903341,15.4740631499277,1,1,1
-75.71,3.97,PER2,contextual_por_proximidad_no_asociacion_directa,91.4857,contextual_50_100km,81.12723586,1140.85963586,756.376210267194,20.9927275703981,1,1,1
-75.66,3.97,PER2,contextual_por_proximidad_no_asociacion_directa,91.516,contextual_50_100km,81.8354096,1082.5141136,719.456066085656,7.36839590190774,1,1,1
-75.61,3.97,PER2,contextual_por_proximidad_no_asociacion_directa,91.8813,contextual_50_100km,82.44511122,1045.49930322,696.091872842603,13.5610514386485,1,1,1
-75.56,3.97,PER2,contextual_por_proximidad_no_asociacion_directa,92.5777,contextual_50_100km,83.06819394,947.60492194,633.940790568499,11.9981926321171,1,1,1
-75.51,3.97,PER2,contextual_por_proximidad_no_asociacion_directa,93.5978,contextual_50_100km,83.63818758,837.94299558,564.272306148438,15.8528848191484,1,1,1
-75.46,3.97,PER2,contextual_por_proximidad_no_asociacion_directa,94.9312,contextual_50_100km,84.20209757,683.15766557,465.849514415496,4.51657845879103,1,1,1
-75.41,3.97,PER2,contextual_por_proximidad_no_asociacion_directa,96.5649,contextual_50_100km,84.27623281,822.54618481,554.693130437786,3.84956619618635,1,1,1
-75.36,3.97,PER2,contextual_por_proximidad_no_asociacion_directa,98.4839,contextual_50_100km,84.77025256,616.27820456,423.440844755981,31.2946892896192,1,1,1
-75.31,3.97,PER2,contextual_por_proximidad_no_asociacion_directa,100.6719,regional_100_150km,85.34955756,303.35694156,224.261288917082,24.4648923487179,1,0,1
-75.26,3.97,PER2,contextual_por_proximidad_no_asociacion_directa,103.1119,regional_100_150km,85.50778829,231.73481229,178.681921671801,5.77845999109536,1,0,1
-75.21,3.97,PER2,contextual_por_proximidad_no_asociacion_directa,105.7863,regional_100_150km,85.50751607,218.48942807,170.242020453095,2.07586920216099,1,0,1
-75.16,3.97,PER2,contextual_por_proximidad_no_asociacion_directa,108.6779,regional_100_150km,85.38523669,238.77178069,183.121331692723,2.02088656227505,1,0,1
-75.11,3.97,PER2,contextual_por_proximidad_no_asociacion_directa,111.7698,regional_100_150km,85.29019459,190.69561059,152.453281281474,3.14494729538087,1,0,1
-75.06,3.97,PER2,contextual_por_proximidad_no_asociacion_directa,115.0458,regional_100_150km,85.05667557,188.41298757,150.914097383762,0.994390960139871,1,0,1
-75.01,3.97,PER2,contextual_por_proximidad_no_asociacion_directa,118.4908,regional_100_150km,84.75578358,183.80403958,147.868162970138,0.862882489300257,1,0,1
-74.96,3.97,NEV1,contextual_por_proximidad_no_asociacion_directa,120.6335,regional_100_150km,84.38729922,177.70793922,143.8501093134,0.634046169643484,1,0,1
-74.26,3.97,VIVI,contextual_por_proximidad_no_asociacion_directa,75.8811,contextual_50_100km,71.46152088,1245.03028888,819.245685059858,5.43776084886071,1,1,1
-74.21,3.97,VIVI,contextual_por_proximidad_no_asociacion_directa,70.4058,contextual_50_100km,70.27465485,1242.79418285,817.39025568886,10.5106569955689,1,1,1
-74.16,3.97,VIVI,contextual_por_proximidad_no_asociacion_directa,64.9425,contextual_50_100km,69.10192223,1189.55445823,783.041050453257,7.42282192719251,1,1,1
-74.11,3.97,VIVI,contextual_por_proximidad_no_asociacion_directa,59.4945,contextual_50_100km,67.86241297,1163.72570097,766.13356266071,7.47485177845999,1,1,1
-74.06,3.97,VIVI,contextual_por_proximidad_no_asociacion_directa,54.0665,contextual_50_100km,66.66076844,1062.15499244,700.977935476023,8.41892307498885,1,1,1
-74.01,3.97,VIVI,contextual_por_proximidad_no_asociacion_directa,48.6651,local_0_50km,65.36574666,1019.98898666,673.640405201414,26.691260556135,1,1,1
-73.96,3.97,VIVI,contextual_por_proximidad_no_asociacion_directa,43.3003,local_0_50km,64.36189579,619.29875979,417.961114117895,31.5009824144357,1,1,1
-73.91,3.97,VIVI,contextual_por_proximidad_no_asociacion_directa,37.9876,local_0_50km,63.02875324,536.17427324,364.511492774394,6.92585381136741,1,1,1
-73.86,3.97,VIVI,contextual_por_proximidad_no_asociacion_directa,32.7523,local_0_50km,61.59010709,543.99362709,368.971934927311,17.3758200530413,1,1,1
-73.81,3.97,VIVI,contextual_por_proximidad_no_asociacion_directa,27.6385,local_0_50km,60.32986466,301.32177666,213.887065910456,18.9836220864367,1,1,1
-73.76,3.97,VIVI,contextual_por_proximidad_no_asociacion_directa,22.7284,local_0_50km,58.91041327,220.13539727,161.641069702526,5.69517080912056,1,1,1
-73.71,3.97,VIVI,contextual_por_proximidad_no_asociacion_directa,18.1876,local_0_50km,57.42162742,204.15475542,150.918244295694,1.77042487352222,1,1,1
-73.66,3.97,VIVI,contextual_por_proximidad_no_asociacion_directa,14.3707,local_0_50km,55.91607352,191.11990552,142.066359095795,1.66656177352566,1,1,1
-73.61,3.97,VIVI,contextual_por_proximidad_no_asociacion_directa,11.9901,local_0_50km,54.39925918,177.02455518,132.534650114899,1.52969878481002,1,1,1
-73.56,3.97,VIVI,contextual_por_proximidad_no_asociacion_directa,11.9383,local_0_50km,52.87095494,166.31231494,125.154450278406,1.54127881300574,1,1,1
-73.51,3.97,VIVI,contextual_por_proximidad_no_asociacion_directa,14.2409,local_0_50km,51.3379088,152.2501088,115.637971301792,1.54555792993787,1,1,1
-73.46,3.97,VIVI,contextual_por_proximidad_no_asociacion_directa,18.0166,local_0_50km,49.79837682,142.23024882,108.69487443632,1.19734704468591,1,1,1
-73.41,3.97,VIVI,contextual_por_proximidad_no_asociacion_directa,22.5369,local_0_50km,48.25632208,134.20759408,103.023457884278,0.998248025853039,1,1,1
-73.36,3.97,VIVI,contextual_por_proximidad_no_asociacion_directa,27.4362,local_0_50km,46.7149301,127.0743701,97.9190165693166,0.917085559333081,1,1,1
-73.31,3.97,VIVI,contextual_por_proximidad_no_asociacion_directa,32.5437,local_0_50km,45.17702418,120.08041618,92.9045812761311,0.872012597733956,1,1,1
-73.26,3.97,VIVI,contextual_por_proximidad_no_asociacion_directa,37.7751,local_0_50km,43.64478873,113.75870873,88.3205508107555,0.763941183433446,1,1,1
-73.21,3.97,VIVI,contextual_por_proximidad_no_asociacion_directa,43.0853,local_0_50km,42.12043966,108.62991166,84.4994900281533,0.628389780957757,1,1,1
-73.16,3.97,VIVI,contextual_por_proximidad_no_asociacion_directa,48.4484,local_0_50km,40.60639745,104.58534945,81.3730303486894,0.546408675509317,1,1,1
-73.11,3.97,VIVI,contextual_por_proximidad_no_asociacion_directa,53.8485,contextual_50_100km,39.10516482,100.88688482,78.4717474281305,0.566385253702718,1,1,1
-73.06,3.97,VIVI,contextual_por_proximidad_no_asociacion_directa,59.2756,contextual_50_100km,37.61912467,96.54938067,75.1687880808322,0.593829905896672,1,1,1
-73.01,3.97,VIVI,contextual_por_proximidad_no_asociacion_directa,64.7229,contextual_50_100km,36.15008749,92.51279149,72.0637370781566,0.288120358352531,1,1,1
-72.96,3.97,VIVI,contextual_por_proximidad_no_asociacion_directa,70.1856,contextual_50_100km,34.69935891,93.35804691,72.07598239728,0.331463218880803,1,1,1
-72.91,3.97,VIVI,contextual_por_proximidad_no_asociacion_directa,75.6605,contextual_50_100km,33.26970798,96.00191598,73.2419303205633,0.577233426708906,1,1,1
-72.86,3.97,VIVI,contextual_por_proximidad_no_asociacion_directa,81.145,contextual_50_100km,31.86290029,102.95199629,77.1600330053294,0.52729502465485,1,1,1
-72.81,3.97,VIVI,contextual_por_proximidad_no_asociacion_directa,86.6374,contextual_50_100km,30.48158588,105.19981788,78.0911612100728,0.51164883529525,1,1,1
-72.76,3.97,VIVI,contextual_por_proximidad_no_asociacion_directa,92.1362,contextual_50_100km,29.12696721,102.51204721,75.8870738244528,0.602522155500514,1,1,1
-72.71,3.97,VIVI,contextual_por_proximidad_no_asociacion_directa,97.6403,contextual_50_100km,27.80016413,96.91422013,71.8388246740405,0.584798631817732,1,1,1
-72.66,3.97,VIVI,contextual_por_proximidad_no_asociacion_directa,103.1489,regional_100_150km,26.50262785,95.62902785,70.5491538451111,0.350219134116208,1,0,1
-72.61,3.97,VIVI,contextual_por_proximidad_no_asociacion_directa,108.6614,regional_100_150km,25.23582204,93.78205404,68.912671834795,0.407566321036806,1,0,1
-72.56,3.97,VIVI,contextual_por_proximidad_no_asociacion_directa,114.1771,regional_100_150km,24.00101148,91.64613148,67.1036833466444,0.6787430274886,1,0,1
-72.51,3.97,VIVI,contextual_por_proximidad_no_asociacion_directa,119.6956,regional_100_150km,22.79912021,86.96323221,63.6837348747477,0.500449699108305,1,0,1
-72.46,3.97,VIVI,contextual_por_proximidad_no_asociacion_directa,125.2165,regional_100_150km,21.63167307,84.31450507,61.5724336062811,0.527575159344941,1,0,1
-72.41,3.97,VIVI,contextual_por_proximidad_no_asociacion_directa,130.7396,regional_100_150km,20.49920752,79.78743952,58.2769690118783,0.531842128950261,1,0,1
-72.36,3.97,VIVI,contextual_por_proximidad_no_asociacion_directa,136.2645,regional_100_150km,19.40337211,78.27190811,56.9137082654794,0.33516434703632,1,0,1
-72.31,3.97,VIVI,contextual_por_proximidad_no_asociacion_directa,141.7911,regional_100_150km,18.34512342,79.58370742,57.3656261810261,0.250492112378928,1,0,1
-72.26,3.97,VIVI,contextual_por_proximidad_no_asociacion_directa,147.3191,regional_100_150km,17.32346995,75.14276595,54.1652427644822,0.705949625309976,1,0,1
-72.21,3.97,VIVI,contextual_por_proximidad_no_asociacion_directa,152.8485,no_local_mayor_150km,16.33963138,68.93741538,49.8543183916372,0.643342477509972,1,0,0
-72.16,3.97,VIVI,contextual_por_proximidad_no_asociacion_directa,158.379,no_local_mayor_150km,15.39536226,66.27733026,47.81675157283,0.410082950665369,1,0,0
-72.11,3.97,VIVI,contextual_por_proximidad_no_asociacion_directa,163.9105,no_local_mayor_150km,14.49311048,74.21338248,52.5461627593478,0.630291531727869,1,0,0
-72.06,3.97,VIVI,contextual_por_proximidad_no_asociacion_directa,169.443,no_local_mayor_150km,13.62933426,77.33671826,54.2229272351372,0.34370538297685,1,0,0
-72.01,3.97,VIVI,contextual_por_proximidad_no_asociacion_directa,174.9764,no_local_mayor_150km,12.80310519,72.46165719,50.816830213995,0.602740403426354,1,0,0
-71.96,3.97,VIVI,contextual_por_proximidad_no_asociacion_directa,180.5105,no_local_mayor_150km,12.01674264,67.83631064,47.5843123810522,0.349195671107217,1,0,0
-71.91,3.97,VIVI,contextual_por_proximidad_no_asociacion_directa,186.0454,no_local_mayor_150km,11.27150005,67.35029205,47.0042442635339,0.168269253055971,1,0,0
-71.86,3.97,VIVI,contextual_por_proximidad_no_asociacion_directa,191.5809,no_local_mayor_150km,10.56589572,66.22499172,46.031214597135,0.418830326780734,1,0,0
-71.81,3.97,VIVI,contextual_por_proximidad_no_asociacion_directa,197.117,no_local_mayor_150km,9.90130627,69.21422627,47.6947986640194,0.349433015351293,1,0,0
-75.81,3.92,PER2,contextual_por_proximidad_no_asociacion_directa,97.9326,contextual_50_100km,79.30399813,1172.11831813,775.632381406283,14.832310277334,1,1,1
-75.76,3.92,PER2,contextual_por_proximidad_no_asociacion_directa,97.3315,contextual_50_100km,80.36958968,934.95705368,624.902632745631,19.6825307211224,1,1,1
-75.71,3.92,PER2,contextual_por_proximidad_no_asociacion_directa,97.0438,contextual_50_100km,81.19289338,836.31240538,562.346131719095,16.2351689401368,1,1,1
-75.66,3.92,PER2,contextual_por_proximidad_no_asociacion_directa,97.0724,contextual_50_100km,81.48230477,1085.07419277,720.959207708307,25.0231386227467,1,1,1
-75.61,3.92,PER2,contextual_por_proximidad_no_asociacion_directa,97.4169,contextual_50_100km,82.05106161,1069.10198961,710.988260113763,25.5014649691502,1,1,1
-75.56,3.92,PER2,contextual_por_proximidad_no_asociacion_directa,98.074,contextual_50_100km,82.9843098,736.3769178,499.318365866646,25.9993232301223,1,1,1
-75.51,3.92,PER2,contextual_por_proximidad_no_asociacion_directa,99.0376,contextual_50_100km,83.45575609,690.49664409,470.25504338671,19.9183458797293,1,1,1
-75.46,3.92,PER2,contextual_por_proximidad_no_asociacion_directa,100.2988,regional_100_150km,83.8699492,634.0667172,434.448834316802,1.31842472066641,1,0,1
-75.41,3.92,PER2,contextual_por_proximidad_no_asociacion_directa,101.8465,regional_100_150km,84.05828898,685.97641698,467.59341408243,18.2255345859253,1,0,1
-75.36,3.92,PER2,contextual_por_proximidad_no_asociacion_directa,103.6679,regional_100_150km,84.62968793,417.43627193,296.690114243248,28.1371928395226,1,0,1
-75.31,3.92,PER2,contextual_por_proximidad_no_asociacion_directa,105.7489,regional_100_150km,84.96429715,265.71748915,200.138097176145,12.2502773600889,1,0,1
-75.26,3.92,PER2,contextual_por_proximidad_no_asociacion_directa,108.0744,regional_100_150km,85.07778814,217.12155614,169.214518241733,4.0036298724203,1,0,1
-75.21,3.92,NEV1,contextual_por_proximidad_no_asociacion_directa,109.6591,regional_100_150km,85.07069482,201.32648682,159.147513002492,1.64345185649378,1,0,1
-75.16,3.92,NEV1,contextual_por_proximidad_no_asociacion_directa,110.2643,regional_100_150km,84.9802945,192.8174785,153.692875052373,2.96943907161003,1,0,1
-75.11,3.92,NEV1,contextual_por_proximidad_no_asociacion_directa,111.1436,regional_100_150km,84.81417872,186.81265072,149.806400916001,0.618177225290109,1,0,1
-75.06,3.92,NEV1,contextual_por_proximidad_no_asociacion_directa,112.2906,regional_100_150km,84.57434778,182.49929978,146.970971122717,0.48641431564703,1,0,1
-75.01,3.92,NEV1,contextual_por_proximidad_no_asociacion_directa,113.6973,regional_100_150km,84.2627729,179.1757889,144.740226181502,0.50334947540188,1,0,1
-74.96,3.92,NEV1,contextual_por_proximidad_no_asociacion_directa,115.3541,regional_100_150km,83.88052454,176.85553254,143.123102003424,0.283253235283426,1,0,1
-74.91,3.92,NEV1,contextual_por_proximidad_no_asociacion_directa,117.2504,regional_100_150km,83.42916734,175.29321534,141.963854207074,0.408233051245169,1,0,1
-74.31,3.92,VIVI,contextual_por_proximidad_no_asociacion_directa,82.3476,contextual_50_100km,72.0634942,1245.9655502,820.060025558762,9.62218660970901,1,1,1
-74.26,3.92,VIVI,contextual_por_proximidad_no_asociacion_directa,76.9324,contextual_50_100km,70.93313748,1229.26940948,809.011335038792,8.17778968404062,1,1,1
-74.21,3.92,VIVI,contextual_por_proximidad_no_asociacion_directa,71.5373,contextual_50_100km,69.8576989,1120.9616429,739.608723008876,13.1037608355161,1,1,1
-74.16,3.92,VIVI,contextual_por_proximidad_no_asociacion_directa,66.1672,contextual_50_100km,68.58740458,1160.63639658,764.428129889909,4.59665439819858,1,1,1
-74.11,3.92,VIVI,contextual_por_proximidad_no_asociacion_directa,60.8286,contextual_50_100km,67.28421062,1200.59919462,789.419138858776,5.75577849471097,1,1,1
-74.06,3.92,VIVI,contextual_por_proximidad_no_asociacion_directa,55.5308,contextual_50_100km,66.0747949,1109.7476509,731.090817464401,20.6805966130473,1,1,1
-74.01,3.92,VIVI,contextual_por_proximidad_no_asociacion_directa,50.2866,contextual_50_100km,64.9184572,921.0365772,610.42681619838,38.3609301640886,1,1,1
-73.96,3.92,VIVI,contextual_por_proximidad_no_asociacion_directa,45.1147,local_0_50km,63.85508096,581.36493696,393.606251641971,23.0456968222339,1,1,1
-73.91,3.92,VIVI,contextual_por_proximidad_no_asociacion_directa,40.0431,local_0_50km,62.4948946,532.7395746,362.129253132814,14.8513290980342,1,1,1
-73.86,3.92,VIVI,contextual_por_proximidad_no_asociacion_directa,35.1153,local_0_50km,61.22674585,338.57173785,237.947700503242,18.8650257049892,1,1,1
-73.81,3.92,VIVI,contextual_por_proximidad_no_asociacion_directa,30.4014,local_0_50km,59.84087833,250.74083833,181.480079136142,7.51102563468516,1,1,1
-73.76,3.92,VIVI,contextual_por_proximidad_no_asociacion_directa,26.0177,local_0_50km,58.38588884,222.83265684,163.169428001941,2.64213139494283,1,1,1
-73.71,3.92,VIVI,contextual_por_proximidad_no_asociacion_directa,22.1612,local_0_50km,56.90473728,207.15590528,152.643007710802,1.85489735733291,1,1,1
-73.66,3.92,VIVI,contextual_por_proximidad_no_asociacion_directa,19.153,local_0_50km,55.40825815,193.43886615,143.359732020952,1.91981056581598,1,1,1
-73.61,3.92,VIVI,contextual_por_proximidad_no_asociacion_directa,17.4379,local_0_50km,53.90234156,176.76217356,132.187176065239,1.96748275989936,1,1,1
-73.56,3.92,VIVI,contextual_por_proximidad_no_asociacion_directa,17.4023,local_0_50km,52.38641328,161.89003728,122.160829726898,1.93320291166665,1,1,1
-73.51,3.92,VIVI,contextual_por_proximidad_no_asociacion_directa,19.0558,local_0_50km,50.86383018,147.72719818,112.584024730649,1.49244211255664,1,1,1
-73.46,3.92,VIVI,contextual_por_proximidad_no_asociacion_directa,22.0211,local_0_50km,49.33482526,138.92757726,106.422269130092,1.04959853426764,1,1,1
-73.41,3.92,VIVI,contextual_por_proximidad_no_asociacion_directa,25.8506,local_0_50km,47.80409063,132.12595463,101.532986892965,0.854694707882539,1,1,1
-73.36,3.92,VIVI,contextual_por_proximidad_no_asociacion_directa,30.2175,local_0_50km,46.27457823,126.68339423,97.5101265035989,0.874636693661888,1,1,1
-73.31,3.92,VIVI,contextual_por_proximidad_no_asociacion_directa,34.9209,local_0_50km,44.75026156,118.99942156,92.0609497493916,0.870536156661718,1,1,1
-73.26,3.92,VIVI,contextual_por_proximidad_no_asociacion_directa,39.8416,local_0_50km,43.23171984,113.33329584,87.899616469685,0.697958364624968,1,1,1
-73.21,3.92,VIVI,contextual_por_proximidad_no_asociacion_directa,44.9084,local_0_50km,41.72181102,108.63863502,84.3604212734816,0.632851685257831,1,1,1
-73.16,3.92,VIVI,contextual_por_proximidad_no_asociacion_directa,50.0769,contextual_50_100km,40.22301187,104.44884387,81.1469537901005,0.743867369848178,1,1,1
-73.11,3.92,VIVI,contextual_por_proximidad_no_asociacion_directa,55.3186,contextual_50_100km,38.73824139,97.96475339,76.4766756265255,0.635831590946894,1,1,1
-73.06,3.92,VIVI,contextual_por_proximidad_no_asociacion_directa,60.6145,contextual_50_100km,37.26805148,95.39594748,74.3064605712461,0.348155801462333,1,1,1
-73.01,3.92,VIVI,contextual_por_proximidad_no_asociacion_directa,65.9516,contextual_50_100km,35.81538412,93.94328012,72.8537932112461,0.437167625227185,1,1,1
-72.96,3.92,VIVI,contextual_por_proximidad_no_asociacion_directa,71.3206,contextual_50_100km,34.38185855,96.76843455,74.1338482605878,0.796094230185492,1,1,1
-72.91,3.92,VIVI,contextual_por_proximidad_no_asociacion_directa,76.7148,contextual_50_100km,32.9698463,103.2195503,77.7321283425316,0.25956044867398,1,1,1
-72.86,3.92,VIVI,contextual_por_proximidad_no_asociacion_directa,82.1293,contextual_50_100km,31.58240972,101.43710572,76.0929973282739,0.711448191513092,1,1,1
-72.81,3.92,VIVI,contextual_por_proximidad_no_asociacion_directa,87.5603,contextual_50_100km,30.22027913,95.54472713,71.84424619538,0.846250465481651,1,1,1
-72.76,3.92,VIVI,contextual_por_proximidad_no_asociacion_directa,93.0048,contextual_50_100km,28.88450485,97.46776885,72.5849509980066,0.798024938747681,1,1,1
-72.71,3.92,VIVI,contextual_por_proximidad_no_asociacion_directa,98.4608,contextual_50_100km,27.57716352,93.87678752,69.8225012199539,0.870169189458948,1,1,1
-72.66,3.92,VIVI,contextual_por_proximidad_no_asociacion_directa,103.9262,regional_100_150km,26.2993919,88.8711279,66.1693633766461,0.697983064521579,1,0,1
-72.61,3.92,VIVI,contextual_por_proximidad_no_asociacion_directa,109.3998,regional_100_150km,25.05318007,93.68582007,68.7850880222889,0.590642901184744,1,0,1
-72.56,3.92,VIVI,contextual_por_proximidad_no_asociacion_directa,114.8804,regional_100_150km,23.83918233,93.36059033,68.1374027593689,0.487791580390965,1,0,1
-72.51,3.92,VIVI,contextual_por_proximidad_no_asociacion_directa,120.367,regional_100_150km,22.65845082,90.36529082,65.8004499419972,0.40748677438062,1,0,1
-72.46,3.92,VIVI,contextual_por_proximidad_no_asociacion_directa,125.8588,regional_100_150km,21.51228147,87.71315347,63.6946955613894,0.366296659172195,1,0,1
-72.41,3.92,VIVI,contextual_por_proximidad_no_asociacion_directa,131.3552,regional_100_150km,20.40165512,85.30640712,61.7581968489811,0.534276782021414,1,0,1
-72.36,3.92,VIVI,contextual_por_proximidad_no_asociacion_directa,136.8556,regional_100_150km,19.32684151,79.73837751,57.8203590492989,0.672150459261914,1,0,1
-72.31,3.92,VIVI,contextual_por_proximidad_no_asociacion_directa,142.3595,regional_100_150km,18.2892878,75.2691918,54.5962099416844,0.584010566245191,1,0,1
-72.26,3.92,VIVI,contextual_por_proximidad_no_asociacion_directa,147.8667,regional_100_150km,17.28976812,72.02306412,52.1651781668433,0.826915827924528,1,0,1
-72.21,3.92,VIVI,contextual_por_proximidad_no_asociacion_directa,153.3766,no_local_mayor_150km,16.32792069,65.74095269,47.8133213254339,0.246842429520414,1,0,0
-72.16,3.92,VIVI,contextual_por_proximidad_no_asociacion_directa,158.8891,no_local_mayor_150km,15.40723338,68.91847338,49.5039637708583,0.348800851978673,1,0,0
-72.11,3.92,VIVI,contextual_por_proximidad_no_asociacion_directa,164.4038,no_local_mayor_150km,14.52567318,70.92540918,50.4629191213683,0.611281489916805,1,0,0
-72.06,3.92,VIVI,contextual_por_proximidad_no_asociacion_directa,169.9206,no_local_mayor_150km,13.68576352,80.03476352,55.9625630242361,0.201901665290038,1,0,0
-72.01,3.92,VIVI,contextual_por_proximidad_no_asociacion_directa,175.4392,no_local_mayor_150km,12.88146459,74.05832859,51.8626400956733,0.535575462271857,1,0,0
-71.96,3.92,VIVI,contextual_por_proximidad_no_asociacion_directa,180.9595,no_local_mayor_150km,12.11818716,72.36925116,50.5094538353816,0.566634640282788,1,0,0
-71.91,3.92,VIVI,contextual_por_proximidad_no_asociacion_directa,186.4814,no_local_mayor_150km,11.39320744,65.79321544,46.0562503079383,0.203709492876295,1,0,0
-71.86,3.92,VIVI,contextual_por_proximidad_no_asociacion_directa,192.0046,no_local_mayor_150km,10.71118999,69.65378999,48.2687188519027,0.398497902485572,1,0,0
-71.81,3.92,VIVI,contextual_por_proximidad_no_asociacion_directa,197.5292,no_local_mayor_150km,10.06708252,68.30607452,47.1762806708811,0.212183815656298,1,0,0
-75.71,3.87,PER2,contextual_por_proximidad_no_asociacion_directa,102.6021,regional_100_150km,80.75274813,902.24594813,604.198516875472,25.7070188221048,1,0,1
-75.66,3.87,PER2,contextual_por_proximidad_no_asociacion_directa,102.6291,regional_100_150km,81.61172405,715.13049205,485.282403893052,18.3382447594131,1,0,1
-75.61,3.87,PER2,contextual_por_proximidad_no_asociacion_directa,102.9551,regional_100_150km,82.07601269,771.20450069,521.180549605905,23.8546127211828,1,0,1
-75.56,3.87,PER2,contextual_por_proximidad_no_asociacion_directa,103.5771,regional_100_150km,82.64005181,700.39553181,476.266550635953,17.3222974905068,1,0,1
-75.51,3.87,PER2,contextual_por_proximidad_no_asociacion_directa,104.4901,regional_100_150km,83.30403176,506.67854376,353.073272577914,18.1830983127363,1,0,1
-75.46,3.87,NEV1,contextual_por_proximidad_no_asociacion_directa,105.3543,regional_100_150km,83.34935375,706.21524975,480.232149319162,5.61748036959724,1,0,1
-75.41,3.87,NEV1,contextual_por_proximidad_no_asociacion_directa,104.5209,regional_100_150km,83.7599927,591.2094887,407.100820759468,26.2111679327028,1,0,1
-75.36,3.87,NEV1,contextual_por_proximidad_no_asociacion_directa,103.9774,regional_100_150km,84.25554313,366.27891113,263.957503738983,22.1816307299187,1,0,1
-75.31,3.87,NEV1,contextual_por_proximidad_no_asociacion_directa,103.7285,regional_100_150km,84.55247233,231.69295233,178.308649091022,9.71651541829533,1,0,1
-75.26,3.87,NEV1,contextual_por_proximidad_no_asociacion_directa,103.7762,regional_100_150km,84.6214012,205.9135452,161.907323419279,1.60230013662007,1,0,1
-75.21,3.87,NEV1,contextual_por_proximidad_no_asociacion_directa,104.1201,regional_100_150km,84.58306136,204.13470136,160.759954978331,0.953229441912823,1,0,1
-75.16,3.87,NEV1,contextual_por_proximidad_no_asociacion_directa,104.7573,regional_100_150km,84.49047837,189.71073437,151.535583295416,0.90017608361064,1,0,1
-75.11,3.87,NEV1,contextual_por_proximidad_no_asociacion_directa,105.6825,regional_100_150km,84.30618232,189.30424632,151.209709126146,0.230761673924016,1,0,1
-75.06,3.87,NEV1,contextual_por_proximidad_no_asociacion_directa,106.8882,regional_100_150km,84.05504471,186.13992471,149.102325063494,0.698320950752025,1,0,1
-75.01,3.87,NEV1,contextual_por_proximidad_no_asociacion_directa,108.3651,regional_100_150km,83.74105033,178.04921033,143.833096509044,0.631230504570854,1,0,1
-74.96,3.87,NEV1,contextual_por_proximidad_no_asociacion_directa,110.1023,regional_100_150km,83.3497301,176.0161381,142.395671286661,0.32457047174952,1,0,1
-74.91,3.87,NEV1,contextual_por_proximidad_no_asociacion_directa,112.0876,regional_100_150km,82.89233795,172.95416195,140.278668960773,4.80046182747411,1,0,1
-74.86,3.87,NEV1,contextual_por_proximidad_no_asociacion_directa,114.3081,regional_100_150km,82.24584782,259.20943182,195.004954367484,6.07945290133969,1,0,1
-74.81,3.87,NEV1,contextual_por_proximidad_no_asociacion_directa,116.7504,regional_100_150km,81.70623446,221.30453046,170.656620616913,4.70360506647998,1,0,1
-74.36,3.87,VIVI,contextual_por_proximidad_no_asociacion_directa,89.038,contextual_50_100km,72.74771439,1114.59365839,736.599650195959,9.93991222055814,1,1,1
-74.31,3.87,VIVI,contextual_por_proximidad_no_asociacion_directa,83.6879,contextual_50_100km,71.50112917,1239.53978517,815.761571270248,3.94526571810118,1,1,1
-74.26,3.87,VIVI,contextual_por_proximidad_no_asociacion_directa,78.365,contextual_50_100km,70.41548985,1180.62250585,777.826293684696,12.3804341673092,1,1,1
-74.21,3.87,VIVI,contextual_por_proximidad_no_asociacion_directa,73.0754,contextual_50_100km,69.3854519,1026.1935799,679.052295280902,0.527818776648725,1,1,1
-74.16,3.87,VIVI,contextual_por_proximidad_no_asociacion_directa,67.8268,contextual_50_100km,68.00638843,1174.26332443,772.900247922118,17.243219886488,1,1,1
-74.11,3.87,VIVI,contextual_por_proximidad_no_asociacion_directa,62.6296,contextual_50_100km,66.83734255,1078.93424655,711.73354127592,29.7949291835795,1,1,1
-74.06,3.87,VIVI,contextual_por_proximidad_no_asociacion_directa,57.4977,contextual_50_100km,65.76534175,838.56146175,558.18190602213,39.1793319598224,1,1,1
-74.01,3.87,VIVI,contextual_por_proximidad_no_asociacion_directa,52.4502,contextual_50_100km,64.63193814,615.77919414,415.816462989235,27.7798513530437,1,1,1
-73.96,3.87,VIVI,contextual_por_proximidad_no_asociacion_directa,47.514,local_0_50km,63.33693635,529.69325635,360.493677795589,8.95818950797186,1,1,1
-73.91,3.87,VIVI,contextual_por_proximidad_no_asociacion_directa,42.7279,local_0_50km,61.86451063,619.20845463,416.997491916654,10.9844566144637,1,1,1
-73.86,3.87,VIVI,contextual_por_proximidad_no_asociacion_directa,38.1482,local_0_50km,60.63784279,380.29806679,264.321563713107,21.8190051346275,1,1,1
-73.81,3.87,VIVI,contextual_por_proximidad_no_asociacion_directa,33.8588,local_0_50km,59.29516189,245.01064189,177.630873246508,9.83792739219751,1,1,1
-73.76,3.87,VIVI,contextual_por_proximidad_no_asociacion_directa,29.9847,local_0_50km,57.84996314,213.37201914,156.946781177929,3.14287170438138,1,1,1
-73.71,3.87,VIVI,contextual_por_proximidad_no_asociacion_directa,26.7071,local_0_50km,56.37760475,196.38325275,145.587550792241,2.17735559142759,1,1,1
-73.66,3.87,VIVI,contextual_por_proximidad_no_asociacion_directa,24.269,local_0_50km,54.88965764,182.77349764,136.375730730955,1.94668127255065,1,1,1
-73.61,3.87,VIVI,contextual_por_proximidad_no_asociacion_directa,22.9395,local_0_50km,53.39069583,169.90571183,127.632688484974,1.95990958803003,1,1,1
-73.56,3.87,VIVI,contextual_por_proximidad_no_asociacion_directa,22.9125,local_0_50km,51.88583285,153.45226485,116.602764258531,1.65856492290911,1,1,1
-73.51,3.87,VIVI,contextual_por_proximidad_no_asociacion_directa,24.1923,local_0_50km,50.37103682,144.98779682,110.659719275808,1.07594800198293,1,1,1
-73.46,3.87,VIVI,contextual_por_proximidad_no_asociacion_directa,26.591,local_0_50km,48.85335253,137.18701653,105.138520390896,0.990969575743013,1,1,1
-73.41,3.87,VIVI,contextual_por_proximidad_no_asociacion_directa,29.8398,local_0_50km,47.33545054,129.78102654,99.8687982402405,0.830234010182401,1,1,1
-73.36,3.87,VIVI,contextual_por_proximidad_no_asociacion_directa,33.6939,local_0_50km,45.81908165,124.51208165,95.9613322247916,0.678611712474153,1,1,1
-73.31,3.87,VIVI,contextual_por_proximidad_no_asociacion_directa,37.9692,local_0_50km,44.30749904,119.72933904,92.3654050810944,0.747294056812671,1,1,1
-73.26,3.87,VIVI,contextual_por_proximidad_no_asociacion_directa,42.5391,local_0_50km,42.80377267,113.43614067,87.8098836957189,0.900722259060238,1,1,1
-73.21,3.87,VIVI,contextual_por_proximidad_no_asociacion_directa,47.3182,local_0_50km,41.30984036,106.20224836,82.6585166379105,0.797510103566469,1,1,1
-73.16,3.87,VIVI,contextual_por_proximidad_no_asociacion_directa,52.2491,contextual_50_100km,39.82693191,101.33708391,79.0204745945783,0.578377372953975,1,1,1
-73.11,3.87,VIVI,contextual_por_proximidad_no_asociacion_directa,57.2927,contextual_50_100km,38.35747926,98.75667126,76.8431313482283,0.276336490797646,1,1,1
-73.06,3.87,VIVI,contextual_por_proximidad_no_asociacion_directa,62.4217,contextual_50_100km,36.903701,99.006365,76.474785335965,0.159599261615403,1,1,1
-73.01,3.87,VIVI,contextual_por_proximidad_no_asociacion_directa,67.6166,contextual_50_100km,35.46815729,100.50869329,76.9112189807572,0.476386879805887,1,1,1
-72.96,3.87,VIVI,contextual_por_proximidad_no_asociacion_directa,72.8633,contextual_50_100km,34.05263993,105.26517593,79.428427156035,0.557086650727747,1,1,1
-72.91,3.87,VIVI,contextual_por_proximidad_no_asociacion_directa,78.1514,contextual_50_100km,32.66065951,99.65154751,75.346462469905,0.693250656507946,1,1,1
-72.86,3.87,VIVI,contextual_por_proximidad_no_asociacion_directa,83.4731,contextual_50_100km,31.2922259,95.0613299,71.92514613049,0.541373406116067,1,1,1
-72.81,3.87,VIVI,contextual_por_proximidad_no_asociacion_directa,88.8222,contextual_50_100km,29.94912023,91.84193623,69.3864918977655,0.424269781952686,1,1,1
-72.76,3.87,VIVI,contextual_por_proximidad_no_asociacion_directa,94.1942,contextual_50_100km,28.63308005,89.26680805,67.2681757085689,0.624887683567305,1,1,1
-72.71,3.87,VIVI,contextual_por_proximidad_no_asociacion_directa,99.5853,contextual_50_100km,27.34564763,85.88089563,64.6436166065744,0.42326755371301,1,1,1
-72.66,3.87,VIVI,contextual_por_proximidad_no_asociacion_directa,104.9925,regional_100_150km,26.08828346,83.82117146,62.8749981169883,0.188594111182438,1,0,1
-72.61,3.87,VIVI,contextual_por_proximidad_no_asociacion_directa,110.4136,regional_100_150km,24.86250668,84.18777068,62.66386452509,0.454577270261113,1,0,1
-72.56,3.87,VIVI,contextual_por_proximidad_no_asociacion_directa,115.8466,regional_100_150km,23.66951294,84.75996894,62.5956302881794,0.81482430426799,1,0,1
-72.51,3.87,VIVI,contextual_por_proximidad_no_asociacion_directa,121.2898,regional_100_150km,22.510496,85.946312,62.931049051585,0.758459597980807,1,0,1
-72.46,3.87,VIVI,contextual_por_proximidad_no_asociacion_directa,126.7419,regional_100_150km,21.38599101,84.05647901,61.3188860952105,0.664575374644732,1,0,1
-72.41,3.87,VIVI,contextual_por_proximidad_no_asociacion_directa,132.2019,regional_100_150km,20.29670162,78.91835762,57.6497287540683,0.621732557719543,1,0,1
-72.36,3.87,VIVI,contextual_por_proximidad_no_asociacion_directa,137.6688,regional_100_150km,19.24415288,75.23653688,54.92183893604,0.337126533122847,1,0,1
-72.31,3.87,VIVI,contextual_por_proximidad_no_asociacion_directa,143.1418,regional_100_150km,18.22953736,74.74036936,54.2375723610033,0.665688560689317,1,0,1
-72.26,3.87,VIVI,contextual_por_proximidad_no_asociacion_directa,148.6203,regional_100_150km,17.25101401,65.52839801,48.0127931469428,0.557773923168144,1,0,1
-72.21,3.87,VIVI,contextual_por_proximidad_no_asociacion_directa,154.1036,no_local_mayor_150km,16.31358266,67.99791066,49.2462262924161,0.446984803657771,1,0,0
-72.16,3.87,VIVI,contextual_por_proximidad_no_asociacion_directa,159.5913,no_local_mayor_150km,15.41531965,70.67940765,50.6289440928772,0.613265263515078,1,0,0
-72.11,3.87,VIVI,contextual_por_proximidad_no_asociacion_directa,165.0829,no_local_mayor_150km,14.55756486,77.31446086,54.5455181027044,0.760410262292503,1,0,0
-72.06,3.87,VIVI,contextual_por_proximidad_no_asociacion_directa,170.578,no_local_mayor_150km,13.73848145,80.01341745,55.9680882478127,0.23365681141529,1,0,0
-72.01,3.87,VIVI,contextual_por_proximidad_no_asociacion_directa,176.0764,no_local_mayor_150km,12.95725047,76.01040247,53.1339745383978,0.545156465733153,1,0,0
-71.96,3.87,VIVI,contextual_por_proximidad_no_asociacion_directa,181.5777,no_local_mayor_150km,12.21555742,71.42972542,49.946126205455,0.632630556420278,1,0,0
-71.91,3.87,VIVI,contextual_por_proximidad_no_asociacion_directa,187.0816,no_local_mayor_150km,11.5135365,66.8516885,46.7743536493005,0.352765307236226,1,0,0
-71.86,3.87,VIVI,contextual_por_proximidad_no_asociacion_directa,192.588,no_local_mayor_150km,10.85439602,72.77190002,50.3074985899066,0.331006855522337,1,0,0
-71.81,3.87,VIVI,contextual_por_proximidad_no_asociacion_directa,198.0966,no_local_mayor_150km,10.23203243,70.37200043,48.5525100457466,0.364493646722749,1,0,0
-75.66,3.82,NEV1,contextual_por_proximidad_no_asociacion_directa,106.2684,regional_100_150km,81.12537255,793.94199655,535.323710070301,12.3329627229516,1,0,1
-75.61,3.82,NEV1,contextual_por_proximidad_no_asociacion_directa,104.2671,regional_100_150km,81.83846664,654.08161864,446.465047368814,13.1950505406732,1,0,1
-75.56,3.82,NEV1,contextual_por_proximidad_no_asociacion_directa,102.5275,regional_100_150km,82.37769728,592.17255328,407.212961042874,22.5323400284452,1,0,1
-75.51,3.82,NEV1,contextual_por_proximidad_no_asociacion_directa,101.0632,regional_100_150km,83.06139895,374.15760695,268.544466095841,10.9029708403613,1,0,1
-75.46,3.82,NEV1,contextual_por_proximidad_no_asociacion_directa,99.8861,contextual_50_100km,82.94521208,682.85126808,465.198268657929,22.2450491860483,1,1,1
-75.41,3.82,NEV1,contextual_por_proximidad_no_asociacion_directa,99.0066,contextual_50_100km,83.60086952,382.41207752,273.999843584938,30.2120974240547,1,1,1
-75.36,3.82,NEV1,contextual_por_proximidad_no_asociacion_directa,98.4327,contextual_50_100km,83.91243631,278.68841231,208.021388752296,12.5232809290095,1,1,1
-75.31,3.82,NEV1,contextual_por_proximidad_no_asociacion_directa,98.1697,contextual_50_100km,84.0977873,213.3147793,166.433329106576,3.29257005752135,1,1,1
-75.26,3.82,NEV1,contextual_por_proximidad_no_asociacion_directa,98.2201,contextual_50_100km,84.10624649,221.50731049,171.656582356354,1.06145177515187,1,1,1
-75.21,3.82,NEV1,contextual_por_proximidad_no_asociacion_directa,98.5834,contextual_50_100km,84.08583791,198.93441391,157.265994670449,1.4234036678359,1,1,1
-75.16,3.82,NEV1,contextual_por_proximidad_no_asociacion_directa,99.2562,contextual_50_100km,83.96312788,197.81183988,156.506183103734,0.745427313061957,1,1,1
-75.11,3.82,NEV1,contextual_por_proximidad_no_asociacion_directa,100.2323,regional_100_150km,83.7841141,186.1899381,149.035896181329,1.08401521985932,1,0,1
-75.06,3.82,NEV1,contextual_por_proximidad_no_asociacion_directa,101.5028,regional_100_150km,83.52779535,179.50239535,144.681677423569,0.623857062681706,1,0,1
-75.01,3.82,NEV1,contextual_por_proximidad_no_asociacion_directa,103.057,regional_100_150km,83.19664785,176.73947985,142.80103606267,0.195431252489905,1,0,1
-74.96,3.82,NEV1,contextual_por_proximidad_no_asociacion_directa,104.8822,regional_100_150km,82.7935587,176.6943667,142.626044993716,0.583902844417515,1,0,1
-74.91,3.82,NEV1,contextual_por_proximidad_no_asociacion_directa,106.9645,regional_100_150km,82.30934008,187.02349208,149.031961511523,6.02427124519145,1,0,1
-74.86,3.82,NEV1,contextual_por_proximidad_no_asociacion_directa,109.2893,regional_100_150km,81.64842461,279.44868061,207.684412564582,4.19902303127105,1,0,1
-74.81,3.82,NEV1,contextual_por_proximidad_no_asociacion_directa,111.8414,regional_100_150km,81.1176812,229.3444332,175.566017655231,3.71475802125296,1,0,1
-74.76,3.82,NEV1,contextual_por_proximidad_no_asociacion_directa,114.6056,regional_100_150km,80.30974321,340.32375921,245.987604560182,14.6361051184728,1,0,1
-74.41,3.82,VIVI,contextual_por_proximidad_no_asociacion_directa,95.9055,contextual_50_100km,73.17812823,1151.48824823,760.26460649838,4.7617287415342,1,1,1
-74.36,3.82,VIVI,contextual_por_proximidad_no_asociacion_directa,90.6211,contextual_50_100km,72.03798468,1218.80792868,802.746254585681,7.83574244267905,1,1,1
-74.31,3.82,VIVI,contextual_por_proximidad_no_asociacion_directa,85.3698,contextual_50_100km,70.8769317,1269.0966677,834.368401667757,4.23248622313073,1,1,1
-74.26,3.82,VIVI,contextual_por_proximidad_no_asociacion_directa,80.1584,contextual_50_100km,69.78272431,1218.83630831,801.946102663734,9.18778920907452,1,1,1
-74.21,3.82,VIVI,contextual_por_proximidad_no_asociacion_directa,74.9951,contextual_50_100km,68.69936319,1116.69261919,736.468293629096,20.4437464957904,1,1,1
-74.16,3.82,VIVI,contextual_por_proximidad_no_asociacion_directa,69.8905,contextual_50_100km,67.72011851,865.31533451,575.938373982876,28.4579276103885,1,1,1
-74.11,3.82,VIVI,contextual_por_proximidad_no_asociacion_directa,64.8586,contextual_50_100km,66.50665455,807.55400655,538.693278668661,16.7189459386786,1,1,1
-74.06,3.82,VIVI,contextual_por_proximidad_no_asociacion_directa,59.9175,contextual_50_100km,65.3845982,611.8781662,413.603847995635,16.9748124554424,1,1,1
-74.01,3.82,VIVI,contextual_por_proximidad_no_asociacion_directa,55.0919,contextual_50_100km,64.1002827,551.2685867,374.518174650545,13.5737012737859,1,1,1
-73.96,3.82,VIVI,contextual_por_proximidad_no_asociacion_directa,50.4148,contextual_50_100km,62.84011645,425.96356445,294.218090592533,7.87047414435579,1,1,1
-73.91,3.82,VIVI,contextual_por_proximidad_no_asociacion_directa,45.9316,local_0_50km,61.45209009,416.51490609,287.69392468346,12.5589873353978,1,1,1
-73.86,3.82,VIVI,contextual_por_proximidad_no_asociacion_directa,41.7049,local_0_50km,60.13167772,291.77918172,207.734732510045,13.607346355355,1,1,1
-73.81,3.82,VIVI,contextual_por_proximidad_no_asociacion_directa,37.8209,local_0_50km,58.74062239,223.94037439,164.003954067245,5.43134730232775,1,1,1
-73.76,3.82,VIVI,contextual_por_proximidad_no_asociacion_directa,34.3958,local_0_50km,57.29529549,202.27557549,149.675018313675,2.18488784049529,1,1,1
-73.71,3.82,VIVI,contextual_por_proximidad_no_asociacion_directa,31.5792,local_0_50km,55.82938768,188.07065968,140.091964998862,1.6512232212009,1,1,1
-73.66,3.82,VIVI,contextual_por_proximidad_no_asociacion_directa,29.5457,local_0_50km,54.35010263,175.34599063,131.447254023586,1.67959496833624,1,1,1
-73.61,3.82,VIVI,contextual_por_proximidad_no_asociacion_directa,28.4637,local_0_50km,52.86060141,163.38877741,123.287850295754,1.60406981804074,1,1,1
-73.56,3.82,VIVI,contextual_por_proximidad_no_asociacion_directa,28.4419,local_0_50km,51.36388959,151.53544959,115.192025027558,1.27416167311903,1,1,1
-73.51,3.82,VIVI,contextual_por_proximidad_no_asociacion_directa,29.4828,local_0_50km,49.8606996,143.2924356,109.394298753035,0.986153090350432,1,1,1
-73.46,3.82,VIVI,contextual_por_proximidad_no_asociacion_directa,31.481,local_0_50km,48.35497435,136.49113435,104.514294993767,0.749434627387105,1,1,1
-73.41,3.82,VIVI,contextual_por_proximidad_no_asociacion_directa,34.2695,local_0_50km,46.8488155,132.3186715,101.309198712527,0.641885328955981,1,1,1
-73.36,3.82,VIVI,contextual_por_proximidad_no_asociacion_directa,37.6733,local_0_50km,45.34637363,127.18709363,97.4943142277833,0.716052010531583,1,1,1
-73.31,3.82,VIVI,contextual_por_proximidad_no_asociacion_directa,41.5413,local_0_50km,43.84970919,121.64159719,93.4177818366411,0.665576712123168,1,1,1
-73.26,3.82,VIVI,contextual_por_proximidad_no_asociacion_directa,45.756,local_0_50km,42.36055112,117.33800712,90.1353009225544,0.88365677156473,1,1,1
-73.21,3.82,VIVI,contextual_por_proximidad_no_asociacion_directa,50.2302,contextual_50_100km,40.88311814,107.99744614,83.6475756106105,1.05447850183029,1,1,1
-73.16,3.82,VIVI,contextual_por_proximidad_no_asociacion_directa,54.9005,contextual_50_100km,39.41726125,100.71756525,78.4770912663789,0.783160193666818,1,1,1
-73.11,3.82,VIVI,contextual_por_proximidad_no_asociacion_directa,59.7209,contextual_50_100km,37.96411764,101.06664564,78.17230351268,0.326270521280564,1,1,1
-73.06,3.82,VIVI,contextual_por_proximidad_no_asociacion_directa,64.6578,contextual_50_100km,36.52848111,98.59411311,76.0759690927533,0.419885443903809,1,1,1
-73.01,3.82,VIVI,contextual_por_proximidad_no_asociacion_directa,69.6865,contextual_50_100km,35.11084932,101.21296932,77.230339802825,0.419561190183314,1,1,1
-72.96,3.82,VIVI,contextual_por_proximidad_no_asociacion_directa,74.7884,contextual_50_100km,33.71391926,106.53117526,80.1122151252072,0.192618597217038,1,1,1
-72.91,3.82,VIVI,contextual_por_proximidad_no_asociacion_directa,79.9496,contextual_50_100km,32.34051068,106.04653468,79.3051190222872,0.414409637410484,1,1,1
-72.86,3.82,VIVI,contextual_por_proximidad_no_asociacion_directa,85.1593,contextual_50_100km,30.99175137,100.89582337,75.5338007825561,0.727417573691534,1,1,1
-72.81,3.82,VIVI,contextual_por_proximidad_no_asociacion_directa,90.409,contextual_50_100km,29.66877935,94.96853935,71.2770155132389,0.722741652108442,1,1,1
-72.76,3.82,VIVI,contextual_por_proximidad_no_asociacion_directa,95.6922,contextual_50_100km,28.37311708,89.84623708,67.5430634113666,0.533832039943193,1,1,1
-72.71,3.82,VIVI,contextual_por_proximidad_no_asociacion_directa,101.0037,regional_100_150km,27.10651371,91.60391371,68.2034955536528,0.396848964245432,1,0,1
-72.66,3.82,VIVI,contextual_por_proximidad_no_asociacion_directa,106.3392,regional_100_150km,25.87023424,88.08399424,65.5121076356,0.514153029333929,1,0,1
-72.61,3.82,VIVI,contextual_por_proximidad_no_asociacion_directa,111.6952,regional_100_150km,24.66571496,86.00305096,63.7491413295905,0.601806491956792,1,0,1
-72.56,3.82,VIVI,contextual_por_proximidad_no_asociacion_directa,117.069,regional_100_150km,23.49363233,79.37492033,59.100529326405,0.570026247247415,1,0,1
-72.51,3.82,VIVI,contextual_por_proximidad_no_asociacion_directa,122.4582,regional_100_150km,22.35598464,77.48428864,57.4830891211011,0.261652298640827,1,0,1
-72.46,3.82,VIVI,contextual_por_proximidad_no_asociacion_directa,127.8609,regional_100_150km,21.25403232,79.81396832,58.5677321987155,0.603963896004637,1,0,1
-72.41,3.82,VIVI,contextual_por_proximidad_no_asociacion_directa,133.2754,regional_100_150km,20.1881025,81.4637185,59.2322016142378,0.407911422902937,1,0,1
-72.36,3.82,VIVI,contextual_por_proximidad_no_asociacion_directa,138.7003,regional_100_150km,19.15799812,77.47105412,56.3143889773044,0.64966842916902,1,0,1
-72.31,3.82,VIVI,contextual_por_proximidad_no_asociacion_directa,144.1345,regional_100_150km,18.16484617,71.34279817,52.0492093819533,0.810307463718797,1,0,1
-72.26,3.82,VIVI,contextual_por_proximidad_no_asociacion_directa,149.5769,regional_100_150km,17.20990393,66.36371193,48.5301300929522,0.310642571006459,1,0,1
-72.21,3.82,VIVI,contextual_por_proximidad_no_asociacion_directa,155.0267,no_local_mayor_150km,16.2961398,72.3625878,52.0210185624633,0.531618276011409,1,0,0
-72.16,3.82,VIVI,contextual_por_proximidad_no_asociacion_directa,160.4831,no_local_mayor_150km,15.42091008,75.57322208,53.7492531468172,0.580098012254449,1,0,0
-72.11,3.82,VIVI,contextual_por_proximidad_no_asociacion_directa,165.9455,no_local_mayor_150km,14.58577263,81.11993263,56.9805539002944,0.0806264003362378,1,0,0
-72.06,3.82,VIVI,contextual_por_proximidad_no_asociacion_directa,171.4133,no_local_mayor_150km,13.78750375,76.56908775,53.7911878948455,0.475046739849775,1,0,0
-72.01,3.82,VIVI,contextual_por_proximidad_no_asociacion_directa,176.8861,no_local_mayor_150km,13.02952046,74.39154446,52.1286777317317,0.663359373526127,1,0,0
-71.96,3.82,VIVI,contextual_por_proximidad_no_asociacion_directa,182.3632,no_local_mayor_150km,12.3098385,67.6726785,47.5863865514416,0.227104937016439,1,0,0
-71.91,3.82,VIVI,contextual_por_proximidad_no_asociacion_directa,187.8445,no_local_mayor_150km,11.63303131,71.77299931,49.9535089257466,0.723215857830585,1,0,0
-71.86,3.82,VIVI,contextual_por_proximidad_no_asociacion_directa,193.3295,no_local_mayor_150km,10.99532843,74.52989643,51.4788050901494,0.177088526039592,1,0,0
-71.81,3.82,VIVI,contextual_por_proximidad_no_asociacion_directa,198.8178,no_local_mayor_150km,10.39492263,71.23849863,49.1637309567683,NaN,1,0,0
-75.66,3.77,NEV1,contextual_por_proximidad_no_asociacion_directa,101.1562,regional_100_150km,80.69410738,822.18584338,553.163887737201,21.7565466690345,1,0,1
-75.61,3.77,NEV1,contextual_por_proximidad_no_asociacion_directa,99.0516,contextual_50_100km,81.41768951,661.63506551,451.125351630393,23.1591308184712,1,1,1
-75.56,3.77,NEV1,contextual_por_proximidad_no_asociacion_directa,97.2186,contextual_50_100km,82.17656312,426.00633912,301.260837239254,21.6692611740559,1,1,1
-75.51,3.77,NEV1,contextual_por_proximidad_no_asociacion_directa,95.6729,contextual_50_100km,82.66405952,340.59193952,247.012659639258,6.32162330718073,1,1,1
-75.46,3.77,NEV1,contextual_por_proximidad_no_asociacion_directa,94.4286,contextual_50_100km,82.99201934,319.15742734,233.473829221869,21.119526416114,1,1,1
-75.41,3.77,NEV1,contextual_por_proximidad_no_asociacion_directa,93.4978,contextual_50_100km,83.3056439,255.7142919,193.162399002449,7.23635189514687,1,1,1
-75.36,3.77,NEV1,contextual_por_proximidad_no_asociacion_directa,92.8898,contextual_50_100km,83.49517711,229.38891311,176.456943312896,1.22401561447162,1,1,1
-75.31,3.77,NEV1,contextual_por_proximidad_no_asociacion_directa,92.611,contextual_50_100km,83.56731683,234.97882083,180.044939661434,2.56077513637688,1,1,1
-75.26,3.77,NEV1,contextual_por_proximidad_no_asociacion_directa,92.6645,contextual_50_100km,83.59853904,218.03704304,169.261166649421,2.21965913498366,1,1,1
-75.21,3.77,NEV1,contextual_por_proximidad_no_asociacion_directa,93.0495,contextual_50_100km,83.5621239,198.0033479,156.482720775121,2.53273013911327,1,1,1
-75.16,3.77,NEV1,contextual_por_proximidad_no_asociacion_directa,93.762,contextual_50_100km,83.43601594,191.01397594,151.983422019892,1.34376109100688,1,1,1
-75.11,3.77,NEV1,contextual_por_proximidad_no_asociacion_directa,94.7947,contextual_50_100km,83.23535741,186.82620541,149.242222794102,0.570484280078248,1,1,1
-75.06,3.77,NEV1,contextual_por_proximidad_no_asociacion_directa,96.1373,contextual_50_100km,82.9656981,182.1127061,146.141001098702,0.429048048947336,1,1,1
-75.01,3.77,NEV1,contextual_por_proximidad_no_asociacion_directa,97.7769,contextual_50_100km,82.62408739,179.73433539,144.501590962061,0.585220752232546,1,1,1
-74.96,3.77,NEV1,contextual_por_proximidad_no_asociacion_directa,99.6989,contextual_50_100km,82.21952194,173.99716194,140.699150649581,0.91602704484681,1,1,1
-74.91,3.77,NEV1,contextual_por_proximidad_no_asociacion_directa,101.8873,regional_100_150km,81.71075762,196.13963762,154.62348904405,2.28113957738727,1,0,1
-74.86,3.77,NEV1,contextual_por_proximidad_no_asociacion_directa,104.3254,regional_100_150km,81.16252864,199.82540064,156.773109781251,4.05963827174878,1,0,1
-74.81,3.77,NEV1,contextual_por_proximidad_no_asociacion_directa,106.9961,regional_100_150km,80.49566546,245.34978546,185.538764507269,7.7961567279559,1,0,1
-74.76,3.77,NEV1,contextual_por_proximidad_no_asociacion_directa,109.8825,regional_100_150km,79.71701475,330.55943875,239.550845954759,18.7875156448709,1,0,1
-74.71,3.77,NEV1,contextual_por_proximidad_no_asociacion_directa,112.9679,regional_100_150km,78.71465311,546.58928511,376.838845037267,15.9282368855529,1,0,1
-74.46,3.77,VIVI,contextual_por_proximidad_no_asociacion_directa,102.9147,regional_100_150km,73.45452436,1265.13194036,832.777305260362,12.7731152041539,1,0,1
-74.41,3.77,VIVI,contextual_por_proximidad_no_asociacion_directa,97.6942,contextual_50_100km,72.47974387,1225.58215987,807.222990174876,6.47656537539793,1,1,1
-74.36,3.77,VIVI,contextual_por_proximidad_no_asociacion_directa,92.5116,contextual_50_100km,71.45815892,1186.02260692,781.645466982602,4.2723914166608,1,1,1
-74.31,3.77,VIVI,contextual_por_proximidad_no_asociacion_directa,87.3738,contextual_50_100km,70.37073333,1166.49324533,768.807057493192,20.4336659704919,1,1,1
-74.26,3.77,VIVI,contextual_por_proximidad_no_asociacion_directa,82.2891,contextual_50_100km,69.25056308,1138.56190708,750.603127517945,12.6888433233955,1,1,1
-74.21,3.77,VIVI,contextual_por_proximidad_no_asociacion_directa,77.2679,contextual_50_100km,68.16748381,1033.48062781,683.253622978515,20.7658352890808,1,1,1
-74.16,3.77,VIVI,contextual_por_proximidad_no_asociacion_directa,72.3236,contextual_50_100km,67.1766209,789.3129649,527.31337397857,8.88966425226452,1,1,1
-74.11,3.77,VIVI,contextual_por_proximidad_no_asociacion_directa,67.4731,contextual_50_100km,65.76817746,940.26651346,622.988193102437,11.3199830124112,1,1,1
-74.06,3.77,VIVI,contextual_por_proximidad_no_asociacion_directa,62.738,contextual_50_100km,64.43687163,982.57124763,649.461256806851,34.7390333617282,1,1,1
-74.01,3.77,VIVI,contextual_por_proximidad_no_asociacion_directa,58.1466,contextual_50_100km,63.30879014,759.76961414,507.085404991815,33.6479516266679,1,1,1
-73.96,3.77,VIVI,contextual_por_proximidad_no_asociacion_directa,53.7358,contextual_50_100km,62.15316287,521.09073887,354.582768222185,22.5346086457927,1,1,1
-73.91,3.77,VIVI,contextual_por_proximidad_no_asociacion_directa,49.5537,local_0_50km,60.82498733,448.69815533,307.973190868997,16.3399572808351,1,1,1
-73.86,3.77,VIVI,contextual_por_proximidad_no_asociacion_directa,45.6633,local_0_50km,59.56999412,246.00142612,178.361901638601,14.1434896132109,1,1,1
-73.81,3.77,VIVI,contextual_por_proximidad_no_asociacion_directa,42.1455,local_0_50km,58.15252282,221.48833082,162.228171385591,2.45287149189388,1,1,1
-73.76,3.77,VIVI,contextual_por_proximidad_no_asociacion_directa,39.1008,local_0_50km,56.70943831,208.60235831,153.493813733186,1.60628565646755,1,1,1
-73.71,3.77,VIVI,contextual_por_proximidad_no_asociacion_directa,36.6475,local_0_50km,55.25241352,195.38150152,144.541014072947,2.2696893179448,1,1,1
-73.66,3.77,VIVI,contextual_por_proximidad_no_asociacion_directa,34.9104,local_0_50km,53.79063937,170.94754337,128.441635480643,2.17677148852235,1,1,1
-73.61,3.77,VIVI,contextual_por_proximidad_no_asociacion_directa,33.9995,local_0_50km,52.31159233,159.34641633,120.512918562787,1.29100794897871,1,1,1
-73.56,3.77,VIVI,contextual_por_proximidad_no_asociacion_directa,33.9813,local_0_50km,50.82474234,150.37910234,114.259605224031,1.09190333879191,1,1,1
-73.51,3.77,VIVI,contextual_por_proximidad_no_asociacion_directa,34.8571,local_0_50km,49.33387109,142.09903109,108.442735885225,0.991177448187495,1,1,1
-73.46,3.77,VIVI,contextual_por_proximidad_no_asociacion_directa,36.5629,local_0_50km,47.84135383,134.90358583,103.316380230628,0.885347883526158,1,1,1
-73.41,3.77,VIVI,contextual_por_proximidad_no_asociacion_directa,38.9898,local_0_50km,46.34979574,128.69661974,98.8202198316761,0.79722994532366,1,1,1
-73.36,3.77,VIVI,contextual_por_proximidad_no_asociacion_directa,42.013,local_0_50km,44.86148701,124.04824701,95.3183556276139,0.702123226672985,1,1,1
-73.31,3.77,VIVI,contextual_por_proximidad_no_asociacion_directa,45.5139,local_0_50km,43.37922859,120.15890859,92.3023342488555,0.772103559707786,1,1,1
-73.26,3.77,VIVI,contextual_por_proximidad_no_asociacion_directa,49.391,local_0_50km,41.90640146,113.81020146,87.7226539459861,0.92634918452926,1,1,1
-73.21,3.77,VIVI,contextual_por_proximidad_no_asociacion_directa,53.5627,contextual_50_100km,40.44444098,106.95391298,82.8234913481533,0.201627206281414,1,1,1
-73.16,3.77,VIVI,contextual_por_proximidad_no_asociacion_directa,57.9653,contextual_50_100km,38.99240172,112.37748172,85.7525083344527,0.425273512215848,1,1,1
-73.11,3.77,VIVI,contextual_por_proximidad_no_asociacion_directa,62.5502,contextual_50_100km,37.55915172,103.45142372,79.5449295346255,0.465372545320834,1,1,1
-73.06,3.77,VIVI,contextual_por_proximidad_no_asociacion_directa,67.2801,contextual_50_100km,36.14071369,106.60026569,81.0367084007311,0.569505793699214,1,1,1
-73.01,3.77,VIVI,contextual_por_proximidad_no_asociacion_directa,72.1265,contextual_50_100km,34.74266638,104.52329838,79.2060612818505,0.492897193440246,1,1,1
-72.96,3.77,VIVI,contextual_por_proximidad_no_asociacion_directa,77.0673,contextual_50_100km,33.36555972,104.89903972,78.9458486738694,0.397934646868646,1,1,1
-72.91,3.77,VIVI,contextual_por_proximidad_no_asociacion_directa,82.0856,contextual_50_100km,32.01199002,100.31134202,75.5315307933839,0.741928433933833,1,1,1
-72.86,3.77,VIVI,contextual_por_proximidad_no_asociacion_directa,87.168,contextual_50_100km,30.68297766,96.18024166,72.4170610403678,0.57046247639422,1,1,1
-72.81,3.77,VIVI,contextual_por_proximidad_no_asociacion_directa,92.3039,contextual_50_100km,29.38021076,92.32226676,69.4861457687628,0.243019420828018,1,1,1
-72.76,3.77,VIVI,contextual_por_proximidad_no_asociacion_directa,97.4848,contextual_50_100km,28.10537726,97.50334526,72.3249431786633,0.255540911933295,1,1,1
-72.71,3.77,VIVI,contextual_por_proximidad_no_asociacion_directa,102.7039,regional_100_150km,26.85990851,92.28310851,68.5467991839444,0.546671287513955,1,0,1
-72.66,3.77,VIVI,contextual_por_proximidad_no_asociacion_directa,107.9557,regional_100_150km,25.64518507,89.63648107,66.41968341976,0.371669433262589,1,0,1
-72.61,3.77,VIVI,contextual_por_proximidad_no_asociacion_directa,113.2356,regional_100_150km,24.46246909,87.21936509,64.4504223327044,0.284224095002907,1,0,1
-72.56,3.77,VIVI,contextual_por_proximidad_no_asociacion_directa,118.5399,regional_100_150km,23.31306889,86.03293289,63.2774257794928,0.405015710919808,1,0,1
-72.51,3.77,VIVI,contextual_por_proximidad_no_asociacion_directa,123.8654,regional_100_150km,22.19754007,81.64624407,60.0775524257955,0.762926598596797,1,0,1
-72.46,3.77,VIVI,contextual_por_proximidad_no_asociacion_directa,129.2096,regional_100_150km,21.11665415,74.06007015,54.8515737916128,0.640170945296426,1,0,1
-72.41,3.77,VIVI,contextual_por_proximidad_no_asociacion_directa,134.5701,regional_100_150km,20.07282388,72.89279988,53.7290890109072,0.367643685786158,1,0,1
-72.36,3.77,VIVI,contextual_por_proximidad_no_asociacion_directa,139.9451,regional_100_150km,19.06663636,75.21949236,54.8465732799572,0.425611166836982,1,0,1
-72.31,3.77,VIVI,contextual_por_proximidad_no_asociacion_directa,145.3331,regional_100_150km,18.09611534,67.83009134,49.7860177032683,0.309253073299718,1,0,1
-72.26,3.77,VIVI,contextual_por_proximidad_no_asociacion_directa,150.7326,no_local_mayor_150km,17.16603238,70.98587238,51.4593990476222,0.238807505261785,1,0,0
-72.21,3.77,VIVI,contextual_por_proximidad_no_asociacion_directa,156.1423,no_local_mayor_150km,16.2743095,72.2790375,51.9598610071105,0.327362886974216,1,0,0
-72.16,3.77,VIVI,contextual_por_proximidad_no_asociacion_directa,161.5614,no_local_mayor_150km,15.42262596,77.08090596,54.710554057425,0.323357218937852,1,0,0
-72.11,3.77,VIVI,contextual_por_proximidad_no_asociacion_directa,166.9889,no_local_mayor_150km,14.60955827,78.68726227,55.4391147772539,0.12858400058208,1,0,0
-72.06,3.77,VIVI,contextual_por_proximidad_no_asociacion_directa,172.4239,no_local_mayor_150km,13.83507149,76.78947149,53.9488719498333,0.604369941871789,1,0,0
-72.01,3.77,VIVI,contextual_por_proximidad_no_asociacion_directa,177.8659,no_local_mayor_150km,13.09866298,69.76996698,49.2089488449205,0.25030631468503,1,0,0
-71.96,3.77,VIVI,contextual_por_proximidad_no_asociacion_directa,183.3141,no_local_mayor_150km,12.40491555,73.29786755,51.2051856810505,0.842330490068019,1,0,0
-71.91,3.77,VIVI,contextual_por_proximidad_no_asociacion_directa,188.7681,no_local_mayor_150km,11.75099695,77.71733295,53.7839674710489,0.469754620386571,1,0,0
-71.86,3.77,VIVI,contextual_por_proximidad_no_asociacion_directa,194.2273,no_local_mayor_150km,11.13432161,75.43421761,52.1054562365239,NaN,1,0,0
-71.81,3.77,VIVI,contextual_por_proximidad_no_asociacion_directa,199.6913,no_local_mayor_150km,10.55816131,77.95640131,53.5035241552333,NaN,1,0,0
-75.71,3.72,NEV1,contextual_por_proximidad_no_asociacion_directa,98.5749,contextual_50_100km,79.55299005,954.43399005,637.016834675625,28.3175245056239,1,1,1
-75.66,3.72,NEV1,contextual_por_proximidad_no_asociacion_directa,96.0937,contextual_50_100km,80.51484627,648.16603027,442.215479200568,21.8052069439037,1,1,1
-75.61,3.72,NEV1,contextual_por_proximidad_no_asociacion_directa,93.8755,contextual_50_100km,81.09885286,582.04306086,400.294588205285,17.424520563732,1,1,1
-75.56,3.72,NEV1,contextual_por_proximidad_no_asociacion_directa,91.9393,contextual_50_100km,81.77556556,394.90581356,281.298462866783,13.8327000062048,1,1,1
-75.51,3.72,NEV1,contextual_por_proximidad_no_asociacion_directa,90.3032,contextual_50_100km,82.19496135,347.80080935,251.435872035144,4.14758397382095,1,1,1
-75.46,3.72,NEV1,contextual_por_proximidad_no_asociacion_directa,88.9838,contextual_50_100km,82.50907222,325.25383222,237.183167522475,3.97614761030538,1,1,1
-75.41,3.72,NEV1,contextual_por_proximidad_no_asociacion_directa,87.9954,contextual_50_100km,82.76216487,294.48645287,217.670381632169,2.99120321690488,1,1,1
-75.36,3.72,NEV1,contextual_por_proximidad_no_asociacion_directa,87.349,contextual_50_100km,82.92884556,274.00162156,204.678162681129,2.16008164211829,1,1,1
-75.31,3.72,NEV1,contextual_por_proximidad_no_asociacion_directa,87.0525,contextual_50_100km,83.01845791,257.05651391,193.913452553763,2.46054863122957,1,1,1
-75.26,3.72,NEV1,contextual_por_proximidad_no_asociacion_directa,87.1093,contextual_50_100km,83.0461663,232.9270143,178.548473198685,4.62876266143325,1,1,1
-75.21,3.72,NEV1,contextual_por_proximidad_no_asociacion_directa,87.5188,contextual_50_100km,82.96714159,234.27989359,179.38184081287,8.96631869648412,1,1,1
-75.16,3.72,NEV1,contextual_por_proximidad_no_asociacion_directa,88.2761,contextual_50_100km,82.84054824,218.88377224,169.525684488593,3.32451927996521,1,1,1
-75.11,3.72,NEV1,contextual_por_proximidad_no_asociacion_directa,89.3723,contextual_50_100km,82.67201665,183.07811265,146.649595657899,2.26681748605029,1,1,1
-75.06,3.72,NEV1,contextual_por_proximidad_no_asociacion_directa,90.7951,contextual_50_100km,82.38927392,179.86984192,144.502741024177,0.198318454483015,1,1,1
-75.01,3.72,NEV1,contextual_por_proximidad_no_asociacion_directa,92.5295,contextual_50_100km,82.02992952,182.91744152,146.314261119651,0.2126351703254,1,1,1
-74.96,3.72,NEV1,contextual_por_proximidad_no_asociacion_directa,94.5583,contextual_50_100km,81.6162004,176.7884404,142.258828153983,2.85617843043841,1,1,1
-74.91,3.72,NEV1,contextual_por_proximidad_no_asociacion_directa,96.8631,contextual_50_100km,81.07297008,218.33825008,168.536785984578,6.58064702063526,1,1,1
-74.86,3.72,NEV1,contextual_por_proximidad_no_asociacion_directa,99.4246,contextual_50_100km,80.50786944,228.84571744,175.026994954866,10.1149379203634,1,1,1
-74.81,3.72,NEV1,contextual_por_proximidad_no_asociacion_directa,102.2236,regional_100_150km,79.84320933,267.95342533,199.704818194196,14.4731856022972,1,0,1
-74.76,3.72,NEV1,contextual_por_proximidad_no_asociacion_directa,105.241,regional_100_150km,78.91184532,468.64895732,327.24773197065,18.2620250671113,1,0,1
-74.71,3.72,NEV1,contextual_por_proximidad_no_asociacion_directa,108.4588,regional_100_150km,78.05115367,573.18133767,393.542261561054,17.6325850192142,1,0,1
-74.66,3.72,NEV1,contextual_por_proximidad_no_asociacion_directa,111.8595,regional_100_150km,77.05548481,744.81650881,502.544925922773,14.4632667914374,1,0,1
-74.61,3.72,NEV1,contextual_por_proximidad_no_asociacion_directa,115.427,regional_100_150km,76.17047114,786.06156714,528.504696756579,6.98771750833324,1,0,1
-74.56,3.72,VIVI,contextual_por_proximidad_no_asociacion_directa,115.2341,regional_100_150km,75.22611333,834.49320933,559.022143228801,14.4216392521252,1,0,1
-74.51,3.72,VIVI,contextual_por_proximidad_no_asociacion_directa,110.0385,regional_100_150km,74.05868615,1034.54532615,686.069433949927,21.9021027285545,1,0,1
-74.46,3.72,VIVI,contextual_por_proximidad_no_asociacion_directa,104.8789,regional_100_150km,72.89320349,1199.81399549,790.953828074228,13.431812209755,1,0,1
-74.41,3.72,VIVI,contextual_por_proximidad_no_asociacion_directa,99.761,contextual_50_100km,71.83716699,1231.21033499,810.576062438719,8.9758996225166,1,1,1
-74.36,3.72,VIVI,contextual_por_proximidad_no_asociacion_directa,94.6913,contextual_50_100km,70.83094109,1176.19910909,775.158488105038,22.0597102695952,1,1,1
-74.31,3.72,VIVI,contextual_por_proximidad_no_asociacion_directa,89.6781,contextual_50_100km,69.99173012,917.16045012,609.797637092227,22.9243289109467,1,1,1
-74.26,3.72,VIVI,contextual_por_proximidad_no_asociacion_directa,84.7315,contextual_50_100km,68.70818306,1044.32856706,690.361973872428,6.71240709663963,1,1,1
-74.21,3.72,VIVI,contextual_por_proximidad_no_asociacion_directa,79.8638,contextual_50_100km,67.53056276,1033.11527476,682.789741852067,3.30540799904803,1,1,1
-74.16,3.72,VIVI,contextual_por_proximidad_no_asociacion_directa,75.0903,contextual_50_100km,66.34906443,988.38414443,653.858932145147,17.9708734418259,1,1,1
-74.11,3.72,VIVI,contextual_por_proximidad_no_asociacion_directa,70.4303,contextual_50_100km,65.2950711,765.2245591,511.281877702641,11.7406281800462,1,1,1
-74.06,3.72,VIVI,contextual_por_proximidad_no_asociacion_directa,65.9077,contextual_50_100km,63.6283687,1189.5986727,781.083353551795,10.114961144463,1,1,1
-74.01,3.72,VIVI,contextual_por_proximidad_no_asociacion_directa,61.5529,contextual_50_100km,62.55576861,909.41588861,602.165039305464,31.0201522104173,1,1,1
-73.96,3.72,VIVI,contextual_por_proximidad_no_asociacion_directa,57.4042,contextual_50_100km,61.41273051,662.67662651,444.53098670569,25.252223351814,1,1,1
-73.91,3.72,VIVI,contextual_por_proximidad_no_asociacion_directa,53.5094,contextual_50_100km,60.18056438,480.00000438,327.684555289594,16.6306563011821,1,1,1
-73.86,3.72,VIVI,contextual_por_proximidad_no_asociacion_directa,49.9279,local_0_50km,58.85275747,381.79648547,264.628688377874,15.7904715640423,1,1,1
-73.81,3.72,VIVI,contextual_por_proximidad_no_asociacion_directa,46.732,local_0_50km,57.55396184,207.57059384,153.142788700462,10.5915803986017,1,1,1
-73.76,3.72,VIVI,contextual_por_proximidad_no_asociacion_directa,44.0057,local_0_50km,56.11553994,200.40455594,148.054797503724,1.79305967561673,1,1,1
-73.71,3.72,VIVI,contextual_por_proximidad_no_asociacion_directa,41.8408,local_0_50km,54.66554266,191.06674266,141.578776989639,1.86773194974391,1,1,1
-73.66,3.72,VIVI,contextual_por_proximidad_no_asociacion_directa,40.328,local_0_50km,53.20970434,173.79824034,130.047295848257,1.80563493947724,1,1,1
-73.61,3.72,VIVI,contextual_por_proximidad_no_asociacion_directa,39.542,local_0_50km,51.74252061,161.46833661,121.658515176168,1.40132150144544,1,1,1
-73.56,3.72,VIVI,contextual_por_proximidad_no_asociacion_directa,39.5263,local_0_50km,50.26828878,151.73596878,114.922296579967,1.16328741505036,1,1,1
-73.51,3.72,VIVI,contextual_por_proximidad_no_asociacion_directa,40.2819,local_0_50km,48.7905866,142.9629626,108.796112817268,1.10616411632905,1,1,1
-73.46,3.72,VIVI,contextual_por_proximidad_no_asociacion_directa,41.7668,local_0_50km,47.31238324,134.25117524,102.708755129923,1.01660286429646,1,1,1
-73.41,3.72,VIVI,contextual_por_proximidad_no_asociacion_directa,43.9071,local_0_50km,45.83551982,127.05903982,97.5901878642555,0.866932365499131,1,1,1
-73.36,3.72,VIVI,contextual_por_proximidad_no_asociacion_directa,46.6126,local_0_50km,44.36265003,121.10529803,93.2621593356439,0.788435669195687,1,1,1
-73.31,3.72,VIVI,contextual_por_proximidad_no_asociacion_directa,49.7913,local_0_50km,42.89635526,116.04689926,89.5070183041122,0.718282327094174,1,1,1
-73.26,3.72,VIVI,contextual_por_proximidad_no_asociacion_directa,53.3587,contextual_50_100km,41.43904888,111.75047288,86.2406581778844,0.677286718540755,1,1,1
-73.21,3.72,VIVI,contextual_por_proximidad_no_asociacion_directa,57.2421,contextual_50_100km,39.99338279,106.86083079,82.6005312391994,0.41760843330241,1,1,1
-73.16,3.72,VIVI,contextual_por_proximidad_no_asociacion_directa,61.3817,contextual_50_100km,38.56029095,106.51401095,81.8595990934083,0.290421589175857,1,1,1
-73.11,3.72,VIVI,contextual_por_proximidad_no_asociacion_directa,65.7289,contextual_50_100km,37.1434636,104.7762396,80.2382700155739,0.363177211138942,1,1,1
-73.06,3.72,VIVI,contextual_por_proximidad_no_asociacion_directa,70.2454,contextual_50_100km,35.7436163,108.9435363,82.3857411483944,0.197134948623792,1,1,1
-73.01,3.72,VIVI,contextual_por_proximidad_no_asociacion_directa,74.9004,contextual_50_100km,34.36445095,109.56409895,82.2807788718244,0.462025479795731,1,1,1
-72.96,3.72,VIVI,contextual_por_proximidad_no_asociacion_directa,79.6697,contextual_50_100km,33.00780684,103.12172684,77.6835689207555,0.720127941713172,1,1,1
-72.91,3.72,VIVI,contextual_por_proximidad_no_asociacion_directa,84.5339,contextual_50_100km,31.67423547,98.60340347,74.3207111745522,0.398945871259338,1,1,1
-72.86,3.72,VIVI,contextual_por_proximidad_no_asociacion_directa,89.4776,contextual_50_100km,30.36553586,98.41800786,73.7277676119727,0.407628040252142,1,1,1
-72.81,3.72,VIVI,contextual_por_proximidad_no_asociacion_directa,94.4883,contextual_50_100km,29.08371339,99.53092139,73.9718426496605,0.442456583018914,1,1,1
-72.76,3.72,VIVI,contextual_por_proximidad_no_asociacion_directa,99.5559,contextual_50_100km,27.83021816,94.35203416,70.2171339792239,0.660830982523408,1,1,1
-72.71,3.72,VIVI,contextual_por_proximidad_no_asociacion_directa,104.6721,regional_100_150km,26.60631109,89.85696709,66.9088823755266,0.451000825066447,1,0,1
-72.66,3.72,VIVI,contextual_por_proximidad_no_asociacion_directa,109.8301,regional_100_150km,25.41360167,88.86176167,65.8420201726555,0.29140022942854,1,0,1
-72.61,3.72,VIVI,contextual_por_proximidad_no_asociacion_directa,115.0243,regional_100_150km,24.25307857,86.15823857,63.6983156888361,0.522157258520528,1,0,1
-72.56,3.72,VIVI,contextual_por_proximidad_no_asociacion_directa,120.25,regional_100_150km,23.12568588,81.10545388,60.0697095583994,0.528952803594798,1,0,1
-72.51,3.72,VIVI,contextual_por_proximidad_no_asociacion_directa,125.5033,regional_100_150km,22.03298266,78.30927866,57.8915740906628,0.458549356285102,1,0,1
-72.46,3.72,VIVI,contextual_por_proximidad_no_asociacion_directa,130.7808,regional_100_150km,20.97561875,75.04233875,55.4262944390333,0.509894130561059,1,0,1
-72.41,3.72,VIVI,contextual_por_proximidad_no_asociacion_directa,136.0798,regional_100_150km,19.95513562,75.19453562,55.1530291607361,0.423813765580992,1,0,1
-72.36,3.72,VIVI,contextual_por_proximidad_no_asociacion_directa,141.3978,regional_100_150km,18.97141336,73.53189336,53.7367070918555,0.324905773753842,1,0,1
-72.31,3.72,VIVI,contextual_por_proximidad_no_asociacion_directa,146.7327,regional_100_150km,18.02513876,70.68464276,51.57915302699,0.342338464511388,1,0,1
-72.26,3.72,VIVI,contextual_por_proximidad_no_asociacion_directa,152.0828,no_local_mayor_150km,17.11730274,68.77694274,50.034215470275,0.12894387949806,1,0,0
-72.21,3.72,VIVI,contextual_por_proximidad_no_asociacion_directa,157.4465,no_local_mayor_150km,16.24891473,69.88359473,50.4242996315639,0.398528472159813,1,0,0
-72.16,3.72,VIVI,contextual_por_proximidad_no_asociacion_directa,162.8225,no_local_mayor_150km,15.42051217,74.27670417,52.9229828744089,0.625787470868091,1,0,0
-72.11,3.72,VIVI,contextual_por_proximidad_no_asociacion_directa,168.2096,no_local_mayor_150km,14.63169426,79.20315826,55.7758688100761,0.156935670091499,1,0,0
-72.06,3.72,VIVI,contextual_por_proximidad_no_asociacion_directa,173.6067,no_local_mayor_150km,13.87920796,72.71071196,51.3659477622678,0.362827616963733,1,0,0
-72.01,3.72,VIVI,contextual_por_proximidad_no_asociacion_directa,179.013,no_local_mayor_150km,13.16832786,73.74033586,51.7640962632161,0.65153321702328,1,0,0
-71.96,3.72,VIVI,contextual_por_proximidad_no_asociacion_directa,184.4277,no_local_mayor_150km,12.49862155,80.34124555,55.7271406337733,0.30058865748117,1,0,0
-71.91,3.72,VIVI,contextual_por_proximidad_no_asociacion_directa,189.85,no_local_mayor_150km,11.86610984,79.69638984,55.0867634727027,0.618244957889034,1,0,0
-71.86,3.72,VIVI,contextual_por_proximidad_no_asociacion_directa,195.2793,no_local_mayor_150km,11.27065997,72.57096397,50.3304899863789,NaN,1,0,0
-75.71,3.67,NEV1,contextual_por_proximidad_no_asociacion_directa,93.7031,contextual_50_100km,79.32982982,815.40254982,548.346677157227,25.9687409615362,1,1,1
-75.66,3.67,NEV1,contextual_por_proximidad_no_asociacion_directa,91.0892,contextual_50_100km,79.9614596,750.5739476,507.267819910071,20.2987646112714,1,1,1
-75.61,3.67,NEV1,contextual_por_proximidad_no_asociacion_directa,88.7459,contextual_50_100km,80.77475224,495.15048824,344.810079227479,22.3169819139103,1,1,1
-75.56,3.67,NEV1,contextual_por_proximidad_no_asociacion_directa,86.6951,contextual_50_100km,81.34992852,371.15001652,266.007123303433,10.093184443312,1,1,1
-75.51,3.67,NEV1,contextual_por_proximidad_no_asociacion_directa,84.958,contextual_50_100km,81.75636733,321.37809533,234.440503511624,5.76209500481681,1,1,1
-75.46,3.67,NEV1,contextual_por_proximidad_no_asociacion_directa,83.5542,contextual_50_100km,82.08647511,275.33179511,205.220111619547,4.29487698462204,1,1,1
-75.41,3.67,NEV1,contextual_por_proximidad_no_asociacion_directa,82.5006,contextual_50_100km,82.32131754,246.65698954,187.034067642306,3.28033349058264,1,1,1
-75.36,3.67,NEV1,contextual_por_proximidad_no_asociacion_directa,81.8109,contextual_50_100km,82.47319835,226.09563835,173.987721555914,0.15052019948634,1,1,1
-75.31,3.67,NEV1,contextual_por_proximidad_no_asociacion_directa,81.4942,contextual_50_100km,82.49576836,247.52270436,187.648983722257,7.49662552849012,1,1,1
-75.26,3.67,NEV1,contextual_por_proximidad_no_asociacion_directa,81.5549,contextual_50_100km,82.40986343,295.99809543,218.505763303823,10.7268980273273,1,1,1
-75.21,3.67,NEV1,contextual_por_proximidad_no_asociacion_directa,81.9921,contextual_50_100km,82.24006329,354.24010329,255.555277629692,9.77936176088288,1,1,1
-75.16,3.67,NEV1,contextual_por_proximidad_no_asociacion_directa,82.8,contextual_50_100km,82.26578479,218.02509679,168.77001566397,10.5789036426113,1,1,1
-75.11,3.67,NEV1,contextual_por_proximidad_no_asociacion_directa,83.9677,contextual_50_100km,82.07441513,189.75112713,150.684744818456,2.25159107208193,1,1,1
-75.06,3.67,NEV1,contextual_por_proximidad_no_asociacion_directa,85.4806,contextual_50_100km,81.79005793,179.36937793,143.966448642742,0.625088076108708,1,1,1
-75.01,3.67,NEV1,contextual_por_proximidad_no_asociacion_directa,87.3208,contextual_50_100km,81.42429698,179.31221698,143.797323969505,2.20684436510993,1,1,1
-74.96,3.67,NEV1,contextual_por_proximidad_no_asociacion_directa,89.4679,contextual_50_100km,80.95134356,210.05723956,163.21609630694,9.03228453389714,1,1,1
-74.91,3.67,NEV1,contextual_por_proximidad_no_asociacion_directa,91.9005,contextual_50_100km,80.33746019,299.23361219,219.815504024162,10.2868447518237,1,1,1
-74.86,3.67,NEV1,contextual_por_proximidad_no_asociacion_directa,94.5967,contextual_50_100km,79.6872685,369.8206445,264.556830462338,13.4206474163855,1,1,1
-74.81,3.67,NEV1,contextual_por_proximidad_no_asociacion_directa,97.5344,contextual_50_100km,79.12718276,323.89635876,235.091212038046,12.3252065001392,1,1,1
-74.76,3.67,NEV1,contextual_por_proximidad_no_asociacion_directa,100.6927,regional_100_150km,78.32542793,420.43938793,296.316404350447,22.6569648130004,1,0,1
-74.71,3.67,NEV1,contextual_por_proximidad_no_asociacion_directa,104.0513,regional_100_150km,77.26568144,681.80073744,462.468282169388,17.548720796365,1,0,1
-74.66,3.67,NEV1,contextual_por_proximidad_no_asociacion_directa,107.5917,regional_100_150km,76.4258521,725.3993081,489.944076683388,7.89438641283739,1,0,1
-74.61,3.67,NEV1,contextual_por_proximidad_no_asociacion_directa,111.2963,regional_100_150km,75.57833645,731.63724845,493.611329947886,9.30626609942146,1,0,1
-74.56,3.67,NEV1,contextual_por_proximidad_no_asociacion_directa,115.1494,regional_100_150km,74.50464374,887.93721174,592.814272936399,24.8987273469608,1,0,1
-74.51,3.67,VIVI,contextual_por_proximidad_no_asociacion_directa,112.154,regional_100_150km,73.31142958,1113.35514958,736.015009529658,16.374075339093,1,0,1
-74.46,3.67,VIVI,contextual_por_proximidad_no_asociacion_directa,107.0961,regional_100_150km,72.30404924,1138.28251324,751.532941888895,11.7998029056916,1,0,1
-74.41,3.67,VIVI,contextual_por_proximidad_no_asociacion_directa,102.089,regional_100_150km,71.35079049,1071.91839849,708.900657916021,24.5908081285755,1,0,1
-74.36,3.67,VIVI,contextual_por_proximidad_no_asociacion_directa,97.1406,contextual_50_100km,70.38953096,968.51428296,642.664019951481,29.4140763976879,1,1,1
-74.31,3.67,VIVI,contextual_por_proximidad_no_asociacion_directa,92.2603,contextual_50_100km,69.45732269,790.82833869,529.106417802196,10.9849132171461,1,1,1
-74.26,3.67,VIVI,contextual_por_proximidad_no_asociacion_directa,87.4596,contextual_50_100km,67.93422083,1160.47697283,764.089564182731,16.0324789456713,1,1,1
-74.21,3.67,VIVI,contextual_por_proximidad_no_asociacion_directa,82.7522,contextual_50_100km,66.86921737,1037.07058537,685.070075162455,30.662842635731,1,1,1
-74.16,3.67,VIVI,contextual_por_proximidad_no_asociacion_directa,78.1551,contextual_50_100km,66.02391548,631.94693948,426.62338526069,22.369784625947,1,1,1
-74.11,3.67,VIVI,contextual_por_proximidad_no_asociacion_directa,73.6888,contextual_50_100km,64.51839618,900.33063618,597.088088167316,21.3178546785263,1,1,1
-74.06,3.67,VIVI,contextual_por_proximidad_no_asociacion_directa,69.3788,contextual_50_100km,63.24959625,880.59521225,584.052573435765,31.1817144759267,1,1,1
-74.01,3.67,VIVI,contextual_por_proximidad_no_asociacion_directa,65.2558,contextual_50_100km,61.94962181,864.70462981,573.455635830368,22.3146182552195,1,1,1
-73.96,3.67,VIVI,contextual_por_proximidad_no_asociacion_directa,61.3577,contextual_50_100km,60.81887266,602.47359266,405.954865635978,31.7619023806562,1,1,1
-73.91,3.67,VIVI,contextual_por_proximidad_no_asociacion_directa,57.73,contextual_50_100km,59.61128879,389.44296879,269.776141395244,23.8196831009897,1,1,1
-73.86,3.67,VIVI,contextual_por_proximidad_no_asociacion_directa,54.4268,contextual_50_100km,58.31368008,253.52169608,182.697923309765,15.0311781220246,1,1,1
-73.81,3.67,VIVI,contextual_por_proximidad_no_asociacion_directa,51.5106,contextual_50_100km,56.92972761,204.53927961,150.984791511703,4.52593852328391,1,1,1
-73.76,3.67,VIVI,contextual_por_proximidad_no_asociacion_directa,49.0505,local_0_50km,55.50952538,183.92415738,137.333812866989,2.25595801624767,1,1,1
-73.71,3.67,VIVI,contextual_por_proximidad_no_asociacion_directa,47.1178,local_0_50km,54.06586102,180.13513302,134.395712803584,1.58169240677881,1,1,1
-73.66,3.67,VIVI,contextual_por_proximidad_no_asociacion_directa,45.7796,local_0_50km,52.61677297,169.51445297,127.102594608161,1.62937443464581,1,1,1
-73.61,3.67,VIVI,contextual_por_proximidad_no_asociacion_directa,45.0888,local_0_50km,51.16260474,154.70407674,117.13800831982,1.20984650689787,1,1,1
-73.56,3.67,VIVI,contextual_por_proximidad_no_asociacion_directa,45.075,local_0_50km,49.69777771,150.95560971,114.218072841767,0.75137550406887,1,1,1
-73.51,3.67,VIVI,contextual_por_proximidad_no_asociacion_directa,45.739,local_0_50km,48.23272219,143.75059419,109.095582573959,0.966030049640176,1,1,1
-73.46,3.67,VIVI,contextual_por_proximidad_no_asociacion_directa,47.0521,local_0_50km,46.76787475,136.90376275,104.201398467197,1.076964884712,1,1,1
-73.41,3.67,VIVI,contextual_por_proximidad_no_asociacion_directa,48.962,local_0_50km,45.30711,126.728134,97.1876252613844,1.10392553892395,1,1,1
-73.36,3.67,VIVI,contextual_por_proximidad_no_asociacion_directa,51.4023,contextual_50_100km,43.85022409,119.48191209,92.0418427992939,0.792477838271254,1,1,1
-73.31,3.67,VIVI,contextual_por_proximidad_no_asociacion_directa,54.3015,contextual_50_100km,42.39994106,114.87156506,88.5780042952316,0.655359102833173,1,1,1
-73.26,3.67,VIVI,contextual_por_proximidad_no_asociacion_directa,57.5904,contextual_50_100km,40.95966861,109.78981261,84.8174237794177,0.676329960847747,1,1,1
-73.21,3.67,VIVI,contextual_por_proximidad_no_asociacion_directa,61.2061,contextual_50_100km,39.53132136,105.17671336,81.3597901532144,0.168207791983205,1,1,1
-73.16,3.67,VIVI,contextual_por_proximidad_no_asociacion_directa,65.0943,contextual_50_100km,38.11530578,109.45128178,83.5697475167405,0.374752643643409,1,1,1
-73.11,3.67,VIVI,contextual_por_proximidad_no_asociacion_directa,69.209,contextual_50_100km,36.71677932,110.20061132,83.5398095430172,0.418575720130334,1,1,1
-73.06,3.67,VIVI,contextual_por_proximidad_no_asociacion_directa,73.5121,contextual_50_100km,35.33759393,105.85886593,80.2729158960839,0.238454288301356,1,1,1
-73.01,3.67,VIVI,contextual_por_proximidad_no_asociacion_directa,77.9726,contextual_50_100km,33.97785362,108.10357362,81.2098872986861,0.116455568981834,1,1,1
-72.96,3.67,VIVI,contextual_por_proximidad_no_asociacion_directa,82.5649,contextual_50_100km,32.64093217,105.61866017,79.1414788991244,0.363896196670821,1,1,1
-72.91,3.67,VIVI,contextual_por_proximidad_no_asociacion_directa,87.2682,contextual_50_100km,31.32786667,103.77480267,77.4901990030905,0.206744345365375,1,1,1
-72.86,3.67,VIVI,contextual_por_proximidad_no_asociacion_directa,92.0655,contextual_50_100km,30.04035839,103.62294239,76.9263122215816,0.436997733947546,1,1,1
-72.81,3.67,VIVI,contextual_por_proximidad_no_asociacion_directa,96.9428,contextual_50_100km,28.78008649,98.02992649,72.9052669958166,0.668611189446526,1,1,1
-72.76,3.67,VIVI,contextual_por_proximidad_no_asociacion_directa,101.8886,regional_100_150km,27.54835449,94.87253049,70.44652462881,0.675549181816741,1,0,1
-72.71,3.67,VIVI,contextual_por_proximidad_no_asociacion_directa,106.8935,regional_100_150km,26.34644677,88.80708677,66.1456291870111,0.40038543089172,1,0,1
-72.66,3.67,VIVI,contextual_por_proximidad_no_asociacion_directa,111.9495,regional_100_150km,25.17626564,89.47616164,66.1474002665239,0.397673112234092,1,0,1
-72.61,3.67,VIVI,contextual_por_proximidad_no_asociacion_directa,117.05,regional_100_150km,24.03847961,87.27679161,64.3331854444561,0.445712473619728,1,0,1
-72.56,3.67,VIVI,contextual_por_proximidad_no_asociacion_directa,122.1894,regional_100_150km,22.93438144,85.14814144,62.5762548356,0.231202398991208,1,0,1
-72.51,3.67,VIVI,contextual_por_proximidad_no_asociacion_directa,127.363,regional_100_150km,21.86528706,85.04187906,62.1206656391033,0.251795956337789,1,0,1
-72.46,3.67,VIVI,contextual_por_proximidad_no_asociacion_directa,132.5668,regional_100_150km,20.83138184,81.98355784,59.7968264435322,0.374971738695281,1,0,1
-72.41,3.67,VIVI,contextual_por_proximidad_no_asociacion_directa,137.7974,regional_100_150km,19.83405831,79.91230631,58.1152086703939,0.526535173981172,1,0,1
-72.36,3.67,VIVI,contextual_por_proximidad_no_asociacion_directa,143.0519,regional_100_150km,18.87324249,74.75453049,54.480139486405,0.706640893091833,1,0,1
-72.31,3.67,VIVI,contextual_por_proximidad_no_asociacion_directa,148.3276,regional_100_150km,17.94999246,69.15290446,50.5758835006644,0.367134350487264,1,0,1
-72.26,3.67,VIVI,contextual_por_proximidad_no_asociacion_directa,153.6225,no_local_mayor_150km,17.06639849,69.72590249,50.62041275699,0.480956722513613,1,0,0
-72.21,3.67,VIVI,contextual_por_proximidad_no_asociacion_directa,158.9345,no_local_mayor_150km,16.22341434,77.54840634,55.29897525852,0.952595884730369,1,0,0
-72.16,3.67,VIVI,contextual_por_proximidad_no_asociacion_directa,164.2621,no_local_mayor_150km,15.41932831,83.99024831,59.1119090069361,0.415791708984682,1,0,0
-72.11,3.67,VIVI,contextual_por_proximidad_no_asociacion_directa,169.6038,no_local_mayor_150km,14.65107759,77.45734959,54.6704926369867,0.46638355257027,1,0,0
-72.06,3.67,VIVI,contextual_por_proximidad_no_asociacion_directa,174.9582,no_local_mayor_150km,13.92374088,76.75470088,53.9588868291278,0.380222980030783,1,0,0
-72.01,3.67,VIVI,contextual_por_proximidad_no_asociacion_directa,180.3243,no_local_mayor_150km,13.2365788,78.7214988,54.9627967292972,0.242139330087858,1,0,0
-71.96,3.67,VIVI,contextual_por_proximidad_no_asociacion_directa,185.7011,no_local_mayor_150km,12.58654894,73.31902894,51.2845682071333,0.744380542815362,1,0,0
-71.91,3.67,VIVI,contextual_por_proximidad_no_asociacion_directa,191.0875,no_local_mayor_150km,11.97654686,70.98086686,49.5734029772555,0.803155901378732,1,0,0
-71.86,3.67,VIVI,contextual_por_proximidad_no_asociacion_directa,196.4829,no_local_mayor_150km,11.40610811,70.85481211,49.2861204657955,NaN,1,0,0
-75.71,3.62,NEV1,contextual_por_proximidad_no_asociacion_directa,88.9121,contextual_50_100km,78.83769123,878.54373123,588.400938835941,5.51413457540243,1,1,1
-75.66,3.62,NEV1,contextual_por_proximidad_no_asociacion_directa,86.1529,contextual_50_100km,79.46983794,797.73016594,537.136839382416,22.7925251268507,1,1,1
-75.61,3.62,NEV1,contextual_por_proximidad_no_asociacion_directa,83.6713,contextual_50_100km,80.31513457,500.91224657,348.314648897039,24.9258710235594,1,1,1
-75.56,3.62,NEV1,contextual_por_proximidad_no_asociacion_directa,81.4927,contextual_50_100km,80.88110673,369.38507473,264.712429151024,11.6013012820654,1,1,1
-75.51,3.62,NEV1,contextual_por_proximidad_no_asociacion_directa,79.6422,contextual_50_100km,81.27163475,318.27643475,232.288295304667,4.78009657311154,1,1,1
-75.46,3.62,NEV1,contextual_por_proximidad_no_asociacion_directa,78.1428,contextual_50_100km,81.51858717,321.42422717,234.383628726247,8.84574241574268,1,1,1
-75.41,3.62,NEV1,contextual_por_proximidad_no_asociacion_directa,77.0152,contextual_50_100km,81.77264172,266.00684172,199.164498948042,2.99072808498871,1,1,1
-75.36,3.62,NEV1,contextual_por_proximidad_no_asociacion_directa,76.2758,contextual_50_100km,81.872452,272.167556,203.126245703684,6.89476452133374,1,1,1
-75.31,3.62,NEV1,contextual_por_proximidad_no_asociacion_directa,75.936,contextual_50_100km,81.77996153,367.87684953,264.077520992266,12.4730468954891,1,1,1
-75.26,3.62,NEV1,contextual_por_proximidad_no_asociacion_directa,76.0012,contextual_50_100km,81.72053596,386.82718396,276.130890070922,6.70859823425142,1,1,1
-75.21,3.62,NEV1,contextual_por_proximidad_no_asociacion_directa,76.4702,contextual_50_100km,81.61755949,386.25513549,275.72902646024,5.27246757840641,1,1,1
-75.16,3.62,NEV1,contextual_por_proximidad_no_asociacion_directa,77.3358,contextual_50_100km,81.55898216,301.20811816,221.516818509466,12.0062558609539,1,1,1
-75.11,3.62,NEV1,contextual_por_proximidad_no_asociacion_directa,78.5849,contextual_50_100km,81.47028644,187.13492644,148.798547603956,6.92785477702136,1,1,1
-75.06,3.62,NEV1,contextual_por_proximidad_no_asociacion_directa,80.1995,contextual_50_100km,81.16770428,181.47504828,145.082359679334,1.197371882215,1,1,1
-75.01,3.62,NEV1,contextual_por_proximidad_no_asociacion_directa,82.158,contextual_50_100km,80.75673213,207.25804413,161.361874701053,7.4137811994333,1,1,1
-74.96,3.62,NEV1,contextual_por_proximidad_no_asociacion_directa,84.4367,contextual_50_100km,80.21994636,279.58789036,207.254846600543,15.2772596890573,1,1,1
-74.91,3.62,NEV1,contextual_por_proximidad_no_asociacion_directa,87.0102,contextual_50_100km,79.68793389,300.46037389,220.361526286886,11.2087868558009,1,1,1
-74.86,3.62,NEV1,contextual_por_proximidad_no_asociacion_directa,89.8534,contextual_50_100km,78.91403203,462.20757603,323.14415322182,11.6637259833543,1,1,1
-74.81,3.62,NEV1,contextual_por_proximidad_no_asociacion_directa,92.9413,contextual_50_100km,78.26945351,477.56082151,332.69319928926,21.4408285185499,1,1,1
-74.76,3.62,NEV1,contextual_por_proximidad_no_asociacion_directa,96.2506,contextual_50_100km,77.39045714,635.12940914,432.775132860911,11.5433393164222,1,1,1
-74.71,3.62,NEV1,contextual_por_proximidad_no_asociacion_directa,99.7591,contextual_50_100km,76.70268074,593.76815274,406.170695183431,11.2409766611785,1,1,1
-74.66,3.62,NEV1,contextual_por_proximidad_no_asociacion_directa,103.4466,regional_100_150km,75.88066874,617.06631674,420.717774575297,11.3205280757158,1,0,1
-74.61,3.62,NEV1,contextual_por_proximidad_no_asociacion_directa,107.2946,regional_100_150km,74.83069757,790.68394557,530.963936053657,27.5194627728584,1,0,1
-74.56,3.62,NEV1,contextual_por_proximidad_no_asociacion_directa,111.2866,regional_100_150km,73.65151786,1040.92735786,689.988263748733,24.6804801779353,1,0,1
-74.51,3.62,VIVI,contextual_por_proximidad_no_asociacion_directa,114.5005,regional_100_150km,72.56866089,1172.56718889,773.474736689346,3.12531632420183,1,0,1
-74.46,3.62,VIVI,contextual_por_proximidad_no_asociacion_directa,109.5507,regional_100_150km,71.77580644,999.46443844,662.888050745461,20.0258626497289,1,0,1
-74.41,3.62,VIVI,contextual_por_proximidad_no_asociacion_directa,104.6609,regional_100_150km,70.9158608,839.3545488,560.555920844224,23.1138478360247,1,0,1
-74.36,3.62,VIVI,contextual_por_proximidad_no_asociacion_directa,99.8397,contextual_50_100km,69.93172536,749.90096536,503.200097581553,20.0649365375318,1,1,1
-74.31,3.62,VIVI,contextual_por_proximidad_no_asociacion_directa,95.0978,contextual_50_100km,68.63940965,922.49857765,612.708391102469,26.5898427155462,1,1,1
-74.26,3.62,VIVI,contextual_por_proximidad_no_asociacion_directa,90.4475,contextual_50_100km,67.24063407,1177.86734607,774.918863241095,14.429302140347,1,1,1
-74.21,3.62,VIVI,contextual_por_proximidad_no_asociacion_directa,85.9037,contextual_50_100km,66.24330096,982.47670096,650.056406671986,33.6531774061357,1,1,1
-74.16,3.62,VIVI,contextual_por_proximidad_no_asociacion_directa,81.4844,contextual_50_100km,65.34826768,624.90178768,421.889164708283,31.3195366619904,1,1,1
-74.11,3.62,VIVI,contextual_por_proximidad_no_asociacion_directa,77.2107,contextual_50_100km,64.2052876,489.5671836,335.240866040274,11.0359381566083,1,1,1
-74.06,3.62,VIVI,contextual_por_proximidad_no_asociacion_directa,73.1083,contextual_50_100km,62.77675581,648.38845981,435.921620048226,30.3125396191555,1,1,1
-74.01,3.62,VIVI,contextual_por_proximidad_no_asociacion_directa,69.2076,contextual_50_100km,61.46738025,641.11693225,430.813231621148,34.4738220063599,1,1,1
-73.96,3.62,VIVI,contextual_por_proximidad_no_asociacion_directa,65.5448,contextual_50_100km,60.32588509,385.50387709,267.525462641645,28.8912248498752,1,1,1
-73.91,3.62,VIVI,contextual_por_proximidad_no_asociacion_directa,62.1617,contextual_50_100km,59.04916066,260.60199266,187.476245740031,14.6113970660264,1,1,1
-73.86,3.62,VIVI,contextual_por_proximidad_no_asociacion_directa,59.1065,contextual_50_100km,57.70018474,199.39696074,147.987697578907,6.01899150902439,1,1,1
-73.81,3.62,VIVI,contextual_por_proximidad_no_asociacion_directa,56.4325,contextual_50_100km,56.30623886,175.00614286,131.940416354462,2.58493416496873,1,1,1
-73.76,3.62,VIVI,contextual_por_proximidad_no_asociacion_directa,54.1961,contextual_50_100km,54.88378962,171.76912562,129.361745807091,1.381995628331,1,1,1
-73.71,3.62,VIVI,contextual_por_proximidad_no_asociacion_directa,52.4533,contextual_50_100km,53.44975843,169.42163843,127.345671237869,1.2471083924532,1,1,1
-73.66,3.62,VIVI,contextual_por_proximidad_no_asociacion_directa,51.2545,contextual_50_100km,52.00768659,166.33781459,124.857494405486,1.1896579450733,1,1,1
-73.61,3.62,VIVI,contextual_por_proximidad_no_asociacion_directa,50.6384,contextual_50_100km,50.5631382,156.4746582,118.048708385367,1.0958552074011,1,1,1
-73.56,3.62,VIVI,contextual_por_proximidad_no_asociacion_directa,50.6261,contextual_50_100km,49.11338653,149.11213053,112.831405652571,1.1868963772972,1,1,1
-73.51,3.62,VIVI,contextual_por_proximidad_no_asociacion_directa,51.2183,contextual_50_100km,47.6640496,137.7629056,105.073976963985,0.936354757449005,1,1,1
-73.46,3.62,VIVI,contextual_por_proximidad_no_asociacion_directa,52.3942,contextual_50_100km,46.21202653,134.92835453,102.741023374083,0.581962398700473,1,1,1
-73.41,3.62,VIVI,contextual_por_proximidad_no_asociacion_directa,54.116,contextual_50_100km,44.76480854,129.34589654,98.6588792754466,0.719464394404602,1,1,1
-73.36,3.62,VIVI,contextual_por_proximidad_no_asociacion_directa,56.3336,contextual_50_100km,43.32334635,124.26295435,94.8971090196328,0.920338510465847,1,1,1
-73.31,3.62,VIVI,contextual_por_proximidad_no_asociacion_directa,58.9911,contextual_50_100km,41.89115843,115.73296643,88.9422867340633,0.967874515715857,1,1,1
-73.26,3.62,VIVI,contextual_por_proximidad_no_asociacion_directa,62.032,contextual_50_100km,40.46867008,109.22475008,84.2792325429944,0.522933791212736,1,1,1
-73.21,3.62,VIVI,contextual_por_proximidad_no_asociacion_directa,65.4029,contextual_50_100km,39.05715961,109.56608761,83.9846161250133,0.620834749534436,1,1,1
-73.16,3.62,VIVI,contextual_por_proximidad_no_asociacion_directa,69.0553,contextual_50_100km,37.66024771,112.57598371,85.3956702572016,0.285641689842324,1,1,1
-73.11,3.62,VIVI,contextual_por_proximidad_no_asociacion_directa,72.9472,contextual_50_100km,36.28150503,110.38253703,83.497807806545,0.333179982975335,1,1,1
-73.06,3.62,VIVI,contextual_por_proximidad_no_asociacion_directa,77.0421,contextual_50_100km,34.92128563,111.35533363,83.62415865888,0.314044304412485,1,1,1
-73.01,3.62,VIVI,contextual_por_proximidad_no_asociacion_directa,81.3094,contextual_50_100km,33.58241001,109.04128201,81.6639124043061,0.480029634694924,1,1,1
-72.96,3.62,VIVI,contextual_por_proximidad_no_asociacion_directa,85.7233,contextual_50_100km,32.26620158,105.95988158,79.2229444712166,0.736515861053581,1,1,1
-72.91,3.62,VIVI,contextual_por_proximidad_no_asociacion_directa,90.2624,contextual_50_100km,30.97440165,99.89095365,74.8872149769117,0.807840793396016,1,1,1
-72.86,3.62,VIVI,contextual_por_proximidad_no_asociacion_directa,94.9087,contextual_50_100km,29.70833738,96.39062538,72.1975040631411,0.80592636795745,1,1,1
-72.81,3.62,VIVI,contextual_por_proximidad_no_asociacion_directa,99.6472,contextual_50_100km,28.46976283,94.27562683,70.4004824871316,0.719622237923214,1,1,1
-72.76,3.62,VIVI,contextual_por_proximidad_no_asociacion_directa,104.4654,regional_100_150km,27.2600832,89.6713472,67.0278038127289,0.621072528542073,1,0,1
-72.71,3.62,VIVI,contextual_por_proximidad_no_asociacion_directa,109.3527,regional_100_150km,26.08088589,88.49214989,65.8486065027289,0.497377908514598,1,0,1
-72.66,3.62,VIVI,contextual_por_proximidad_no_asociacion_directa,114.3002,regional_100_150km,24.93296409,82.82632409,61.8219296109055,0.544558289048791,1,0,1
-72.61,3.62,VIVI,contextual_por_proximidad_no_asociacion_directa,119.3006,regional_100_150km,23.81815842,81.05728642,60.2902550341661,0.28686754995021,1,0,1
-72.56,3.62,VIVI,contextual_por_proximidad_no_asociacion_directa,124.3473,regional_100_150km,22.73728288,79.30983488,58.7846451363561,0.202635929039384,1,0,1
-72.51,3.62,VIVI,contextual_por_proximidad_no_asociacion_directa,129.4349,regional_100_150km,21.69150728,78.75781928,58.0534875791783,0.219913138527016,1,0,1
-72.46,3.62,VIVI,contextual_por_proximidad_no_asociacion_directa,134.5589,regional_100_150km,20.68133746,76.89591346,56.50060163531,0.268174760243604,1,0,1
-72.41,3.62,VIVI,contextual_por_proximidad_no_asociacion_directa,139.7153,regional_100_150km,19.70853031,79.07082631,57.5334845083016,0.529489517184688,1,0,1
-72.36,3.62,VIVI,contextual_por_proximidad_no_asociacion_directa,144.9005,regional_100_150km,18.77218118,76.87538918,55.794859369105,0.708027936911038,1,0,1
-72.31,3.62,VIVI,contextual_por_proximidad_no_asociacion_directa,150.1116,no_local_mayor_150km,17.87230607,68.79130607,50.3172917360416,0.304261121938461,1,0,0
-72.26,3.62,VIVI,contextual_por_proximidad_no_asociacion_directa,155.3459,no_local_mayor_150km,17.01347824,72.68491824,52.4866625682055,0.591983788374814,1,0,0
-72.21,3.62,VIVI,contextual_por_proximidad_no_asociacion_directa,160.6013,no_local_mayor_150km,16.19431064,79.72887864,56.6777873001494,0.45322410200249,1,0,0
-72.16,3.62,VIVI,contextual_por_proximidad_no_asociacion_directa,165.8757,no_local_mayor_150km,15.41290896,81.45330896,57.4930721874722,0.149668149569455,1,0,0
-72.11,3.62,VIVI,contextual_por_proximidad_no_asociacion_directa,171.1673,no_local_mayor_150km,14.66954006,78.87068406,55.5777510779594,0.39695310821921,1,0,0
-72.06,3.62,VIVI,contextual_por_proximidad_no_asociacion_directa,176.4746,no_local_mayor_150km,13.96625084,79.26601084,55.5744870032389,0.362050545654581,1,0,0
-72.01,3.62,VIVI,contextual_por_proximidad_no_asociacion_directa,181.7963,no_local_mayor_150km,13.30040128,73.46505728,51.6366097978878,0.739833117840418,1,0,0
-71.96,3.62,VIVI,contextual_por_proximidad_no_asociacion_directa,187.131,no_local_mayor_150km,12.67446324,70.44438324,49.4847742502,0.528759192955324,1,0,0
-71.91,3.62,VIVI,contextual_por_proximidad_no_asociacion_directa,192.4778,no_local_mayor_150km,12.08699372,65.94386572,46.4039567408339,0.41690683375756,1,0,0
-71.86,3.62,VIVI,contextual_por_proximidad_no_asociacion_directa,197.8356,no_local_mayor_150km,11.53896687,64.06268687,45.0064611752139,NaN,1,0,0
-75.76,3.57,NEV1,contextual_por_proximidad_no_asociacion_directa,87.3898,contextual_50_100km,78.12200026,647.61244026,440.99458540008,8.64323273165039,1,1,1
-75.71,3.57,NEV1,contextual_por_proximidad_no_asociacion_directa,84.2157,contextual_50_100km,78.59754827,733.39737227,495.82826575869,23.3523179425764,1,1,1
-75.66,3.57,NEV1,contextual_por_proximidad_no_asociacion_directa,81.297,contextual_50_100km,79.24075919,630.31395119,430.378091332811,27.9849813138815,1,1,1
-75.61,3.57,NEV1,contextual_por_proximidad_no_asociacion_directa,78.6622,contextual_50_100km,79.94276609,429.87047809,302.912573038109,9.91219094764135,1,1,1
-75.56,3.57,NEV1,contextual_por_proximidad_no_asociacion_directa,76.3408,contextual_50_100km,80.28137472,457.90902272,320.901253870435,2.33576717072933,1,1,1
-75.51,3.57,NEV1,contextual_por_proximidad_no_asociacion_directa,74.362,contextual_50_100km,80.67426002,390.16302802,277.876849260969,3.06927403744188,1,1,1
-75.46,3.57,NEV1,contextual_por_proximidad_no_asociacion_directa,72.7538,contextual_50_100km,80.86686084,420.95640484,297.567903284876,9.35265039633993,1,1,1
-75.41,3.57,NEV1,contextual_por_proximidad_no_asociacion_directa,71.5412,contextual_50_100km,81.28272593,230.25011793,176.202989449464,7.58844250974758,1,1,1
-75.36,3.57,NEV1,contextual_por_proximidad_no_asociacion_directa,70.7446,contextual_50_100km,81.29534221,289.72378221,214.10348353633,11.8914578162206,1,1,1
-75.31,3.57,NEV1,contextual_por_proximidad_no_asociacion_directa,70.3781,contextual_50_100km,81.12608386,432.57210786,305.063341289787,10.7871941626563,1,1,1
-75.26,3.57,NEV1,contextual_por_proximidad_no_asociacion_directa,70.4484,contextual_50_100km,81.10466066,412.10902066,292.016731116947,6.40126725682731,1,1,1
-75.21,3.57,NEV1,contextual_por_proximidad_no_asociacion_directa,70.9542,contextual_50_100km,81.02011658,387.05256458,276.020379521213,7.62053505187933,1,1,1
-75.16,3.57,NEV1,contextual_por_proximidad_no_asociacion_directa,71.8863,contextual_50_100km,80.97579086,279.99810286,207.790458470567,12.2075894861231,1,1,1
-75.11,3.57,NEV1,contextual_por_proximidad_no_asociacion_directa,73.2284,contextual_50_100km,80.85020731,182.49070331,145.614331424954,5.39344778017754,1,1,1
-75.06,3.57,NEV1,contextual_por_proximidad_no_asociacion_directa,74.9586,contextual_50_100km,80.52243877,186.66849477,148.157452525707,4.7800498146275,1,1,1
-75.01,3.57,NEV1,contextual_por_proximidad_no_asociacion_directa,77.0506,contextual_50_100km,80.03312526,264.24263726,197.4092515859,16.5192836541928,1,1,1
-74.96,3.57,NEV1,contextual_por_proximidad_no_asociacion_directa,79.4759,contextual_50_100km,79.32881366,460.25230966,322.048768246274,7.67086371830776,1,1,1
-74.91,3.57,NEV1,contextual_por_proximidad_no_asociacion_directa,82.2051,contextual_50_100km,78.93259618,369.21410018,263.896543555184,7.21813286310549,1,1,1
-74.86,3.57,NEV1,contextual_por_proximidad_no_asociacion_directa,85.2088,contextual_50_100km,78.23046319,470.42403119,328.131574603691,16.6671799863521,1,1,1
-74.81,3.57,NEV1,contextual_por_proximidad_no_asociacion_directa,88.4593,contextual_50_100km,77.368132,655.931412,446.021823676939,9.88718320116078,1,1,1
-74.76,3.57,NEV1,contextual_por_proximidad_no_asociacion_directa,91.9302,contextual_50_100km,76.76577905,585.68421105,401.042595786864,14.4146383609614,1,1,1
-74.71,3.57,NEV1,contextual_por_proximidad_no_asociacion_directa,95.5976,contextual_50_100km,76.13792804,487.62516804,338.332739476969,7.57217110717813,1,1,1
-74.66,3.57,NEV1,contextual_por_proximidad_no_asociacion_directa,99.4397,contextual_50_100km,75.07401586,710.86407986,480.191938700034,29.0189415249522,1,1,1
-74.61,3.57,NEV1,contextual_por_proximidad_no_asociacion_directa,103.4371,regional_100_150km,73.94446774,955.73810774,635.812964965136,25.3869801536007,1,0,1
-74.56,3.57,NEV1,contextual_por_proximidad_no_asociacion_directa,107.5725,regional_100_150km,72.90558226,1085.91594226,718.383824365141,11.0947118929562,1,0,1
-74.51,3.57,NEV1,contextual_por_proximidad_no_asociacion_directa,111.8305,regional_100_150km,71.89973544,1147.92621544,757.531105260327,11.5533094305463,1,0,1
-74.46,3.57,VIVI,contextual_por_proximidad_no_asociacion_directa,112.2273,regional_100_150km,71.02818583,1043.27865783,690.534708500167,22.8077049305455,1,0,1
-74.41,3.57,VIVI,contextual_por_proximidad_no_asociacion_directa,107.459,regional_100_150km,70.29486937,758.27536537,508.667919336343,23.9141839678381,1,0,1
-74.36,3.57,VIVI,contextual_por_proximidad_no_asociacion_directa,102.769,regional_100_150km,69.34653517,629.50491117,426.27283930074,14.9914111092987,1,0,1
-74.31,3.57,VIVI,contextual_por_proximidad_no_asociacion_directa,98.1684,contextual_50_100km,67.89184758,968.54711958,641.778754040945,17.402107423463,1,1,1
-74.26,3.57,VIVI,contextual_por_proximidad_no_asociacion_directa,93.6704,contextual_50_100km,66.79183194,916.84904794,608.438254462737,24.283463137942,1,1,1
-74.21,3.57,VIVI,contextual_por_proximidad_no_asociacion_directa,89.2905,contextual_50_100km,65.6655047,852.5461287,567.056548643634,3.97980832829541,1,1,1
-74.16,3.57,VIVI,contextual_por_proximidad_no_asociacion_directa,85.0471,contextual_50_100km,64.4392846,860.0594606,571.399067901587,8.98017836550691,1,1,1
-74.11,3.57,VIVI,contextual_por_proximidad_no_asociacion_directa,80.9614,contextual_50_100km,63.31772799,710.11863999,475.45163318497,28.0200483191227,1,1,1
-74.06,3.57,VIVI,contextual_por_proximidad_no_asociacion_directa,77.0587,contextual_50_100km,62.31103603,375.20674803,261.684489766442,28.5545782379564,1,1,1
-74.01,3.57,VIVI,contextual_por_proximidad_no_asociacion_directa,73.3682,contextual_50_100km,61.03084584,326.68606984,230.303218329426,22.3897508909965,1,1,1
-73.96,3.57,VIVI,contextual_por_proximidad_no_asociacion_directa,69.9234,contextual_50_100km,59.72531852,277.15253452,198.267373676765,10.669412495934,1,1,1
-73.91,3.57,VIVI,contextual_por_proximidad_no_asociacion_directa,66.7624,contextual_50_100km,58.40231344,218.97306544,160.716100965787,5.29825088727346,1,1,1
-73.86,3.57,VIVI,contextual_por_proximidad_no_asociacion_directa,63.9273,contextual_50_100km,57.03308823,196.49560023,145.896954425137,2.99157918190262,1,1,1
-73.81,3.57,VIVI,contextual_por_proximidad_no_asociacion_directa,61.4633,contextual_50_100km,55.64900532,171.12712532,129.230300085047,2.13119041983842,1,1,1
-73.76,3.57,VIVI,contextual_por_proximidad_no_asociacion_directa,59.4164,contextual_50_100km,54.24080211,161.69532211,122.709553679186,1.27326685120838,1,1,1
-73.71,3.57,VIVI,contextual_por_proximidad_no_asociacion_directa,57.831,contextual_50_100km,52.81729013,160.32118613,121.317503503468,1.2738228494406,1,1,1
-73.66,3.57,VIVI,contextual_por_proximidad_no_asociacion_directa,56.7459,contextual_50_100km,51.38801732,155.55903332,117.764558904418,1.13119740125251,1,1,1
-73.61,3.57,VIVI,contextual_por_proximidad_no_asociacion_directa,56.19,contextual_50_100km,49.95228913,153.06172113,115.652401922351,0.915166528610504,1,1,1
-73.56,3.57,VIVI,contextual_por_proximidad_no_asociacion_directa,56.179,contextual_50_100km,48.51481545,148.52590345,112.240700023641,0.892248035538009,1,1,1
-73.51,3.57,VIVI,contextual_por_proximidad_no_asociacion_directa,56.7132,contextual_50_100km,47.07831839,140.75693439,106.769226564446,0.773405132133883,1,1,1
-73.46,3.57,VIVI,contextual_por_proximidad_no_asociacion_directa,57.7775,contextual_50_100km,45.64212746,136.75319146,103.69702181177,1.02957403022986,1,1,1
-73.41,3.57,VIVI,contextual_por_proximidad_no_asociacion_directa,59.3434,contextual_50_100km,44.21297947,125.26368347,95.8575311992677,0.886739148885209,1,1,1
-73.36,3.57,VIVI,contextual_por_proximidad_no_asociacion_directa,61.3725,contextual_50_100km,42.78650256,124.84941456,95.0760212770533,0.914314479617309,1,1,1
-73.31,3.57,VIVI,contextual_por_proximidad_no_asociacion_directa,63.8207,contextual_50_100km,41.3723805,113.3502445,87.2358256924094,0.675416314986767,1,1,1
-73.26,3.57,VIVI,contextual_por_proximidad_no_asociacion_directa,66.6417,contextual_50_100km,39.96565707,115.04186507,87.8033304811189,0.428542952433496,1,1,1
-73.21,3.57,VIVI,contextual_por_proximidad_no_asociacion_directa,69.7904,contextual_50_100km,38.57271953,116.38929553,88.1565230787822,0.252272887430516,1,1,1
-73.16,3.57,VIVI,contextual_por_proximidad_no_asociacion_directa,73.2246,contextual_50_100km,37.19605051,114.88918651,86.7011995480766,0.124520038043167,1,1,1
-73.11,3.57,VIVI,contextual_por_proximidad_no_asociacion_directa,76.9059,contextual_50_100km,35.83659382,115.78868182,86.7811204039883,0.333405415322211,1,1,1
-73.06,3.57,VIVI,contextual_por_proximidad_no_asociacion_directa,80.8006,contextual_50_100km,34.49744786,110.98087186,83.2317826931622,0.811013209313533,1,1,1
-73.01,3.57,VIVI,contextual_por_proximidad_no_asociacion_directa,84.8794,contextual_50_100km,33.17964014,103.88607214,78.2329438721422,0.783710460068422,1,1,1
-72.96,3.57,VIVI,contextual_por_proximidad_no_asociacion_directa,89.117,contextual_50_100km,31.88450226,98.93711026,74.6096324752578,0.56784652382121,1,1,1
-72.91,3.57,VIVI,contextual_por_proximidad_no_asociacion_directa,93.4917,contextual_50_100km,30.613944,95.494008,71.95475482684,0.514897055604796,1,1,1
-72.86,3.57,VIVI,contextual_por_proximidad_no_asociacion_directa,97.9852,contextual_50_100km,29.36970434,91.87972034,69.2003485612933,0.46487413393479,1,1,1
-72.81,3.57,VIVI,contextual_por_proximidad_no_asociacion_directa,102.582,regional_100_150km,28.15331444,88.86110644,66.8356028049922,0.360686064783829,1,0,1
-72.76,3.57,VIVI,contextual_por_proximidad_no_asociacion_directa,107.2687,regional_100_150km,26.9662903,87.1062583,65.2867679157466,0.454095542764586,1,0,1
-72.71,3.57,VIVI,contextual_por_proximidad_no_asociacion_directa,112.034,regional_100_150km,25.81004146,86.32032946,64.3664826078633,0.390082877510479,1,0,1
-72.66,3.57,VIVI,contextual_por_proximidad_no_asociacion_directa,116.8684,regional_100_150km,24.68583653,86.10958053,63.8243210570844,0.608333381989741,1,0,1
-72.61,3.57,VIVI,contextual_por_proximidad_no_asociacion_directa,121.7635,regional_100_150km,23.5951672,88.9689912,65.2505960696622,0.514557701939134,1,0,1
-72.56,3.57,VIVI,contextual_por_proximidad_no_asociacion_directa,126.7125,regional_100_150km,22.5379076,85.5787156,62.7067662173272,0.454558224404112,1,0,1
-72.51,3.57,VIVI,contextual_por_proximidad_no_asociacion_directa,131.7091,regional_100_150km,21.51594278,83.92720678,61.2836633927289,0.531522007258924,1,0,1
-72.46,3.57,VIVI,contextual_por_proximidad_no_asociacion_directa,136.7482,regional_100_150km,20.52903225,77.55831225,56.8674161959666,0.82236842333565,1,0,1
-72.41,3.57,VIVI,contextual_por_proximidad_no_asociacion_directa,141.8252,regional_100_150km,19.57857498,70.90492698,52.28312053137,0.514701389988801,1,0,1
-72.36,3.57,VIVI,contextual_por_proximidad_no_asociacion_directa,146.9363,regional_100_150km,18.66656315,70.09166715,51.4340323099344,0.423544709624441,1,0,1
-72.31,3.57,VIVI,contextual_por_proximidad_no_asociacion_directa,152.0779,no_local_mayor_150km,17.79267865,70.20530265,51.1893838955789,0.277213172577869,1,0,0
-72.26,3.57,VIVI,contextual_por_proximidad_no_asociacion_directa,157.2471,no_local_mayor_150km,16.95764574,72.22173374,52.1712701828772,0.44806090157645,1,0,0
-72.21,3.57,VIVI,contextual_por_proximidad_no_asociacion_directa,162.4413,no_local_mayor_150km,16.16234067,77.93171667,55.52105782706,0.600331906169055,1,0,0
-72.16,3.57,VIVI,contextual_por_proximidad_no_asociacion_directa,167.6581,no_local_mayor_150km,15.40569269,82.05094869,57.8712630199294,0.383250345702993,1,0,0
-72.11,3.57,VIVI,contextual_por_proximidad_no_asociacion_directa,172.8955,no_local_mayor_150km,14.6875199,83.6534479,58.6317950311939,0.419726657575818,1,0,0
-72.06,3.57,VIVI,contextual_por_proximidad_no_asociacion_directa,178.1516,no_local_mayor_150km,14.0057337,75.6022937,53.2543345420722,0.879218827265121,1,0,0
-72.01,3.57,VIVI,contextual_por_proximidad_no_asociacion_directa,183.4249,no_local_mayor_150km,13.36366254,70.04731054,49.4818138559911,0.493617423564358,1,0,0
-71.96,3.57,VIVI,contextual_por_proximidad_no_asociacion_directa,188.7139,no_local_mayor_150km,12.76188051,69.11224051,48.6676646470861,NaN,1,0,0
-71.91,3.57,VIVI,contextual_por_proximidad_no_asociacion_directa,194.0173,no_local_mayor_150km,12.20017124,72.57467524,50.6700924260872,NaN,1,0,0
-71.86,3.57,VIVI,contextual_por_proximidad_no_asociacion_directa,199.3341,no_local_mayor_150km,11.67579002,72.45764602,50.4052710914155,NaN,1,0,0
-75.76,3.52,NEV1,contextual_por_proximidad_no_asociacion_directa,82.9803,contextual_50_100km,77.64498241,698.86912641,473.481672986779,32.3301379384091,1,1,1
-75.71,3.52,NEV1,contextual_por_proximidad_no_asociacion_directa,79.6304,contextual_50_100km,78.4894826,472.4482426,329.51535351678,20.6176424960351,1,1,1
-75.66,3.52,NEV1,contextual_por_proximidad_no_asociacion_directa,76.537,contextual_50_100km,79.05586645,416.96052245,294.364724055388,14.9837657972897,1,1,1
-75.61,3.52,NEV1,contextual_por_proximidad_no_asociacion_directa,73.7322,contextual_50_100km,79.38490586,493.29156986,343.121345706798,4.4438942891469,1,1,1
-75.56,3.52,NEV1,contextual_por_proximidad_no_asociacion_directa,71.2501,contextual_50_100km,79.91245568,359.94843968,258.348078666623,12.3795151866699,1,1,1
-75.51,3.52,NEV1,contextual_por_proximidad_no_asociacion_directa,69.1256,contextual_50_100km,80.20156366,357.69468366,257.016903726089,4.89662972008319,1,1,1
-75.46,3.52,NEV1,contextual_por_proximidad_no_asociacion_directa,67.3925,contextual_50_100km,80.42485227,351.78300427,253.331063154023,7.34217648515228,1,1,1
-75.41,3.52,NEV1,contextual_por_proximidad_no_asociacion_directa,66.0816,contextual_50_100km,80.66413498,280.16786298,207.785555182319,8.67805275310657,1,1,1
-75.36,3.52,NEV1,contextual_por_proximidad_no_asociacion_directa,65.2183,contextual_50_100km,80.69462725,313.99622725,229.3516524835,13.7969004651341,1,1,1
-75.31,3.52,NEV1,contextual_por_proximidad_no_asociacion_directa,64.8205,contextual_50_100km,80.44077613,510.86371213,354.701189509202,10.0897397845927,1,1,1
-75.26,3.52,NEV1,contextual_por_proximidad_no_asociacion_directa,64.8968,contextual_50_100km,80.40521757,489.22615357,340.901091575729,9.22982493855577,1,1,1
-75.21,3.52,NEV1,contextual_por_proximidad_no_asociacion_directa,65.4456,contextual_50_100km,80.41193135,383.17321935,273.327849757516,14.1407114564534,1,1,1
-75.16,3.52,NEV1,contextual_por_proximidad_no_asociacion_directa,66.455,contextual_50_100km,80.38989363,247.00920563,186.557752180359,12.2745583531456,1,1,1
-75.11,3.52,NEV1,contextual_por_proximidad_no_asociacion_directa,67.9047,contextual_50_100km,80.20011137,187.02508737,148.267724934588,2.85445319107281,1,1,1
-75.06,3.52,NEV1,contextual_por_proximidad_no_asociacion_directa,69.7671,contextual_50_100km,79.85016354,198.79694754,155.641650055873,8.01121925895922,1,1,1
-75.01,3.52,NEV1,contextual_por_proximidad_no_asociacion_directa,72.0102,contextual_50_100km,79.32557233,296.09855633,217.450758580026,11.326790261455,1,1,1
-74.96,3.52,NEV1,contextual_por_proximidad_no_asociacion_directa,74.5997,contextual_50_100km,78.77809191,363.34432391,260.100335439517,7.90658188328068,1,1,1
-74.91,3.52,NEV1,contextual_por_proximidad_no_asociacion_directa,77.5009,contextual_50_100km,78.17539541,426.64651541,300.217079131783,8.96040944994282,1,1,1
-74.86,3.52,NEV1,contextual_por_proximidad_no_asociacion_directa,80.6802,contextual_50_100km,77.49270431,507.36016031,351.399172391026,12.3975077768095,1,1,1
-74.81,3.52,NEV1,contextual_por_proximidad_no_asociacion_directa,84.106,contextual_50_100km,76.73141995,606.72105995,414.434561664303,6.9163779216543,1,1,1
-74.76,3.52,NEV1,contextual_por_proximidad_no_asociacion_directa,87.7494,contextual_50_100km,76.22231231,450.75161631,314.867963241726,10.8864123236004,1,1,1
-74.71,3.52,NEV1,contextual_por_proximidad_no_asociacion_directa,91.5846,contextual_50_100km,75.34931005,551.54379805,378.774815998822,21.3381145979443,1,1,1
-74.66,3.52,NEV1,contextual_por_proximidad_no_asociacion_directa,95.5883,contextual_50_100km,74.24920382,807.35936382,541.378342900294,29.6698820988092,1,1,1
-74.61,3.52,NEV1,contextual_por_proximidad_no_asociacion_directa,99.7404,contextual_50_100km,73.15316827,1025.54214427,680.004180167643,15.429405614476,1,1,1
-74.56,3.52,NEV1,contextual_por_proximidad_no_asociacion_directa,104.0231,regional_100_150km,72.21364961,1065.81924161,705.327402632228,14.9990011198664,1,0,1
-74.51,3.52,NEV1,contextual_por_proximidad_no_asociacion_directa,108.4208,regional_100_150km,71.3671083,976.9106043,648.368733384885,27.7468070934458,1,0,1
-74.46,3.52,NEV1,contextual_por_proximidad_no_asociacion_directa,112.9202,regional_100_150km,70.28710764,1064.55927564,703.825595020038,9.60808651066004,1,0,1
-74.41,3.52,VIVI,contextual_por_proximidad_no_asociacion_directa,110.4663,regional_100_150km,69.47103326,854.53708926,569.705855896263,27.3713324511034,1,0,1
-74.36,3.52,VIVI,contextual_por_proximidad_no_asociacion_directa,105.9093,regional_100_150km,68.65229217,595.06217217,404.074453073841,3.56626485944178,1,0,1
-74.31,3.52,VIVI,contextual_por_proximidad_no_asociacion_directa,101.4509,regional_100_150km,67.30866639,825.67465039,550.530518360651,20.3927357780861,1,0,1
-74.26,3.52,VIVI,contextual_por_proximidad_no_asociacion_directa,97.1048,contextual_50_100km,66.20687331,772.30836131,516.126405447919,11.1233265973622,1,1,1
-74.21,3.52,VIVI,contextual_por_proximidad_no_asociacion_directa,92.8868,contextual_50_100km,64.8648445,945.8437805,626.214221954479,7.04584837123927,1,1,1
-74.16,3.52,VIVI,contextual_por_proximidad_no_asociacion_directa,88.8151,contextual_50_100km,63.87630063,686.07562063,460.334361841353,32.002174579296,1,1,1
-74.11,3.52,VIVI,contextual_por_proximidad_no_asociacion_directa,84.9108,contextual_50_100km,62.77863611,502.96567611,343.260621286011,23.2857964480647,1,1,1
-74.06,3.52,VIVI,contextual_por_proximidad_no_asociacion_directa,81.1979,contextual_50_100km,61.62963102,335.70346302,236.266241139545,14.36432627999,1,1,1
-74.01,3.52,VIVI,contextual_por_proximidad_no_asociacion_directa,77.704,contextual_50_100km,60.37090475,264.87395275,190.677832635894,6.09573621005154,1,1,1
-73.96,3.52,VIVI,contextual_por_proximidad_no_asociacion_directa,74.4599,contextual_50_100km,59.05447389,236.20321789,171.931562203543,3.5396956758675,1,1,1
-73.91,3.52,VIVI,contextual_por_proximidad_no_asociacion_directa,71.4995,contextual_50_100km,57.70798781,220.01924381,161.130803936735,1.53504337562977,1,1,1
-73.86,3.52,VIVI,contextual_por_proximidad_no_asociacion_directa,68.8596,contextual_50_100km,56.33543318,216.14085718,158.161562739412,2.36289488578842,1,1,1
-73.81,3.52,VIVI,contextual_por_proximidad_no_asociacion_directa,66.5782,contextual_50_100km,54.96706526,182.38183326,136.154251210274,3.66796813603093,1,1,1
-73.76,3.52,VIVI,contextual_por_proximidad_no_asociacion_directa,64.6933,contextual_50_100km,53.58127888,154.17253488,117.676839653957,2.05016014067139,1,1,1
-73.71,3.52,VIVI,contextual_por_proximidad_no_asociacion_directa,63.2403,contextual_50_100km,52.1713228,149.3803228,114.111749980625,1.08951422330383,1,1,1
-73.66,3.52,VIVI,contextual_por_proximidad_no_asociacion_directa,62.2494,contextual_50_100km,50.75182454,149.49148054,113.667567653374,1.09549688451087,1,1,1
-73.61,3.52,VIVI,contextual_por_proximidad_no_asociacion_directa,61.7431,contextual_50_100km,49.33092028,143.82424028,109.540948225103,0.913402284456588,1,1,1
-73.56,3.52,VIVI,contextual_por_proximidad_no_asociacion_directa,61.733,contextual_50_100km,47.90571098,143.04091898,108.524742380772,0.906710839371905,1,1,1
-73.51,3.52,VIVI,contextual_por_proximidad_no_asociacion_directa,62.2196,contextual_50_100km,46.48244834,139.01307234,105.441869564884,0.832068514552606,1,1,1
-73.46,3.52,VIVI,contextual_por_proximidad_no_asociacion_directa,63.1913,contextual_50_100km,45.0636284,130.4717644,99.4846843571738,1.1413688322265,1,1,1
-73.41,3.52,VIVI,contextual_por_proximidad_no_asociacion_directa,64.6262,contextual_50_100km,43.64936192,122.62627392,93.9725178694144,0.902080241208108,1,1,1
-73.36,3.52,VIVI,contextual_por_proximidad_no_asociacion_directa,66.4944,contextual_50_100km,42.24168917,116.56491317,89.599570065815,0.420953674126396,1,1,1
-73.31,3.52,VIVI,contextual_por_proximidad_no_asociacion_directa,68.7606,contextual_50_100km,40.84125711,119.00346511,90.6452932887577,0.0763814054754955,1,1,1
-73.26,3.52,VIVI,contextual_por_proximidad_no_asociacion_directa,71.3868,contextual_50_100km,39.45407225,117.12252025,88.9434903859355,0.444955287315972,1,1,1
-73.21,3.52,VIVI,contextual_por_proximidad_no_asociacion_directa,74.335,contextual_50_100km,38.081166,114.157238,86.5559409478339,0.52939854460403,1,1,1
-73.16,3.52,VIVI,contextual_por_proximidad_no_asociacion_directa,77.5684,contextual_50_100km,36.72396609,113.20739009,85.4583009231622,0.508310312331562,1,1,1
-73.11,3.52,VIVI,contextual_por_proximidad_no_asociacion_directa,81.0528,contextual_50_100km,35.38483057,112.85577457,84.7484014888066,0.553072302590166,1,1,1
-73.06,3.52,VIVI,contextual_por_proximidad_no_asociacion_directa,84.7574,contextual_50_100km,34.06627553,107.57479553,80.9050366551583,0.516851863153248,1,1,1
-73.01,3.52,VIVI,contextual_por_proximidad_no_asociacion_directa,88.6546,contextual_50_100km,32.76890402,108.14136802,80.7953482568122,0.183344424111791,1,1,1
-72.96,3.52,VIVI,contextual_por_proximidad_no_asociacion_directa,92.72,contextual_50_100km,31.49533137,106.27528337,79.1442339554255,0.528225938684919,1,1,1
-72.91,3.52,VIVI,contextual_por_proximidad_no_asociacion_directa,96.9325,contextual_50_100km,30.24698831,103.10127631,76.6688805284189,0.631139045497597,1,1,1
-72.86,3.52,VIVI,contextual_por_proximidad_no_asociacion_directa,101.2737,regional_100_150km,29.02532644,97.50983844,72.6628489794422,0.7805967705304,1,0,1
-72.81,3.52,VIVI,contextual_por_proximidad_no_asociacion_directa,105.7278,regional_100_150km,27.83189787,95.84733787,71.1705332687611,0.628844868417263,1,0,1
-72.76,3.52,VIVI,contextual_por_proximidad_no_asociacion_directa,110.2812,regional_100_150km,26.668327,96.893343,71.4148781403905,0.395477512027305,1,0,1
-72.71,3.52,VIVI,contextual_por_proximidad_no_asociacion_directa,114.9219,regional_100_150km,25.53562445,95.19281645,69.920364841145,0.339840943081886,1,0,1
-72.66,3.52,VIVI,contextual_por_proximidad_no_asociacion_directa,119.6399,regional_100_150km,24.4351198,93.6108958,68.5131075993933,0.367616728024912,1,0,1
-72.61,3.52,VIVI,contextual_por_proximidad_no_asociacion_directa,124.4263,regional_100_150km,23.36765739,90.09932139,65.8882858774233,0.632951440224077,1,0,1
-72.56,3.52,VIVI,contextual_por_proximidad_no_asociacion_directa,129.2736,regional_100_150km,22.33409118,84.39972318,61.8815791627533,0.66015976610657,1,0,1
-72.51,3.52,VIVI,contextual_por_proximidad_no_asociacion_directa,134.1752,regional_100_150km,21.33582244,80.00685444,58.7203113783505,0.370890832920948,1,0,1
-72.46,3.52,VIVI,contextual_por_proximidad_no_asociacion_directa,139.1253,regional_100_150km,20.37417131,79.10692331,57.7979875037033,0.266457239683602,1,0,1
-72.41,3.52,VIVI,contextual_por_proximidad_no_asociacion_directa,144.1189,regional_100_150km,19.44896643,76.55231043,55.83454308239,0.636650014198126,1,0,1
-72.36,3.52,VIVI,contextual_por_proximidad_no_asociacion_directa,149.1516,regional_100_150km,18.56017928,69.82481128,51.2253975760172,0.253001338540427,1,0,1
-72.31,3.52,VIVI,contextual_por_proximidad_no_asociacion_directa,154.2197,no_local_mayor_150km,17.71163804,73.56823804,53.3028041342639,0.427374843129749,1,0,0
-72.26,3.52,VIVI,contextual_por_proximidad_no_asociacion_directa,159.3197,no_local_mayor_150km,16.90135904,76.53522304,54.8993531618539,0.748715707396419,1,0,0
-72.21,3.52,VIVI,contextual_por_proximidad_no_asociacion_directa,164.4487,no_local_mayor_150km,16.13128903,85.12190503,60.091295063335,0.870802025003637,1,0,0
-72.16,3.52,VIVI,contextual_por_proximidad_no_asociacion_directa,169.6041,no_local_mayor_150km,15.39816279,85.99349879,60.3806774625072,0.36546474414472,1,0,0
-72.11,3.52,VIVI,contextual_por_proximidad_no_asociacion_directa,174.7834,no_local_mayor_150km,14.70197621,79.59438421,56.0506524879105,0.752742749404915,1,0,0
-72.06,3.52,VIVI,contextual_por_proximidad_no_asociacion_directa,179.9847,no_local_mayor_150km,14.04492495,74.04910895,52.2788826039705,0.318821010820852,1,0,0
-72.01,3.52,VIVI,contextual_por_proximidad_no_asociacion_directa,185.2061,no_local_mayor_150km,13.42954572,78.05038572,54.6051820743583,0.967200500273632,1,0,0
-71.96,3.52,VIVI,contextual_por_proximidad_no_asociacion_directa,190.446,no_local_mayor_150km,12.8509086,75.2498286,52.6107637616583,NaN,1,0,0
-71.91,3.52,VIVI,contextual_por_proximidad_no_asociacion_directa,195.7028,no_local_mayor_150km,12.31497615,86.35428815,59.4919516711922,NaN,1,0,0
-75.76,3.47,NEV1,contextual_por_proximidad_no_asociacion_directa,78.7167,contextual_50_100km,77.16633094,745.48283494,503.009717350948,18.4195035036207,1,1,1
-75.71,3.47,NEV1,contextual_por_proximidad_no_asociacion_directa,75.1769,contextual_50_100km,77.99493419,511.65199819,354.316095749687,21.5647781574206,1,1,1
-75.66,3.47,NEV1,contextual_por_proximidad_no_asociacion_directa,71.8918,contextual_50_100km,78.6463975,370.6190295,264.68791167185,12.4613779338528,1,1,1
-75.61,3.47,NEV1,contextual_por_proximidad_no_asociacion_directa,68.898,contextual_50_100km,79.04416551,377.74427751,269.372350515303,9.70634601076807,1,1,1
-75.56,3.47,NEV1,contextual_por_proximidad_no_asociacion_directa,66.235,contextual_50_100km,79.49219706,290.78444506,214.125123034699,4.27572636356417,1,1,1
-75.51,3.47,NEV1,contextual_por_proximidad_no_asociacion_directa,63.9439,contextual_50_100km,79.74024788,305.79591988,223.780253335084,7.83475242020183,1,1,1
-75.46,3.47,NEV1,contextual_por_proximidad_no_asociacion_directa,62.0662,contextual_50_100km,79.9192203,319.8372043,232.792127307318,4.64812762049732,1,1,1
-75.41,3.47,NEV1,contextual_por_proximidad_no_asociacion_directa,60.6402,contextual_50_100km,79.971777,377.314049,269.434762387542,7.04167367482305,1,1,1
-75.36,3.47,NEV1,contextual_por_proximidad_no_asociacion_directa,59.6982,contextual_50_100km,80.05806848,355.13176448,255.33178013626,3.12433125742158,1,1,1
-75.31,3.47,NEV1,contextual_por_proximidad_no_asociacion_directa,59.2634,contextual_50_100km,79.94849794,430.57981794,303.36663559913,13.4213425347773,1,1,1
-75.26,3.47,NEV1,contextual_por_proximidad_no_asociacion_directa,59.3468,contextual_50_100km,79.76590965,509.86790165,353.821821301367,6.25974204087141,1,1,1
-75.21,3.47,NEV1,contextual_por_proximidad_no_asociacion_directa,59.9464,contextual_50_100km,79.82738086,348.37110086,250.940268899936,20.0683646952121,1,1,1
-75.16,3.47,NEV1,contextual_por_proximidad_no_asociacion_directa,61.0469,contextual_50_100km,79.8072742,197.6307542,154.883004668453,9.52840123949169,1,1,1
-75.11,3.47,NEV1,contextual_por_proximidad_no_asociacion_directa,62.622,contextual_50_100km,79.53085798,193.24378598,151.987393241958,4.44784005982928,1,1,1
-75.06,3.47,NEV1,contextual_por_proximidad_no_asociacion_directa,64.6368,contextual_50_100km,79.07959239,274.60855239,203.6683373476,13.249323197147,1,1,1
-75.01,3.47,NEV1,contextual_por_proximidad_no_asociacion_directa,67.0519,contextual_50_100km,78.54359077,373.89847877,266.740238535183,11.1105609111978,1,1,1
-74.96,3.47,NEV1,contextual_por_proximidad_no_asociacion_directa,69.8257,contextual_50_100km,78.01814744,416.66344344,293.798932109621,4.67188867405864,1,1,1
-74.91,3.47,NEV1,contextual_por_proximidad_no_asociacion_directa,72.9172,contextual_50_100km,77.46827146,430.64245546,302.506692039665,13.3539893583055,1,1,1
-74.86,3.47,NEV1,contextual_por_proximidad_no_asociacion_directa,76.2879,contextual_50_100km,76.6820413,590.6738573,404.191558426863,8.22567602361287,1,1,1
-74.81,3.47,NEV1,contextual_por_proximidad_no_asociacion_directa,79.9024,contextual_50_100km,76.08231393,550.85724193,378.603293005708,18.3351976020484,1,1,1
-74.76,3.47,NEV1,contextual_por_proximidad_no_asociacion_directa,83.7292,contextual_50_100km,75.549469,405.319429,285.674994349892,3.84543030669513,1,1,1
-74.71,3.47,NEV1,contextual_por_proximidad_no_asociacion_directa,87.7405,contextual_50_100km,74.57151751,592.48872551,404.582248077299,29.3905936032264,1,1,1
-74.66,3.47,NEV1,contextual_por_proximidad_no_asociacion_directa,91.912,contextual_50_100km,73.39625005,916.45441805,610.582961815733,17.5963476433794,1,1,1
-74.61,3.47,NEV1,contextual_por_proximidad_no_asociacion_directa,96.2231,contextual_50_100km,72.58055803,882.21117403,588.467628296668,10.0320281585856,1,1,1
-74.56,3.47,NEV1,contextual_por_proximidad_no_asociacion_directa,100.6557,regional_100_150km,71.73409254,830.19882854,555.018868119215,29.5514488994374,1,0,1
-74.51,3.47,NEV1,contextual_por_proximidad_no_asociacion_directa,105.1946,regional_100_150km,70.95762239,665.30887839,449.671225986179,22.8791411297958,1,0,1
-74.46,3.47,NEV1,contextual_por_proximidad_no_asociacion_directa,109.8264,regional_100_150km,69.68622633,931.59368233,618.883481880471,21.1488008275562,1,0,1
-74.41,3.47,VIVI,contextual_por_proximidad_no_asociacion_directa,113.6662,regional_100_150km,68.89004134,693.32362534,466.771749195123,25.4715856895481,1,0,1
-74.36,3.47,VIVI,contextual_por_proximidad_no_asociacion_directa,109.2424,regional_100_150km,67.92373667,576.05215267,391.697164538349,2.15963782887778,1,0,1
-74.31,3.47,VIVI,contextual_por_proximidad_no_asociacion_directa,104.9255,regional_100_150km,66.72252572,661.06143772,445.428263865109,15.7837842496603,1,0,1
-74.26,3.47,VIVI,contextual_por_proximidad_no_asociacion_directa,100.7292,regional_100_150km,65.47425446,764.92232646,511.154308470889,14.5407216623999,1,0,1
-74.21,3.47,VIVI,contextual_por_proximidad_no_asociacion_directa,96.6693,contextual_50_100km,64.28807435,767.69857035,512.492938154537,28.2527803657933,1,1,1
-74.16,3.47,VIVI,contextual_por_proximidad_no_asociacion_directa,92.7635,contextual_50_100km,63.27762768,526.10356368,358.18485011941,17.2587181859222,1,1,1
-74.11,3.47,VIVI,contextual_por_proximidad_no_asociacion_directa,89.0322,contextual_50_100km,62.03944601,511.11416601,348.184555956811,16.7106762242657,1,1,1
-74.06,3.47,VIVI,contextual_por_proximidad_no_asociacion_directa,85.4984,contextual_50_100km,60.92224589,306.55550189,217.436856742985,13.472660567361,1,1,1
-74.01,3.47,VIVI,contextual_por_proximidad_no_asociacion_directa,82.1873,contextual_50_100km,59.62318039,295.83796439,210.136452076151,4.20174180827958,1,1,1
-73.96,3.47,VIVI,contextual_por_proximidad_no_asociacion_directa,79.127,contextual_50_100km,58.33633144,237.52183544,172.511219180184,5.38120362854034,1,1,1
-73.91,3.47,VIVI,contextual_por_proximidad_no_asociacion_directa,76.3477,contextual_50_100km,57.0101204,204.1382564,150.758431709952,3.14668079793507,1,1,1
-73.86,3.47,VIVI,contextual_por_proximidad_no_asociacion_directa,73.8811,contextual_50_100km,55.65639654,185.20667654,138.20430552548,2.50722516658836,1,1,1
-73.81,3.47,VIVI,contextual_por_proximidad_no_asociacion_directa,71.7594,contextual_50_100km,54.286858,168.098538,126.806316870522,2.09376497758269,1,1,1
-73.76,3.47,VIVI,contextual_por_proximidad_no_asociacion_directa,70.014,contextual_50_100km,52.90346825,154.12426825,117.400167028556,1.52872076544918,1,1,1
-73.71,3.47,VIVI,contextual_por_proximidad_no_asociacion_directa,68.6735,contextual_50_100km,51.50912705,143.17567105,109.917966699946,1.07252285345834,1,1,1
-73.66,3.47,VIVI,contextual_por_proximidad_no_asociacion_directa,67.7622,contextual_50_100km,50.10497983,138.62380383,106.508129456954,0.922651430968325,1,1,1
-73.61,3.47,VIVI,contextual_por_proximidad_no_asociacion_directa,67.2972,contextual_50_100km,48.69435961,140.08933561,106.930159336393,0.894052004609714,1,1,1
-73.56,3.47,VIVI,contextual_por_proximidad_no_asociacion_directa,67.288,contextual_50_100km,47.28574229,134.81704629,103.059655831309,1.02365198896521,1,1,1
-73.51,3.47,VIVI,contextual_por_proximidad_no_asociacion_directa,67.7347,contextual_50_100km,45.87462518,138.75088118,105.05427903486,0.934360684687535,1,1,1
-73.46,3.47,VIVI,contextual_por_proximidad_no_asociacion_directa,68.6284,contextual_50_100km,44.47234484,129.12749684,98.41360828187,1.02856973477911,1,1,1
-73.41,3.47,VIVI,contextual_por_proximidad_no_asociacion_directa,69.952,contextual_50_100km,43.0741221,123.8162261,94.5220375525039,0.657361928680101,1,1,1
-73.36,3.47,VIVI,contextual_por_proximidad_no_asociacion_directa,71.6816,contextual_50_100km,41.68336787,120.35167987,91.8098875426505,0.747403784493919,1,1,1
-73.31,3.47,VIVI,contextual_por_proximidad_no_asociacion_directa,73.7888,contextual_50_100km,40.30386917,113.12112517,86.7021650352072,0.691537692229942,1,1,1
-73.26,3.47,VIVI,contextual_por_proximidad_no_asociacion_directa,76.2422,contextual_50_100km,38.93542724,111.32064324,85.0584323177378,0.569540578860698,1,1,1
-73.21,3.47,VIVI,contextual_por_proximidad_no_asociacion_directa,79.0095,contextual_50_100km,37.58164832,109.54716832,83.4372280613389,0.610791950385662,1,1,1
-73.16,3.47,VIVI,contextual_por_proximidad_no_asociacion_directa,82.0591,contextual_50_100km,36.24466179,107.04984579,81.3608891307067,0.568961408681613,1,1,1
-73.11,3.47,VIVI,contextual_por_proximidad_no_asociacion_directa,85.3606,contextual_50_100km,34.92563221,109.87840021,82.6846511104133,0.470138896276876,1,1,1
-73.06,3.47,VIVI,contextual_por_proximidad_no_asociacion_directa,88.886,contextual_50_100km,33.62805562,104.97637562,79.0903628078111,0.504996927431009,1,1,1
-73.01,3.47,VIVI,contextual_por_proximidad_no_asociacion_directa,92.6098,contextual_50_100km,32.35242534,102.77494534,77.2248236975194,0.598807538621802,1,1,1
-72.96,3.47,VIVI,contextual_por_proximidad_no_asociacion_directa,96.5089,contextual_50_100km,31.10061837,105.89291437,78.7573864064961,0.608078636714136,1,1,1
-72.91,3.47,VIVI,contextual_por_proximidad_no_asociacion_directa,100.5631,regional_100_150km,29.87472024,99.98864024,74.5504823207555,0.406563315761618,1,0,1
-72.86,3.47,VIVI,contextual_por_proximidad_no_asociacion_directa,104.7542,regional_100_150km,28.67598846,102.75233246,75.8765603344038,0.0829233376900756,1,0,1
-72.81,3.47,VIVI,contextual_por_proximidad_no_asociacion_directa,109.0665,regional_100_150km,27.50582692,100.00213892,73.6996210573728,0.577504640232494,1,0,1
-72.76,3.47,VIVI,contextual_por_proximidad_no_asociacion_directa,113.4862,regional_100_150km,26.36535071,94.04750271,69.4916189298561,0.627445689242963,1,0,1
-72.71,3.47,VIVI,contextual_por_proximidad_no_asociacion_directa,118.0012,regional_100_150km,25.25615234,90.39544034,66.7621376393217,0.505683574917076,1,0,1
-72.66,3.47,VIVI,contextual_por_proximidad_no_asociacion_directa,122.601,regional_100_150km,24.17934951,87.20781351,64.3403426762566,0.582392374446585,1,0,1
-72.61,3.47,VIVI,contextual_por_proximidad_no_asociacion_directa,127.2764,regional_100_150km,23.13622934,85.70796534,63.0062008166461,0.532985213416835,1,0,1
-72.56,3.47,VIVI,contextual_por_proximidad_no_asociacion_directa,132.0194,regional_100_150km,22.1282155,87.9834555,64.0903969614139,0.135952687766614,1,0,1
-72.51,3.47,VIVI,contextual_por_proximidad_no_asociacion_directa,136.8228,regional_100_150km,21.15471339,84.72631339,61.6617864033611,0.707635465260732,1,0,1
-72.46,3.47,VIVI,contextual_por_proximidad_no_asociacion_directa,141.6807,regional_100_150km,20.21637241,76.80126841,56.2716001174267,0.634708705912061,1,0,1
-72.41,3.47,VIVI,contextual_por_proximidad_no_asociacion_directa,146.5876,regional_100_150km,19.31597423,75.02444623,54.8127549114172,0.447470483154816,1,0,1
-72.36,3.47,VIVI,contextual_por_proximidad_no_asociacion_directa,151.5386,no_local_mayor_150km,18.45272118,72.08740118,52.6281060815639,0.324624271772356,1,0,0
-72.31,3.47,VIVI,contextual_por_proximidad_no_asociacion_directa,156.5297,no_local_mayor_150km,17.62874482,74.97896882,54.1716304938011,0.455449929481291,1,0,0
-72.26,3.47,VIVI,contextual_por_proximidad_no_asociacion_directa,161.5571,no_local_mayor_150km,16.84363714,79.74866114,56.9259757955511,0.903361037795953,1,0,0
-72.21,3.47,VIVI,contextual_por_proximidad_no_asociacion_directa,166.6175,no_local_mayor_150km,16.09879676,90.43436476,63.4645431068855,0.340051837654513,1,0,0
-72.16,3.47,VIVI,contextual_por_proximidad_no_asociacion_directa,171.7081,no_local_mayor_150km,15.38765371,81.98353371,57.8217622356472,0.719745049582065,1,0,0
-72.11,3.47,VIVI,contextual_por_proximidad_no_asociacion_directa,176.8261,no_local_mayor_150km,14.71721247,80.63417247,56.7187211867666,0.149714142510499,1,0,0
-72.06,3.47,VIVI,contextual_por_proximidad_no_asociacion_directa,181.9693,no_local_mayor_150km,14.08596266,80.62012266,56.4807439302944,0.922952760440146,1,0,0
-72.01,3.47,VIVI,contextual_por_proximidad_no_asociacion_directa,187.1356,no_local_mayor_150km,13.49526485,86.80628085,60.2081787580294,0.542491534541554,1,0,0
-71.96,3.47,VIVI,contextual_por_proximidad_no_asociacion_directa,192.3232,no_local_mayor_150km,12.94034526,83.74552926,58.0565726007066,NaN,1,0,0
-71.91,3.47,VIVI,contextual_por_proximidad_no_asociacion_directa,197.5303,no_local_mayor_150km,12.42427561,82.87148361,57.3124048696605,NaN,1,0,0
-75.81,3.42,NEV1,contextual_por_proximidad_no_asociacion_directa,78.582,contextual_50_100km,76.31193898,609.96774698,416.351119662258,23.9935716765418,1,1,1
-75.76,3.42,NEV1,contextual_por_proximidad_no_asociacion_directa,74.6238,contextual_50_100km,77.00662368,521.73625568,360.383094849975,8.59463338070869,1,1,1
-75.71,3.42,NEV1,contextual_por_proximidad_no_asociacion_directa,70.8797,contextual_50_100km,77.60239612,461.04406812,321.926902724667,3.87545182603049,1,1,1
-75.66,3.42,NEV1,contextual_por_proximidad_no_asociacion_directa,67.3853,contextual_50_100km,77.89811229,588.47064029,403.228899470319,9.6554751912814,1,1,1
-75.61,3.42,NEV1,contextual_por_proximidad_no_asociacion_directa,64.1815,contextual_50_100km,78.58630686,344.66122686,248.126104685825,14.2463044656172,1,1,1
-75.56,3.42,NEV1,contextual_por_proximidad_no_asociacion_directa,61.3138,contextual_50_100km,78.90752873,340.82252073,245.796669545048,11.7206781112984,1,1,1
-75.51,3.42,NEV1,contextual_por_proximidad_no_asociacion_directa,58.8313,contextual_50_100km,78.96286084,491.62278084,341.904890128672,14.1186843762791,1,1,1
-75.46,3.42,NEV1,contextual_por_proximidad_no_asociacion_directa,56.7847,contextual_50_100km,79.26964606,389.61015006,277.014951424837,9.15539341250166,1,1,1
-75.41,3.42,NEV1,contextual_por_proximidad_no_asociacion_directa,55.2223,contextual_50_100km,79.36675176,398.27399176,282.570680167803,4.11350456579281,1,1,1
-75.36,3.42,NEV1,contextual_por_proximidad_no_asociacion_directa,54.1862,contextual_50_100km,79.50038026,324.88675626,235.857682091574,3.5523603442538,1,1,1
-75.31,3.42,NEV1,contextual_por_proximidad_no_asociacion_directa,53.7067,contextual_50_100km,79.45656515,336.60677315,243.309641851813,6.87304696647855,1,1,1
-75.26,3.42,NEV1,contextual_por_proximidad_no_asociacion_directa,53.7988,contextual_50_100km,79.25496654,418.71496654,295.554870980278,15.4341811245274,1,1,1
-75.21,3.42,NEV1,contextual_por_proximidad_no_asociacion_directa,54.4595,contextual_50_100km,79.33413219,228.99278819,174.694860969416,15.3052167522377,1,1,1
-75.16,3.42,NEV1,contextual_por_proximidad_no_asociacion_directa,55.6687,contextual_50_100km,79.15251224,190.75461624,150.264055368893,1.85015908727037,1,1,1
-75.11,3.42,NEV1,contextual_por_proximidad_no_asociacion_directa,57.3916,contextual_50_100km,78.84774919,197.58468519,154.505523037674,8.78090941578045,1,1,1
-75.06,3.42,NEV1,contextual_por_proximidad_no_asociacion_directa,59.5837,contextual_50_100km,78.3046157,343.0957597,247.026406614487,14.0018804585035,1,1,1
-75.01,3.42,NEV1,contextual_por_proximidad_no_asociacion_directa,62.1955,contextual_50_100km,77.77673576,428.44508776,301.218469772342,4.99572946422272,1,1,1
-74.96,3.42,NEV1,contextual_por_proximidad_no_asociacion_directa,65.1764,contextual_50_100km,77.30097124,422.88359524,297.502139411273,8.80874589041899,1,1,1
-74.91,3.42,NEV1,contextual_por_proximidad_no_asociacion_directa,68.4783,contextual_50_100km,76.56583847,581.99091847,398.616732553897,10.7021518825141,1,1,1
-74.86,3.42,NEV1,contextual_por_proximidad_no_asociacion_directa,72.0571,contextual_50_100km,75.96138393,586.68203993,401.386556523165,15.8332297671574,1,1,1
-74.81,3.42,NEV1,contextual_por_proximidad_no_asociacion_directa,75.8736,contextual_50_100km,75.58582883,348.33885283,249.380835684995,16.2604012366799,1,1,1
-74.76,3.42,NEV1,contextual_por_proximidad_no_asociacion_directa,79.8938,contextual_50_100km,74.8122043,398.5459483,281.09152407639,11.2925310804902,1,1,1
-74.71,3.42,NEV1,contextual_por_proximidad_no_asociacion_directa,84.0884,contextual_50_100km,73.88103287,542.23708087,372.311977389019,19.1491746257766,1,1,1
-74.66,3.42,NEV1,contextual_por_proximidad_no_asociacion_directa,88.4327,contextual_50_100km,72.88058781,708.02876381,477.589507194365,19.1977647942543,1,1,1
-74.61,3.42,NEV1,contextual_por_proximidad_no_asociacion_directa,92.9055,contextual_50_100km,71.83761196,875.09872396,583.666109474261,8.2752558971784,1,1,1
-74.56,3.42,NEV1,contextual_por_proximidad_no_asociacion_directa,97.4894,contextual_50_100km,71.22167209,600.53239209,408.492213995422,23.897342707255,1,1,1
-74.51,3.42,NEV1,contextual_por_proximidad_no_asociacion_directa,102.1692,regional_100_150km,70.27207217,592.04060817,402.736823471313,11.782327037791,1,0,1
-74.46,3.42,NEV1,contextual_por_proximidad_no_asociacion_directa,106.9324,regional_100_150km,69.16360449,697.91758849,469.798220219817,21.1813247888615,1,0,1
-74.41,3.42,NEV1,contextual_por_proximidad_no_asociacion_directa,111.7684,regional_100_150km,68.22558228,593.10480628,402.672427251093,6.91797054671579,1,0,1
-74.36,3.42,VIVI,contextual_por_proximidad_no_asociacion_directa,112.7513,regional_100_150km,67.15651151,579.04984751,393.328901954868,8.24969582532798,1,0,1
-74.31,3.42,VIVI,contextual_por_proximidad_no_asociacion_directa,108.5738,regional_100_150km,65.99379712,626.05342112,422.857177642176,9.58514095521285,1,0,1
-74.26,3.42,VIVI,contextual_por_proximidad_no_asociacion_directa,104.5238,regional_100_150km,64.91491717,542.92397317,369.496644426193,17.0835590830931,1,0,1
-74.21,3.42,VIVI,contextual_por_proximidad_no_asociacion_directa,100.6168,regional_100_150km,63.74936087,517.52714487,352.891207674693,19.4315618973769,1,0,1
-74.16,3.42,VIVI,contextual_por_proximidad_no_asociacion_directa,96.8702,contextual_50_100km,62.51798909,534.00941309,362.94675818094,16.6618616832548,1,1,1
-74.11,3.42,VIVI,contextual_por_proximidad_no_asociacion_directa,93.3031,contextual_50_100km,61.44645817,315.20206617,223.13653582741,21.5162753793067,1,1,1
-74.06,3.42,VIVI,contextual_por_proximidad_no_asociacion_directa,89.937,contextual_50_100km,60.22035339,248.34291339,180.089827705267,4.67050457538336,1,1,1
-74.01,3.42,VIVI,contextual_por_proximidad_no_asociacion_directa,86.7952,contextual_50_100km,58.89267357,284.35583357,202.555137373697,3.38622927913825,1,1,1
-73.96,3.42,VIVI,contextual_por_proximidad_no_asociacion_directa,83.903,contextual_50_100km,57.60911041,231.02996641,168.110832500235,4.58830694485415,1,1,1
-73.91,3.42,VIVI,contextual_por_proximidad_no_asociacion_directa,81.287,contextual_50_100km,56.28209643,211.70540043,155.315990859365,2.21184103354404,1,1,1
-73.86,3.42,VIVI,contextual_por_proximidad_no_asociacion_directa,78.9747,contextual_50_100km,54.93715607,194.95514807,144.154967563312,2.65561579851284,1,1,1
-73.81,3.42,VIVI,contextual_por_proximidad_no_asociacion_directa,76.9933,contextual_50_100km,53.58498859,167.17447659,125.962869341252,2.50138984765047,1,1,1
-73.76,3.42,VIVI,contextual_por_proximidad_no_asociacion_directa,75.3691,contextual_50_100km,52.21296732,153.84111932,116.969225983884,1.63991308168428,1,1,1
-73.71,3.42,VIVI,contextual_por_proximidad_no_asociacion_directa,74.1256,contextual_50_100km,50.83136119,142.75712919,109.405375312427,1.1841872708329,1,1,1
-73.66,3.42,VIVI,contextual_por_proximidad_no_asociacion_directa,73.282,contextual_50_100km,49.44242501,134.87524901,103.879211869315,0.89841304882056,1,1,1
-73.61,3.42,VIVI,contextual_por_proximidad_no_asociacion_directa,72.8523,contextual_50_100km,48.04904538,129.96382938,100.244178684207,0.955972903372104,1,1,1
-73.56,3.42,VIVI,contextual_por_proximidad_no_asociacion_directa,72.8438,contextual_50_100km,46.65469446,126.17474246,97.3239302565189,0.778401373520375,1,1,1
-73.51,3.42,VIVI,contextual_por_proximidad_no_asociacion_directa,73.2566,contextual_50_100km,45.26125013,125.17630613,96.1821803607766,1.08623142910392,1,1,1
-73.46,3.42,VIVI,contextual_por_proximidad_no_asociacion_directa,74.0838,contextual_50_100km,43.87219238,124.39210438,95.1785297132339,0.638078165103571,1,1,1
-73.41,3.42,VIVI,contextual_por_proximidad_no_asociacion_directa,75.3116,contextual_50_100km,42.48855903,128.06951103,97.0197313021616,0.310311348459435,1,1,1
-73.36,3.42,VIVI,contextual_por_proximidad_no_asociacion_directa,76.9209,contextual_50_100km,41.11693599,121.41465599,92.2816952039639,0.902391464215856,1,1,1
-73.31,3.42,VIVI,contextual_por_proximidad_no_asociacion_directa,78.8883,contextual_50_100km,39.75625265,113.96838065,87.04334448618,0.832699993499241,1,1,1
-73.26,3.42,VIVI,contextual_por_proximidad_no_asociacion_directa,81.1879,contextual_50_100km,38.40786346,109.23773546,83.5398217028477,0.569383458532824,1,1,1
-73.21,3.42,VIVI,contextual_por_proximidad_no_asociacion_directa,83.7922,contextual_50_100km,37.07432369,105.83040369,80.8848861529944,0.569962905466363,1,1,1
-73.16,3.42,VIVI,contextual_por_proximidad_no_asociacion_directa,86.6738,contextual_50_100km,35.75772575,103.92129375,79.1907465616077,0.391201441340933,1,1,1
-73.11,3.42,VIVI,contextual_por_proximidad_no_asociacion_directa,89.806,contextual_50_100km,34.45986775,106.01803575,80.0558876060105,0.512857197812942,1,1,1
-73.06,3.42,VIVI,contextual_por_proximidad_no_asociacion_directa,93.1636,contextual_50_100km,33.18337339,106.23516539,79.7311128255477,0.545886849348566,1,1,1
-73.01,3.42,VIVI,contextual_por_proximidad_no_asociacion_directa,96.723,contextual_50_100km,31.93010408,98.20504008,74.1597108778128,0.615745599380893,1,1,1
-72.96,3.42,VIVI,contextual_por_proximidad_no_asociacion_directa,100.4628,regional_100_150km,30.70080659,97.01277459,72.9540097410244,0.601866706185668,1,0,1
-72.91,3.42,VIVI,contextual_por_proximidad_no_asociacion_directa,104.3637,regional_100_150km,29.49759495,98.09320295,73.2059065490772,0.118766122603438,1,0,1
-72.86,3.42,VIVI,contextual_por_proximidad_no_asociacion_directa,108.4082,regional_100_150km,28.32203844,98.44830244,73.0056659718261,0.689585208432848,1,0,1
-72.81,3.42,VIVI,contextual_por_proximidad_no_asociacion_directa,112.5808,regional_100_150km,27.17536655,96.09191855,71.0881798769117,0.322218431128382,1,0,1
-72.76,3.42,VIVI,contextual_por_proximidad_no_asociacion_directa,116.8679,regional_100_150km,26.0592363,97.1606763,71.3642344664,0.363079933666051,1,0,1
-72.71,3.42,VIVI,contextual_por_proximidad_no_asociacion_directa,121.2573,regional_100_150km,24.97406943,92.08839743,67.7385269006105,0.747420390380076,1,0,1
-72.66,3.42,VIVI,contextual_por_proximidad_no_asociacion_directa,125.7383,regional_100_150km,23.92122398,85.66591198,63.2642102349189,0.702732918092177,1,0,1
-72.61,3.42,VIVI,contextual_por_proximidad_no_asociacion_directa,130.3014,regional_100_150km,22.90215504,81.09177104,59.9798913865989,0.313359220550206,1,0,1
-72.56,3.42,VIVI,contextual_por_proximidad_no_asociacion_directa,134.9384,regional_100_150km,21.91881889,83.57709889,61.206746987425,0.577729537166237,1,0,1
-72.51,3.42,VIVI,contextual_por_proximidad_no_asociacion_directa,139.6417,regional_100_150km,20.96993069,79.75205869,58.4252086879855,0.620153934428976,1,0,1
-72.46,3.42,VIVI,contextual_por_proximidad_no_asociacion_directa,144.4051,regional_100_150km,20.05739481,76.87682681,56.2620660877672,0.596353004873851,1,0,1
-72.41,3.42,VIVI,contextual_por_proximidad_no_asociacion_directa,149.2226,regional_100_150km,19.18113351,71.43328551,52.4755878916616,0.23070682986564,1,0,1
-72.36,3.42,VIVI,contextual_por_proximidad_no_asociacion_directa,154.0893,no_local_mayor_150km,18.34442613,75.50949013,54.7693300377428,0.315449618756625,1,0,0
-72.31,3.42,VIVI,contextual_por_proximidad_no_asociacion_directa,159.0006,no_local_mayor_150km,17.54530075,77.79636475,55.9365674253816,0.365676956843127,1,0,0
-72.26,3.42,VIVI,contextual_por_proximidad_no_asociacion_directa,163.9525,no_local_mayor_150km,16.78507568,82.36874768,58.5742172178617,0.37501461669073,1,0,0
-72.21,3.42,VIVI,contextual_por_proximidad_no_asociacion_directa,168.9415,no_local_mayor_150km,16.06141208,79.41082008,56.4269069740911,0.88360082420751,1,0,0
-72.16,3.42,VIVI,contextual_por_proximidad_no_asociacion_directa,173.9643,no_local_mayor_150km,15.37713537,79.35608737,56.1437682686894,0.124715837803906,1,0,0
-72.11,3.42,VIVI,contextual_por_proximidad_no_asociacion_directa,179.0181,no_local_mayor_150km,14.73205632,81.10574432,57.0245867263772,0.598475879507474,1,0,0
-72.06,3.42,VIVI,contextual_por_proximidad_no_asociacion_directa,184.1004,no_local_mayor_150km,14.12745913,89.10491513,61.9022089325544,0.472418178441873,1,0,0
-72.01,3.42,VIVI,contextual_por_proximidad_no_asociacion_directa,189.2088,no_local_mayor_150km,13.55845556,87.09166356,60.4129475872994,0.490374820882699,1,0,0
-71.96,3.42,VIVI,contextual_por_proximidad_no_asociacion_directa,194.3413,no_local_mayor_150km,13.02707194,83.06692794,57.6556413143322,NaN,1,0,0
-71.91,3.42,VIVI,contextual_por_proximidad_no_asociacion_directa,199.4961,no_local_mayor_150km,12.5336068,79.1171428,54.9598498745766,NaN,1,0,0
-75.81,3.37,NEV1,contextual_por_proximidad_no_asociacion_directa,74.8957,contextual_50_100km,75.60835605,855.24305205,572.382380215218,12.3708329185817,1,1,1
-75.76,3.37,NEV1,contextual_por_proximidad_no_asociacion_directa,70.7314,contextual_50_100km,76.31888255,729.08194655,492.251800612048,19.6870114801039,1,1,1
-75.71,3.37,NEV1,contextual_por_proximidad_no_asociacion_directa,66.7692,contextual_50_100km,77.07517722,513.21338522,354.977294444869,17.126372469854,1,1,1
-75.66,3.37,NEV1,contextual_por_proximidad_no_asociacion_directa,63.0472,contextual_50_100km,77.53050988,492.74563788,342.100687540277,8.56863443713695,1,1,1
-75.61,3.37,NEV1,contextual_por_proximidad_no_asociacion_directa,59.6105,contextual_50_100km,78.04473353,369.96798953,264.054785897568,4.64416861250589,1,1,1
-75.56,3.37,NEV1,contextual_por_proximidad_no_asociacion_directa,56.5111,contextual_50_100km,78.26152944,432.34916944,303.881993398886,13.4811053801856,1,1,1
-75.51,3.37,NEV1,contextual_por_proximidad_no_asociacion_directa,53.8074,contextual_50_100km,78.3428072,547.4765272,377.269275136464,2.263207060025,1,1,1
-75.46,3.37,NEV1,contextual_por_proximidad_no_asociacion_directa,51.5616,contextual_50_100km,78.62216353,449.74452353,315.096949966253,12.069130056362,1,1,1
-75.41,3.37,NEV1,contextual_por_proximidad_no_asociacion_directa,49.8357,local_0_50km,78.84013283,347.47026083,250.00807902743,5.30609929456116,1,1,1
-75.36,3.37,NEV1,contextual_por_proximidad_no_asociacion_directa,48.685,local_0_50km,78.84825149,357.66217949,256.505194820638,1.34572574648691,1,1,1
-75.31,3.37,NEV1,contextual_por_proximidad_no_asociacion_directa,48.1508,local_0_50km,78.80238737,357.17193137,256.176174462098,6.2853660279856,1,1,1
-75.26,3.37,NEV1,contextual_por_proximidad_no_asociacion_directa,48.2535,local_0_50km,78.80633702,264.33665702,197.02406661045,11.740033207729,1,1,1
-75.21,3.37,NEV1,contextual_por_proximidad_no_asociacion_directa,48.9891,local_0_50km,78.69195724,212.36513324,163.866926883046,4.65610343372205,1,1,1
-75.16,3.37,NEV1,contextual_por_proximidad_no_asociacion_directa,50.3299,contextual_50_100km,78.47032288,193.19545888,151.571825129743,0.698113737102881,1,1,1
-75.11,3.37,NEV1,contextual_por_proximidad_no_asociacion_directa,52.2293,contextual_50_100km,78.14318845,206.59485245,159.991072290201,9.41771211281907,1,1,1
-75.06,3.37,NEV1,contextual_por_proximidad_no_asociacion_directa,54.6291,contextual_50_100km,77.5882621,353.3161901,253.278842662999,7.89114963892525,1,1,1
-75.01,3.37,NEV1,contextual_por_proximidad_no_asociacion_directa,57.4666,contextual_50_100km,77.17101888,339.34523488,244.225334167529,9.46491694833696,1,1,1
-74.96,3.37,NEV1,contextual_por_proximidad_no_asociacion_directa,60.6805,contextual_50_100km,76.58141209,417.62144409,293.888094267309,10.9744232233139,1,1,1
-74.91,3.37,NEV1,contextual_por_proximidad_no_asociacion_directa,64.2141,contextual_50_100km,75.90551959,520.77093559,359.368510721752,10.1775175346124,1,1,1
-74.86,3.37,NEV1,contextual_por_proximidad_no_asociacion_directa,68.0179,contextual_50_100km,75.38229162,447.26997962,312.344736022627,16.5694596150102,1,1,1
-74.81,3.37,NEV1,contextual_por_proximidad_no_asociacion_directa,72.0489,contextual_50_100km,74.8382892,341.1354012,244.519665145095,14.7777530617806,1,1,1
-74.76,3.37,NEV1,contextual_por_proximidad_no_asociacion_directa,76.2711,contextual_50_100km,74.00225587,440.64374387,307.621883567641,21.7200078966542,1,1,1
-74.71,3.37,NEV1,contextual_por_proximidad_no_asociacion_directa,80.6545,contextual_50_100km,72.92143524,717.62386724,483.718213752975,26.1547964749432,1,1,1
-74.66,3.37,NEV1,contextual_por_proximidad_no_asociacion_directa,85.1743,contextual_50_100km,71.92101122,886.27937922,590.820549246691,4.22107377702692,1,1,1
-74.61,3.37,NEV1,contextual_por_proximidad_no_asociacion_directa,89.8099,contextual_50_100km,71.16155281,788.55780081,528.277972677477,21.4916845844675,1,1,1
-74.56,3.37,NEV1,contextual_por_proximidad_no_asociacion_directa,94.5441,contextual_50_100km,70.52030002,527.61862002,361.777953162672,17.5439779071501,1,1,1
-74.51,3.37,NEV1,contextual_por_proximidad_no_asociacion_directa,99.363,contextual_50_100km,69.60082857,485.05049257,334.320449800618,12.0451743470621,1,1,1
-74.46,3.37,NEV1,contextual_por_proximidad_no_asociacion_directa,104.2547,regional_100_150km,68.51743461,563.42542661,383.866964381784,12.3949312023488,1,0,1
-74.41,3.37,NEV1,contextual_por_proximidad_no_asociacion_directa,109.2096,regional_100_150km,67.34556824,697.13644824,468.640881859744,8.80834745764919,1,0,1
-74.36,3.37,NEV1,contextual_por_proximidad_no_asociacion_directa,114.2193,regional_100_150km,66.50796187,436.76624187,302.432166731314,12.3865423263897,1,0,1
-74.31,3.37,VIVI,contextual_por_proximidad_no_asociacion_directa,112.3787,regional_100_150km,65.32988373,499.22148373,341.800488860028,12.7045345053565,1,0,1
-74.26,3.37,VIVI,contextual_por_proximidad_no_asociacion_directa,108.4707,regional_100_150km,64.18476444,489.33681244,335.086630212074,11.9333779286487,1,0,1
-74.21,3.37,VIVI,contextual_por_proximidad_no_asociacion_directa,104.7109,regional_100_150km,63.04893124,430.19652324,296.991042431534,14.9446066408966,1,0,1
-74.16,3.37,VIVI,contextual_por_proximidad_no_asociacion_directa,101.1158,regional_100_150km,61.92076998,320.91023398,226.945798891326,16.2793688280079,1,0,1
-74.11,3.37,VIVI,contextual_por_proximidad_no_asociacion_directa,97.7037,contextual_50_100km,60.71246578,272.18987378,195.463373520758,5.51193556332846,1,1,1
-74.06,3.37,VIVI,contextual_por_proximidad_no_asociacion_directa,94.4943,contextual_50_100km,59.47005639,232.79216039,169.90885487167,2.31227935782089,1,1,1
-74.01,3.37,VIVI,contextual_por_proximidad_no_asociacion_directa,91.5089,contextual_50_100km,58.17017206,240.79965206,174.539520648869,1.54556424981654,1,1,1
-73.96,3.37,VIVI,contextual_por_proximidad_no_asociacion_directa,88.7703,contextual_50_100km,56.87822259,209.21552659,153.945754251726,6.32258022269207,1,1,1
-73.91,3.37,VIVI,contextual_por_proximidad_no_asociacion_directa,86.3018,contextual_50_100km,55.55515586,197.21489986,145.819072345696,1.9248857277784,1,1,1
-73.86,3.37,VIVI,contextual_por_proximidad_no_asociacion_directa,84.1273,contextual_50_100km,54.21599488,187.23493888,138.974095616307,1.67367538806982,1,1,1
-73.81,3.37,VIVI,contextual_por_proximidad_no_asociacion_directa,82.2701,contextual_50_100km,52.86475841,176.92195841,131.912541669083,1.28170929752562,1,1,1
-73.76,3.37,VIVI,contextual_por_proximidad_no_asociacion_directa,80.752,contextual_50_100km,51.5037355,166.5621595,124.817604928648,2.03050402333882,1,1,1
-73.71,3.37,VIVI,contextual_por_proximidad_no_asociacion_directa,79.5925,contextual_50_100km,50.14158632,143.47457032,109.612261864471,2.05438981696896,1,1,1
-73.66,3.37,VIVI,contextual_por_proximidad_no_asociacion_directa,78.8074,contextual_50_100km,48.76774105,133.33648505,102.653946334376,1.03985370350269,1,1,1
-73.61,3.37,VIVI,contextual_por_proximidad_no_asociacion_directa,78.408,contextual_50_100km,47.38950096,127.77362896,98.6093183314577,0.657306884127209,1,1,1
-73.56,3.37,VIVI,contextual_por_proximidad_no_asociacion_directa,78.4,contextual_50_100km,46.01095851,123.59299851,95.4453184884416,0.516252619894907,1,1,1
-73.51,3.37,VIVI,contextual_por_proximidad_no_asociacion_directa,78.7838,contextual_50_100km,44.63458676,120.84644276,93.19588166961,0.503896342203282,1,1,1
-73.46,3.37,VIVI,contextual_por_proximidad_no_asociacion_directa,79.5536,contextual_50_100km,43.26307257,118.78366457,91.3839022196589,0.463229402577148,1,1,1
-73.41,3.37,VIVI,contextual_por_proximidad_no_asociacion_directa,80.6983,contextual_50_100km,41.89757202,121.59043602,92.6769241315066,0.737984747233661,1,1,1
-73.36,3.37,VIVI,contextual_por_proximidad_no_asociacion_directa,82.2023,contextual_50_100km,40.54274358,121.26015958,91.9749281303627,0.492117030725715,1,1,1
-73.31,3.37,VIVI,contextual_por_proximidad_no_asociacion_directa,84.0463,contextual_50_100km,39.20030495,118.30065695,89.60211541012,0.561243410938437,1,1,1
-73.26,3.37,VIVI,contextual_por_proximidad_no_asociacion_directa,86.2085,contextual_50_100km,37.87185249,113.98495649,86.3702237910455,0.988814339536427,1,1,1
-73.21,3.37,VIVI,contextual_por_proximidad_no_asociacion_directa,88.6656,contextual_50_100km,36.56007398,102.94610598,78.8604698374478,0.841715022596814,1,1,1
-73.16,3.37,VIVI,contextual_por_proximidad_no_asociacion_directa,91.3938,contextual_50_100km,35.26445742,100.92219342,77.100791664285,0.315532237284691,1,1,1
-73.11,3.37,VIVI,contextual_por_proximidad_no_asociacion_directa,94.3696,contextual_50_100km,33.9882768,101.5223008,77.0201596070094,0.627359381636533,1,1,1
-73.06,3.37,VIVI,contextual_por_proximidad_no_asociacion_directa,97.5704,contextual_50_100km,32.73364238,103.45241838,77.7948115632127,0.419455891534892,1,1,1
-73.01,3.37,VIVI,contextual_por_proximidad_no_asociacion_directa,100.9748,regional_100_150km,31.50251753,102.23363753,76.5715521642833,0.511134994470629,1,0,1
-72.96,3.37,VIVI,contextual_por_proximidad_no_asociacion_directa,104.5629,regional_100_150km,30.29627935,95.97870335,72.1483444964261,0.303315265582468,1,0,1
-72.91,3.37,VIVI,contextual_por_proximidad_no_asociacion_directa,108.3164,regional_100_150km,29.1164225,98.3539185,73.2337375547461,0.590095757644422,1,0,1
-72.86,3.37,VIVI,contextual_por_proximidad_no_asociacion_directa,112.2187,regional_100_150km,27.96420258,91.62221058,68.526333750855,0.4298092419576,1,0,1
-72.81,3.37,VIVI,contextual_por_proximidad_no_asociacion_directa,116.2549,regional_100_150km,26.84178328,95.40035928,70.5264985258655,0.386520552491559,1,0,1
-72.76,3.37,VIVI,contextual_por_proximidad_no_asociacion_directa,120.4115,regional_100_150km,25.74937151,90.91334751,67.2710877114628,0.733016978995546,1,0,1
-72.71,3.37,VIVI,contextual_por_proximidad_no_asociacion_directa,124.6764,regional_100_150km,24.68879216,88.13695216,65.1172106626555,0.506852322170858,1,0,1
-72.66,3.37,VIVI,contextual_por_proximidad_no_asociacion_directa,129.039,regional_100_150km,23.6612315,86.8378235,63.9166100791033,0.504267142460887,1,0,1
-72.61,3.37,VIVI,contextual_por_proximidad_no_asociacion_directa,133.4896,regional_100_150km,22.6669161,81.5848281,60.2087140597616,0.547060996046968,1,0,1
-72.56,3.37,VIVI,contextual_por_proximidad_no_asociacion_directa,138.0197,regional_100_150km,21.70762132,78.46533332,57.8729653424144,0.551340557444161,1,0,1
-72.51,3.37,VIVI,contextual_por_proximidad_no_asociacion_directa,142.6217,regional_100_150km,20.78427567,77.45557967,56.8945615349205,0.470623060010849,1,0,1
-72.46,3.37,VIVI,contextual_por_proximidad_no_asociacion_directa,147.289,regional_100_150km,19.89641427,72.50654227,53.4189667327078,0.0838544845831554,1,0,1
-72.41,3.37,VIVI,contextual_por_proximidad_no_asociacion_directa,152.0154,no_local_mayor_150km,19.04782946,78.43481346,56.8885145604428,0.434257075261381,1,0,0
-72.36,3.37,VIVI,contextual_por_proximidad_no_asociacion_directa,156.7957,no_local_mayor_150km,18.23411952,72.89335152,53.06233686042,0.459760298441494,1,0,0
-72.31,3.37,VIVI,contextual_por_proximidad_no_asociacion_directa,161.6251,no_local_mayor_150km,17.45954563,72.92113763,52.7990172900061,0.0549129400522606,1,0,0
-72.26,3.37,VIVI,contextual_por_proximidad_no_asociacion_directa,166.4992,no_local_mayor_150km,16.72325306,73.33283706,52.7942116695678,0.200451180998158,1,0,0
-72.21,3.37,VIVI,contextual_por_proximidad_no_asociacion_directa,171.4143,no_local_mayor_150km,16.02585412,75.57331012,53.96879008436,0.342021000873864,1,0,0
-72.16,3.37,VIVI,contextual_por_proximidad_no_asociacion_directa,176.367,no_local_mayor_150km,15.36761345,80.03782945,56.5747116086405,0.853480166106199,1,0,0
-72.11,3.37,VIVI,contextual_por_proximidad_no_asociacion_directa,181.3541,no_local_mayor_150km,14.74830176,85.75098976,59.9903763178355,0.482987354785173,1,0,0
-72.06,3.37,VIVI,contextual_por_proximidad_no_asociacion_directa,186.373,no_local_mayor_150km,14.16611757,86.83524557,60.4700280223605,0.40048670950887,1,0,0
-72.01,3.37,VIVI,contextual_por_proximidad_no_asociacion_directa,191.421,no_local_mayor_150km,13.62024602,81.42583802,56.8251687505616,0.408698924072202,1,0,0
-71.96,3.37,VIVI,contextual_por_proximidad_no_asociacion_directa,196.4961,no_local_mayor_150km,13.11374729,80.79589929,56.2400155098561,NaN,1,0,0
-75.81,3.32,NEV1,contextual_por_proximidad_no_asociacion_directa,71.4524,contextual_50_100km,75.35277073,714.46337073,482.586499908014,23.5864254242653,1,1,1
-75.76,3.32,NEV1,contextual_por_proximidad_no_asociacion_directa,67.0744,contextual_50_100km,76.09811272,539.45484072,371.343549555444,6.33193674579721,1,1,1
-75.71,3.32,NEV1,contextual_por_proximidad_no_asociacion_directa,62.8819,contextual_50_100km,76.44756149,643.41982549,437.715594611687,14.9413288862389,1,1,1
-75.66,3.32,NEV1,contextual_por_proximidad_no_asociacion_directa,58.9147,contextual_50_100km,76.96944286,547.05365086,376.501550528896,14.142503583219,1,1,1
-75.61,3.32,NEV1,contextual_por_proximidad_no_asociacion_directa,55.2212,contextual_50_100km,77.48904345,399.29712345,282.541352859383,4.21283751771723,1,1,1
-75.56,3.32,NEV1,contextual_por_proximidad_no_asociacion_directa,51.86,contextual_50_100km,77.64434119,494.24199719,343.095449370179,11.5257433871406,1,1,1
-75.51,3.32,NEV1,contextual_por_proximidad_no_asociacion_directa,48.8996,local_0_50km,77.80695494,527.51121894,364.353202891409,6.04447333158618,1,1,1
-75.46,3.32,NEV1,contextual_por_proximidad_no_asociacion_directa,46.4169,local_0_50km,78.03476101,453.56392901,317.317513478441,7.1864678134573,1,1,1
-75.41,3.32,NEV1,contextual_por_proximidad_no_asociacion_directa,44.4918,local_0_50km,78.16576658,403.71407858,285.601307663762,7.08750337035947,1,1,1
-75.36,3.32,NEV1,contextual_por_proximidad_no_asociacion_directa,43.1989,local_0_50km,78.23854794,346.93039594,249.445821392783,7.40076049856462,1,1,1
-75.31,3.32,NEV1,contextual_por_proximidad_no_asociacion_directa,42.5958,local_0_50km,78.25651235,280.68576835,207.24204445604,7.39112953662319,1,1,1
-75.26,3.32,NEV1,contextual_por_proximidad_no_asociacion_directa,42.7119,local_0_50km,78.13185906,275.62351506,203.971210737818,6.29985078398389,1,1,1
-75.21,3.32,NEV1,contextual_por_proximidad_no_asociacion_directa,43.5413,local_0_50km,78.03978376,191.65395976,150.433395413393,4.30597469449367,1,1,1
-75.16,3.32,NEV1,contextual_por_proximidad_no_asociacion_directa,45.0446,local_0_50km,77.76547897,202.05721497,156.962705799424,2.43366000903359,1,1,1
-75.11,3.32,NEV1,contextual_por_proximidad_no_asociacion_directa,47.1575,local_0_50km,77.40181054,233.59044254,176.923362935739,6.12975857391437,1,1,1
-75.06,3.32,NEV1,contextual_por_proximidad_no_asociacion_directa,49.8024,local_0_50km,76.92423519,308.05329119,224.196941035082,7.43136239386375,1,1,1
-75.01,3.32,NEV1,contextual_por_proximidad_no_asociacion_directa,52.8996,contextual_50_100km,76.51372943,277.26420143,204.429560190445,5.20259886421149,1,1,1
-74.96,3.32,NEV1,contextual_por_proximidad_no_asociacion_directa,56.3746,contextual_50_100km,75.90388888,363.37096088,259.074513411098,11.3187428567742,1,1,1
-74.91,3.32,NEV1,contextual_por_proximidad_no_asociacion_directa,60.1619,contextual_50_100km,75.28708839,407.89616839,287.221667486119,11.5668448837877,1,1,1
-74.86,3.32,NEV1,contextual_por_proximidad_no_asociacion_directa,64.2063,contextual_50_100km,74.71849488,362.59291888,258.148679296426,14.2394346655049,1,1,1
-74.81,3.32,NEV1,contextual_por_proximidad_no_asociacion_directa,68.4623,contextual_50_100km,73.76609086,606.59485086,413.27828632053,24.7611408507515,1,1,1
-74.76,3.32,NEV1,contextual_por_proximidad_no_asociacion_directa,72.8928,contextual_50_100km,73.23312859,433.22120059,302.613278160612,6.87570463804954,1,1,1
-74.71,3.32,NEV1,contextual_por_proximidad_no_asociacion_directa,77.4679,contextual_50_100km,72.23306271,635.42806271,431.094267804097,15.4601802608508,1,1,1
-74.66,3.32,NEV1,contextual_por_proximidad_no_asociacion_directa,82.1634,contextual_50_100km,71.3529596,687.0346476,463.658062646099,17.8865816383099,1,1,1
-74.61,3.32,NEV1,contextual_por_proximidad_no_asociacion_directa,86.9598,contextual_50_100km,70.38902983,776.20660583,520.127656593296,14.4542016399202,1,1,1
-74.56,3.32,NEV1,contextual_por_proximidad_no_asociacion_directa,91.8413,contextual_50_100km,69.65599162,596.39915962,405.290519702746,22.6705234714031,1,1,1
-74.51,3.32,NEV1,contextual_por_proximidad_no_asociacion_directa,96.795,contextual_50_100km,68.90120467,385.98153267,270.94104631936,4.95067265649528,1,1,1
-74.46,3.32,NEV1,contextual_por_proximidad_no_asociacion_directa,101.8105,regional_100_150km,67.63183051,655.92218251,442.483497630536,10.8790148850477,1,0,1
-74.41,3.32,NEV1,contextual_por_proximidad_no_asociacion_directa,106.8789,regional_100_150km,66.72605075,509.82627475,349.064282378662,19.6783611243094,1,0,1
-74.36,3.32,NEV1,contextual_por_proximidad_no_asociacion_directa,111.9932,regional_100_150km,65.65325888,498.54499488,341.486762473313,7.03166652445452,1,0,1
-74.31,3.32,VIVI,contextual_por_proximidad_no_asociacion_directa,116.325,regional_100_150km,64.61101544,411.67491944,285.75603773974,14.3295887073556,1,0,1
-74.26,3.32,VIVI,contextual_por_proximidad_no_asociacion_directa,112.5539,regional_100_150km,63.51120246,348.27493846,244.959293206646,13.0861740389912,1,0,1
-74.21,3.32,VIVI,contextual_por_proximidad_no_asociacion_directa,108.9349,regional_100_150km,62.34743111,321.55908711,227.514038140596,7.21230732442701,1,0,1
-74.16,3.32,VIVI,contextual_por_proximidad_no_asociacion_directa,105.4837,regional_100_150km,61.14954286,300.70955086,213.794351786272,2.73661923759334,1,0,1
-74.11,3.32,VIVI,contextual_por_proximidad_no_asociacion_directa,102.2173,regional_100_150km,59.92309107,282.25087507,201.587730301776,1.95354921310872,1,0,1
-74.06,3.32,VIVI,contextual_por_proximidad_no_asociacion_directa,99.1539,contextual_50_100km,58.6663271,272.3656551,194.833016033458,5.13043635135449,1,1,1
-74.01,3.32,VIVI,contextual_por_proximidad_no_asociacion_directa,96.313,contextual_50_100km,57.37948148,275.60905748,196.432790956352,5.94861040503036,1,1,1
-73.96,3.32,VIVI,contextual_por_proximidad_no_asociacion_directa,93.7147,contextual_50_100km,56.04047038,332.29919038,232.069265339033,7.30648767873708,1,1,1
-73.91,3.32,VIVI,contextual_por_proximidad_no_asociacion_directa,91.3797,contextual_50_100km,54.81166191,188.71937391,140.136075123387,9.0682981075506,1,1,1
-73.86,3.32,VIVI,contextual_por_proximidad_no_asociacion_directa,89.3288,contextual_50_100km,53.48436149,176.55404149,131.902908663439,2.02745137550255,1,1,1
-73.81,3.32,VIVI,contextual_por_proximidad_no_asociacion_directa,87.5818,contextual_50_100km,52.14418142,166.95572542,125.300741827237,1.57503231133418,1,1,1
-73.76,3.32,VIVI,contextual_por_proximidad_no_asociacion_directa,86.1573,contextual_50_100km,50.79444217,158.74272217,119.577811782008,1.36454246503063,1,1,1
-73.71,3.32,VIVI,contextual_por_proximidad_no_asociacion_directa,85.0715,contextual_50_100km,49.43797555,151.38707155,114.398735941718,1.11742479225949,1,1,1
-73.66,3.32,VIVI,contextual_por_proximidad_no_asociacion_directa,84.3373,contextual_50_100km,48.07901109,140.90589109,107.227203140578,1.39769310979556,1,1,1
-73.61,3.32,VIVI,contextual_por_proximidad_no_asociacion_directa,83.9642,contextual_50_100km,46.71882788,129.26315588,99.315099188805,1.06412565598397,1,1,1
-73.56,3.32,VIVI,contextual_por_proximidad_no_asociacion_directa,83.9568,contextual_50_100km,45.35690595,124.06224995,95.5070219758622,0.652923047153437,1,1,1
-73.51,3.32,VIVI,contextual_por_proximidad_no_asociacion_directa,84.3153,contextual_50_100km,43.99801235,119.88892435,92.3548055317755,0.623843326847205,1,1,1
-73.46,3.32,VIVI,contextual_por_proximidad_no_asociacion_directa,85.035,contextual_50_100km,42.64443233,117.06640833,90.0652368343794,0.334608379857546,1,1,1
-73.41,3.32,VIVI,contextual_por_proximidad_no_asociacion_directa,86.107,contextual_50_100km,41.29844129,115.93026529,88.8529584625789,0.484758554659261,1,1,1
-73.36,3.32,VIVI,contextual_por_proximidad_no_asociacion_directa,87.5181,contextual_50_100km,39.96271474,115.00189074,87.7767917979072,0.56292688361126,1,1,1
-73.31,3.32,VIVI,contextual_por_proximidad_no_asociacion_directa,89.2525,contextual_50_100km,38.63850573,118.80044173,89.7167449821877,0.28633905590177,1,1,1
-73.26,3.32,VIVI,contextual_por_proximidad_no_asociacion_directa,91.2915,contextual_50_100km,37.3306379,113.0610779,85.5851802178583,0.725018038588069,1,1,1
-73.21,3.32,VIVI,contextual_por_proximidad_no_asociacion_directa,93.6154,contextual_50_100km,36.03888543,107.73283743,81.7214252477866,0.909150505960431,1,1,1
-73.16,3.32,VIVI,contextual_por_proximidad_no_asociacion_directa,96.2035,contextual_50_100km,34.7655155,99.8183955,76.2164426418278,0.814270492733832,1,1,1
-73.11,3.32,VIVI,contextual_por_proximidad_no_asociacion_directa,99.0351,contextual_50_100km,33.51169692,95.68842492,73.1299739623883,0.104939302092516,1,1,1
-73.06,3.32,VIVI,contextual_por_proximidad_no_asociacion_directa,102.0899,regional_100_150km,32.27936405,99.48010005,75.0988796781044,0.602293364537284,1,0,1
-73.01,3.32,VIVI,contextual_por_proximidad_no_asociacion_directa,105.3485,regional_100_150km,31.07105624,99.07415224,74.4018261876905,0.749210656239667,1,0,1
-72.96,3.32,VIVI,contextual_por_proximidad_no_asociacion_directa,108.7926,regional_100_150km,29.88806964,97.98991764,73.281763196255,0.740227724743985,1,0,1
-72.91,3.32,VIVI,contextual_por_proximidad_no_asociacion_directa,112.4052,regional_100_150km,28.73163651,89.98256451,67.7600047220967,0.802282233022818,1,0,1
-72.86,3.32,VIVI,contextual_por_proximidad_no_asociacion_directa,116.1705,regional_100_150km,27.60377643,92.70603243,69.08616537611,0.412142016429391,1,0,1
-72.81,3.32,VIVI,contextual_por_proximidad_no_asociacion_directa,120.0741,regional_100_150km,26.50523192,90.03979992,66.9887085801494,0.776658955148995,1,0,1
-72.76,3.32,VIVI,contextual_por_proximidad_no_asociacion_directa,124.103,regional_100_150km,25.43753189,88.00926789,65.3075033666461,0.655289753778081,1,0,1
-72.71,3.32,VIVI,contextual_por_proximidad_no_asociacion_directa,128.2455,regional_100_150km,24.40171632,85.34404432,63.2334482553328,0.490589846469482,1,0,1
-72.66,3.32,VIVI,contextual_por_proximidad_no_asociacion_directa,132.4908,regional_100_150km,23.39877677,81.79824077,60.6102257847983,0.290888016422638,1,0,1
-72.61,3.32,VIVI,contextual_por_proximidad_no_asociacion_directa,136.8294,regional_100_150km,22.43037691,81.75564091,60.23173475509,0.432799279949021,1,0,1
-72.56,3.32,VIVI,contextual_por_proximidad_no_asociacion_directa,141.2527,regional_100_150km,21.49581566,75.76003966,56.0723385661622,0.456596463679849,1,0,1
-72.51,3.32,VIVI,contextual_por_proximidad_no_asociacion_directa,145.7529,regional_100_150km,20.597988,75.726292,55.7250924811011,0.38631565235351,1,0,1
-72.46,3.32,VIVI,contextual_por_proximidad_no_asociacion_directa,150.3232,no_local_mayor_150km,19.73717232,78.51930032,57.1924503179855,0.721703928459419,1,0,0
-72.41,3.32,VIVI,contextual_por_proximidad_no_asociacion_directa,154.9574,no_local_mayor_150km,18.91289075,79.12692275,57.28056107217,0.169878946700799,1,0,0
-72.36,3.32,VIVI,contextual_por_proximidad_no_asociacion_directa,159.6499,no_local_mayor_150km,18.12621547,80.38935147,57.7995506698822,0.537236956451472,1,0,0
-72.31,3.32,VIVI,contextual_por_proximidad_no_asociacion_directa,164.3956,no_local_mayor_150km,17.37618415,77.03473615,55.389909173995,0.579455688275463,1,0,0
-72.26,3.32,VIVI,contextual_por_proximidad_no_asociacion_directa,169.1903,no_local_mayor_150km,16.66569988,79.47197188,56.6851149269866,0.647892107335498,1,0,0
-72.21,3.32,VIVI,contextual_por_proximidad_no_asociacion_directa,174.0296,no_local_mayor_150km,15.9928706,79.6015026,56.5235399665728,0.926361194959714,1,0,0
-72.16,3.32,VIVI,contextual_por_proximidad_no_asociacion_directa,178.9102,no_local_mayor_150km,15.36150077,90.80802877,63.4351377132355,0.642543700647827,1,0,0
-72.11,3.32,VIVI,contextual_por_proximidad_no_asociacion_directa,183.8286,no_local_mayor_150km,14.76418213,86.84079813,60.6905509309739,0.472447873164415,1,0,0
-72.06,3.32,VIVI,contextual_por_proximidad_no_asociacion_directa,188.782,no_local_mayor_150km,14.20538191,84.18351791,58.7946240289794,0.350516384280342,1,0,0
-72.01,3.32,VIVI,contextual_por_proximidad_no_asociacion_directa,193.7675,no_local_mayor_150km,13.685424,84.515296,58.8173822428477,NaN,1,0,0
-71.96,3.32,VIVI,contextual_por_proximidad_no_asociacion_directa,198.7829,no_local_mayor_150km,13.20419923,88.35447123,61.0890653475422,NaN,1,0,0
-75.86,3.27,NEV1,contextual_por_proximidad_no_asociacion_directa,73.0169,contextual_50_100km,74.28107168,772.34661568,519.080195170987,18.9415422768152,1,1,1
-75.81,3.27,NEV1,contextual_por_proximidad_no_asociacion_directa,68.2886,contextual_50_100km,74.98448819,663.46000019,449.954137076595,8.99792714865716,1,1,1
-75.76,3.27,NEV1,contextual_por_proximidad_no_asociacion_directa,63.6933,contextual_50_100km,75.52003994,644.89938394,438.321836020445,18.8658223429193,1,1,1
-75.71,3.27,NEV1,contextual_por_proximidad_no_asociacion_directa,59.2619,contextual_50_100km,75.81533313,773.97962913,520.677380229551,8.59409223147119,1,1,1
-75.66,3.27,NEV1,contextual_por_proximidad_no_asociacion_directa,55.0341,contextual_50_100km,76.49402982,523.77886982,361.49864936158,20.3697267553026,1,1,1
-75.61,3.27,NEV1,contextual_por_proximidad_no_asociacion_directa,51.0605,contextual_50_100km,76.93304056,421.72564856,296.630819862758,5.88103701075118,1,1,1
-75.56,3.27,NEV1,contextual_por_proximidad_no_asociacion_directa,47.405,local_0_50km,76.98152429,586.96154029,401.934769818932,4.95512555312027,1,1,1
-75.51,3.27,NEV1,contextual_por_proximidad_no_asociacion_directa,44.1467,local_0_50km,77.3288258,450.9446738,315.392433352505,8.87866977202949,1,1,1
-75.46,3.27,NEV1,contextual_por_proximidad_no_asociacion_directa,41.3796,local_0_50km,77.46506638,433.72525038,304.469849727304,3.05823571391996,1,1,1
-75.41,3.27,NEV1,contextual_por_proximidad_no_asociacion_directa,39.2078,local_0_50km,77.54290269,409.90510269,289.320172764708,6.5702311228754,1,1,1
-75.36,3.27,NEV1,contextual_por_proximidad_no_asociacion_directa,37.7343,local_0_50km,77.63438975,321.21854175,232.843335725273,9.46815586071743,1,1,1
-75.31,3.27,NEV1,contextual_por_proximidad_no_asociacion_directa,37.0424,local_0_50km,77.63745399,250.89783799,188.036925216318,7.8934057873544,1,1,1
-75.26,3.27,NEV1,contextual_por_proximidad_no_asociacion_directa,37.1758,local_0_50km,77.54915209,201.56932009,156.573338995872,5.07949948416071,1,1,1
-75.21,3.27,NEV1,contextual_por_proximidad_no_asociacion_directa,38.1258,local_0_50km,77.33589063,201.24496263,156.289288476237,0.353956853429644,1,1,1
-75.16,3.27,NEV1,contextual_por_proximidad_no_asociacion_directa,39.8342,local_0_50km,77.05832384,201.44881184,156.318474277988,1.24706069358578,1,1,1
-75.11,3.27,NEV1,contextual_por_proximidad_no_asociacion_directa,42.2088,local_0_50km,76.69492183,220.89752983,168.57912123623,1.74864325521093,1,1,1
-75.06,3.27,NEV1,contextual_por_proximidad_no_asociacion_directa,45.1447,local_0_50km,76.28028182,232.12328182,175.581601585764,3.28280164240035,1,1,1
-75.01,3.27,NEV1,contextual_por_proximidad_no_asociacion_directa,48.5402,local_0_50km,75.77649314,268.09601314,198.320220819255,2.43869096175464,1,1,1
-74.96,3.27,NEV1,contextual_por_proximidad_no_asociacion_directa,52.3057,contextual_50_100km,75.25394062,270.57305262,199.7089729094,6.29064237324499,1,1,1
-74.91,3.27,NEV1,contextual_por_proximidad_no_asociacion_directa,56.3673,contextual_50_100km,74.62005727,320.09284127,231.032417259068,19.4542297914719,1,1,1
-74.86,3.27,NEV1,contextual_por_proximidad_no_asociacion_directa,60.6654,contextual_50_100km,73.67631113,596.80268713,407.006262049074,25.866051255542,1,1,1
-74.81,3.27,NEV1,contextual_por_proximidad_no_asociacion_directa,65.1533,contextual_50_100km,72.80712961,767.73729761,515.608428529066,2.31537315873397,1,1,1
-74.76,3.27,NEV1,contextual_por_proximidad_no_asociacion_directa,69.7944,contextual_50_100km,72.3047009,558.0040689,381.786604173149,19.2182318227472,1,1,1
-74.71,3.27,NEV1,contextual_por_proximidad_no_asociacion_directa,74.5601,contextual_50_100km,71.44621356,628.18530156,426.193787744196,7.82673052862254,1,1,1
-74.66,3.27,NEV1,contextual_por_proximidad_no_asociacion_directa,79.4279,contextual_50_100km,70.63547077,608.89559077,413.608464701575,5.27585201478944,1,1,1
-74.61,3.27,NEV1,contextual_por_proximidad_no_asociacion_directa,84.3801,contextual_50_100km,69.81248751,555.01809551,378.979772740327,19.1467780321036,1,1,1
-74.56,3.27,NEV1,contextual_por_proximidad_no_asociacion_directa,89.4029,contextual_50_100km,68.95772193,485.65412993,334.471753718744,14.7292498546332,1,1,1
-74.51,3.27,NEV1,contextual_por_proximidad_no_asociacion_directa,94.4848,contextual_50_100km,68.05073002,422.68150602,294.01727382599,6.33461064516903,1,1,1
-74.46,3.27,NEV1,contextual_por_proximidad_no_asociacion_directa,99.6169,contextual_50_100km,67.04309054,420.21727454,292.081511119665,17.3790929905285,1,1,1
-74.41,3.27,NEV1,contextual_por_proximidad_no_asociacion_directa,104.7917,regional_100_150km,66.018298,394.381042,275.247161927848,13.3623255397291,1,0,1
-74.36,3.27,NEV1,contextual_por_proximidad_no_asociacion_directa,110.0033,regional_100_150km,64.95767546,366.57097146,257.142106917954,14.2546810185854,1,0,1
-74.31,3.27,NEV1,contextual_por_proximidad_no_asociacion_directa,115.2467,regional_100_150km,63.89272885,302.16896085,215.719530864934,10.3424517738553,1,0,1
-74.26,3.27,VIVI,contextual_por_proximidad_no_asociacion_directa,116.7591,regional_100_150km,62.75637928,281.55377928,202.171499505597,5.70752486974398,1,0,1
-74.21,3.27,VIVI,contextual_por_proximidad_no_asociacion_directa,113.2743,regional_100_150km,61.54657247,315.45030847,223.331035540257,3.01546970641145,1,0,1
-74.16,3.27,VIVI,contextual_por_proximidad_no_asociacion_directa,109.9592,regional_100_150km,60.35155476,297.23291476,211.289560803961,4.15722910823761,1,0,1
-74.11,3.27,VIVI,contextual_por_proximidad_no_asociacion_directa,106.8296,regional_100_150km,59.1234797,289.3884557,205.845603970143,6.07295381139186,1,0,1
-74.06,3.27,VIVI,contextual_por_proximidad_no_asociacion_directa,103.9021,regional_100_150km,57.84462696,322.68514696,226.597879678769,4.04208206512759,1,0,1
-74.01,3.27,VIVI,contextual_por_proximidad_no_asociacion_directa,101.1944,regional_100_150km,56.56744486,327.09854886,228.946670522295,1.34784606602213,1,0,1
-73.96,3.27,VIVI,contextual_por_proximidad_no_asociacion_directa,98.7245,contextual_50_100km,55.29220577,301.36984577,212.089972861525,9.70947198510376,1,1,1
-73.91,3.27,VIVI,contextual_por_proximidad_no_asociacion_directa,96.5107,contextual_50_100km,54.05019302,190.95749702,141.285910843532,8.84934203119503,1,1,1
-73.86,3.27,VIVI,contextual_por_proximidad_no_asociacion_directa,94.571,contextual_50_100km,52.74372238,161.60545838,122.109135371229,2.52494723977186,1,1,1
-73.81,3.27,VIVI,contextual_por_proximidad_no_asociacion_directa,92.9226,contextual_50_100km,51.41200284,158.37276284,119.566136366364,1.43893374408999,1,1,1
-73.76,3.27,VIVI,contextual_por_proximidad_no_asociacion_directa,91.5811,contextual_50_100km,50.07479073,150.94995873,114.35125687858,1.20837821911793,1,1,1
-73.71,3.27,VIVI,contextual_por_proximidad_no_asociacion_directa,90.5603,contextual_50_100km,48.73161464,144.81731064,109.956285773204,1.09228290232978,1,1,1
-73.66,3.27,VIVI,contextual_por_proximidad_no_asociacion_directa,89.871,contextual_50_100km,47.3852273,139.4220913,106.030030482062,1.08558585334898,1,1,1
-73.61,3.27,VIVI,contextual_por_proximidad_no_asociacion_directa,89.5209,contextual_50_100km,46.03979435,130.17649835,99.6507088469066,0.786070235071568,1,1,1
-73.56,3.27,VIVI,contextual_por_proximidad_no_asociacion_directa,89.5139,contextual_50_100km,44.69372765,127.36149565,97.3686534695105,0.218858757812114,1,1,1
-73.51,3.27,VIVI,contextual_por_proximidad_no_asociacion_directa,89.8503,contextual_50_100km,43.35081573,128.25284773,97.4493881932811,0.659701633337027,1,1,1
-73.46,3.27,VIVI,contextual_por_proximidad_no_asociacion_directa,90.5261,contextual_50_100km,42.01785662,117.61251262,90.1858789760822,0.886080802439774,1,1,1
-73.41,3.27,VIVI,contextual_por_proximidad_no_asociacion_directa,91.5338,contextual_50_100km,40.69125669,114.64416069,87.8131740536983,0.42123290367084,1,1,1
-73.36,3.27,VIVI,contextual_por_proximidad_no_asociacion_directa,92.8626,contextual_50_100km,39.37540674,112.21735074,85.7894335073483,0.307553685667704,1,1,1
-73.31,3.27,VIVI,contextual_por_proximidad_no_asociacion_directa,94.499,contextual_50_100km,38.07155535,115.34499535,87.3092790516777,0.598835966874907,1,1,1
-73.26,3.27,VIVI,contextual_por_proximidad_no_asociacion_directa,96.4272,contextual_50_100km,36.78374772,113.68686772,85.7855078895611,0.44056049336047,1,1,1
-73.21,3.27,VIVI,contextual_por_proximidad_no_asociacion_directa,98.6303,contextual_50_100km,35.51325271,109.28099671,82.51718830764,0.589466325528596,1,1,1
-73.16,3.27,VIVI,contextual_por_proximidad_no_asociacion_directa,101.0903,regional_100_150km,34.26140061,105.73316061,79.8023623085166,0.970108652333686,1,0,1
-73.11,3.27,VIVI,contextual_por_proximidad_no_asociacion_directa,103.7887,regional_100_150km,33.03016464,101.57639664,76.707014434795,1.09283664460129,1,0,1
-73.06,3.27,VIVI,contextual_por_proximidad_no_asociacion_directa,106.7077,regional_100_150km,31.82131934,93.67710334,71.2350946545539,0.766218982553306,1,0,1
-73.01,3.27,VIVI,contextual_por_proximidad_no_asociacion_directa,109.8295,regional_100_150km,30.63621416,89.99851016,68.4611683583016,0.46892704173347,1,0,1
-72.96,3.27,VIVI,contextual_por_proximidad_no_asociacion_directa,113.1375,regional_100_150km,29.47672894,88.91308894,67.348875844725,0.338004285790915,1,0,1
-72.91,3.27,VIVI,contextual_por_proximidad_no_asociacion_directa,116.6157,regional_100_150km,28.3443532,86.4845932,65.3906277423167,0.439391848923342,1,0,1
-72.86,3.27,VIVI,contextual_por_proximidad_no_asociacion_directa,120.2494,regional_100_150km,27.24055473,84.96109873,64.0194039359178,0.281039476856704,1,0,1
-72.81,3.27,VIVI,contextual_por_proximidad_no_asociacion_directa,124.0249,regional_100_150km,26.16663904,83.64030304,62.7881792245066,0.353618370211192,1,0,1
-72.76,3.27,VIVI,contextual_por_proximidad_no_asociacion_directa,127.9297,regional_100_150km,25.12371562,81.51110762,61.0530961102977,0.307172257070059,1,0,1
-72.71,3.27,VIVI,contextual_por_proximidad_no_asociacion_directa,131.9523,regional_100_150km,24.11364352,84.19189152,62.3947938803939,0.448439187284964,1,0,1
-72.66,3.27,VIVI,contextual_por_proximidad_no_asociacion_directa,136.0823,regional_100_150km,23.13729893,88.95550693,65.0758840382022,0.399605613808325,1,0,1
-72.61,3.27,VIVI,contextual_por_proximidad_no_asociacion_directa,140.3101,regional_100_150km,22.19365962,84.24694762,61.7332821516828,0.660640259176042,1,0,1
-72.56,3.27,VIVI,contextual_por_proximidad_no_asociacion_directa,144.6271,regional_100_150km,21.28543272,82.28948072,60.1564919106855,0.746023337400783,1,0,1
-72.51,3.27,VIVI,contextual_por_proximidad_no_asociacion_directa,149.0258,regional_100_150km,20.41372316,84.15813916,61.0309124883489,1.0323182926156,1,0,1
-72.46,3.27,VIVI,contextual_por_proximidad_no_asociacion_directa,153.4989,no_local_mayor_150km,19.57824778,85.01379178,61.273003905015,0.810973020200446,1,0,0
-72.41,3.27,VIVI,contextual_por_proximidad_no_asociacion_directa,158.0402,no_local_mayor_150km,18.7786653,81.3874333,58.6722331298578,0.916083008949709,1,0,0
-72.36,3.27,VIVI,contextual_por_proximidad_no_asociacion_directa,162.644,no_local_mayor_150km,18.01739952,81.88525552,58.7132433590544,0.688704120217389,1,0,0
-72.31,3.27,VIVI,contextual_por_proximidad_no_asociacion_directa,167.3051,no_local_mayor_150km,17.29400389,82.95173989,59.130338134285,0.723377642443452,1,0,0
-72.26,3.27,VIVI,contextual_por_proximidad_no_asociacion_directa,172.0189,no_local_mayor_150km,16.60871623,84.53774823,59.8922934712672,0.574810515312938,1,0,0
-72.21,3.27,VIVI,contextual_por_proximidad_no_asociacion_directa,176.7812,no_local_mayor_150km,15.96199075,87.74235075,61.6995887252805,0.396911895798329,1,0,0
-72.16,3.27,VIVI,contextual_por_proximidad_no_asociacion_directa,181.588,no_local_mayor_150km,15.35291056,89.10831056,62.3489807065694,0.609165954607358,1,0,0
-72.11,3.27,VIVI,contextual_por_proximidad_no_asociacion_directa,186.4361,no_local_mayor_150km,14.77943448,81.95548248,57.5832192059633,0.60560059167215,1,0,0
-72.06,3.27,VIVI,contextual_por_proximidad_no_asociacion_directa,191.3222,no_local_mayor_150km,14.24578043,81.44651643,57.0652960581044,0.401178887304084,1,0,0
-72.01,3.27,VIVI,contextual_por_proximidad_no_asociacion_directa,196.2435,no_local_mayor_150km,13.74967773,80.48134173,56.2703062174233,NaN,1,0,0
-75.86,3.22,NEV1,contextual_por_proximidad_no_asociacion_directa,70.3649,contextual_50_100km,73.88605544,762.59484744,512.723167019506,7.13389001524147,1,1,1
-75.81,3.22,NEV1,contextual_por_proximidad_no_asociacion_directa,65.445,contextual_50_100km,74.38732619,806.52231019,540.89509463572,11.4136322848401,1,1,1
-75.76,3.22,NEV1,contextual_por_proximidad_no_asociacion_directa,60.6343,contextual_50_100km,74.82377422,849.23695822,568.270712582373,17.7140576784411,1,1,1
-75.71,3.22,NEV1,contextual_por_proximidad_no_asociacion_directa,55.9609,contextual_50_100km,75.38025795,732.10574595,493.837985805696,15.679736705873,1,1,1
-75.66,3.22,NEV1,contextual_por_proximidad_no_asociacion_directa,51.4624,contextual_50_100km,75.91075304,583.94041704,399.621257299784,14.5555311751231,1,1,1
-75.61,3.22,NEV1,contextual_por_proximidad_no_asociacion_directa,47.1888,local_0_50km,76.32551477,480.15947477,333.643746543225,10.116702918949,1,1,1
-75.56,3.22,NEV1,contextual_por_proximidad_no_asociacion_directa,43.2068,local_0_50km,76.43606676,575.99774676,394.750871585383,6.01686335556151,1,1,1
-75.51,3.22,NEV1,contextual_por_proximidad_no_asociacion_directa,39.6044,local_0_50km,76.67477362,509.64057362,352.555469919736,9.18930212899562,1,1,1
-75.46,3.22,NEV1,contextual_por_proximidad_no_asociacion_directa,36.4944,local_0_50km,76.79388288,488.18237088,338.925770708405,7.29634960865101,1,1,1
-75.41,3.22,NEV1,contextual_por_proximidad_no_asociacion_directa,34.012,local_0_50km,76.9460618,385.2991818,273.425029542478,7.64408082425178,1,1,1
-75.36,3.22,NEV1,contextual_por_proximidad_no_asociacion_directa,32.3022,local_0_50km,76.90343611,389.40414011,276.025195412184,9.88619994835165,1,1,1
-75.31,3.22,NEV1,contextual_por_proximidad_no_asociacion_directa,31.4911,local_0_50km,77.01276009,214.57429609,164.665346820271,11.0105869243601,1,1,1
-75.26,3.22,NEV1,contextual_por_proximidad_no_asociacion_directa,31.6479,local_0_50km,76.85901067,203.38501067,157.479884143194,0.949549610677983,1,1,1
-75.21,3.22,NEV1,contextual_por_proximidad_no_asociacion_directa,32.7587,local_0_50km,76.63385098,198.60491498,154.352373008159,0.521412767943922,1,1,1
-75.16,3.22,NEV1,contextual_por_proximidad_no_asociacion_directa,34.7322,local_0_50km,76.32338903,212.72458903,163.236623359639,2.17245179909397,1,1,1
-75.11,3.22,NEV1,contextual_por_proximidad_no_asociacion_directa,37.432,local_0_50km,75.94573859,231.80108259,175.254923806834,3.65874460781472,1,1,1
-75.06,3.22,NEV1,contextual_por_proximidad_no_asociacion_directa,40.714,local_0_50km,75.478559,276.105591,203.315735249739,4.12014565812409,1,1,1
-75.01,3.22,NEV1,contextual_por_proximidad_no_asociacion_directa,44.4494,local_0_50km,74.98044235,297.09837835,216.511368913577,11.5610880795536,1,1,1
-74.96,3.22,NEV1,contextual_por_proximidad_no_asociacion_directa,48.5336,local_0_50km,74.26237802,460.97521002,320.671229158364,19.2826214434891,1,1,1
-74.91,3.22,NEV1,contextual_por_proximidad_no_asociacion_directa,52.8858,contextual_50_100km,73.63468067,499.28048867,344.851164484896,21.6968411179382,1,1,1
-74.86,3.22,NEV1,contextual_por_proximidad_no_asociacion_directa,57.4452,contextual_50_100km,73.09647308,408.42123308,286.761451411642,6.60275629256421,1,1,1
-74.81,3.22,NEV1,contextual_por_proximidad_no_asociacion_directa,62.1663,contextual_50_100km,72.19532038,600.55555238,408.860222552989,20.4562967814184,1,1,1
-74.76,3.22,NEV1,contextual_por_proximidad_no_asociacion_directa,67.0148,contextual_50_100km,71.3097255,737.8980695,496.05194876107,14.7680531269781,1,1,1
-74.71,3.22,NEV1,contextual_por_proximidad_no_asociacion_directa,71.965,contextual_50_100km,70.49726293,763.15613493,511.851318852084,12.9523418830775,1,1,1
-74.66,3.22,NEV1,contextual_por_proximidad_no_asociacion_directa,76.9972,contextual_50_100km,69.79525835,633.96543435,429.277834078671,17.9834340739905,1,1,1
-74.61,3.22,NEV1,contextual_por_proximidad_no_asociacion_directa,82.0965,contextual_50_100km,69.07898715,467.71612315,323.085864022521,16.1443347146958,1,1,1
-74.56,3.22,NEV1,contextual_por_proximidad_no_asociacion_directa,87.251,contextual_50_100km,68.23682535,378.39216935,265.864148948779,13.3496120590598,1,1,1
-74.51,3.22,NEV1,contextual_por_proximidad_no_asociacion_directa,92.4516,contextual_50_100km,67.33917131,299.06073931,214.989418806469,1.98159024018339,1,1,1
-74.46,3.22,NEV1,contextual_por_proximidad_no_asociacion_directa,97.6907,contextual_50_100km,66.27334873,355.51795673,250.576598215258,7.74519354805154,1,1,1
-74.41,3.22,NEV1,contextual_por_proximidad_no_asociacion_directa,102.9627,regional_100_150km,65.28653071,284.56534671,205.008403527349,9.69257771931524,1,0,1
-74.36,3.22,NEV1,contextual_por_proximidad_no_asociacion_directa,108.2626,regional_100_150km,64.21256941,269.53032141,195.038617066551,7.86853056715438,1,0,1
-74.31,3.22,NEV1,contextual_por_proximidad_no_asociacion_directa,113.5866,regional_100_150km,63.10482733,254.60964333,185.129435238599,3.83963736471323,1,0,1
-74.26,3.22,NEV1,contextual_por_proximidad_no_asociacion_directa,118.9314,regional_100_150km,61.95708183,250.49933783,182.093981481665,3.20034954082404,1,0,1
-74.21,3.22,VIVI,contextual_por_proximidad_no_asociacion_directa,117.7164,regional_100_150km,60.76141965,271.95491565,195.331422016135,7.38647818182382,1,0,1
-74.16,3.22,VIVI,contextual_por_proximidad_no_asociacion_directa,114.5298,regional_100_150km,59.48649714,368.60494514,256.453122848852,6.68479734886204,1,0,1
-74.11,3.22,VIVI,contextual_por_proximidad_no_asociacion_directa,111.5283,regional_100_150km,58.24983277,386.16819277,267.195540459308,7.36574440281395,1,0,1
-74.06,3.22,VIVI,contextual_por_proximidad_no_asociacion_directa,108.7273,regional_100_150km,57.04004735,333.54564735,233.226151330444,6.71011958124778,1,0,1
-74.01,3.22,VIVI,contextual_por_proximidad_no_asociacion_directa,106.1426,regional_100_150km,55.81446425,271.13085625,193.0115272737,6.26759032327579,1,0,1
-73.96,3.22,VIVI,contextual_por_proximidad_no_asociacion_directa,103.7904,regional_100_150km,54.55260869,235.54033669,169.875852286485,1.45692243866879,1,0,1
-73.91,3.22,VIVI,contextual_por_proximidad_no_asociacion_directa,101.6868,regional_100_150km,53.24646765,250.14561165,178.708277676432,6.28559753350554,1,0,1
-73.86,3.22,VIVI,contextual_por_proximidad_no_asociacion_directa,99.8476,contextual_50_100km,51.99083537,149.78000337,114.300938750941,6.16147552519427,1,1,1
-73.81,3.22,VIVI,contextual_por_proximidad_no_asociacion_directa,98.2876,contextual_50_100km,50.67186542,145.91816942,111.361685880407,1.42185809674319,1,1,1
-73.76,3.22,VIVI,contextual_por_proximidad_no_asociacion_directa,97.0203,contextual_50_100km,49.34492775,144.94920775,110.262846291453,0.872546041807561,1,1,1
-73.71,3.22,VIVI,contextual_por_proximidad_no_asociacion_directa,96.0572,contextual_50_100km,48.01630021,138.41141221,105.614998399678,0.985658051882814,1,1,1
-73.66,3.22,VIVI,contextual_por_proximidad_no_asociacion_directa,95.4076,contextual_50_100km,46.68554519,132.00727319,101.05154298968,0.821505403519526,1,1,1
-73.61,3.22,VIVI,contextual_por_proximidad_no_asociacion_directa,95.0779,contextual_50_100km,45.35307422,131.18090622,100.041555513573,0.806214888450815,1,1,1
-73.56,3.22,VIVI,contextual_por_proximidad_no_asociacion_directa,95.0714,contextual_50_100km,44.02583623,123.23728423,94.498435749755,0.669393986920878,1,1,1
-73.51,3.22,VIVI,contextual_por_proximidad_no_asociacion_directa,95.3881,contextual_50_100km,42.70120485,122.62860485,93.6300005318472,0.617902169241434,1,1,1
-73.46,3.22,VIVI,contextual_por_proximidad_no_asociacion_directa,96.025,contextual_50_100km,41.3843644,120.5711244,91.8412330176139,0.646269603476175,1,1,1
-73.41,3.22,VIVI,contextual_por_proximidad_no_asociacion_directa,96.9756,contextual_50_100km,40.07796601,114.20368601,87.3099996886861,0.693387038560143,1,1,1
-73.36,3.22,VIVI,contextual_por_proximidad_no_asociacion_directa,98.2309,contextual_50_100km,38.78239689,110.37759689,84.4020130992222,0.407277980772403,1,1,1
-73.31,3.22,VIVI,contextual_por_proximidad_no_asociacion_directa,99.7794,contextual_50_100km,37.49996257,109.02109857,83.0723860727988,0.487064244682512,1,1,1
-73.26,3.22,VIVI,contextual_por_proximidad_no_asociacion_directa,101.6076,regional_100_150km,36.23260003,112.30867203,84.7073749778339,0.495356948348904,1,0,1
-73.21,3.22,VIVI,contextual_por_proximidad_no_asociacion_directa,103.7008,regional_100_150km,34.98341177,112.40497977,84.3155208845244,0.070182570368425,1,0,1
-73.16,3.22,VIVI,contextual_por_proximidad_no_asociacion_directa,106.0433,regional_100_150km,33.75358921,114.59444521,85.2644282710683,0.306806202301978,1,0,1
-73.11,3.22,VIVI,contextual_por_proximidad_no_asociacion_directa,108.6189,regional_100_150km,32.54545333,109.65842133,81.6809261677605,0.839470670433557,1,0,1
-73.06,3.22,VIVI,contextual_por_proximidad_no_asociacion_directa,111.4116,regional_100_150km,31.3600314,103.0663274,77.0504366688572,1.0307472641869,1,0,1
-73.01,3.22,VIVI,contextual_por_proximidad_no_asociacion_directa,114.4053,regional_100_150km,30.19880845,94.16541645,70.9575758976189,0.600064216018637,1,0,1
-72.96,3.22,VIVI,contextual_por_proximidad_no_asociacion_directa,117.5847,regional_100_150km,29.06362794,95.10402794,71.1437911674722,0.638662383064203,1,0,1
-72.91,3.22,VIVI,contextual_por_proximidad_no_asociacion_directa,120.9353,regional_100_150km,27.95605696,95.99618496,71.3104232609022,1.00724721397794,1,0,1
-72.86,3.22,VIVI,contextual_por_proximidad_no_asociacion_directa,124.4431,regional_100_150km,26.87735417,95.79390617,70.7901674969116,1.13317936531212,1,0,1
-72.81,3.22,VIVI,contextual_por_proximidad_no_asociacion_directa,128.0953,regional_100_150km,25.8287025,94.4366545,69.5448795501478,1.29147986757386,1,0,1
-72.76,3.22,VIVI,contextual_por_proximidad_no_asociacion_directa,131.8798,regional_100_150km,24.81143093,93.67860693,68.6927824526294,1.25929376604803,1,0,1
-72.71,3.22,VIVI,contextual_por_proximidad_no_asociacion_directa,135.7856,regional_100_150km,23.82616762,90.23688762,66.1422943795889,0.864157619307875,1,0,1
-72.66,3.22,VIVI,contextual_por_proximidad_no_asociacion_directa,139.8026,regional_100_150km,22.87456975,88.97668975,64.994060232825,0.468177864937873,1,0,1
-72.61,3.22,VIVI,contextual_por_proximidad_no_asociacion_directa,143.9214,regional_100_150km,21.95777075,90.52869075,65.6503514469361,0.474656310368862,1,0,1
-72.56,3.22,VIVI,contextual_por_proximidad_no_asociacion_directa,148.1335,regional_100_150km,21.07549874,88.94281074,64.3197487259144,0.666849599122375,1,0,1
-72.51,3.22,VIVI,contextual_por_proximidad_no_asociacion_directa,152.4312,no_local_mayor_150km,20.23039043,93.82531843,67.1242097126522,0.33061741954292,1,0,0
-72.46,3.22,VIVI,contextual_por_proximidad_no_asociacion_directa,156.8074,no_local_mayor_150km,19.42033999,92.32400399,65.8736940127011,0.29685071205634,1,0,0
-72.41,3.22,VIVI,contextual_por_proximidad_no_asociacion_directa,161.2558,no_local_mayor_150km,18.64809176,94.71181976,67.1150012567633,0.384488461499814,1,0,0
-72.36,3.22,VIVI,contextual_por_proximidad_no_asociacion_directa,165.7706,no_local_mayor_150km,17.91200941,92.48211341,65.4271993272261,0.626485704544019,1,0,0
-72.31,3.22,VIVI,contextual_por_proximidad_no_asociacion_directa,170.3464,no_local_mayor_150km,17.21329301,89.58616501,63.3284326366672,0.373695362398881,1,0,0
-72.26,3.22,VIVI,contextual_por_proximidad_no_asociacion_directa,174.9785,no_local_mayor_150km,16.55286671,88.69120271,62.5185627663266,0.298689790383244,1,0,0
-72.21,3.22,VIVI,contextual_por_proximidad_no_asociacion_directa,179.6626,no_local_mayor_150km,15.92964327,85.36464327,60.172805541875,0.483819161085782,1,0,0
-72.16,3.22,VIVI,contextual_por_proximidad_no_asociacion_directa,184.3946,no_local_mayor_150km,15.34440007,82.42169607,58.0852611873989,0.607534063077634,1,0,0
-72.11,3.22,VIVI,contextual_por_proximidad_no_asociacion_directa,189.171,no_local_mayor_150km,14.79721077,80.34385077,56.56275595465,0.320662007815246,1,0,0
-72.06,3.22,VIVI,contextual_por_proximidad_no_asociacion_directa,193.9885,no_local_mayor_150km,14.28742248,77.46401448,54.5428010591033,0.231342940377602,1,0,0
-72.01,3.22,VIVI,contextual_por_proximidad_no_asociacion_directa,198.8441,no_local_mayor_150km,13.81583769,77.36274969,54.30717980122,NaN,1,0,0
-75.86,3.17,NEV1,contextual_por_proximidad_no_asociacion_directa,68.0645,contextual_50_100km,73.33644138,887.00354538,591.79551414674,17.533487246906,1,1,1
-75.81,3.17,NEV1,contextual_por_proximidad_no_asociacion_directa,62.9648,contextual_50_100km,73.90857997,842.53242797,563.666621780282,11.027647894469,1,1,1
-75.76,3.17,NEV1,contextual_por_proximidad_no_asociacion_directa,57.9484,contextual_50_100km,74.25027178,945.04540778,629.110652101271,7.64757155812734,1,1,1
-75.71,3.17,NEV1,contextual_por_proximidad_no_asociacion_directa,53.0387,contextual_50_100km,74.9124716,711.2086396,480.352877933927,23.0661443207325,1,1,1
-75.66,3.17,NEV1,contextual_por_proximidad_no_asociacion_directa,48.2684,local_0_50km,75.43250059,548.76318059,377.033221890453,7.19424718895473,1,1,1
-75.61,3.17,NEV1,contextual_por_proximidad_no_asociacion_directa,43.6831,local_0_50km,75.64052313,598.45829913,408.77383777231,14.8674413257332,1,1,1
-75.56,3.17,NEV1,contextual_por_proximidad_no_asociacion_directa,39.3477,local_0_50km,75.73547297,688.12131297,465.940500580261,2.43776908975951,1,1,1
-75.51,3.17,NEV1,contextual_por_proximidad_no_asociacion_directa,35.3541,local_0_50km,75.99246513,585.40465713,400.583899909687,13.2014103625689,1,1,1
-75.46,3.17,NEV1,contextual_por_proximidad_no_asociacion_directa,31.8313,local_0_50km,76.21347057,459.18607057,320.239090033986,6.32583092844445,1,1,1
-75.41,3.17,NEV1,contextual_por_proximidad_no_asociacion_directa,28.9516,local_0_50km,76.17157112,499.59545912,345.972273742197,9.72756567025377,1,1,1
-75.36,3.17,NEV1,contextual_por_proximidad_no_asociacion_directa,26.9222,local_0_50km,76.34605208,304.67302008,221.833300532066,18.4457107802578,1,1,1
-75.31,3.17,NEV1,contextual_por_proximidad_no_asociacion_directa,25.9434,local_0_50km,76.3392319,207.9756479,160.216402116404,6.08825559855956,1,1,1
-75.26,3.17,NEV1,contextual_por_proximidad_no_asociacion_directa,26.1336,local_0_50km,76.16367557,199.25804357,154.59795364558,0.418853562571998,1,1,1
-75.21,3.17,NEV1,contextual_por_proximidad_no_asociacion_directa,27.4684,local_0_50km,75.91242294,201.56199894,155.974849387185,1.61193655029892,1,1,1
-75.16,3.17,NEV1,contextual_por_proximidad_no_asociacion_directa,29.7944,local_0_50km,75.57958731,220.93018731,168.195273665792,1.79372425832457,1,1,1
-75.11,3.17,NEV1,contextual_por_proximidad_no_asociacion_directa,32.9021,local_0_50km,75.19813457,230.41159057,174.098316331166,2.42160967313246,1,1,1
-75.06,3.17,NEV1,contextual_por_proximidad_no_asociacion_directa,36.5928,local_0_50km,74.73052188,263.43324988,194.969672395583,6.83929633537295,1,1,1
-75.01,3.17,NEV1,contextual_por_proximidad_no_asociacion_directa,40.7083,local_0_50km,74.14639582,348.83742782,249.176278493073,16.9479943809153,1,1,1
-74.96,3.17,NEV1,contextual_por_proximidad_no_asociacion_directa,45.1325,local_0_50km,73.39085149,539.75951549,370.555458386659,22.6769232163415,1,1,1
-74.91,3.17,NEV1,contextual_por_proximidad_no_asociacion_directa,49.7832,local_0_50km,72.62633046,695.24534646,469.351817007751,9.51095817230088,1,1,1
-74.86,3.17,NEV1,contextual_por_proximidad_no_asociacion_directa,54.6026,contextual_50_100km,72.14617243,542.37850843,371.772665511743,16.0424030376556,1,1,1
-74.81,3.17,NEV1,contextual_por_proximidad_no_asociacion_directa,59.5496,contextual_50_100km,71.35080028,633.48421628,429.535576582029,15.1083661446994,1,1,1
-74.76,3.17,NEV1,contextual_por_proximidad_no_asociacion_directa,64.595,contextual_50_100km,70.47446537,758.60308937,508.94190074919,13.4067817658062,1,1,1
-74.71,3.17,NEV1,contextual_por_proximidad_no_asociacion_directa,69.7175,contextual_50_100km,69.61152601,828.75518201,553.328901398096,17.1282908920584,1,1,1
-74.66,3.17,NEV1,contextual_por_proximidad_no_asociacion_directa,74.9011,contextual_50_100km,69.08910197,511.34993397,350.892482925864,26.7711585102972,1,1,1
-74.61,3.17,NEV1,contextual_por_proximidad_no_asociacion_directa,80.1342,contextual_50_100km,68.26745164,442.75972364,306.889506218514,13.9615680143744,1,1,1
-74.56,3.17,NEV1,contextual_por_proximidad_no_asociacion_directa,85.4074,contextual_50_100km,67.44351493,328.22285893,233.609034246557,2.86839747051584,1,1,1
-74.51,3.17,NEV1,contextual_por_proximidad_no_asociacion_directa,90.714,contextual_50_100km,66.40308376,398.90106776,278.266873796484,2.47292749820365,1,1,1
-74.46,3.17,NEV1,contextual_por_proximidad_no_asociacion_directa,96.0482,contextual_50_100km,65.49077951,287.15198751,206.730684383966,10.2937447123314,1,1,1
-74.41,3.17,NEV1,contextual_por_proximidad_no_asociacion_directa,101.4058,regional_100_150km,64.47095575,250.91473175,183.270728719671,4.51811893460922,1,0,1
-74.36,3.17,NEV1,contextual_por_proximidad_no_asociacion_directa,106.7833,regional_100_150km,63.39891639,234.06706039,172.146642891501,2.66141736642559,1,0,1
-74.31,3.17,NEV1,contextual_por_proximidad_no_asociacion_directa,112.1778,regional_100_150km,62.27636155,239.41276155,175.145584412472,1.66721323190959,1,0,1
-74.26,3.17,NEV1,contextual_por_proximidad_no_asociacion_directa,117.5869,regional_100_150km,61.13685375,229.11400575,168.16991191812,2.12486217288817,1,0,1
-74.21,3.17,VIVI,contextual_por_proximidad_no_asociacion_directa,122.2499,regional_100_150km,59.93686404,263.16848004,189.433650465627,6.07195589569826,1,0,1
-74.16,3.17,VIVI,contextual_por_proximidad_no_asociacion_directa,119.1844,regional_100_150km,58.69455153,325.39901553,228.635487360423,10.2163939530665,1,0,1
-74.11,3.17,VIVI,contextual_por_proximidad_no_asociacion_directa,116.303,regional_100_150km,57.41688532,413.29440532,284.177839684117,5.20664137103241,1,0,1
-74.06,3.17,VIVI,contextual_por_proximidad_no_asociacion_directa,113.6196,regional_100_150km,56.23755583,325.49722783,227.806640032028,7.56119970107137,1,0,1
-74.01,3.17,VIVI,contextual_por_proximidad_no_asociacion_directa,111.1486,regional_100_150km,55.00706848,283.74138848,200.753876817394,3.29300669793434,1,0,1
-73.96,3.17,VIVI,contextual_por_proximidad_no_asociacion_directa,108.9044,regional_100_150km,53.73090821,290.58758021,204.65318335182,7.10584143222491,1,0,1
-73.91,3.17,VIVI,contextual_por_proximidad_no_asociacion_directa,106.9015,regional_100_150km,52.46405089,257.58429889,183.164251329422,11.681271995069,1,0,1
-73.86,3.17,VIVI,contextual_por_proximidad_no_asociacion_directa,105.1534,regional_100_150km,51.22425481,146.27305481,111.788228053278,7.13251988031954,1,0,1
-73.81,3.17,VIVI,contextual_por_proximidad_no_asociacion_directa,103.6732,regional_100_150km,49.92178617,135.29289017,104.319245773962,0.988850597091307,1,0,1
-73.76,3.17,VIVI,contextual_por_proximidad_no_asociacion_directa,102.4725,regional_100_150km,48.60644377,139.58172377,106.574818159994,0.974499576399217,1,0,1
-73.71,3.17,VIVI,contextual_por_proximidad_no_asociacion_directa,101.561,regional_100_150km,47.29127776,136.46433376,104.111296293693,0.766015942289439,1,0,1
-73.66,3.17,VIVI,contextual_por_proximidad_no_asociacion_directa,100.9468,regional_100_150km,45.97676077,128.92844077,98.8325919641333,0.962615142866342,1,0,1
-73.61,3.17,VIVI,contextual_por_proximidad_no_asociacion_directa,100.6352,regional_100_150km,44.66325169,121.44293169,93.5863573488555,0.634167971688394,1,0,1
-73.56,3.17,VIVI,contextual_por_proximidad_no_asociacion_directa,100.629,regional_100_150km,43.35052821,122.30275221,93.6579532572733,0.344255865543601,1,0,1
-73.51,3.17,VIVI,contextual_por_proximidad_no_asociacion_directa,100.9284,regional_100_150km,42.04497402,119.08387802,91.1332541513372,0.830832329609736,1,0,1
-73.46,3.17,VIVI,contextual_por_proximidad_no_asociacion_directa,101.5305,regional_100_150km,40.74805689,113.08389689,86.8396001634555,0.752444355516023,1,0,1
-73.41,3.17,VIVI,contextual_por_proximidad_no_asociacion_directa,102.4301,regional_100_150km,39.45998614,112.42537014,85.9526674180539,0.402450823529044,1,0,1
-73.36,3.17,VIVI,contextual_por_proximidad_no_asociacion_directa,103.6194,regional_100_150km,38.18447853,110.49563053,84.2602909013144,0.417233753612515,1,0,1
-73.31,3.17,VIVI,contextual_por_proximidad_no_asociacion_directa,105.0886,regional_100_150km,36.92339172,107.53107172,81.9137718435777,0.37275523257589,1,0,1
-73.26,3.17,VIVI,contextual_por_proximidad_no_asociacion_directa,106.8261,regional_100_150km,35.67831611,105.91567611,80.4327327014611,0.527320962708306,1,0,1
-73.21,3.17,VIVI,contextual_por_proximidad_no_asociacion_directa,108.8191,regional_100_150km,34.45084008,110.73676008,83.0593276960333,0.490005735084435,1,0,1
-73.16,3.17,VIVI,contextual_por_proximidad_no_asociacion_directa,111.0538,regional_100_150km,33.2439745,109.6780225,81.94684752888,0.614485547130752,1,0,1
-73.11,3.17,VIVI,contextual_por_proximidad_no_asociacion_directa,113.5159,regional_100_150km,32.05879448,108.93722648,81.04482374742,0.625063499082134,1,0,1
-73.06,3.17,VIVI,contextual_por_proximidad_no_asociacion_directa,116.191,regional_100_150km,30.89696865,100.28259265,75.1086691175928,0.870674370400308,1,0,1
-73.01,3.17,VIVI,contextual_por_proximidad_no_asociacion_directa,119.0648,regional_100_150km,29.75977664,95.25704064,71.4938600203677,0.67084233864709,1,0,1
-72.96,3.17,VIVI,contextual_por_proximidad_no_asociacion_directa,122.1232,regional_100_150km,28.64935162,100.49143162,74.4262768506333,0.654197531021593,1,0,1
-72.91,3.17,VIVI,contextual_por_proximidad_no_asociacion_directa,125.3526,regional_100_150km,27.56696842,104.45774442,76.5608631384905,0.193067363120877,1,0,1
-72.86,3.17,VIVI,contextual_por_proximidad_no_asociacion_directa,128.7403,regional_100_150km,26.51361958,104.91036358,76.4670993290983,0.570711336995949,1,0,1
-72.81,3.17,VIVI,contextual_por_proximidad_no_asociacion_directa,132.2741,regional_100_150km,25.49082261,106.26995861,76.9623344157155,0.369583654009485,1,0,1
-72.76,3.17,VIVI,contextual_por_proximidad_no_asociacion_directa,135.9425,regional_100_150km,24.49900627,103.13028627,74.6019295894389,0.560544056607168,1,0,1
-72.71,3.17,VIVI,contextual_por_proximidad_no_asociacion_directa,139.735,regional_100_150km,23.53941069,98.39342669,71.2355059818489,0.460271684804817,1,0,1
-72.66,3.17,VIVI,contextual_por_proximidad_no_asociacion_directa,143.6418,regional_100_150km,22.6138513,97.3691153,70.2470229832844,0.389093152708893,1,0,1
-72.61,3.17,VIVI,contextual_por_proximidad_no_asociacion_directa,147.6537,regional_100_150km,21.72195262,92.71229662,66.956161726765,0.376902921041992,1,0,1
-72.56,3.17,VIVI,contextual_por_proximidad_no_asociacion_directa,151.7625,no_local_mayor_150km,20.86629675,93.90574475,67.4061707344772,0.237137163412406,1,0,0
-72.51,3.17,VIVI,contextual_por_proximidad_no_asociacion_directa,155.9604,no_local_mayor_150km,20.04525335,89.57900535,64.3513392304394,0.54233174067582,1,0,0
-72.46,3.17,VIVI,contextual_por_proximidad_no_asociacion_directa,160.2406,no_local_mayor_150km,19.26168776,90.36312776,64.5666859264,0.506937389875653,1,0,0
-72.41,3.17,VIVI,contextual_por_proximidad_no_asociacion_directa,164.5964,no_local_mayor_150km,18.51424439,88.19612439,62.9147156832861,0.569008278675268,1,0,0
-72.36,3.17,VIVI,contextual_por_proximidad_no_asociacion_directa,169.0222,no_local_mayor_150km,17.80528753,91.14099153,64.5339323401705,0.323732252774893,1,0,0
-72.31,3.17,VIVI,contextual_por_proximidad_no_asociacion_directa,173.5126,no_local_mayor_150km,17.13212285,87.66573885,62.0753102671544,0.529033264533427,1,0,0
-72.26,3.17,VIVI,contextual_por_proximidad_no_asociacion_directa,178.0626,no_local_mayor_150km,16.49622189,83.06741389,58.9145995135061,0.381024285384814,1,0,0
-72.21,3.17,VIVI,contextual_por_proximidad_no_asociacion_directa,182.6678,no_local_mayor_150km,15.89927262,83.06297662,58.6951918948928,0.276177795159289,1,0,0
-72.16,3.17,VIVI,contextual_por_proximidad_no_asociacion_directa,187.3242,no_local_mayor_150km,15.33918053,80.19455653,56.6642604546989,0.103255939936092,1,0,0
-72.11,3.17,VIVI,contextual_por_proximidad_no_asociacion_directa,192.0279,no_local_mayor_150km,14.81805883,82.16692283,57.7319598709511,0.11253289254393,1,0,0
-72.06,3.17,VIVI,contextual_por_proximidad_no_asociacion_directa,196.7758,no_local_mayor_150km,14.33293004,79.49690604,55.8546462414628,NaN,1,0,0
-75.91,3.12,NEV1,contextual_por_proximidad_no_asociacion_directa,71.4566,contextual_50_100km,72.0991565,1132.5104765,747.780730716074,8.91744363882259,1,1,1
-75.86,3.12,NEV1,contextual_por_proximidad_no_asociacion_directa,66.1525,contextual_50_100km,72.74597728,1046.89742528,693.463779415032,8.21348086376648,1,1,1
-75.81,3.12,NEV1,contextual_por_proximidad_no_asociacion_directa,60.8927,contextual_50_100km,73.30090663,989.95400263,657.381437678385,10.0960809337549,1,1,1
-75.76,3.12,NEV1,contextual_por_proximidad_no_asociacion_directa,55.6896,contextual_50_100km,73.86226193,872.55609393,582.780542548156,14.7794267812634,1,1,1
-75.71,3.12,NEV1,contextual_por_proximidad_no_asociacion_directa,50.5608,contextual_50_100km,74.31884768,793.77654368,532.74879787626,20.4992810962778,1,1,1
-75.66,3.12,NEV1,contextual_por_proximidad_no_asociacion_directa,45.5314,local_0_50km,74.9266058,529.8523818,364.799939554254,11.2852901928851,1,1,1
-75.61,3.12,NEV1,contextual_por_proximidad_no_asociacion_directa,40.6383,local_0_50km,74.97187697,698.68950897,472.397388663031,13.3323609538814,1,1,1
-75.56,3.12,NEV1,contextual_por_proximidad_no_asociacion_directa,35.9371,local_0_50km,75.24267898,617.11959098,420.520250075247,10.3338085439032,1,1,1
-75.51,3.12,NEV1,contextual_por_proximidad_no_asociacion_directa,31.514,local_0_50km,75.46337515,524.21715115,361.403983368977,11.3599446261565,1,1,1
-75.46,3.12,NEV1,contextual_por_proximidad_no_asociacion_directa,27.5035,local_0_50km,75.63390774,420.01916374,295.072127157429,4.73985421676139,1,1,1
-75.41,3.12,NEV1,contextual_por_proximidad_no_asociacion_directa,24.1122,local_0_50km,75.57785646,454.45224846,316.992146168562,13.7197526082056,1,1,1
-75.36,3.12,NEV1,contextual_por_proximidad_no_asociacion_directa,21.6334,local_0_50km,75.73047112,257.44649512,191.517776329648,14.8153231246603,1,1,1
-75.31,3.12,NEV1,contextual_por_proximidad_no_asociacion_directa,20.4024,local_0_50km,75.64373343,210.10692543,161.322091941562,3.29484277093938,1,1,1
-75.26,3.12,NEV1,contextual_por_proximidad_no_asociacion_directa,20.6436,local_0_50km,75.44921336,201.25926136,155.613890671102,0.658680225547094,1,1,1
-75.21,3.12,NEV1,contextual_por_proximidad_no_asociacion_directa,22.3094,local_0_50km,75.16384349,217.58891549,165.91541794207,1.56877104758634,1,1,1
-75.16,3.12,NEV1,contextual_por_proximidad_no_asociacion_directa,25.118,local_0_50km,74.82710338,226.26329538,171.320457113575,1.39508899522529,1,1,1
-75.11,3.12,NEV1,contextual_por_proximidad_no_asociacion_directa,28.7361,local_0_50km,74.43424784,232.23994384,174.986174325982,4.33237609038186,1,1,1
-75.06,3.12,NEV1,contextual_por_proximidad_no_asociacion_directa,32.8977,local_0_50km,73.92357141,291.25203541,212.402702958201,11.9181954505607,1,1,1
-75.01,3.12,NEV1,contextual_por_proximidad_no_asociacion_directa,37.422,local_0_50km,73.30127254,401.15791254,282.207652973955,21.7051934438447,1,1,1
-74.96,3.12,NEV1,contextual_por_proximidad_no_asociacion_directa,42.1925,local_0_50km,72.47497541,650.92715941,441.057878027304,15.5255758971025,1,1,1
-74.91,3.12,NEV1,contextual_por_proximidad_no_asociacion_directa,47.1344,local_0_50km,71.85557711,665.89823311,450.372544429415,2.26753400336109,1,1,1
-74.86,3.12,NEV1,contextual_por_proximidad_no_asociacion_directa,52.1991,contextual_50_100km,71.18398029,681.73056429,460.217055690748,11.7453741080328,1,1,1
-74.81,3.12,NEV1,contextual_por_proximidad_no_asociacion_directa,57.354,contextual_50_100km,70.40699655,751.73407655,504.540568389314,14.7656022803898,1,1,1
-74.76,3.12,NEV1,contextual_por_proximidad_no_asociacion_directa,62.577,contextual_50_100km,69.53871764,867.33143764,577.882820330005,9.54472426638555,1,1,1
-74.71,3.12,NEV1,contextual_por_proximidad_no_asociacion_directa,67.8522,contextual_50_100km,69.00700052,599.67556052,407.142742043183,33.2925654865258,1,1,1
-74.66,3.12,NEV1,contextual_por_proximidad_no_asociacion_directa,73.1684,contextual_50_100km,68.37638301,376.53199901,264.729503535349,17.7418999261185,1,1,1
-74.61,3.12,NEV1,contextual_por_proximidad_no_asociacion_directa,78.5172,contextual_50_100km,67.54359497,310.51054697,222.359268391745,8.18485553447911,1,1,1
-74.56,3.12,NEV1,contextual_por_proximidad_no_asociacion_directa,83.8924,contextual_50_100km,66.56177101,357.83079501,252.154954470829,3.85718474034234,1,1,1
-74.51,3.12,NEV1,contextual_por_proximidad_no_asociacion_directa,89.2893,contextual_50_100km,65.64430003,292.11966803,209.951730821483,8.4769967082898,1,1,1
-74.46,3.12,NEV1,contextual_por_proximidad_no_asociacion_directa,94.704,contextual_50_100km,64.65900554,257.70682154,187.666794832418,5.24601677302192,1,1,1
-74.41,3.12,NEV1,contextual_por_proximidad_no_asociacion_directa,100.1339,regional_100_150km,63.63222038,228.73322038,168.832628448681,1.90014620980686,1,0,1
-74.36,3.12,NEV1,contextual_por_proximidad_no_asociacion_directa,105.5764,regional_100_150km,62.54978575,225.93496975,166.656896119873,1.24440010106507,1,0,1
-74.31,3.12,NEV1,contextual_por_proximidad_no_asociacion_directa,111.0298,regional_100_150km,61.43348799,227.21340799,167.066495867561,1.42336268966978,1,0,1
-74.26,3.12,NEV1,contextual_por_proximidad_no_asociacion_directa,116.4924,regional_100_150km,60.29383883,222.07430283,163.378440560701,0.733020217337141,1,0,1
-74.21,3.12,NEV1,contextual_por_proximidad_no_asociacion_directa,121.9632,regional_100_150km,59.12081562,226.93749562,166.051622924203,4.21945724221425,1,0,1
-74.16,3.12,VIVI,contextual_por_proximidad_no_asociacion_directa,123.9137,regional_100_150km,57.89670699,272.63293099,194.724093813384,6.70622479464971,1,0,1
-74.11,3.12,VIVI,contextual_por_proximidad_no_asociacion_directa,121.1446,regional_100_150km,56.66866015,296.41382815,209.43145084233,8.53212006326031,1,0,1
-74.06,3.12,VIVI,contextual_por_proximidad_no_asociacion_directa,118.5707,regional_100_150km,55.41995066,325.82761466,227.72052181159,4.40974893400424,1,0,1
-74.01,3.12,VIVI,contextual_por_proximidad_no_asociacion_directa,116.2049,regional_100_150km,54.179476,316.31666,221.210194934318,2.00536355886445,1,0,1
-73.96,3.12,VIVI,contextual_por_proximidad_no_asociacion_directa,114.0602,regional_100_150km,52.89680543,357.07765343,246.71725071063,7.43552358611923,1,0,1
-73.91,3.12,VIVI,contextual_por_proximidad_no_asociacion_directa,112.1493,regional_100_150km,51.60805205,392.45058005,268.78888701018,12.9325231858,1,0,1
-73.86,3.12,VIVI,contextual_por_proximidad_no_asociacion_directa,110.4842,regional_100_150km,50.44441735,153.40572135,116.050144729504,15.1841510921857,1,0,1
-73.81,3.12,VIVI,contextual_por_proximidad_no_asociacion_directa,109.0763,regional_100_150km,49.16055791,131.64316591,101.717501963452,1.54462127408362,1,0,1
-73.76,3.12,VIVI,contextual_por_proximidad_no_asociacion_directa,107.9356,regional_100_150km,47.86284616,128.82714216,99.4523397317739,1.00897764474104,1,0,1
-73.71,3.12,VIVI,contextual_por_proximidad_no_asociacion_directa,107.0706,regional_100_150km,46.55976884,133.83184884,102.168507908828,0.39251947192286,1,0,1
-73.66,3.12,VIVI,contextual_por_proximidad_no_asociacion_directa,106.4881,regional_100_150km,45.26007532,130.32257932,99.4608986471983,0.695524325861937,1,0,1
-73.61,3.12,VIVI,contextual_por_proximidad_no_asociacion_directa,106.1928,regional_100_150km,43.96322967,124.52017367,95.2931633564455,0.740732592953808,1,0,1
-73.56,3.12,VIVI,contextual_por_proximidad_no_asociacion_directa,106.187,regional_100_150km,42.67039647,119.42538847,91.5777712267144,0.726891589250356,1,0,1
-73.51,3.12,VIVI,contextual_por_proximidad_no_asociacion_directa,106.4707,regional_100_150km,41.38417294,113.68298094,87.4521198602439,0.579661624477654,1,0,1
-73.46,3.12,VIVI,contextual_por_proximidad_no_asociacion_directa,107.0417,regional_100_150km,40.10583334,111.04680134,85.3085806424828,0.416730240781817,1,0,1
-73.41,3.12,VIVI,contextual_por_proximidad_no_asociacion_directa,107.8954,regional_100_150km,38.83819368,109.19899368,83.6712647821666,0.327499369252797,1,0,1
-73.36,3.12,VIVI,contextual_por_proximidad_no_asociacion_directa,109.0251,regional_100_150km,37.58345277,107.54924477,82.1648294379089,0.213082218300036,1,0,1
-73.31,3.12,VIVI,contextual_por_proximidad_no_asociacion_directa,110.4225,regional_100_150km,36.34345846,107.27208246,81.5383403114122,0.404154229228422,1,0,1
-73.26,3.12,VIVI,contextual_por_proximidad_no_asociacion_directa,112.0774,regional_100_150km,35.12065545,103.93845545,78.9705451683472,0.317707277459465,1,0,1
-73.21,3.12,VIVI,contextual_por_proximidad_no_asociacion_directa,113.9787,regional_100_150km,33.9161501,104.8200861,79.0953010492711,0.564748642989404,1,0,1
-73.16,3.12,VIVI,contextual_por_proximidad_no_asociacion_directa,116.1142,regional_100_150km,32.73225265,104.95699665,78.7530068638205,0.190252365776552,1,0,1
-73.11,3.12,VIVI,contextual_por_proximidad_no_asociacion_directa,118.4714,regional_100_150km,31.57055178,108.63414378,80.6745628134783,0.0539145282727718,1,0,1
-73.06,3.12,VIVI,contextual_por_proximidad_no_asociacion_directa,121.0372,regional_100_150km,30.43276918,105.49663318,78.2625771400483,0.404469078361125,1,0,1
-73.01,3.12,VIVI,contextual_por_proximidad_no_asociacion_directa,123.7986,regional_100_150km,29.32036154,106.29754554,78.3693144159844,0.460844907759462,1,0,1
-72.96,3.12,VIVI,contextual_por_proximidad_no_asociacion_directa,126.743,regional_100_150km,28.23459291,103.70580891,76.3239607553766,0.602594237071845,1,0,1
-72.91,3.12,VIVI,contextual_por_proximidad_no_asociacion_directa,129.8578,regional_100_150km,27.17656494,97.42626894,71.9388469825316,0.5843169362583,1,0,1
-72.86,3.12,VIVI,contextual_por_proximidad_no_asociacion_directa,133.131,regional_100_150km,26.14938598,106.12616198,77.1096434661294,0.360449087201593,1,0,1
-72.81,3.12,VIVI,contextual_por_proximidad_no_asociacion_directa,136.5514,regional_100_150km,25.15135382,100.54850582,73.1935289589533,0.56512377450962,1,0,1
-72.76,3.12,VIVI,contextual_por_proximidad_no_asociacion_directa,140.1081,regional_100_150km,24.18527159,97.76785559,71.0712254215816,0.473574041072379,1,0,1
-72.71,3.12,VIVI,contextual_por_proximidad_no_asociacion_directa,143.791,regional_100_150km,23.25179478,94.71121078,68.7848910274461,0.545408007336454,1,0,1
-72.66,3.12,VIVI,contextual_por_proximidad_no_asociacion_directa,147.5906,regional_100_150km,22.35156308,89.97199508,65.4385040445033,0.706941588094451,1,0,1
-72.61,3.12,VIVI,contextual_por_proximidad_no_asociacion_directa,151.4982,no_local_mayor_150km,21.48581493,85.99555893,62.5906622247233,0.257901772143287,1,0,0
-72.56,3.12,VIVI,contextual_por_proximidad_no_asociacion_directa,155.5056,no_local_mayor_150km,20.65661051,88.70908251,64.0188422619728,0.392458544280862,1,0,0
-72.51,3.12,VIVI,contextual_por_proximidad_no_asociacion_directa,159.6054,no_local_mayor_150km,19.86198293,85.71722293,61.8241643914139,0.505417262707731,1,0,0
-72.46,3.12,VIVI,contextual_por_proximidad_no_asociacion_directa,163.7905,no_local_mayor_150km,19.10392825,83.97164825,60.4368736257694,0.424612977762097,1,0,0
-72.41,3.12,VIVI,contextual_por_proximidad_no_asociacion_directa,168.0546,no_local_mayor_150km,18.38330101,84.95449301,60.8016786335061,0.349152132455495,1,0,0
-72.36,3.12,VIVI,contextual_por_proximidad_no_asociacion_directa,172.3918,no_local_mayor_150km,17.70010485,87.12276085,61.9354016708044,0.477902475006178,1,0,0
-72.31,3.12,VIVI,contextual_por_proximidad_no_asociacion_directa,176.7968,no_local_mayor_150km,17.05367555,87.11821955,61.6979758264733,0.33449515002502,1,0,0
-72.26,3.12,VIVI,contextual_por_proximidad_no_asociacion_directa,181.2647,no_local_mayor_150km,16.44404739,84.79277539,59.9950499676661,0.325721099918874,1,0,0
-72.21,3.12,VIVI,contextual_por_proximidad_no_asociacion_directa,185.7908,no_local_mayor_150km,15.87178894,82.14672494,58.1013957378128,0.154231443007072,1,0,0
-72.16,3.12,VIVI,contextual_por_proximidad_no_asociacion_directa,190.371,no_local_mayor_150km,15.33807655,83.39054855,58.7003083019727,0.204355516594189,1,0,0
-72.11,3.12,VIVI,contextual_por_proximidad_no_asociacion_directa,195.0015,no_local_mayor_150km,14.84082382,81.80702382,57.5108958777639,0.315689505236099,1,0,0
-72.06,3.12,VIVI,contextual_por_proximidad_no_asociacion_directa,199.6789,no_local_mayor_150km,14.38056913,80.10002513,56.2562306296377,NaN,1,0,0
-75.91,3.07,NEV1,contextual_por_proximidad_no_asociacion_directa,70.0805,contextual_50_100km,71.86158271,992.18084671,658.27815272634,10.7508830983149,1,1,1
-75.86,3.07,NEV1,contextual_por_proximidad_no_asociacion_directa,64.6634,contextual_50_100km,72.5163327,873.7777167,583.070627140831,13.0219502250126,1,1,1
-75.81,3.07,NEV1,contextual_por_proximidad_no_asociacion_directa,59.2713,contextual_50_100km,72.99022675,865.93175475,578.243207169277,11.5328387595031,1,1,1
-75.76,3.07,NEV1,contextual_por_proximidad_no_asociacion_directa,53.9117,contextual_50_100km,73.48981531,779.02347931,523.047536698673,16.6496959412577,1,1,1
-75.71,3.07,NEV1,contextual_por_proximidad_no_asociacion_directa,48.5954,local_0_50km,74.01671965,613.88155965,418.012222220747,4.50274027472986,1,1,1
-75.66,3.07,NEV1,contextual_por_proximidad_no_asociacion_directa,43.3382,local_0_50km,74.17264244,721.47965844,486.629031128863,22.8523185347934,1,1,1
-75.61,3.07,NEV1,contextual_por_proximidad_no_asociacion_directa,38.1647,local_0_50km,74.28094479,814.16796079,545.728216508029,12.7595054374922,1,1,1
-75.56,3.07,NEV1,contextual_por_proximidad_no_asociacion_directa,33.114,local_0_50km,74.52595854,731.53535854,493.164591770319,17.7695654948949,1,1,1
-75.51,3.07,NEV1,contextual_por_proximidad_no_asociacion_directa,28.252,local_0_50km,74.76950042,596.04427642,406.91963367849,19.3529525917533,1,1,1
-75.46,3.07,NEV1,contextual_por_proximidad_no_asociacion_directa,23.6954,local_0_50km,75.00246916,416.05484516,292.317016788379,15.7275275376028,1,1,1
-75.41,3.07,NEV1,contextual_por_proximidad_no_asociacion_directa,19.6576,local_0_50km,75.06933967,325.64019567,234.730130951207,14.9382677838018,1,1,1
-75.36,3.07,NEV1,contextual_por_proximidad_no_asociacion_directa,16.5234,local_0_50km,75.08534331,225.06494331,170.65057381725,6.53728280566514,1,1,1
-75.31,3.07,NEV1,contextual_por_proximidad_no_asociacion_directa,14.8753,local_0_50km,74.93012016,218.50318416,166.413181561632,1.16200378246603,1,1,1
-75.26,3.07,NEV1,contextual_por_proximidad_no_asociacion_directa,15.2045,local_0_50km,74.71698954,208.98267754,160.269500834433,0.416917374497545,1,1,1
-75.21,3.07,NEV1,contextual_por_proximidad_no_asociacion_directa,17.3992,local_0_50km,74.42678049,214.00038849,163.361435744772,1.93635748400657,1,1,1
-75.16,3.07,NEV1,contextual_por_proximidad_no_asociacion_directa,20.8791,local_0_50km,74.05196316,241.44894716,180.715345127804,4.02823741008975,1,1,1
-75.11,3.07,NEV1,contextual_por_proximidad_no_asociacion_directa,25.1157,local_0_50km,73.61820267,270.10999467,198.820452811103,10.6463828784281,1,1,1
-75.06,3.07,NEV1,contextual_por_proximidad_no_asociacion_directa,29.7877,local_0_50km,73.03307236,385.05236036,271.848079070433,14.3828799170656,1,1,1
-75.01,3.07,NEV1,contextual_por_proximidad_no_asociacion_directa,34.7199,local_0_50km,72.43437156,464.61559556,322.32761752262,12.7430551126342,1,1,1
-74.96,3.07,NEV1,contextual_por_proximidad_no_asociacion_directa,39.8156,local_0_50km,71.7300877,595.0292797,405.170154934061,11.8483604566223,1,1,1
-74.91,3.07,NEV1,contextual_por_proximidad_no_asociacion_directa,45.0194,local_0_50km,71.03556939,670.68240139,453.123451495448,8.72783240652547,1,1,1
-74.86,3.07,NEV1,contextual_por_proximidad_no_asociacion_directa,50.2978,contextual_50_100km,70.31077701,729.30756101,490.215747862679,11.1622562737171,1,1,1
-74.81,3.07,NEV1,contextual_por_proximidad_no_asociacion_directa,55.6294,contextual_50_100km,69.51448131,812.77140931,543.109021170291,3.34390333421335,1,1,1
-74.76,3.07,NEV1,contextual_por_proximidad_no_asociacion_directa,61.0005,contextual_50_100km,68.87209868,695.51525868,468.161722276753,20.3318144578878,1,1,1
-74.71,3.07,NEV1,contextual_por_proximidad_no_asociacion_directa,66.4013,contextual_50_100km,68.2310663,524.7985943,359.150505046638,6.76913028566662,1,1,1
-74.66,3.07,NEV1,contextual_por_proximidad_no_asociacion_directa,71.8252,contextual_50_100km,67.29164728,616.10588728,416.9896018769,11.580175297832,1,1,1
-74.61,3.07,NEV1,contextual_por_proximidad_no_asociacion_directa,77.2673,contextual_50_100km,66.4272011,584.9492651,396.823338769757,17.6923106259462,1,1,1
-74.56,3.07,NEV1,contextual_por_proximidad_no_asociacion_directa,82.724,contextual_50_100km,65.66449116,393.49644316,274.555140691814,17.1343867948112,1,1,1
-74.51,3.07,NEV1,contextual_por_proximidad_no_asociacion_directa,88.1926,contextual_50_100km,64.77547728,292.70743728,210.011031297808,10.177566516128,1,1,1
-74.46,3.07,NEV1,contextual_por_proximidad_no_asociacion_directa,93.6711,contextual_50_100km,63.81840031,223.67320031,165.675991673694,2.95868160494804,1,1,1
-74.41,3.07,NEV1,contextual_por_proximidad_no_asociacion_directa,99.1577,contextual_50_100km,62.7445035,251.9409915,183.298272058405,1.07354128159812,1,1,1
-74.36,3.07,NEV1,contextual_por_proximidad_no_asociacion_directa,104.6513,regional_100_150km,61.69288927,213.54877727,158.453668339974,2.14219474932516,1,0,1
-74.31,3.07,NEV1,contextual_por_proximidad_no_asociacion_directa,110.1507,regional_100_150km,60.57876779,216.13785579,159.699182181141,1.3583242266362,1,0,1
-74.26,3.07,NEV1,contextual_por_proximidad_no_asociacion_directa,115.6552,regional_100_150km,59.43868502,217.41719702,160.10072782097,0.966081222721048,1,0,1
-74.21,3.07,NEV1,contextual_por_proximidad_no_asociacion_directa,121.164,regional_100_150km,58.28013923,209.69164323,154.757762061434,2.13384275415716,1,0,1
-74.16,3.07,NEV1,contextual_por_proximidad_no_asociacion_directa,126.6765,regional_100_150km,57.07918317,231.61099917,168.288795856585,5.47424044649279,1,0,1
-74.11,3.07,VIVI,contextual_por_proximidad_no_asociacion_directa,126.0456,regional_100_150km,55.84618297,275.00155897,195.489401276643,3.43402959307677,1,0,1
-74.06,3.07,VIVI,contextual_por_proximidad_no_asociacion_directa,123.5736,regional_100_150km,54.63766169,251.89478169,180.327569797478,4.98712171137866,1,0,1
-74.01,3.07,VIVI,contextual_por_proximidad_no_asociacion_directa,121.3053,regional_100_150km,53.37103571,302.68280371,212.22955098201,8.29877407428497,1,0,1
-73.96,3.07,VIVI,contextual_por_proximidad_no_asociacion_directa,119.2523,regional_100_150km,52.07197683,397.12380883,271.934930605239,2.75319997698916,1,0,1
-73.91,3.07,VIVI,contextual_por_proximidad_no_asociacion_directa,117.4258,regional_100_150km,50.83808104,349.98257704,241.449422283843,12.980133406555,1,0,1
-73.86,3.07,VIVI,contextual_por_proximidad_no_asociacion_directa,115.8365,regional_100_150km,49.65210029,173.26491629,128.416727310543,12.7792367118714,1,0,1
-73.81,3.07,VIVI,contextual_por_proximidad_no_asociacion_directa,114.4943,regional_100_150km,48.39182781,129.82519581,100.280208522455,3.00214636676931,1,0,1
-73.76,3.07,VIVI,contextual_por_proximidad_no_asociacion_directa,113.4081,regional_100_150km,47.11076082,122.87823282,95.38889949107,0.46824647871776,1,0,1
-73.71,3.07,VIVI,contextual_por_proximidad_no_asociacion_directa,112.5851,regional_100_150km,45.82272296,130.46553096,99.7561209507994,0.593279596145264,1,0,1
-73.66,3.07,VIVI,contextual_por_proximidad_no_asociacion_directa,112.0313,regional_100_150km,44.54060833,124.31988033,95.3750185990005,0.478648085910231,1,0,1
-73.61,3.07,VIVI,contextual_por_proximidad_no_asociacion_directa,111.7506,regional_100_150km,43.25907634,125.74168434,95.8160203934522,0.137180386455378,1,0,1
-73.56,3.07,VIVI,contextual_por_proximidad_no_asociacion_directa,111.745,regional_100_150km,41.98336477,125.86084477,95.429104794425,0.303276864885358,1,0,1
-73.51,3.07,VIVI,contextual_por_proximidad_no_asociacion_directa,112.0147,regional_100_150km,40.71611917,121.93963917,92.4707872142555,0.602483416304785,1,0,1
-73.46,3.07,VIVI,contextual_por_proximidad_no_asociacion_directa,112.5576,regional_100_150km,39.45827848,117.96611848,89.4825472887333,0.556394287881834,1,0,1
-73.41,3.07,VIVI,contextual_por_proximidad_no_asociacion_directa,113.3698,regional_100_150km,38.21155966,115.96641566,87.7560359534294,0.485030683347385,1,0,1
-73.36,3.07,VIVI,contextual_por_proximidad_no_asociacion_directa,114.4456,regional_100_150km,36.97857013,112.75838613,85.2645742521405,0.823451911077414,1,0,1
-73.31,3.07,VIVI,contextual_por_proximidad_no_asociacion_directa,115.7776,regional_100_150km,35.76166999,103.27100599,78.7778218948683,0.673943243471626,1,0,1
-73.26,3.07,VIVI,contextual_por_proximidad_no_asociacion_directa,117.3571,regional_100_150km,34.56104485,102.57648485,77.8996802487611,0.188027415874227,1,0,1
-73.21,3.07,VIVI,contextual_por_proximidad_no_asociacion_directa,119.1743,regional_100_150km,33.37969577,101.51857577,76.7969856794666,0.377689595405285,1,0,1
-73.16,3.07,VIVI,contextual_por_proximidad_no_asociacion_directa,121.2185,regional_100_150km,32.21915846,108.07303846,80.5523552885639,0.401741331026167,1,0,1
-73.11,3.07,VIVI,contextual_por_proximidad_no_asociacion_directa,123.4783,regional_100_150km,31.08161422,108.95991022,80.704745024135,0.375122849416164,1,0,1
-73.06,3.07,VIVI,contextual_por_proximidad_no_asociacion_directa,125.9423,regional_100_150km,29.96827094,106.84670294,78.95430020742,0.464199915935467,1,0,1
-73.01,3.07,VIVI,contextual_por_proximidad_no_asociacion_directa,128.5986,regional_100_150km,28.88048042,103.17901642,76.2226304136739,0.563004529533664,1,0,1
-72.96,3.07,VIVI,contextual_por_proximidad_no_asociacion_directa,131.4356,regional_100_150km,27.8200049,103.7109169,76.1767980817755,0.624088034476603,1,0,1
-72.91,3.07,VIVI,contextual_por_proximidad_no_asociacion_directa,134.4419,regional_100_150km,26.78708027,94.80252027,70.1257156687611,0.445187921273453,1,0,1
-72.86,3.07,VIVI,contextual_por_proximidad_no_asociacion_directa,137.6063,regional_100_150km,25.7851491,99.3677331,72.6711029315816,0.705631577917859,1,0,1
-72.81,3.07,VIVI,contextual_por_proximidad_no_asociacion_directa,140.9183,regional_100_150km,24.81430593,104.12450593,75.3498290583194,0.0822778825961664,1,0,1
-72.76,3.07,VIVI,contextual_por_proximidad_no_asociacion_directa,144.3676,regional_100_150km,23.87397944,99.03659544,71.7667110086128,0.604938827470379,1,0,1
-72.71,3.07,VIVI,contextual_por_proximidad_no_asociacion_directa,147.9446,regional_100_150km,22.96660338,95.32713138,69.0738775555966,0.60798442835657,1,0,1
-72.66,3.07,VIVI,contextual_por_proximidad_no_asociacion_directa,151.6404,no_local_mayor_150km,22.09257585,90.15739185,65.4626730530433,0.471313077640707,1,0,0
-72.61,3.07,VIVI,contextual_por_proximidad_no_asociacion_directa,155.4464,no_local_mayor_150km,21.2537912,89.0840712,64.4744448327027,0.261934141579714,1,0,0
-72.56,3.07,VIVI,contextual_por_proximidad_no_asociacion_directa,159.3548,no_local_mayor_150km,20.4500603,87.4162603,63.1201323577639,0.433705124401249,1,0,0
-72.51,3.07,VIVI,contextual_por_proximidad_no_asociacion_directa,163.3582,no_local_mayor_150km,19.68143713,83.03084513,60.0469320240911,0.285918538602411,1,0,0
-72.46,3.07,VIVI,contextual_por_proximidad_no_asociacion_directa,167.4497,no_local_mayor_150km,18.95016777,83.32412777,59.9684951029472,0.234727619333852,1,0,0
-72.41,3.07,VIVI,contextual_por_proximidad_no_asociacion_directa,171.6232,no_local_mayor_150km,18.25535192,82.74040792,59.3444683125822,0.553524426466672,1,0,0
-72.36,3.07,VIVI,contextual_por_proximidad_no_asociacion_directa,175.8727,no_local_mayor_150km,17.59773364,83.05796564,59.3082206671561,0.568896441350986,1,0,0
-72.31,3.07,VIVI,contextual_por_proximidad_no_asociacion_directa,180.1928,no_local_mayor_150km,16.97711757,82.79532557,58.9157026782022,0.629838759783248,1,0,0
-72.26,3.07,VIVI,contextual_por_proximidad_no_asociacion_directa,184.5787,no_local_mayor_150km,16.39400608,83.42192608,59.1034053931166,0.232470260472739,1,0,0
-72.21,3.07,VIVI,contextual_por_proximidad_no_asociacion_directa,189.0257,no_local_mayor_150km,15.84737487,81.34463887,57.5814582503678,NaN,1,0,0
-72.16,3.07,VIVI,contextual_por_proximidad_no_asociacion_directa,193.5296,no_local_mayor_150km,15.33715403,76.76089803,54.4756385570844,NaN,1,0,0
-72.11,3.07,VIVI,contextual_por_proximidad_no_asociacion_directa,198.0866,no_local_mayor_150km,14.86568415,78.21509215,55.2311790440911,NaN,1,0,0
-75.91,3.02,NEV1,contextual_por_proximidad_no_asociacion_directa,69.1254,contextual_50_100km,71.35757878,1096.62553078,724.646213798203,17.9922787249809,1,1,1
-75.86,3.02,NEV1,contextual_por_proximidad_no_asociacion_directa,63.6268,contextual_50_100km,72.10792236,858.76635436,573.357388184364,17.1806667251119,1,1,1
-75.81,3.02,NEV1,contextual_por_proximidad_no_asociacion_directa,58.1384,contextual_50_100km,72.59360266,813.17188266,544.48133963798,10.7450794983442,1,1,1
-75.76,3.02,NEV1,contextual_por_proximidad_no_asociacion_directa,52.6634,contextual_50_100km,73.05955578,730.25411578,491.816170776377,4.65348984244542,1,1,1
-75.71,3.02,NEV1,contextual_por_proximidad_no_asociacion_directa,47.2064,local_0_50km,73.24137034,847.85205834,566.814155919502,22.8165342484538,1,1,1
-75.66,3.02,NEV1,contextual_por_proximidad_no_asociacion_directa,41.7746,local_0_50km,73.46145582,874.04391982,583.583150451951,6.58775311434688,1,1,1
-75.61,3.02,NEV1,contextual_por_proximidad_no_asociacion_directa,36.3791,local_0_50km,73.59519887,921.41815087,613.817974748967,8.64853800937476,1,1,1
-75.56,3.02,NEV1,contextual_por_proximidad_no_asociacion_directa,31.0389,local_0_50km,73.81501308,836.92109308,560.057198261744,16.7951706345382,1,1,1
-75.51,3.02,NEV1,contextual_por_proximidad_no_asociacion_directa,25.7884,local_0_50km,74.0994573,641.2568813,435.485472187745,26.6552577557776,1,1,1
-75.46,3.02,NEV1,contextual_por_proximidad_no_asociacion_directa,20.6961,local_0_50km,74.39537468,382.41520668,270.661975243573,21.1813781017879,1,1,1
-75.41,3.02,NEV1,contextual_por_proximidad_no_asociacion_directa,15.9144,local_0_50km,74.45257423,279.16547023,204.893214784093,10.0436280786828,1,1,1
-75.36,3.02,NEV1,contextual_por_proximidad_no_asociacion_directa,11.8263,local_0_50km,74.39650629,221.01853829,167.822334106059,3.42238080643023,1,1,1
-75.31,3.02,NEV1,contextual_por_proximidad_no_asociacion_directa,9.3868,local_0_50km,74.21096458,222.84506858,168.918860920559,0.915358617609654,1,1,1
-75.26,3.02,NEV1,contextual_por_proximidad_no_asociacion_directa,9.9002,local_0_50km,73.98467856,207.53441456,159.080993692341,0.855811122488479,1,1,1
-75.21,3.02,NEV1,contextual_por_proximidad_no_asociacion_directa,13.022,local_0_50km,73.65838994,228.45214994,172.291146364767,3.91505635807461,1,1,1
-75.16,3.02,NEV1,contextual_por_proximidad_no_asociacion_directa,17.4007,local_0_50km,73.25194575,269.60795375,198.367675929327,7.30935319032212,1,1,1
-75.11,3.02,NEV1,contextual_por_proximidad_no_asociacion_directa,22.3081,local_0_50km,72.7459893,350.5477093,249.757965642853,11.4413915993158,1,1,1
-75.06,3.02,NEV1,contextual_por_proximidad_no_asociacion_directa,27.4623,local_0_50km,72.16667606,450.02886006,312.935998780776,8.42176301354055,1,1,1
-75.01,3.02,NEV1,contextual_por_proximidad_no_asociacion_directa,32.7468,local_0_50km,71.61649754,473.90745754,327.951547929405,15.3530744874856,1,1,1
-74.96,3.02,NEV1,contextual_por_proximidad_no_asociacion_directa,38.1075,local_0_50km,70.84150601,663.57569801,448.524735515936,17.343675157348,1,1,1
-74.91,3.02,NEV1,contextual_por_proximidad_no_asociacion_directa,43.5163,local_0_50km,70.1397023,738.7030863,496.140397732359,15.7187578258679,1,1,1
-74.86,3.02,NEV1,contextual_por_proximidad_no_asociacion_directa,48.9572,local_0_50km,69.38954807,815.78185207,544.981912502212,5.5515661577268,1,1,1
-74.81,3.02,NEV1,contextual_por_proximidad_no_asociacion_directa,54.4206,contextual_50_100km,68.77826565,705.92616965,474.761388107795,8.90661205346673,1,1,1
-74.76,3.02,NEV1,contextual_por_proximidad_no_asociacion_directa,59.9004,contextual_50_100km,68.05062781,664.67317981,448.211474403161,7.85673446651307,1,1,1
-74.71,3.02,NEV1,contextual_por_proximidad_no_asociacion_directa,65.3923,contextual_50_100km,67.21751353,686.71349753,461.953040956901,21.5514024784561,1,1,1
-74.66,3.02,NEV1,contextual_por_proximidad_no_asociacion_directa,70.8937,contextual_50_100km,66.46977816,570.33951416,387.529625409007,10.0135915953255,1,1,1
-74.61,3.02,NEV1,contextual_por_proximidad_no_asociacion_directa,76.4024,contextual_50_100km,65.61455861,522.78694261,356.919404459095,10.5310476179845,1,1,1
-74.56,3.02,NEV1,contextual_por_proximidad_no_asociacion_directa,81.917,contextual_50_100km,64.77622748,408.50725148,283.79757799069,11.018665077435,1,1,1
-74.51,3.02,NEV1,contextual_por_proximidad_no_asociacion_directa,87.4364,contextual_50_100km,63.85850304,337.93233504,238.495113159545,10.4221097111067,1,1,1
-74.46,3.02,NEV1,contextual_por_proximidad_no_asociacion_directa,92.9597,contextual_50_100km,62.93364587,228.94810187,168.716097317902,7.16656719272999,1,1,1
-74.41,3.02,NEV1,contextual_por_proximidad_no_asociacion_directa,98.4862,contextual_50_100km,61.89535546,214.88689146,159.379756028465,2.8708271782637,1,1,1
-74.36,3.02,NEV1,contextual_por_proximidad_no_asociacion_directa,104.0155,regional_100_150km,60.80365617,230.12630417,168.69404850481,0.673518978515768,1,0,1
-74.31,3.02,NEV1,contextual_por_proximidad_no_asociacion_directa,109.5471,regional_100_150km,59.71430812,204.68224412,152.086165492604,1.34523921607079,1,0,1
-74.26,3.02,NEV1,contextual_por_proximidad_no_asociacion_directa,115.0806,regional_100_150km,58.57739212,208.13729612,153.875197290851,1.62973175831295,1,0,1
-74.21,3.02,NEV1,contextual_por_proximidad_no_asociacion_directa,120.6159,regional_100_150km,57.42941543,193.05294343,143.847126342194,1.52210645826984,1,0,1
-74.16,3.02,NEV1,contextual_por_proximidad_no_asociacion_directa,126.1527,regional_100_150km,56.24331927,203.06285527,149.794994303188,3.74229521299332,1,0,1
-74.11,3.02,VIVI,contextual_por_proximidad_no_asociacion_directa,130.9991,regional_100_150km,55.02238397,240.63911197,173.295171717944,4.72244311422976,1,0,1
-74.06,3.02,VIVI,contextual_por_proximidad_no_asociacion_directa,128.6223,regional_100_150km,53.80668697,244.00303897,174.99755706512,4.82326184188508,1,0,1
-74.01,3.02,VIVI,contextual_por_proximidad_no_asociacion_directa,126.4445,regional_100_150km,52.53522574,325.57216174,226.511137969618,5.71145719094363,1,0,1
-73.96,3.02,VIVI,contextual_por_proximidad_no_asociacion_directa,124.4761,regional_100_150km,51.28855803,344.54496603,238.148079113188,4.43564612449643,1,0,1
-73.91,3.02,VIVI,contextual_por_proximidad_no_asociacion_directa,122.7273,regional_100_150km,50.01893638,394.84857638,269.740312035969,11.5013189661445,1,0,1
-73.86,3.02,VIVI,contextual_por_proximidad_no_asociacion_directa,121.2074,regional_100_150km,48.86743485,163.87648285,122.149842474366,16.552680982596,1,0,1
-73.81,3.02,VIVI,contextual_por_proximidad_no_asociacion_directa,119.9253,regional_100_150km,47.6177347,127.2859107,98.3813559093655,2.52082855645325,1,0,1
-73.76,3.02,VIVI,contextual_por_proximidad_no_asociacion_directa,118.8887,regional_100_150km,46.35155762,121.57589362,94.2836164439655,0.261227840486503,1,0,1
-73.71,3.02,VIVI,contextual_por_proximidad_no_asociacion_directa,118.1039,regional_100_150km,45.08175173,124.34257573,95.5858130540372,0.755985976212624,1,0,1
-73.66,3.02,VIVI,contextual_por_proximidad_no_asociacion_directa,117.576,regional_100_150km,43.81441581,125.58107181,95.91516370136,0.529159586172642,1,0,1
-73.61,3.02,VIVI,contextual_por_proximidad_no_asociacion_directa,117.3086,regional_100_150km,42.55223456,122.93636256,93.7720519314578,0.793806813911762,1,0,1
-73.56,3.02,VIVI,contextual_por_proximidad_no_asociacion_directa,117.3033,regional_100_150km,41.29617433,119.84104633,91.344039491945,0.877029093641987,1,0,1
-73.51,3.02,VIVI,contextual_por_proximidad_no_asociacion_directa,117.5602,regional_100_150km,40.04771418,119.17275418,90.4652555422611,0.739411764493192,1,0,1
-73.46,3.02,VIVI,contextual_por_proximidad_no_asociacion_directa,118.0776,regional_100_150km,38.80966329,118.00876729,89.2743973586844,0.613711338958756,1,0,1
-73.41,3.02,VIVI,contextual_por_proximidad_no_asociacion_directa,118.8522,regional_100_150km,37.58416658,115.12917458,86.99493020523,0.698385517356028,1,0,1
-73.36,3.02,VIVI,contextual_por_proximidad_no_asociacion_directa,119.8788,regional_100_150km,36.37301692,110.62217692,83.6837051093916,0.651157908265175,1,0,1
-73.31,3.02,VIVI,contextual_por_proximidad_no_asociacion_directa,121.1512,regional_100_150km,35.17751617,109.72293217,82.676975185085,0.382156138232632,1,0,1
-73.26,3.02,VIVI,contextual_por_proximidad_no_asociacion_directa,122.6616,regional_100_150km,34.00021035,105.57072235,79.6040956570811,0.643110026867751,1,0,1
-73.21,3.02,VIVI,contextual_por_proximidad_no_asociacion_directa,124.4014,regional_100_150km,32.84252458,100.35186058,75.8586764848683,0.323241922440981,1,0,1
-73.16,3.02,VIVI,contextual_por_proximidad_no_asociacion_directa,126.3611,regional_100_150km,31.70603421,102.21496221,76.6334907250133,0.616273863459073,1,0,1
-73.11,3.02,VIVI,contextual_por_proximidad_no_asociacion_directa,128.5307,regional_100_150km,30.59274248,103.16311848,76.8337293237961,0.680386173577613,1,0,1
-73.06,3.02,VIVI,contextual_por_proximidad_no_asociacion_directa,130.8997,regional_100_150km,29.50405967,102.08677967,75.7529119648666,0.646974300670936,1,0,1
-73.01,3.02,VIVI,contextual_por_proximidad_no_asociacion_directa,133.4575,regional_100_150km,28.44122514,98.02435314,72.7787728247216,0.46866431156198,1,0,1
-72.96,3.02,VIVI,contextual_por_proximidad_no_asociacion_directa,136.1935,regional_100_150km,27.40615667,99.08776467,73.0808310367161,0.500799898058772,1,0,1
-72.91,3.02,VIVI,contextual_por_proximidad_no_asociacion_directa,139.0971,regional_100_150km,26.39902062,92.42707662,68.4713183964016,0.314345894369692,1,0,1
-72.86,3.02,VIVI,contextual_por_proximidad_no_asociacion_directa,142.1581,regional_100_150km,25.42313767,97.41334567,71.29444831348,0.586311171806022,1,0,1
-72.81,3.02,VIVI,contextual_por_proximidad_no_asociacion_directa,145.3666,regional_100_150km,24.47827329,100.77653729,73.0946263571039,0.311832075371922,1,0,1
-72.76,3.02,VIVI,contextual_por_proximidad_no_asociacion_directa,148.7129,regional_100_150km,23.56520736,101.76444736,73.3928398919694,0.423655499320119,1,0,1
-72.71,3.02,VIVI,contextual_por_proximidad_no_asociacion_directa,152.1881,no_local_mayor_150km,22.68441368,98.71110968,71.1277268235516,0.52782336557965,1,0,0
-72.66,3.02,VIVI,contextual_por_proximidad_no_asociacion_directa,155.7834,no_local_mayor_150km,21.83703793,94.12350193,67.8971193991733,0.685065895768542,1,0,0
-72.61,3.02,VIVI,contextual_por_proximidad_no_asociacion_directa,159.4908,no_local_mayor_150km,21.02396295,88.94065095,64.2996747401967,0.449129423442737,1,0,0
-72.56,3.02,VIVI,contextual_por_proximidad_no_asociacion_directa,163.3026,no_local_mayor_150km,20.24784313,91.84304313,65.8674593392222,0.226025130130578,1,0,0
-72.51,3.02,VIVI,contextual_por_proximidad_no_asociacion_directa,167.2116,no_local_mayor_150km,19.50548217,86.31121017,62.0733033638466,0.815846755189285,1,0,0
-72.46,3.02,VIVI,contextual_por_proximidad_no_asociacion_directa,171.2113,no_local_mayor_150km,18.79905266,80.21045266,57.9296717360139,0.750419333038028,1,0,0
-72.41,3.02,VIVI,contextual_por_proximidad_no_asociacion_directa,175.2955,no_local_mayor_150km,18.12943334,75.51668934,54.6959153670128,0.226555996321956,1,0,0
-72.36,3.02,VIVI,contextual_por_proximidad_no_asociacion_directa,179.4582,no_local_mayor_150km,17.49834304,77.35439904,55.6379152811239,0.0988401679305384,1,0,0
-72.31,3.02,VIVI,contextual_por_proximidad_no_asociacion_directa,183.6943,no_local_mayor_150km,16.90342517,76.24103317,54.7126484661605,0.618476701537295,1,0,0
-72.26,3.02,VIVI,contextual_por_proximidad_no_asociacion_directa,187.9987,no_local_mayor_150km,16.34733266,81.38786866,57.7903943507572,0.527293127573669,1,0,0
-72.21,3.02,VIVI,contextual_por_proximidad_no_asociacion_directa,192.3669,no_local_mayor_150km,15.82768136,84.43563336,59.5438584101477,NaN,1,0,0
-72.16,3.02,VIVI,contextual_por_proximidad_no_asociacion_directa,196.7946,no_local_mayor_150km,15.34276384,80.17345184,56.6521128625578,NaN,1,0,0
-75.96,2.97,NEV1,contextual_por_proximidad_no_asociacion_directa,74.1542,contextual_50_100km,70.32967875,1201.21289475,790.915113127876,13.9358935301434,1,1,1
-75.91,2.97,NEV1,contextual_por_proximidad_no_asociacion_directa,68.609,contextual_50_100km,71.0157088,1044.9202768,691.576201913621,13.4365003660795,1,1,1
-75.86,2.97,NEV1,contextual_por_proximidad_no_asociacion_directa,63.0652,contextual_50_100km,71.56050451,969.17915251,643.512510007588,17.929042306449,1,1,1
-75.81,2.97,NEV1,contextual_por_proximidad_no_asociacion_directa,57.5229,contextual_50_100km,71.92884764,1002.61707164,664.952396555606,11.3017234975897,1,1,1
-75.76,2.97,NEV1,contextual_por_proximidad_no_asociacion_directa,51.9829,contextual_50_100km,72.43511063,852.62528663,569.563080093393,18.3026698306789,1,1,1
-75.71,2.97,NEV1,contextual_por_proximidad_no_asociacion_directa,46.4457,local_0_50km,72.5732957,984.7948957,653.830129814055,4.8923084284431,1,1,1
-75.66,2.97,NEV1,contextual_por_proximidad_no_asociacion_directa,40.9127,local_0_50km,72.98716771,809.78818371,542.46807666039,18.7818935687929,1,1,1
-75.61,2.97,NEV1,contextual_por_proximidad_no_asociacion_directa,35.3858,local_0_50km,73.30438132,668.75425332,452.718010061459,19.9756775771394,1,1,1
-75.56,2.97,NEV1,contextual_por_proximidad_no_asociacion_directa,29.8682,local_0_50km,73.42419975,650.58026375,441.181230004895,18.1587848514227,1,1,1
-75.51,2.97,NEV1,contextual_por_proximidad_no_asociacion_directa,24.3665,local_0_50km,73.62117008,508.80889008,350.917647572436,22.8047801823096,1,1,1
-75.46,2.97,NEV1,contextual_por_proximidad_no_asociacion_directa,18.8945,local_0_50km,73.77417186,352.24246786,251.210882560663,15.6093088269655,1,1,1
-75.41,2.97,NEV1,contextual_por_proximidad_no_asociacion_directa,13.4883,local_0_50km,73.79359827,260.36081427,192.672025750377,6.66789682359872,1,1,1
-75.36,2.97,NEV1,contextual_por_proximidad_no_asociacion_directa,8.2779,local_0_50km,73.66707813,244.35991013,182.430535533642,3.10166975714489,1,1,1
-75.31,2.97,NEV1,contextual_por_proximidad_no_asociacion_directa,4.0952,local_0_50km,73.49969949,211.28342749,161.293864339541,1.42218615954766,1,1,1
-75.26,2.97,NEV1,contextual_por_proximidad_no_asociacion_directa,5.1648,local_0_50km,73.22248328,223.75756328,169.141659085425,2.00149063407369,1,1,1
-75.21,2.97,NEV1,contextual_por_proximidad_no_asociacion_directa,9.9114,local_0_50km,72.87950598,243.51061798,181.603636128289,3.36062668481274,1,1,1
-75.16,2.97,NEV1,contextual_por_proximidad_no_asociacion_directa,15.2136,local_0_50km,72.46334155,278.63282955,203.832105330419,6.72829792354447,1,1,1
-75.11,2.97,NEV1,contextual_por_proximidad_no_asociacion_directa,20.6478,local_0_50km,71.94753902,355.55093902,252.656277366014,11.0778397265119,1,1,1
-75.06,2.97,NEV1,contextual_por_proximidad_no_asociacion_directa,26.1317,local_0_50km,71.34457482,465.64896682,322.590678366756,15.895253509007,1,1,1
-75.01,2.97,NEV1,contextual_por_proximidad_no_asociacion_directa,31.6395,local_0_50km,70.63972521,626.50238921,424.828852368187,17.8669685552089,1,1,1
-74.96,2.97,NEV1,contextual_por_proximidad_no_asociacion_directa,37.1605,local_0_50km,69.93632223,741.14132223,497.620224191458,16.2514041936304,1,1,1
-74.91,2.97,NEV1,contextual_por_proximidad_no_asociacion_directa,42.6897,local_0_50km,69.14421578,899.45103178,598.205916589848,10.7586851843897,1,1,1
-74.86,2.97,NEV1,contextual_por_proximidad_no_asociacion_directa,48.2242,local_0_50km,68.54127088,820.93275888,547.956244532502,11.5625037503329,1,1,1
-74.81,2.97,NEV1,contextual_por_proximidad_no_asociacion_directa,53.7624,contextual_50_100km,67.79333864,842.52746664,561.444778730207,20.9255149509835,1,1,1
-74.76,2.97,NEV1,contextual_por_proximidad_no_asociacion_directa,59.3032,contextual_50_100km,67.03186752,831.87845152,554.383081302693,14.025573523223,1,1,1
-74.71,2.97,NEV1,contextual_por_proximidad_no_asociacion_directa,64.846,contextual_50_100km,66.16559108,888.88084708,590.390039481457,15.7770493794013,1,1,1
-74.66,2.97,NEV1,contextual_por_proximidad_no_asociacion_directa,70.3904,contextual_50_100km,65.6020791,561.9049431,381.840404842756,22.615012057722,1,1,1
-74.61,2.97,NEV1,contextual_por_proximidad_no_asociacion_directa,75.9358,contextual_50_100km,64.75232345,502.59400345,343.739872922605,7.28287228420409,1,1,1
-74.56,2.97,NEV1,contextual_por_proximidad_no_asociacion_directa,81.4823,contextual_50_100km,63.86530473,439.59197673,303.27390441557,11.5508899289052,1,1,1
-74.51,2.97,NEV1,contextual_por_proximidad_no_asociacion_directa,87.0294,contextual_50_100km,62.99955153,303.15207153,216.021902107658,13.1215196160806,1,1,1
-74.46,2.97,NEV1,contextual_por_proximidad_no_asociacion_directa,92.5773,contextual_50_100km,62.05282261,217.66128661,161.204698805423,6.05306391882737,1,1,1
-74.41,2.97,NEV1,contextual_por_proximidad_no_asociacion_directa,98.1256,contextual_50_100km,61.01604277,202.93501077,151.445133728177,1.05237543339113,1,1,1
-74.36,2.97,NEV1,contextual_por_proximidad_no_asociacion_directa,103.6743,regional_100_150km,59.9316934,212.1825894,156.944166904232,2.32584729308477,1,0,1
-74.31,2.97,NEV1,contextual_por_proximidad_no_asociacion_directa,109.2234,regional_100_150km,58.82255816,219.15877416,160.986902115446,1.19557983102089,1,0,1
-74.26,2.97,NEV1,contextual_por_proximidad_no_asociacion_directa,114.7729,regional_100_150km,57.71126702,193.16197902,144.018861617206,2.28117910599988,1,0,1
-74.21,2.97,NEV1,contextual_por_proximidad_no_asociacion_directa,120.3226,regional_100_150km,56.5645677,184.9545117,138.373124284848,0.955426208367707,1,0,1
-74.16,2.97,NEV1,contextual_por_proximidad_no_asociacion_directa,125.8725,regional_100_150km,55.39111569,186.79299569,139.118842336064,1.52364910279921,1,0,1
-74.11,2.97,NEV1,contextual_por_proximidad_no_asociacion_directa,131.4226,regional_100_150km,54.19116568,203.92388568,149.599087165839,5.53665275836674,1,0,1
-74.06,2.97,VIVI,contextual_por_proximidad_no_asociacion_directa,133.7115,regional_100_150km,52.95660521,258.36076521,183.837711024044,6.12480249281673,1,0,1
-74.01,2.97,VIVI,contextual_por_proximidad_no_asociacion_directa,131.6178,regional_100_150km,51.71680338,304.20097938,212.596739577143,7.25590631456647,1,0,1
-73.96,2.97,VIVI,contextual_por_proximidad_no_asociacion_directa,129.7279,regional_100_150km,50.46366625,361.55715425,248.688764130141,7.63382607988659,1,0,1
-73.91,2.97,VIVI,contextual_por_proximidad_no_asociacion_directa,128.0507,regional_100_150km,49.19950019,432.99914819,293.752104875713,5.09207814761715,1,0,1
-73.86,2.97,VIVI,contextual_por_proximidad_no_asociacion_directa,126.5947,regional_100_150km,48.0276397,275.4411517,192.932844772845,17.7969013690072,1,0,1
-73.81,2.97,VIVI,contextual_por_proximidad_no_asociacion_directa,125.3677,regional_100_150km,46.83632845,131.66429645,100.887708206858,8.88796241151541,1,0,1
-73.76,2.97,VIVI,contextual_por_proximidad_no_asociacion_directa,124.3763,regional_100_150km,45.58734354,122.60155954,94.6598927691961,0.848062132992719,1,0,1
-73.71,2.97,VIVI,contextual_por_proximidad_no_asociacion_directa,123.6263,regional_100_150km,44.33673585,118.40073585,91.5294422733333,0.453710586185136,1,0,1
-73.66,2.97,VIVI,contextual_por_proximidad_no_asociacion_directa,123.1221,regional_100_150km,43.08793279,116.38660479,89.7929812469589,0.493843821408405,1,0,1
-73.61,2.97,VIVI,contextual_por_proximidad_no_asociacion_directa,122.8667,regional_100_150km,41.84376143,114.74742543,88.2971154527011,0.53921665716473,1,0,1
-73.56,2.97,VIVI,contextual_por_proximidad_no_asociacion_directa,122.8617,regional_100_150km,40.60664124,112.28824924,86.2813156067161,0.381099242512893,1,0,1
-73.51,2.97,VIVI,contextual_por_proximidad_no_asociacion_directa,123.107,regional_100_150km,39.37834382,110.24524782,84.5338984160594,0.342792383409913,1,0,1
-73.46,2.97,VIVI,contextual_por_proximidad_no_asociacion_directa,123.6012,regional_100_150km,38.16079617,109.52146017,83.6309688088816,0.576131661178372,1,0,1
-73.41,2.97,VIVI,contextual_por_proximidad_no_asociacion_directa,124.3414,regional_100_150km,36.9563229,108.2922989,82.4107646367405,0.647086166612024,1,0,1
-73.36,2.97,VIVI,contextual_por_proximidad_no_asociacion_directa,125.3232,regional_100_150km,35.7670082,104.3749602,79.4831852501478,0.574164903201345,1,0,1
-73.31,2.97,VIVI,contextual_por_proximidad_no_asociacion_directa,126.5408,regional_100_150km,34.59417225,102.20226025,77.6732477634328,0.45609646303894,1,0,1
-73.26,2.97,VIVI,contextual_por_proximidad_no_asociacion_directa,127.9877,regional_100_150km,33.43982759,100.03570759,75.8739361156472,0.475170925528694,1,0,1
-73.21,2.97,VIVI,contextual_por_proximidad_no_asociacion_directa,129.6562,regional_100_150km,32.30568176,99.00031376,74.8027138942116,0.293237094837032,1,0,1
-73.16,2.97,VIVI,contextual_por_proximidad_no_asociacion_directa,131.5377,regional_100_150km,31.19346231,98.03622231,73.7848798570583,0.385401795916193,1,0,1
-73.11,2.97,VIVI,contextual_por_proximidad_no_asociacion_directa,133.6234,regional_100_150km,30.10477005,97.74989005,73.2074419166444,0.500653362509158,1,0,1
-73.06,2.97,VIVI,contextual_por_proximidad_no_asociacion_directa,135.9038,regional_100_150km,29.0411461,98.0934821,73.0404793886877,0.45054623542098,1,0,1
-73.01,2.97,VIVI,contextual_por_proximidad_no_asociacion_directa,138.3692,regional_100_150km,28.00384784,96.68586384,71.7672175965711,0.381984257790684,1,0,1
-72.96,2.97,VIVI,contextual_por_proximidad_no_asociacion_directa,141.0101,regional_100_150km,26.99463156,98.70092756,72.6850368288572,0.560623478643217,1,0,1
-72.91,2.97,VIVI,contextual_por_proximidad_no_asociacion_directa,143.8166,regional_100_150km,26.01324314,90.54767514,67.1338213368644,0.425048557956262,1,0,1
-72.86,2.97,VIVI,contextual_por_proximidad_no_asociacion_directa,146.7794,regional_100_150km,25.0632052,92.6219172,68.1108189091505,0.551910502344007,1,0,1
-72.81,2.97,VIVI,contextual_por_proximidad_no_asociacion_directa,149.8891,regional_100_150km,24.14540432,100.19678832,72.6044483656927,0.226746833209188,1,0,1
-72.76,2.97,VIVI,contextual_por_proximidad_no_asociacion_directa,153.1368,no_local_mayor_150km,23.25734679,92.69234679,67.500509061875,0.62455970947447,1,0,0
-72.71,2.97,VIVI,contextual_por_proximidad_no_asociacion_directa,156.514,no_local_mayor_150km,22.40360481,92.55455681,67.1029632439672,0.526856481886784,1,0,0
-72.66,2.97,VIVI,contextual_por_proximidad_no_asociacion_directa,160.0123,no_local_mayor_150km,21.58443628,95.61140428,68.7535463501216,0.212897659930879,1,0,0
-72.61,2.97,VIVI,contextual_por_proximidad_no_asociacion_directa,163.6241,no_local_mayor_150km,20.79944345,96.48050745,69.0225239635761,0.407388760536265,1,0,0
-72.56,2.97,VIVI,contextual_por_proximidad_no_asociacion_directa,167.3419,no_local_mayor_150km,20.04775344,89.43337744,64.2594539075927,0.510010722643161,1,0,0
-72.51,2.97,VIVI,contextual_por_proximidad_no_asociacion_directa,171.159,no_local_mayor_150km,19.33349836,89.97821036,64.3474748367894,0.189010496855172,1,0,0
-72.46,2.97,VIVI,contextual_por_proximidad_no_asociacion_directa,175.0687,no_local_mayor_150km,18.65507986,89.47260786,63.7791726517772,0.652876382835803,1,0,0
-72.41,2.97,VIVI,contextual_por_proximidad_no_asociacion_directa,179.065,no_local_mayor_150km,18.01184527,84.47194127,60.3594338338711,0.808576917170009,1,0,0
-72.36,2.97,VIVI,contextual_por_proximidad_no_asociacion_directa,183.1424,no_local_mayor_150km,17.40571201,81.44638401,58.2116721640422,0.733879473354362,1,0,0
-72.31,2.97,VIVI,contextual_por_proximidad_no_asociacion_directa,187.2953,no_local_mayor_150km,16.8346488,72.6542168,52.4022185410522,0.21671005884896,1,0,0
-72.26,2.97,VIVI,contextual_por_proximidad_no_asociacion_directa,191.519,no_local_mayor_150km,16.30448648,78.33308648,55.8283781095416,0.663282952699156,1,0,0
-72.21,2.97,VIVI,contextual_por_proximidad_no_asociacion_directa,195.8089,no_local_mayor_150km,15.80892113,76.61546513,54.5541331035566,NaN,1,0,0
-75.96,2.92,NEV1,contextual_por_proximidad_no_asociacion_directa,74.0916,contextual_50_100km,70.04759289,1118.20132089,737.918774193013,23.5881256612065,1,1,1
-75.91,2.92,NEV1,contextual_por_proximidad_no_asociacion_directa,68.5412,contextual_50_100km,70.53021919,1126.33722719,743.277980156757,7.01484070161428,1,1,1
-75.86,2.92,NEV1,contextual_por_proximidad_no_asociacion_directa,62.9911,contextual_50_100km,70.91722871,1168.81727671,770.486177827352,13.5772232514489,1,1,1
-75.81,2.92,NEV1,contextual_por_proximidad_no_asociacion_directa,57.4414,contextual_50_100km,71.49757741,972.43676141,645.565389245567,8.9140846849881,1,1,1
-75.76,2.92,NEV1,contextual_por_proximidad_no_asociacion_directa,51.8924,contextual_50_100km,71.72856222,1049.23757822,694.585767046224,5.74907300567905,1,1,1
-75.71,2.92,NEV1,contextual_por_proximidad_no_asociacion_directa,46.3442,local_0_50km,72.11844638,922.22503838,613.79633070702,14.7387514898664,1,1,1
-75.66,2.92,NEV1,contextual_por_proximidad_no_asociacion_directa,40.7971,local_0_50km,72.45223032,793.07026232,531.621532916892,17.8243764387353,1,1,1
-75.61,2.92,NEV1,contextual_por_proximidad_no_asociacion_directa,35.2518,local_0_50km,72.78323793,612.77151793,416.857395011453,13.4596321620677,1,1,1
-75.56,2.92,NEV1,contextual_por_proximidad_no_asociacion_directa,29.7091,local_0_50km,72.90922954,564.89169354,386.394647408062,16.771584499719,1,1,1
-75.51,2.92,NEV1,contextual_por_proximidad_no_asociacion_directa,24.171,local_0_50km,73.12566854,380.68877254,269.101247413962,20.2380969310491,1,1,1
-75.46,2.92,NEV1,contextual_por_proximidad_no_asociacion_directa,18.6413,local_0_50km,73.19577101,274.60047501,201.528470677184,8.39579083191263,1,1,1
-75.41,2.92,NEV1,contextual_por_proximidad_no_asociacion_directa,13.131,local_0_50km,73.12869102,238.10625102,178.250444577975,2.62000390116649,1,1,1
-75.36,2.92,NEV1,contextual_por_proximidad_no_asociacion_directa,7.6816,local_0_50km,72.95573546,243.63622346,181.711327412572,1.93153591648179,1,1,1
-75.31,2.92,NEV1,contextual_por_proximidad_no_asociacion_directa,2.6929,local_0_50km,72.76667471,210.42696271,160.482185048836,1.25005326925228,1,1,1
-75.26,2.92,NEV1,contextual_por_proximidad_no_asociacion_directa,4.142,local_0_50km,72.4704666,222.2402186,167.90198443905,2.2984929122949,1,1,1
-75.21,2.92,NEV1,contextual_por_proximidad_no_asociacion_directa,9.4192,local_0_50km,72.10022606,250.31055406,185.653743165611,4.84982023196884,1,1,1
-75.16,2.92,NEV1,contextual_por_proximidad_no_asociacion_directa,14.8978,local_0_50km,71.64640201,305.24425801,220.492198069193,10.5209677224868,1,1,1
-75.11,2.92,NEV1,contextual_por_proximidad_no_asociacion_directa,20.4164,local_0_50km,71.0992146,398.7213186,279.856151463615,15.1279464094745,1,1,1
-75.06,2.92,NEV1,contextual_por_proximidad_no_asociacion_directa,25.9495,local_0_50km,70.48697474,506.57580674,348.357630160586,18.0047010192428,1,1,1
-75.01,2.92,NEV1,contextual_por_proximidad_no_asociacion_directa,31.4894,local_0_50km,69.82191793,619.20398193,419.881683276145,18.8755251831453,1,1,1
-74.96,2.92,NEV1,contextual_por_proximidad_no_asociacion_directa,37.0331,local_0_50km,69.10387898,738.92635098,495.906850421556,18.2420910472638,1,1,1
-74.91,2.92,NEV1,contextual_por_proximidad_no_asociacion_directa,42.579,local_0_50km,68.29280724,909.49937524,604.299701345149,15.6435795687778,1,1,1
-74.86,2.92,NEV1,contextual_por_proximidad_no_asociacion_directa,48.1265,local_0_50km,67.50896332,1009.68945132,667.855247182294,9.36528709085873,1,1,1
-74.81,2.92,NEV1,contextual_por_proximidad_no_asociacion_directa,53.675,contextual_50_100km,66.72026492,1071.33670492,706.850000297164,7.07243452333681,1,1,1
-74.76,2.92,NEV1,contextual_por_proximidad_no_asociacion_directa,59.2242,contextual_50_100km,66.0968501,905.7233861,601.096966468118,24.789863329852,1,1,1
-74.71,2.92,NEV1,contextual_por_proximidad_no_asociacion_directa,64.7741,contextual_50_100km,65.50758392,647.20623992,436.15910016886,15.9539236076813,1,1,1
-74.66,2.92,NEV1,contextual_por_proximidad_no_asociacion_directa,70.3243,contextual_50_100km,64.65297313,636.13079713,428.79189589244,11.482996368871,1,1,1
-74.61,2.92,NEV1,contextual_por_proximidad_no_asociacion_directa,75.8748,contextual_50_100km,63.86837885,495.97009885,339.198493574797,13.7544325372649,1,1,1
-74.56,2.92,NEV1,contextual_por_proximidad_no_asociacion_directa,81.4257,contextual_50_100km,62.99718904,409.14763704,283.560167960519,11.814673850627,1,1,1
-74.51,2.92,NEV1,contextual_por_proximidad_no_asociacion_directa,86.9767,contextual_50_100km,62.11084271,292.58566671,208.966679648343,12.0146682765447,1,1,1
-74.46,2.92,NEV1,contextual_por_proximidad_no_asociacion_directa,92.5279,contextual_50_100km,61.16601847,202.25793847,151.06812420645,5.49958781596208,1,1,1
-74.41,2.92,NEV1,contextual_por_proximidad_no_asociacion_directa,98.0793,contextual_50_100km,60.1220865,198.8439585,148.514025630903,1.06293733757474,1,1,1
-74.36,2.92,NEV1,contextual_por_proximidad_no_asociacion_directa,103.6307,regional_100_150km,59.05139199,193.51458399,144.729750501562,1.68769463907889,1,0,1
-74.31,2.92,NEV1,contextual_por_proximidad_no_asociacion_directa,109.1823,regional_100_150km,57.9457946,201.3213546,149.303008784503,1.72950125041668,1,0,1
-74.26,2.92,NEV1,contextual_por_proximidad_no_asociacion_directa,114.734,regional_100_150km,56.82853285,191.53860485,142.664200382973,1.50243629703285,1,0,1
-74.21,2.92,NEV1,contextual_por_proximidad_no_asociacion_directa,120.2857,regional_100_150km,55.69093843,179.30375443,134.455565450543,0.748113614430282,1,0,1
-74.16,2.92,NEV1,contextual_por_proximidad_no_asociacion_directa,125.8375,regional_100_150km,54.52361229,184.25905229,137.189503041539,1.27641761158015,1,0,1
-74.11,2.92,NEV1,contextual_por_proximidad_no_asociacion_directa,131.3894,regional_100_150km,53.34731924,175.75042324,131.341132055629,6.29844972935291,1,0,1
-74.06,2.92,NEV1,contextual_por_proximidad_no_asociacion_directa,136.9413,regional_100_150km,52.09567253,284.11349653,199.934690852162,5.33620334865742,1,0,1
-74.01,2.92,VIVI,contextual_por_proximidad_no_asociacion_directa,136.8215,regional_100_150km,50.90693422,252.11413422,179.113786670055,3.47488988335246,1,0,1
-73.96,2.92,VIVI,contextual_por_proximidad_no_asociacion_directa,135.0043,regional_100_150km,49.66618687,308.92721887,214.864255704878,8.1090502460324,1,0,1
-73.91,2.92,VIVI,contextual_por_proximidad_no_asociacion_directa,133.3934,regional_100_150km,48.41418815,383.43034815,261.882530204878,7.2148830260281,1,0,1
-73.86,2.92,VIVI,contextual_por_proximidad_no_asociacion_directa,131.9963,regional_100_150km,47.25130092,226.31336492,161.347534149479,14.7459508951875,1,0,1
-73.81,2.92,VIVI,contextual_por_proximidad_no_asociacion_directa,130.8198,regional_100_150km,46.05405341,128.95635741,98.8784227998511,6.12026870548985,1,0,1
-73.76,2.92,VIVI,contextual_por_proximidad_no_asociacion_directa,129.8701,regional_100_150km,44.82070084,121.51397284,93.6887483413616,0.61154190617667,1,0,1
-73.71,2.92,VIVI,contextual_por_proximidad_no_asociacion_directa,129.1519,regional_100_150km,43.58558212,123.27844612,94.3649342315066,0.431553869179605,1,0,1
-73.66,2.92,VIVI,contextual_por_proximidad_no_asociacion_directa,128.6694,regional_100_150km,42.3555665,119.4808785,91.4989047888311,0.707912796358609,1,0,1
-73.61,2.92,VIVI,contextual_por_proximidad_no_asociacion_directa,128.425,regional_100_150km,41.13088015,116.15771215,88.9370917568367,0.303685497205764,1,0,1
-73.56,2.92,VIVI,contextual_por_proximidad_no_asociacion_directa,128.4202,regional_100_150km,39.91280179,117.64296979,89.4415471812883,0.19997831667811,1,0,1
-73.51,2.92,VIVI,contextual_por_proximidad_no_asociacion_directa,128.6549,regional_100_150km,38.7051868,115.6700268,87.7462742249138,0.588203134631906,1,0,1
-73.46,2.92,VIVI,contextual_por_proximidad_no_asociacion_directa,129.1279,regional_100_150km,37.50983926,109.29019926,83.2474372352805,0.673090663999482,1,0,1
-73.41,2.92,VIVI,contextual_por_proximidad_no_asociacion_directa,129.8367,regional_100_150km,36.3274314,106.6635434,81.1447716000255,0.477020552961773,1,0,1
-73.36,2.92,VIVI,contextual_por_proximidad_no_asociacion_directa,130.7772,regional_100_150km,35.16041727,104.65713727,79.4429067972277,0.614136336119251,1,0,1
-73.31,2.92,VIVI,contextual_por_proximidad_no_asociacion_directa,131.9446,regional_100_150km,34.0105846,104.8404566,79.1425428428477,0.726794071926138,1,0,1
-73.26,2.92,VIVI,contextual_por_proximidad_no_asociacion_directa,133.333,regional_100_150km,32.88005301,99.27842901,75.1883143185183,0.808484832223482,1,0,1
-73.21,2.92,VIVI,contextual_por_proximidad_no_asociacion_directa,134.9354,regional_100_150km,31.77006418,97.05748018,73.3704348921683,0.296756917971123,1,0,1
-73.16,2.92,VIVI,contextual_por_proximidad_no_asociacion_directa,136.7444,regional_100_150km,30.68244568,96.57471768,72.6682234946255,0.284641492715599,1,0,1
-73.11,2.92,VIVI,contextual_por_proximidad_no_asociacion_directa,138.752,regional_100_150km,29.61871707,95.07894907,71.3292040971561,0.317145123319657,1,0,1
-73.06,2.92,VIVI,contextual_por_proximidad_no_asociacion_directa,140.9495,regional_100_150km,28.58044767,95.10226367,70.9673634892239,0.430626733878475,1,0,1
-73.01,2.92,VIVI,contextual_por_proximidad_no_asociacion_directa,143.3283,regional_100_150km,27.56865158,91.89323558,68.555517108665,0.415298016263777,1,0,1
-72.96,2.92,VIVI,contextual_por_proximidad_no_asociacion_directa,145.8795,regional_100_150km,26.58530895,93.07009295,68.9486284160122,0.568905689614069,1,0,1
-72.91,2.92,VIVI,contextual_por_proximidad_no_asociacion_directa,148.5943,regional_100_150km,25.63086171,91.16515771,67.3885414435794,0.139967813353197,1,0,1
-72.86,2.92,VIVI,contextual_por_proximidad_no_asociacion_directa,151.4638,no_local_mayor_150km,24.70740521,93.56223721,68.5808912815589,0.423988462750057,1,0,0
-72.81,2.92,VIVI,contextual_por_proximidad_no_asociacion_directa,154.4794,no_local_mayor_150km,23.81568511,97.32420511,70.6544462351583,0.322044985640092,1,0,0
-72.76,2.92,VIVI,contextual_por_proximidad_no_asociacion_directa,157.6327,no_local_mayor_150km,22.95536577,95.53808577,69.2042180648666,0.50519657074803,1,0,0
-72.71,2.92,VIVI,contextual_por_proximidad_no_asociacion_directa,160.9156,no_local_mayor_150km,22.12740196,90.06877796,65.4188446523378,0.241934882961706,1,0,0
-72.66,2.92,VIVI,contextual_por_proximidad_no_asociacion_directa,164.3205,no_local_mayor_150km,21.33490974,92.26353374,66.5297915914122,0.71409208854341,1,0,0
-72.61,2.92,VIVI,contextual_por_proximidad_no_asociacion_directa,167.8397,no_local_mayor_150km,20.57593592,89.67764792,64.60673101297,0.776248449313458,1,0,0
-72.56,2.92,VIVI,contextual_por_proximidad_no_asociacion_directa,171.4664,no_local_mayor_150km,19.85204483,87.10215683,62.7030222623866,0.467163248642637,1,0,0
-72.51,2.92,VIVI,contextual_por_proximidad_no_asociacion_directa,175.1938,no_local_mayor_150km,19.16339161,83.30281561,60.0322753726066,0.476432212219432,1,0,0
-72.46,2.92,VIVI,contextual_por_proximidad_no_asociacion_directa,179.0156,no_local_mayor_150km,18.51341688,89.84939288,63.9678586167405,0.309134881726611,1,0,0
-72.41,2.92,VIVI,contextual_por_proximidad_no_asociacion_directa,182.9259,no_local_mayor_150km,17.89712574,86.66554974,61.715553654065,0.660045770118986,1,0,0
-72.36,2.92,VIVI,contextual_por_proximidad_no_asociacion_directa,186.9192,no_local_mayor_150km,17.31622527,79.96202527,57.2333894530694,0.656133774900676,1,0,0
-72.31,2.92,VIVI,contextual_por_proximidad_no_asociacion_directa,190.9903,no_local_mayor_150km,16.77253795,75.92498595,54.4637794801022,0.733261681305495,1,0,0
-72.26,2.92,VIVI,contextual_por_proximidad_no_asociacion_directa,195.1343,no_local_mayor_150km,16.26489649,70.39333649,50.7548994343861,NaN,1,0,0
-72.21,2.92,VIVI,contextual_por_proximidad_no_asociacion_directa,199.3466,no_local_mayor_150km,15.79608929,73.09693729,52.3075131595189,NaN,1,0,0
-76.01,2.87,NEV1,contextual_por_proximidad_no_asociacion_directa,79.9718,contextual_50_100km,69.2093709,1068.7771149,706.122136789306,27.1836523485649,1,1,1
-75.96,2.87,NEV1,contextual_por_proximidad_no_asociacion_directa,74.4454,contextual_50_100km,69.91239054,886.64080654,590.322095172237,19.339538161647,1,1,1
-75.91,2.87,NEV1,contextual_por_proximidad_no_asociacion_directa,68.9232,contextual_50_100km,70.09527239,1156.30555239,762.215639343536,15.2039929525787,1,1,1
-75.86,2.87,NEV1,contextual_por_proximidad_no_asociacion_directa,63.4062,contextual_50_100km,70.50191812,1149.26876612,757.879418077991,4.16046010278172,1,1,1
-75.81,2.87,NEV1,contextual_por_proximidad_no_asociacion_directa,57.8962,contextual_50_100km,70.89191527,1102.23311527,728.050352214916,12.7680603542376,1,1,1
-75.76,2.87,NEV1,contextual_por_proximidad_no_asociacion_directa,52.395,contextual_50_100km,71.34594638,939.95619438,624.814141861782,8.44977150435165,1,1,1
-75.71,2.87,NEV1,contextual_por_proximidad_no_asociacion_directa,46.9061,local_0_50km,71.52264982,984.07753782,652.99185111296,8.47683106605582,1,1,1
-75.66,2.87,NEV1,contextual_por_proximidad_no_asociacion_directa,41.4341,local_0_50km,71.88612579,798.50334179,534.878037607182,16.1225925816097,1,1,1
-75.61,2.87,NEV1,contextual_por_proximidad_no_asociacion_directa,35.9867,local_0_50km,72.07568089,720.66647289,485.3500764902,20.366138328951,1,1,1
-75.56,2.87,NEV1,contextual_por_proximidad_no_asociacion_directa,30.5773,local_0_50km,72.38882772,474.69213172,328.731743560476,24.2289425876727,1,1,1
-75.51,2.87,NEV1,contextual_por_proximidad_no_asociacion_directa,25.2302,local_0_50km,72.55439664,310.84297264,224.389064106004,9.1592092004339,1,1,1
-75.46,2.87,NEV1,contextual_por_proximidad_no_asociacion_directa,19.9954,local_0_50km,72.46892219,322.94102619,232.066789862643,4.86334031285845,1,1,1
-75.41,2.87,NEV1,contextual_por_proximidad_no_asociacion_directa,14.9911,local_0_50km,72.36888224,294.44978624,213.876212450365,7.7780937961644,1,1,1
-75.36,2.87,NEV1,contextual_por_proximidad_no_asociacion_directa,10.5505,local_0_50km,72.25316699,226.50379099,170.539843567662,4.71984528054368,1,1,1
-75.31,2.87,NEV1,contextual_por_proximidad_no_asociacion_directa,7.7172,local_0_50km,72.02073496,213.05093496,161.883513441097,0.543921975128407,1,1,1
-75.26,2.87,NEV1,contextual_por_proximidad_no_asociacion_directa,8.3342,local_0_50km,71.71081006,219.09817006,165.624295842433,2.97547168787799,1,1,1
-75.21,2.87,NEV1,contextual_por_proximidad_no_asociacion_directa,11.8755,local_0_50km,71.30781262,260.91165262,192.121141063733,11.194844633882,1,1,1
-75.16,2.87,NEV1,contextual_por_proximidad_no_asociacion_directa,16.5607,local_0_50km,70.76379881,387.09114281,272.323847944057,23.9387522227328,1,1,1
-75.11,2.87,NEV1,contextual_por_proximidad_no_asociacion_directa,21.6599,local_0_50km,70.15699269,526.40357669,360.871929708804,20.7544976393204,1,1,1
-75.06,2.87,NEV1,contextual_por_proximidad_no_asociacion_directa,26.939,local_0_50km,69.4791536,689.5676496,464.592222678288,24.1537983701753,1,1,1
-75.01,2.87,NEV1,contextual_por_proximidad_no_asociacion_directa,32.3099,local_0_50km,68.74985277,860.03728477,572.948862745822,18.214831902965,1,1,1
-74.96,2.87,NEV1,contextual_por_proximidad_no_asociacion_directa,37.7334,local_0_50km,68.13233505,870.82562305,579.599021815016,5.43625349176999,1,1,1
-74.91,2.87,NEV1,contextual_por_proximidad_no_asociacion_directa,43.1898,local_0_50km,67.42266032,930.00903632,617.052515679351,5.29524220167854,1,1,1
-74.86,2.87,NEV1,contextual_por_proximidad_no_asociacion_directa,48.6679,local_0_50km,66.80393116,844.54999516,562.374541311423,23.856601137982,1,1,1
-74.81,2.87,NEV1,contextual_por_proximidad_no_asociacion_directa,54.1612,contextual_50_100km,66.11983411,779.34381011,520.577731515629,13.5403160633184,1,1,1
-74.76,2.87,NEV1,contextual_por_proximidad_no_asociacion_directa,59.6655,contextual_50_100km,65.22607385,900.79143385,597.638456815905,6.00628356798624,1,1,1
-74.71,2.87,NEV1,contextual_por_proximidad_no_asociacion_directa,65.178,contextual_50_100km,64.46269299,830.32148499,552.458873760478,12.8644093701583,1,1,1
-74.66,2.87,NEV1,contextual_por_proximidad_no_asociacion_directa,70.6967,contextual_50_100km,63.71445592,692.07343192,464.09737721556,23.0593981478678,1,1,1
-74.61,2.87,NEV1,contextual_por_proximidad_no_asociacion_directa,76.2204,contextual_50_100km,63.02205621,432.50266421,298.450737653869,13.6145433636913,1,1,1
-74.56,2.87,NEV1,contextual_por_proximidad_no_asociacion_directa,81.748,contextual_50_100km,62.05760566,456.76934966,313.563269092084,9.33579381926517,1,1,1
-74.51,2.87,NEV1,contextual_por_proximidad_no_asociacion_directa,87.2788,contextual_50_100km,61.20837649,288.90580049,206.294486937468,14.5235430754167,1,1,1
-74.46,2.87,NEV1,contextual_por_proximidad_no_asociacion_directa,92.8121,contextual_50_100km,60.25490195,208.33352595,154.608852992384,5.88075238535565,1,1,1
-74.41,2.87,NEV1,contextual_por_proximidad_no_asociacion_directa,98.3477,contextual_50_100km,59.22510544,188.36803344,141.513454540152,1.84574726948989,1,1,1
-74.36,2.87,NEV1,contextual_por_proximidad_no_asociacion_directa,103.8851,regional_100_150km,58.1570071,183.8312711,138.235164449326,1.07484783044121,1,0,1
-74.31,2.87,NEV1,contextual_por_proximidad_no_asociacion_directa,109.424,regional_100_150km,57.05707525,190.22414725,141.909561399153,1.26537965568057,1,0,1
-74.26,2.87,NEV1,contextual_por_proximidad_no_asociacion_directa,114.9642,regional_100_150km,55.94405336,182.43302136,136.541330479983,1.51181059650704,1,0,1
-74.21,2.87,NEV1,contextual_por_proximidad_no_asociacion_directa,120.5056,regional_100_150km,54.80961647,176.18816847,132.150596846773,1.02330097486016,1,0,1
-74.16,2.87,NEV1,contextual_por_proximidad_no_asociacion_directa,126.0479,regional_100_150km,53.65914311,166.10063911,125.305536911691,1.96338711382796,1,0,1
-74.11,2.87,NEV1,contextual_por_proximidad_no_asociacion_directa,131.5912,regional_100_150km,52.49182565,157.30472965,119.277370690087,2.64775890070251,1,0,1
-74.06,2.87,NEV1,contextual_por_proximidad_no_asociacion_directa,137.1352,regional_100_150km,51.28298491,204.78062491,149.089868972358,7.64510692655804,1,0,1
-74.01,2.87,VIVI,contextual_por_proximidad_no_asociacion_directa,142.0521,regional_100_150km,50.06751679,249.38608479,177.07095522626,6.25664548141722,1,0,1
-73.96,2.87,VIVI,contextual_por_proximidad_no_asociacion_directa,140.3026,regional_100_150km,48.84010934,308.18754934,214.093236332372,6.94463330289202,1,0,1
-73.91,2.87,VIVI,contextual_por_proximidad_no_asociacion_directa,138.7531,regional_100_150km,47.62035143,340.72863143,234.385487100342,7.55043803640054,1,0,1
-73.86,2.87,VIVI,contextual_por_proximidad_no_asociacion_directa,137.4105,regional_100_150km,46.43569867,270.52867467,189.225097404865,12.7214299395304,1,0,1
-73.81,2.87,VIVI,contextual_por_proximidad_no_asociacion_directa,136.2807,regional_100_150km,45.26626868,134.64917268,102.219999881893,9.61600492340937,1,0,1
-73.76,2.87,VIVI,contextual_por_proximidad_no_asociacion_directa,135.3692,regional_100_150km,44.04854788,131.40703588,99.7123451063216,0.595642743271476,1,0,1
-73.71,2.87,VIVI,contextual_por_proximidad_no_asociacion_directa,134.6804,regional_100_150km,42.83350272,125.93331072,95.78371932698,0.471607058703057,1,0,1
-73.66,2.87,VIVI,contextual_por_proximidad_no_asociacion_directa,134.2177,regional_100_150km,41.62118365,126.10351965,95.4523307768822,0.602100718258005,1,0,1
-73.61,2.87,VIVI,contextual_por_proximidad_no_asociacion_directa,133.9834,regional_100_150km,40.41671696,119.73926096,90.96010553939,0.720471101812106,1,0,1
-73.56,2.87,VIVI,contextual_por_proximidad_no_asociacion_directa,133.9788,regional_100_150km,39.21993608,116.01196008,88.1509071899261,0.457714330019054,1,0,1
-73.51,2.87,VIVI,contextual_por_proximidad_no_asociacion_directa,134.2038,regional_100_150km,38.03319735,114.13395735,86.523703199975,0.0969170322762746,1,0,1
-73.46,2.87,VIVI,contextual_por_proximidad_no_asociacion_directa,134.6574,regional_100_150km,36.85842992,115.67486992,87.0793350054972,0.0683293370417645,1,0,1
-73.41,2.87,VIVI,contextual_por_proximidad_no_asociacion_directa,135.3372,regional_100_150km,35.69833989,114.76165989,86.0765539969083,0.273008670180892,1,0,1
-73.36,2.87,VIVI,contextual_por_proximidad_no_asociacion_directa,136.2398,regional_100_150km,34.55431323,115.28407323,85.9943632314333,0.322699066316222,1,0,1
-73.31,2.87,VIVI,contextual_por_proximidad_no_asociacion_directa,137.3608,regional_100_150km,33.42835892,113.60263892,84.5144636232583,0.381700112691417,1,0,1
-73.26,2.87,VIVI,contextual_por_proximidad_no_asociacion_directa,138.695,regional_100_150km,32.32199083,111.42234283,82.72380129012,0.914503766970308,1,0,1
-73.21,2.87,VIVI,contextual_por_proximidad_no_asociacion_directa,140.2363,regional_100_150km,31.23670206,102.91831006,76.9113764267161,1.1227827304182,1,0,1
-73.16,2.87,VIVI,contextual_por_proximidad_no_asociacion_directa,141.9779,regional_100_150km,30.1738795,94.8440955,71.3809776586405,0.620405444827518,1,0,1
-73.11,2.87,VIVI,contextual_por_proximidad_no_asociacion_directa,143.9125,regional_100_150km,29.13547725,93.47240525,70.1302082297355,0.282298355989981,1,0,1
-73.06,2.87,VIVI,contextual_por_proximidad_no_asociacion_directa,146.0325,regional_100_150km,28.12282159,92.52146959,69.1568798250883,0.338861186242695,1,0,1
-73.01,2.87,VIVI,contextual_por_proximidad_no_asociacion_directa,148.33,regional_100_150km,27.13712487,90.68403687,67.62846698122,0.284094273343852,1,0,1
-72.96,2.87,VIVI,contextual_por_proximidad_no_asociacion_directa,150.7967,no_local_mayor_150km,26.17977024,89.43042624,66.4823415255266,0.350650804411325,1,0,0
-72.91,2.87,VIVI,contextual_por_proximidad_no_asociacion_directa,153.4246,no_local_mayor_150km,25.25193247,88.61368447,65.6252928151616,0.287416607309293,1,0,0
-72.86,2.87,VIVI,contextual_por_proximidad_no_asociacion_directa,156.2055,no_local_mayor_150km,24.35462416,87.72872016,64.7358499562322,0.587310754609037,1,0,0
-72.81,2.87,VIVI,contextual_por_proximidad_no_asociacion_directa,159.1314,no_local_mayor_150km,23.49036385,95.04853185,69.0863837060105,0.536125640689825,1,0,0
-72.76,2.87,VIVI,contextual_por_proximidad_no_asociacion_directa,162.1945,no_local_mayor_150km,22.65627776,89.96810976,65.5465824477394,0.482150317495376,1,0,0
-72.71,2.87,VIVI,contextual_por_proximidad_no_asociacion_directa,165.3871,no_local_mayor_150km,21.85702511,92.95846511,67.1620232764,0.456721268696683,1,0,0
-72.66,2.87,VIVI,contextual_por_proximidad_no_asociacion_directa,168.7018,no_local_mayor_150km,21.08893682,83.52488882,60.87238833487,0.546809232026383,1,0,0
-72.61,2.87,VIVI,contextual_por_proximidad_no_asociacion_directa,172.1317,no_local_mayor_150km,20.35773118,84.63293918,61.3131349043827,0.43146133519102,1,0,0
-72.56,2.87,VIVI,contextual_por_proximidad_no_asociacion_directa,175.67,no_local_mayor_150km,19.66167102,85.87488702,61.85195056246,0.528505761007369,1,0,0
-72.51,2.87,VIVI,contextual_por_proximidad_no_asociacion_directa,179.3102,no_local_mayor_150km,18.9998241,82.1146961,59.2158754237505,0.18107414308221,1,0,0
-72.46,2.87,VIVI,contextual_por_proximidad_no_asociacion_directa,183.0463,no_local_mayor_150km,18.37555058,84.94674258,60.7939282035061,0.453769653581401,1,0,0
-72.41,2.87,VIVI,contextual_por_proximidad_no_asociacion_directa,186.8725,no_local_mayor_150km,17.78526618,80.17184218,57.5372558905878,0.567685642242119,1,0,0
-72.36,2.87,VIVI,contextual_por_proximidad_no_asociacion_directa,190.7834,no_local_mayor_150km,17.2330014,81.8785294,58.4243686564994,0.132719857922272,1,0,0
-72.31,2.87,VIVI,contextual_por_proximidad_no_asociacion_directa,194.7739,no_local_mayor_150km,16.71609963,80.39879563,57.2939617029961,0.587197773668704,1,0,0
-72.26,2.87,VIVI,contextual_por_proximidad_no_asociacion_directa,198.8392,no_local_mayor_150km,16.23348468,72.38634068,52.0134215999572,NaN,1,0,0
-76.01,2.82,NEV1,contextual_por_proximidad_no_asociacion_directa,80.6839,contextual_50_100km,69.00621476,930.40756676,617.880986816578,10.0918654613421,1,1,1
-75.96,2.82,NEV1,contextual_por_proximidad_no_asociacion_directa,75.2096,contextual_50_100km,69.6298782,793.4696942,530.852063526307,13.6903257274889,1,1,1
-75.91,2.82,NEV1,contextual_por_proximidad_no_asociacion_directa,69.7476,contextual_50_100km,69.73922863,1105.32676463,729.603380743187,21.2522437061213,1,1,1
-75.86,2.82,NEV1,contextual_por_proximidad_no_asociacion_directa,64.3012,contextual_50_100km,70.09062285,1120.77487085,739.574221622477,12.6170688644745,1,1,1
-75.81,2.82,NEV1,contextual_por_proximidad_no_asociacion_directa,58.8747,contextual_50_100km,70.63098673,898.65416273,598.237579091796,19.4800863160101,1,1,1
-75.76,2.82,NEV1,contextual_por_proximidad_no_asociacion_directa,53.4741,contextual_50_100km,70.81690465,962.14011265,638.757530101605,7.26966948839032,1,1,1
-75.71,2.82,NEV1,contextual_por_proximidad_no_asociacion_directa,48.1082,local_0_50km,71.09591779,881.24498179,587.313337001631,10.4809201389378,1,1,1
-75.66,2.82,NEV1,contextual_por_proximidad_no_asociacion_directa,42.7899,local_0_50km,71.2230555,889.2475915,592.458632494646,7.25895843741793,1,1,1
-75.61,2.82,NEV1,contextual_por_proximidad_no_asociacion_directa,37.5396,local_0_50km,71.44158749,756.26201949,507.801081982281,25.3250701730142,1,1,1
-75.56,2.82,NEV1,contextual_por_proximidad_no_asociacion_directa,32.3904,local_0_50km,71.76627407,470.14418607,325.607976470039,25.0112948946518,1,1,1
-75.51,2.82,NEV1,contextual_por_proximidad_no_asociacion_directa,27.3991,local_0_50km,71.87321796,333.83758596,238.79382057933,7.92270471820113,1,1,1
-75.46,2.82,NEV1,contextual_por_proximidad_no_asociacion_directa,22.6706,local_0_50km,71.74951135,358.47594335,254.448208816864,1.09603242418476,1,1,1
-75.41,2.82,NEV1,contextual_por_proximidad_no_asociacion_directa,18.4083,local_0_50km,71.6212922,333.5980042,238.5497602704,6.19456589034731,1,1,1
-75.36,2.82,NEV1,contextual_por_proximidad_no_asociacion_directa,15.0146,local_0_50km,71.49660815,251.55853615,186.229942916194,6.74658217832093,1,1,1
-75.31,2.82,NEV1,contextual_por_proximidad_no_asociacion_directa,13.1787,local_0_50km,71.26505698,216.73909698,163.959397846497,0.829947105991921,1,1,1
-75.26,2.82,NEV1,contextual_por_proximidad_no_asociacion_directa,13.5493,local_0_50km,70.91339341,243.54423341,180.911726631719,8.60262460239457,1,1,1
-75.21,2.82,NEV1,contextual_por_proximidad_no_asociacion_directa,15.9736,local_0_50km,70.42603166,350.07935166,248.617825663436,24.0128662165418,1,1,1
-75.16,2.82,NEV1,contextual_por_proximidad_no_asociacion_directa,19.7077,local_0_50km,69.71571455,627.49169855,425.123986624123,25.6741773550327,1,1,1
-75.11,2.82,NEV1,contextual_por_proximidad_no_asociacion_directa,24.1515,local_0_50km,69.26882805,597.06123605,405.571919473744,15.3460580502523,1,1,1
-75.06,2.82,NEV1,contextual_por_proximidad_no_asociacion_directa,28.9804,local_0_50km,68.57835171,763.29867171,511.245937960866,17.2398557109807,1,1,1
-75.01,2.82,NEV1,contextual_por_proximidad_no_asociacion_directa,34.0308,local_0_50km,67.89203723,880.68271723,585.79266297073,8.17138140955194,1,1,1
-74.96,2.82,NEV1,contextual_por_proximidad_no_asociacion_directa,39.2173,local_0_50km,67.34522517,804.24499317,536.889057728955,7.84552236023112,1,1,1
-74.91,2.82,NEV1,contextual_por_proximidad_no_asociacion_directa,44.4922,local_0_50km,66.6629152,822.3008752,548.146502484058,14.8923229987951,1,1,1
-74.86,2.82,NEV1,contextual_por_proximidad_no_asociacion_directa,49.8276,local_0_50km,66.13301492,623.83493492,421.4940942877,16.2125456386476,1,1,1
-74.81,2.82,NEV1,contextual_por_proximidad_no_asociacion_directa,55.2058,contextual_50_100km,65.18378227,843.06563027,560.840912383199,11.0792344601241,1,1,1
-74.76,2.82,NEV1,contextual_por_proximidad_no_asociacion_directa,60.6156,contextual_50_100km,64.41619331,814.93139331,542.635618399778,18.803935373219,1,1,1
-74.71,2.82,NEV1,contextual_por_proximidad_no_asociacion_directa,66.049,contextual_50_100km,63.78902066,571.04101266,387.004001502339,20.6066039587552,1,1,1
-74.66,2.82,NEV1,contextual_por_proximidad_no_asociacion_directa,71.5008,contextual_50_100km,62.83276368,671.97213168,450.969177658705,6.83738635945907,1,1,1
-74.61,2.82,NEV1,contextual_por_proximidad_no_asociacion_directa,76.967,contextual_50_100km,62.06277152,498.18863552,339.957023293798,22.251922167447,1,1,1
-74.56,2.82,NEV1,contextual_por_proximidad_no_asociacion_directa,82.4448,contextual_50_100km,61.24117435,336.90738235,236.892427657647,14.6188046326566,1,1,1
-74.51,2.82,NEV1,contextual_por_proximidad_no_asociacion_directa,87.932,contextual_50_100km,60.3190241,257.6378641,186.04825946283,7.5629321173875,1,1,1
-74.46,2.82,NEV1,contextual_por_proximidad_no_asociacion_directa,93.4269,contextual_50_100km,59.33895688,212.13298888,156.697510231337,4.50441918151724,1,1,1
-74.41,2.82,NEV1,contextual_por_proximidad_no_asociacion_directa,98.9283,contextual_50_100km,58.31922618,180.68529818,136.289442642417,2.19229084858168,1,1,1
-74.36,2.82,NEV1,contextual_por_proximidad_no_asociacion_directa,104.4352,regional_100_150km,57.25492301,175.83138701,132.810445993757,0.857762490552813,1,0,1
-74.31,2.82,NEV1,contextual_por_proximidad_no_asociacion_directa,109.9466,regional_100_150km,56.16121509,180.46529509,135.366307370494,1.16832712729666,1,0,1
-74.26,2.82,NEV1,contextual_por_proximidad_no_asociacion_directa,115.462,regional_100_150km,55.05502466,171.17503266,129.045322880716,1.06387224912416,1,0,1
-74.21,2.82,NEV1,contextual_por_proximidad_no_asociacion_directa,120.9808,regional_100_150km,53.92028553,178.21202153,133.117512359424,0.853950834761705,1,0,1
-74.16,2.82,NEV1,contextual_por_proximidad_no_asociacion_directa,126.5026,regional_100_150km,52.78399329,157.72033729,119.648192840793,1.73273291384881,1,0,1
-74.11,2.82,NEV1,contextual_por_proximidad_no_asociacion_directa,132.027,regional_100_150km,51.62575701,149.84696501,114.211151178411,1.78125826118302,1,0,1
-74.06,2.82,NEV1,contextual_por_proximidad_no_asociacion_directa,137.5536,regional_100_150km,50.43343674,187.90856474,138.030965312777,4.54627150483442,1,0,1
-74.01,2.82,NEV1,contextual_por_proximidad_no_asociacion_directa,143.0823,regional_100_150km,49.23807174,215.78331974,155.358737583935,4.56749039622854,1,0,1
-73.96,2.82,VIVI,contextual_por_proximidad_no_asociacion_directa,145.6204,regional_100_150km,48.04256163,229.37592163,163.586037856461,7.8621819844677,1,0,1
-73.91,2.82,VIVI,contextual_por_proximidad_no_asociacion_directa,144.128,regional_100_150km,46.83655929,258.82007129,181.90995052465,8.25813597203129,1,0,1
-73.86,2.82,VIVI,contextual_por_proximidad_no_asociacion_directa,142.8358,regional_100_150km,45.62411599,303.05823599,209.658098066436,2.30751900156444,1,0,1
-73.81,2.82,VIVI,contextual_por_proximidad_no_asociacion_directa,141.7493,regional_100_150km,44.45250635,220.23106635,156.456529594711,10.6687072510616,1,0,1
-73.76,2.82,VIVI,contextual_por_proximidad_no_asociacion_directa,140.8731,regional_100_150km,43.28029464,124.59022264,95.0900208417494,5.37339712784229,1,0,1
-73.71,2.82,VIVI,contextual_por_proximidad_no_asociacion_directa,140.2113,regional_100_150km,42.08071677,128.87138077,97.3827032470761,0.124169313552366,1,0,1
-73.66,2.82,VIVI,contextual_por_proximidad_no_asociacion_directa,139.7669,regional_100_150km,40.88787215,127.54275215,96.1033386653,0.517919056484604,1,0,1
-73.61,2.82,VIVI,contextual_por_proximidad_no_asociacion_directa,139.5419,regional_100_150km,39.7030358,121.9881398,92.1341326363233,0.413931541829875,1,0,1
-73.56,2.82,VIVI,contextual_por_proximidad_no_asociacion_directa,139.5375,regional_100_150km,38.52627004,122.26796604,91.8854901026489,0.398591820774637,1,0,1
-73.51,2.82,VIVI,contextual_por_proximidad_no_asociacion_directa,139.7536,regional_100_150km,37.36155523,116.44956323,87.7555002390494,0.727399553106075,1,0,1
-73.46,2.82,VIVI,contextual_por_proximidad_no_asociacion_directa,140.1892,regional_100_150km,36.20963912,110.98959112,83.8585417054255,0.352435349242568,1,0,1
-73.41,2.82,VIVI,contextual_por_proximidad_no_asociacion_directa,140.8423,regional_100_150km,35.07199585,111.81464385,83.9715051556439,0.447778528021781,1,0,1
-73.36,2.82,VIVI,contextual_por_proximidad_no_asociacion_directa,141.7099,regional_100_150km,33.95130004,110.39769204,82.6620385199505,0.418729371509973,1,0,1
-73.31,2.82,VIVI,contextual_por_proximidad_no_asociacion_directa,142.7881,regional_100_150km,32.84904822,109.70279222,81.8193465852789,0.36696452081904,1,0,1
-73.26,2.82,VIVI,contextual_por_proximidad_no_asociacion_directa,144.0721,regional_100_150km,31.76696325,110.41058725,81.8777520205094,0.491109569319805,1,0,1
-73.21,2.82,VIVI,contextual_por_proximidad_no_asociacion_directa,145.5565,regional_100_150km,30.70650314,105.60989514,78.4340602361311,0.740684851691205,1,0,1
-73.16,2.82,VIVI,contextual_por_proximidad_no_asociacion_directa,147.2353,regional_100_150km,29.66898894,98.78304494,73.7076494840405,0.876180981423493,1,0,1
-73.11,2.82,VIVI,contextual_por_proximidad_no_asociacion_directa,149.1018,regional_100_150km,28.65591642,92.17814042,69.1315276290789,0.620193297652362,1,0,1
-73.06,2.82,VIVI,contextual_por_proximidad_no_asociacion_directa,151.1491,no_local_mayor_150km,27.66924076,91.22849676,68.1684483222905,0.32101214677407,1,0,0
-73.01,2.82,VIVI,contextual_por_proximidad_no_asociacion_directa,153.37,no_local_mayor_150km,26.70985698,89.78769698,66.9023119505389,0.535807888148831,1,0,0
-72.96,2.82,VIVI,contextual_por_proximidad_no_asociacion_directa,155.7571,no_local_mayor_150km,25.77900102,88.30136102,65.6175106923639,0.426701793974118,1,0,0
-72.91,2.82,VIVI,contextual_por_proximidad_no_asociacion_directa,158.3028,no_local_mayor_150km,24.87789249,87.41259649,64.7242676134344,0.23077709007123,1,0,0
-72.86,2.82,VIVI,contextual_por_proximidad_no_asociacion_directa,160.9996,no_local_mayor_150km,24.00726799,85.30757199,63.0670980063789,0.118805121947377,1,0,0
-72.81,2.82,VIVI,contextual_por_proximidad_no_asociacion_directa,163.8401,no_local_mayor_150km,23.16927596,88.44434796,64.7617812210977,0.700936365394316,1,0,0
-72.76,2.82,VIVI,contextual_por_proximidad_no_asociacion_directa,166.8168,no_local_mayor_150km,22.36315517,88.04557917,64.2152203164261,0.302703533368032,1,0,0
-72.71,2.82,VIVI,contextual_por_proximidad_no_asociacion_directa,169.9228,no_local_mayor_150km,21.59159413,93.38429813,67.3370575563511,0.211803681621217,1,0,0
-72.66,2.82,VIVI,contextual_por_proximidad_no_asociacion_directa,173.1509,no_local_mayor_150km,20.85206267,90.12659067,64.9929740779577,0.719187260861522,1,0,0
-72.61,2.82,VIVI,contextual_por_proximidad_no_asociacion_directa,176.4945,no_local_mayor_150km,20.14588664,82.56949464,59.9214727037994,0.729478824709486,1,0,0
-72.56,2.82,VIVI,contextual_por_proximidad_no_asociacion_directa,179.9471,no_local_mayor_150km,19.47551144,78.72671144,57.2296765786666,0.332243655725751,1,0,0
-72.51,2.82,VIVI,contextual_por_proximidad_no_asociacion_directa,183.5027,no_local_mayor_150km,18.84205164,80.80893164,58.3266160141889,0.35805415345182,1,0,0
-72.46,2.82,VIVI,contextual_por_proximidad_no_asociacion_directa,187.1553,no_local_mayor_150km,18.24421552,82.55645552,59.2232155975944,0.528164746497728,1,0,0
-72.41,2.82,VIVI,contextual_por_proximidad_no_asociacion_directa,190.8993,no_local_mayor_150km,17.68038292,77.63519092,55.8828787696883,0.532777441699458,1,0,0
-72.36,2.82,VIVI,contextual_por_proximidad_no_asociacion_directa,194.7296,no_local_mayor_150km,17.15395051,77.77533451,55.7811807174983,NaN,1,0,0
-72.31,2.82,VIVI,contextual_por_proximidad_no_asociacion_directa,198.641,no_local_mayor_150km,16.66247854,74.37067854,53.4334622948472,NaN,1,0,0
-76.01,2.77,NEV1,contextual_por_proximidad_no_asociacion_directa,81.7687,contextual_50_100km,68.69715354,893.65901754,594.353114036298,12.8891559648233,1,1,1
-75.96,2.77,NEV1,contextual_por_proximidad_no_asociacion_directa,76.3719,contextual_50_100km,69.3160315,726.1279275,487.82881751319,5.94351210998914,1,1,1
-75.91,2.77,NEV1,contextual_por_proximidad_no_asociacion_directa,70.9992,contextual_50_100km,69.4463958,986.6673158,653.88873759763,22.004794209217,1,1,1
-75.86,2.77,NEV1,contextual_por_proximidad_no_asociacion_directa,65.6564,contextual_50_100km,69.69069413,1075.77607013,710.75641818456,15.2692689008468,1,1,1
-75.81,2.77,NEV1,contextual_por_proximidad_no_asociacion_directa,60.3517,contextual_50_100km,70.24925076,802.84096276,537.048040895331,16.6840301469468,1,1,1
-75.76,2.77,NEV1,contextual_por_proximidad_no_asociacion_directa,55.0958,contextual_50_100km,70.45820178,815.04828178,544.902210355911,15.5861770411412,1,1,1
-75.71,2.77,NEV1,contextual_por_proximidad_no_asociacion_directa,49.9043,local_0_50km,70.61977224,817.28364424,546.385176595764,3.8078843350336,1,1,1
-75.66,2.77,NEV1,contextual_por_proximidad_no_asociacion_directa,44.7995,local_0_50km,70.72703063,816.40338263,545.86319890012,18.9582299069597,1,1,1
-75.61,2.77,NEV1,contextual_por_proximidad_no_asociacion_directa,39.8149,local_0_50km,71.01604525,587.62478925,400.19303800382,30.5430821547486,1,1,1
-75.56,2.77,NEV1,contextual_por_proximidad_no_asociacion_directa,35.0017,local_0_50km,71.23258582,374.32716182,264.360871406421,14.1353683601669,1,1,1
-75.51,2.77,NEV1,contextual_por_proximidad_no_asociacion_directa,30.4415,local_0_50km,71.14811072,392.10445472,275.657704005515,4.2385184208376,1,1,1
-75.46,2.77,NEV1,contextual_por_proximidad_no_asociacion_directa,26.2663,local_0_50km,71.1175352,304.6289832,219.908273101699,7.05075165526683,1,1,1
-75.41,2.77,NEV1,contextual_por_proximidad_no_asociacion_directa,22.6896,local_0_50km,70.95834028,285.59581228,207.72280349482,7.40399772945358,1,1,1
-75.36,2.77,NEV1,contextual_por_proximidad_no_asociacion_directa,20.0346,local_0_50km,70.78574737,225.77701137,169.544351011896,3.86159217202097,1,1,1
-75.31,2.77,NEV1,contextual_por_proximidad_no_asociacion_directa,18.6982,local_0_50km,70.49576963,225.69688163,169.388085940095,3.69529640718984,1,1,1
-75.26,2.77,NEV1,contextual_por_proximidad_no_asociacion_directa,18.9613,local_0_50km,70.08790268,288.31747868,209.141212156352,13.508020761099,1,1,1
-75.21,2.77,NEV1,contextual_por_proximidad_no_asociacion_directa,20.7631,local_0_50km,69.55325756,425.99860156,296.676022673362,32.2021007858377,1,1,1
-75.16,2.77,NEV1,contextual_por_proximidad_no_asociacion_directa,23.756,local_0_50km,68.77670444,760.74431244,509.690295102133,24.2832505675145,1,1,1
-75.11,2.77,NEV1,contextual_por_proximidad_no_asociacion_directa,27.5546,local_0_50km,68.28829427,757.71303827,507.581602011598,10.8749253412303,1,1,1
-75.06,2.77,NEV1,contextual_por_proximidad_no_asociacion_directa,31.8722,local_0_50km,67.71913392,788.37419792,526.912032870104,3.24957803838687,1,1,1
-75.01,2.77,NEV1,contextual_por_proximidad_no_asociacion_directa,36.5251,local_0_50km,67.19238209,724.48569409,486.011920694942,6.59844350553426,1,1,1
-74.96,2.77,NEV1,contextual_por_proximidad_no_asociacion_directa,41.4005,local_0_50km,66.53670738,748.65380338,501.173668087829,10.9112679358841,1,1,1
-74.91,2.77,NEV1,contextual_por_proximidad_no_asociacion_directa,46.4283,local_0_50km,65.861898,745.905202,499.177462927976,19.6906564593805,1,1,1
-74.86,2.77,NEV1,contextual_por_proximidad_no_asociacion_directa,51.5639,contextual_50_100km,65.30213185,563.80222785,382.940507883315,5.37695812029401,1,1,1
-74.81,2.77,NEV1,contextual_por_proximidad_no_asociacion_directa,56.7781,contextual_50_100km,64.37594194,751.65282994,502.300661195321,13.3840678302286,1,1,1
-74.76,2.77,NEV1,contextual_por_proximidad_no_asociacion_directa,62.0511,contextual_50_100km,63.60038485,722.09106485,483.182872208786,24.0466876060387,1,1,1
-74.71,2.77,NEV1,contextual_por_proximidad_no_asociacion_directa,67.3691,contextual_50_100km,62.94010717,502.68276317,343.138936107471,10.5758986602508,1,1,1
-74.66,2.77,NEV1,contextual_por_proximidad_no_asociacion_directa,72.7223,contextual_50_100km,61.9839131,599.8613691,404.713078048388,7.61703069586086,1,1,1
-74.61,2.77,NEV1,contextual_por_proximidad_no_asociacion_directa,78.1033,contextual_50_100km,61.05394571,624.60692171,420.143248885143,12.7324664623683,1,1,1
-74.56,2.77,NEV1,contextual_por_proximidad_no_asociacion_directa,83.5068,contextual_50_100km,60.29162413,379.98888013,263.998941406318,21.5671405175663,1,1,1
-74.51,2.77,NEV1,contextual_por_proximidad_no_asociacion_directa,88.9287,contextual_50_100km,59.40310662,252.61139462,182.513146776335,9.71538628611041,1,1,1
-74.46,2.77,NEV1,contextual_por_proximidad_no_asociacion_directa,94.3658,contextual_50_100km,58.41948802,212.76886402,156.769088206227,4.16017431193129,1,1,1
-74.41,2.77,NEV1,contextual_por_proximidad_no_asociacion_directa,99.8157,contextual_50_100km,57.40089041,182.91468241,137.376796895409,2.53975660804287,1,1,1
-74.36,2.77,NEV1,contextual_por_proximidad_no_asociacion_directa,105.2764,regional_100_150km,56.34587707,169.99708507,128.763085076605,0.833420630986974,1,0,1
-74.31,2.77,NEV1,contextual_por_proximidad_no_asociacion_directa,110.7462,regional_100_150km,55.25939296,171.78675296,129.509251066044,1.12503787854005,1,0,1
-74.26,2.77,NEV1,contextual_por_proximidad_no_asociacion_directa,116.2239,regional_100_150km,54.15796221,165.26630621,124.954887296071,0.533156322853659,1,0,1
-74.21,2.77,NEV1,contextual_por_proximidad_no_asociacion_directa,121.7084,regional_100_150km,53.02789103,178.65277903,133.074586575044,0.350111482928217,1,0,1
-74.16,2.77,NEV1,contextual_por_proximidad_no_asociacion_directa,127.1988,regional_100_150km,51.89337695,171.98815295,128.416350415435,1.93664859247911,1,0,1
-74.11,2.77,NEV1,contextual_por_proximidad_no_asociacion_directa,132.6944,regional_100_150km,50.7538564,147.1604964,112.183029261039,0.757849808127681,1,0,1
-74.06,2.77,NEV1,contextual_por_proximidad_no_asociacion_directa,138.1946,regional_100_150km,49.58502442,160.27367242,120.114524169672,3.39919042639519,1,0,1
-74.01,2.77,NEV1,contextual_por_proximidad_no_asociacion_directa,143.6989,regional_100_150km,48.404802,181.732346,133.359539013071,4.40984436535621,1,0,1
-73.96,2.77,NEV1,contextual_por_proximidad_no_asociacion_directa,149.2067,regional_100_150km,47.22859096,178.74156696,131.027106665699,5.50115998241473,1,0,1
-73.91,2.77,VIVI,contextual_por_proximidad_no_asociacion_directa,149.5164,regional_100_150km,46.03326688,217.47908288,155.276516798946,5.66376773146626,1,0,1
-73.86,2.77,VIVI,contextual_por_proximidad_no_asociacion_directa,148.2711,regional_100_150km,44.83415758,268.66790958,187.458381842384,5.25323990270817,1,0,1
-73.81,2.77,VIVI,contextual_por_proximidad_no_asociacion_directa,147.2247,regional_100_150km,43.67801737,179.80764937,130.418211776087,8.99907952677253,1,0,1
-73.76,2.77,VIVI,contextual_por_proximidad_no_asociacion_directa,146.3812,regional_100_150km,42.51038564,122.28965764,93.3447959090005,3.23282433647149,1,0,1
-73.71,2.77,VIVI,contextual_por_proximidad_no_asociacion_directa,145.7444,regional_100_150km,41.32973797,125.33065797,94.8541325051305,0.601923385207371,1,0,1
-73.66,2.77,VIVI,contextual_por_proximidad_no_asociacion_directa,145.3169,regional_100_150km,40.1563627,123.3302347,93.1537720134033,0.600944825604468,1,0,1
-73.61,2.77,VIVI,contextual_por_proximidad_no_asociacion_directa,145.1005,regional_100_150km,38.99065223,123.34954823,92.7431448461766,0.497985920008156,1,0,1
-73.56,2.77,VIVI,contextual_por_proximidad_no_asociacion_directa,145.0962,regional_100_150km,37.83601113,116.01056313,87.6479127598283,0.665724733582031,1,0,1
-73.51,2.77,VIVI,contextual_por_proximidad_no_asociacion_directa,145.3041,regional_100_150km,36.69218937,115.69378937,87.0310762215555,0.406084943890004,1,0,1
-73.46,2.77,VIVI,contextual_por_proximidad_no_asociacion_directa,145.7231,regional_100_150km,35.56223234,114.94649634,86.1449481747428,0.523897564402529,1,0,1
-73.41,2.77,VIVI,contextual_por_proximidad_no_asociacion_directa,146.3516,regional_100_150km,34.44820788,107.90735188,81.2555072008761,0.385650227201989,1,0,1
-73.36,2.77,VIVI,contextual_por_proximidad_no_asociacion_directa,147.1868,regional_100_150km,33.35099116,109.51347116,81.8808242653277,0.307952476786492,1,0,1
-73.31,2.77,VIVI,contextual_por_proximidad_no_asociacion_directa,148.2252,regional_100_150km,32.27293261,107.99102861,80.5196094767877,0.320591467241496,1,0,1
-73.26,2.77,VIVI,contextual_por_proximidad_no_asociacion_directa,149.4625,regional_100_150km,31.21545985,105.36586785,78.4632244308272,0.394778917354033,1,0,1
-73.21,2.77,VIVI,contextual_por_proximidad_no_asociacion_directa,150.894,no_local_mayor_150km,30.18008961,102.62702561,76.3424219430905,0.455933917490517,1,0,0
-73.16,2.77,VIVI,contextual_por_proximidad_no_asociacion_directa,152.5141,no_local_mayor_150km,29.16828414,99.67721214,74.0957406550133,0.211499886374365,1,0,0
-73.11,2.77,VIVI,contextual_por_proximidad_no_asociacion_directa,154.3169,no_local_mayor_150km,28.18180033,100.38185633,74.1868236416794,0.260933703774413,1,0,0
-73.06,2.77,VIVI,contextual_por_proximidad_no_asociacion_directa,156.296,no_local_mayor_150km,27.22133851,97.38463451,71.9285623950377,0.219525094902691,1,0,0
-73.01,2.77,VIVI,contextual_por_proximidad_no_asociacion_directa,158.4449,no_local_mayor_150km,26.28912506,99.58779706,72.9941735169589,0.308132504454956,1,0,0
-72.96,2.77,VIVI,contextual_por_proximidad_no_asociacion_directa,160.7567,no_local_mayor_150km,25.38498306,96.47407906,70.6821157753294,0.793222136752264,1,0,0
-72.91,2.77,VIVI,contextual_por_proximidad_no_asociacion_directa,163.2246,no_local_mayor_150km,24.5098372,88.9084852,65.5438954350883,0.738641327345379,1,0,0
-72.86,2.77,VIVI,contextual_por_proximidad_no_asociacion_directa,165.8415,no_local_mayor_150km,23.66620047,86.05277647,63.4181901805878,0.386570454012746,1,0,0
-72.81,2.77,VIVI,contextual_por_proximidad_no_asociacion_directa,168.6006,no_local_mayor_150km,22.85427317,83.33987317,61.3949834157222,0.341073916514692,1,0,0
-72.76,2.77,VIVI,contextual_por_proximidad_no_asociacion_directa,171.4949,no_local_mayor_150km,22.07623736,86.93161336,63.4013172846989,0.380551415304206,1,0,0
-72.71,2.77,VIVI,contextual_por_proximidad_no_asociacion_directa,174.5177,no_local_mayor_150km,21.33141903,89.77889903,64.9453452162305,0.459260252753556,1,0,0
-72.66,2.77,VIVI,contextual_por_proximidad_no_asociacion_directa,177.6625,no_local_mayor_150km,20.61952316,88.31401916,63.7536568309266,0.339375606270792,1,0,0
-72.61,2.77,VIVI,contextual_por_proximidad_no_asociacion_directa,180.9229,no_local_mayor_150km,19.94241582,88.31583182,63.5091492998072,0.473399864883131,1,0,0
-72.56,2.77,VIVI,contextual_por_proximidad_no_asociacion_directa,184.2928,no_local_mayor_150km,19.29820393,80.87007593,58.5310738699311,0.698786783394926,1,0,0
-72.51,2.77,VIVI,contextual_por_proximidad_no_asociacion_directa,187.7662,no_local_mayor_150km,18.69005464,76.90435864,55.78352188874,0.394495594671891,1,0,0
-72.46,2.77,VIVI,contextual_por_proximidad_no_asociacion_directa,191.3376,no_local_mayor_150km,18.11841732,76.74007332,55.4714444540683,0.612591412984049,1,0,0
-72.41,2.77,VIVI,contextual_por_proximidad_no_asociacion_directa,195.0015,no_local_mayor_150km,17.58133543,72.75901543,52.7399017153833,0.404557010400673,1,0,0
-72.36,2.77,VIVI,contextual_por_proximidad_no_asociacion_directa,198.7529,no_local_mayor_150km,17.08082793,71.77709193,51.9326416236316,NaN,1,0,0
-76.06,2.72,NEV1,contextual_por_proximidad_no_asociacion_directa,88.5399,contextual_50_100km,68.02786284,739.22051884,495.703899350387,6.07892777669383,1,1,1
-76.01,2.72,NEV1,contextual_por_proximidad_no_asociacion_directa,83.2115,contextual_50_100km,68.53281472,706.23619872,474.86988247597,21.5472316612797,1,1,1
-75.96,2.72,NEV1,contextual_por_proximidad_no_asociacion_directa,77.9145,contextual_50_100km,68.90579137,750.06005537,502.929246894326,14.4504347308406,1,1,1
-75.91,2.72,NEV1,contextual_por_proximidad_no_asociacion_directa,72.6557,contextual_50_100km,69.06242302,952.20155902,631.788254411826,11.0825859724557,1,1,1
-75.86,2.72,NEV1,contextual_por_proximidad_no_asociacion_directa,67.4441,contextual_50_100km,69.38748915,929.24584115,617.279079822758,19.7821430483713,1,1,1
-75.81,2.72,NEV1,contextual_por_proximidad_no_asociacion_directa,62.2915,contextual_50_100km,69.79357507,771.93263907,517.18829741427,14.1356905205015,1,1,1
-75.76,2.72,NEV1,contextual_por_proximidad_no_asociacion_directa,57.2139,contextual_50_100km,70.06601518,691.56172718,466.075745680331,14.430866812175,1,1,1
-75.71,2.72,NEV1,contextual_por_proximidad_no_asociacion_directa,52.2331,contextual_50_100km,70.07166239,815.53816639,545.07411799192,2.21658538433335,1,1,1
-75.66,2.72,NEV1,contextual_por_proximidad_no_asociacion_directa,47.3797,local_0_50km,70.31578585,653.17477785,441.706654499492,27.6531862499663,1,1,1
-75.61,2.72,NEV1,contextual_por_proximidad_no_asociacion_directa,42.6971,local_0_50km,70.53319657,462.96130057,320.583751554032,23.8667320798924,1,1,1
-75.56,2.72,NEV1,contextual_por_proximidad_no_asociacion_directa,38.2482,local_0_50km,70.64336041,322.05360841,230.839002364005,10.6288544914395,1,1,1
-75.51,2.72,NEV1,contextual_por_proximidad_no_asociacion_directa,34.1244,local_0_50km,70.56195257,311.20823257,223.89892119048,9.42484427362084,1,1,1
-75.46,2.72,NEV1,contextual_por_proximidad_no_asociacion_directa,30.4581,local_0_50km,70.42620231,299.00005031,216.070759783477,4.58485683452105,1,1,1
-75.41,2.72,NEV1,contextual_por_proximidad_no_asociacion_directa,27.4334,local_0_50km,70.29084188,232.71319388,173.78444706637,7.53858400338622,1,1,1
-75.36,2.72,NEV1,contextual_por_proximidad_no_asociacion_directa,25.2815,local_0_50km,70.0427479,222.7750599,167.361973995984,0.394234975756587,1,1,1
-75.31,2.72,NEV1,contextual_por_proximidad_no_asociacion_directa,24.2362,local_0_50km,69.720098,233.487946,174.07103735306,8.35964756181801,1,1,1
-75.26,2.72,NEV1,contextual_por_proximidad_no_asociacion_directa,24.4397,local_0_50km,69.22207811,367.56421411,259.322165034257,25.7119835269686,1,1,1
-75.21,2.72,NEV1,contextual_por_proximidad_no_asociacion_directa,25.8626,local_0_50km,68.52929727,651.82032927,440.195456706962,39.6710618555913,1,1,1
-75.16,2.72,NEV1,contextual_por_proximidad_no_asociacion_directa,28.3218,local_0_50km,67.83982566,890.24648166,591.867637784693,16.6802387581738,1,1,1
-75.11,2.72,NEV1,contextual_por_proximidad_no_asociacion_directa,31.576,local_0_50km,67.43334715,785.52085915,524.990232277428,10.38484054762,1,1,1
-75.06,2.72,NEV1,contextual_por_proximidad_no_asociacion_directa,35.4067,local_0_50km,66.94116399,718.97593199,482.410020438885,8.05185899194268,1,1,1
-75.01,2.72,NEV1,contextual_por_proximidad_no_asociacion_directa,39.6471,local_0_50km,66.2898818,774.0824978,517.286980734585,8.20142760487622,1,1,1
-74.96,2.72,NEV1,contextual_por_proximidad_no_asociacion_directa,44.1795,local_0_50km,65.78674398,616.26742398,416.546534471425,20.5707911348584,1,1,1
-74.91,2.72,NEV1,contextual_por_proximidad_no_asociacion_directa,48.9227,local_0_50km,65.16749685,535.23936085,364.691739067826,24.7399505353971,1,1,1
-74.86,2.72,NEV1,contextual_por_proximidad_no_asociacion_directa,53.821,contextual_50_100km,64.437426,531.29985,361.916650939482,8.72558874965448,1,1,1
-74.81,2.72,NEV1,contextual_por_proximidad_no_asociacion_directa,58.8358,contextual_50_100km,63.54633684,672.54992084,451.596230856929,9.61477695871082,1,1,1
-74.76,2.72,NEV1,contextual_por_proximidad_no_asociacion_directa,63.9395,contextual_50_100km,62.89389469,480.38031869,328.911315347259,31.0041622726226,1,1,1
-74.71,2.72,NEV1,contextual_por_proximidad_no_asociacion_directa,69.1126,contextual_50_100km,62.0802335,435.4738895,300.002262933235,11.1154501391387,1,1,1
-74.66,2.72,NEV1,contextual_por_proximidad_no_asociacion_directa,74.3405,contextual_50_100km,61.05540892,619.26343292,416.738971781593,3.87693910668657,1,1,1
-74.61,2.72,NEV1,contextual_por_proximidad_no_asociacion_directa,79.6124,contextual_50_100km,60.23616743,492.30085543,335.542685801585,21.0103720501468,1,1,1
-74.56,2.72,NEV1,contextual_por_proximidad_no_asociacion_directa,84.9202,contextual_50_100km,59.37686123,369.42110923,256.933395769144,12.998483557631,1,1,1
-74.51,2.72,NEV1,contextual_por_proximidad_no_asociacion_directa,90.2574,contextual_50_100km,58.46698272,268.83343072,192.509999864408,10.0332393020286,1,1,1
-74.46,2.72,NEV1,contextual_por_proximidad_no_asociacion_directa,95.6193,contextual_50_100km,57.50436993,199.21348993,147.799748219978,5.51442439489076,1,1,1
-74.41,2.72,NEV1,contextual_por_proximidad_no_asociacion_directa,101.0018,regional_100_150km,56.48221127,178.47796327,134.216464200301,1.87948786832526,1,0,1
-74.36,2.72,NEV1,contextual_por_proximidad_no_asociacion_directa,106.4018,regional_100_150km,55.42915012,169.31489412,127.995801696946,0.980558026729358,1,0,1
-74.31,2.72,NEV1,contextual_por_proximidad_no_asociacion_directa,111.8168,regional_100_150km,54.35337517,162.84479117,123.482824629113,1.13564158765788,1,0,1
-74.26,2.72,NEV1,contextual_por_proximidad_no_asociacion_directa,117.2447,regional_100_150km,53.25415972,164.80688772,124.334241044611,0.722770465286378,1,0,1
-74.21,2.72,NEV1,contextual_por_proximidad_no_asociacion_directa,122.6838,regional_100_150km,52.1337641,176.4995641,131.378183635847,0.305794856699297,1,0,1
-74.16,2.72,NEV1,contextual_por_proximidad_no_asociacion_directa,128.1327,regional_100_150km,51.01047084,166.13061484,124.363667524001,1.80990361013051,1,0,1
-74.11,2.72,NEV1,contextual_por_proximidad_no_asociacion_directa,133.5901,regional_100_150km,49.87753447,149.04923047,113.068568370843,1.59000730408084,1,0,1
-74.06,2.72,NEV1,contextual_por_proximidad_no_asociacion_directa,139.0551,regional_100_150km,48.73035851,139.97720651,106.871772823547,2.43646828431465,1,0,1
-74.01,2.72,NEV1,contextual_por_proximidad_no_asociacion_directa,144.5268,regional_100_150km,47.57070325,141.89120725,107.670614880115,4.63057338161322,1,0,1
-73.96,2.72,NEV1,contextual_por_proximidad_no_asociacion_directa,150.0045,no_local_mayor_150km,46.4066567,140.9493527,106.648146449385,6.11331577166653,1,0,0
-73.91,2.72,VIVI,contextual_por_proximidad_no_asociacion_directa,154.917,no_local_mayor_150km,45.21426931,216.98102931,154.662020956781,4.55324226976286,1,0,0
-73.86,2.72,VIVI,contextual_por_proximidad_no_asociacion_directa,153.7154,no_local_mayor_150km,44.04630072,221.28145272,156.978447191037,6.15260159434795,1,0,0
-73.81,2.72,VIVI,contextual_por_proximidad_no_asociacion_directa,152.7061,no_local_mayor_150km,42.89392135,170.24696935,124.041780044922,6.03398017037948,1,0,0
-73.76,2.72,VIVI,contextual_por_proximidad_no_asociacion_directa,151.8931,no_local_mayor_150km,41.74119753,119.80465353,91.4823101001933,3.03346168272941,1,0,0
-73.71,2.72,VIVI,contextual_por_proximidad_no_asociacion_directa,151.2795,no_local_mayor_150km,40.58031864,119.24863064,90.7068383126505,0.763236183332555,1,0,0
-73.66,2.72,VIVI,contextual_por_proximidad_no_asociacion_directa,150.8676,no_local_mayor_150km,39.4264045,118.4526925,89.7810222536966,0.622735272246586,1,0,0
-73.61,2.72,VIVI,contextual_por_proximidad_no_asociacion_directa,150.6592,no_local_mayor_150km,38.2806112,122.8987312,92.1982782886583,0.251036399438578,1,0,0
-73.56,2.72,VIVI,contextual_por_proximidad_no_asociacion_directa,150.6551,no_local_mayor_150km,37.14723587,115.74148387,87.2265628362272,0.789459267180615,1,0,0
-73.51,2.72,VIVI,contextual_por_proximidad_no_asociacion_directa,150.8553,no_local_mayor_150km,36.02598845,110.54671645,83.5097165629439,0.687513722775983,1,0,0
-73.46,2.72,VIVI,contextual_por_proximidad_no_asociacion_directa,151.259,no_local_mayor_150km,34.91855384,112.42652984,84.3057211120183,0.334041154677517,1,0,0
-73.41,2.72,VIVI,contextual_por_proximidad_no_asociacion_directa,151.8646,no_local_mayor_150km,33.82755538,112.50821138,83.9619405037211,0.663951241741858,1,0,0
-73.36,2.72,VIVI,contextual_por_proximidad_no_asociacion_directa,152.6696,no_local_mayor_150km,32.75458077,105.84340477,79.3259165587594,0.473112456179708,1,0,0
-73.31,2.72,VIVI,contextual_por_proximidad_no_asociacion_directa,153.671,no_local_mayor_150km,31.7011084,111.8383564,82.7636167500466,0.420744735247051,1,0,0
-73.26,2.72,VIVI,contextual_por_proximidad_no_asociacion_directa,154.8649,no_local_mayor_150km,30.66873256,109.04078856,80.6064814069572,0.730575070443576,1,0,0
-73.21,2.72,VIVI,contextual_por_proximidad_no_asociacion_directa,156.247,no_local_mayor_150km,29.65863353,102.24135353,75.9074858248666,0.710565607807129,1,0,0
-73.16,2.72,VIVI,contextual_por_proximidad_no_asociacion_directa,157.8122,no_local_mayor_150km,28.67254494,97.92238494,72.7977254458166,0.498314877026251,1,0,0
-73.11,2.72,VIVI,contextual_por_proximidad_no_asociacion_directa,159.5552,no_local_mayor_150km,27.71195419,95.71505019,71.0427241376905,0.610436851769822,1,0,0
-73.06,2.72,VIVI,contextual_por_proximidad_no_asociacion_directa,161.4702,no_local_mayor_150km,26.77820236,95.06521036,70.2898776823133,0.307838351808129,1,0,0
-73.01,2.72,VIVI,contextual_por_proximidad_no_asociacion_directa,163.5513,no_local_mayor_150km,25.87247061,95.25809461,70.0841710775928,0.524545599525206,1,0,0
-72.96,2.72,VIVI,contextual_por_proximidad_no_asociacion_directa,165.792,no_local_mayor_150km,24.99587214,96.03559214,70.2615430510472,0.164448910175185,1,0,0
-72.91,2.72,VIVI,contextual_por_proximidad_no_asociacion_directa,168.1861,no_local_mayor_150km,24.14877821,93.70721821,68.4705949925805,0.767462390043546,1,0,0
-72.86,2.72,VIVI,contextual_por_proximidad_no_asociacion_directa,170.7271,no_local_mayor_150km,23.33178052,87.31073252,64.0984134186894,0.688686427344843,1,0,0
-72.81,2.72,VIVI,contextual_por_proximidad_no_asociacion_directa,173.4086,no_local_mayor_150km,22.54685342,82.85963742,60.9774473507344,0.208453699715409,1,0,0
-72.76,2.72,VIVI,contextual_por_proximidad_no_asociacion_directa,176.2241,no_local_mayor_150km,21.79588626,84.81200626,61.9490139751861,0.286098004667346,1,0,0
-72.71,2.72,VIVI,contextual_por_proximidad_no_asociacion_directa,179.1673,no_local_mayor_150km,21.07799862,85.69883862,62.2536349743583,0.486782660392003,1,0,0
-72.66,2.72,VIVI,contextual_por_proximidad_no_asociacion_directa,182.232,no_local_mayor_150km,20.39357854,84.92801054,61.5141567368644,0.441602588008912,1,0,0
-72.61,2.72,VIVI,contextual_por_proximidad_no_asociacion_directa,185.4122,no_local_mayor_150km,19.74328762,83.35191962,60.2739569865728,0.694428044058917,1,0,0
-72.56,2.72,VIVI,contextual_por_proximidad_no_asociacion_directa,188.7021,no_local_mayor_150km,19.1269969,79.1064929,57.3452236518294,0.505665869617501,1,0,0
-72.51,2.72,VIVI,contextual_por_proximidad_no_asociacion_directa,192.096,no_local_mayor_150km,18.54604951,76.08143351,55.2069169498594,0.393301667647225,1,0,0
-72.46,2.72,VIVI,contextual_por_proximidad_no_asociacion_directa,195.5885,no_local_mayor_150km,18.00038168,73.16571768,53.1510825143128,NaN,1,0,0
-72.41,2.72,VIVI,contextual_por_proximidad_no_asociacion_directa,199.1745,no_local_mayor_150km,17.49103174,73.43403974,53.1372559917578,NaN,1,0,0
